{
  "dataset": "B-dataset",
  "AMNTDDA": {
    "dataset": "B-dataset",
    "model": "AMNTDDA",
    "n_folds": 12,
    "AUC_mean": 0.839177,
    "AUC_std": 0.262517,
    "AUPR_mean": 0.836148,
    "AUPR_std": 0.2614,
    "Accuracy_mean": 0.769881,
    "Accuracy_std": 0.24071,
    "Precision_mean": 0.77083,
    "Precision_std": 0.240076,
    "Recall_mean": 0.769222,
    "Recall_std": 0.239759,
    "F1_mean": 0.769726,
    "F1_std": 0.240719,
    "MCC_mean": 0.623171,
    "MCC_std": 0.192911
  },
  "AMNTDDA_Fuzzy": {
    "dataset": "B-dataset",
    "model": "AMNTDDA_Fuzzy",
    "n_folds": 12,
    "AUC_mean": 0.841215,
    "AUC_std": 0.263786,
    "AUPR_mean": 0.838392,
    "AUPR_std": 0.262576,
    "Accuracy_mean": 0.772194,
    "Accuracy_std": 0.241178,
    "Precision_mean": 0.77084,
    "Precision_std": 0.240615,
    "Recall_mean": 0.774776,
    "Recall_std": 0.240401,
    "F1_mean": 0.772549,
    "F1_std": 0.241129,
    "MCC_mean": 0.627807,
    "MCC_std": 0.193924
  }
}