{
  "dataset": "C-dataset",
  "AMNTDDA": {
    "dataset": "C-dataset",
    "model": "AMNTDDA",
    "n_folds": 10,
    "AUC_mean": 0.964474,
    "AUC_std": 0.005728,
    "AUPR_mean": 0.966402,
    "AUPR_std": 0.005929,
    "Accuracy_mean": 0.898303,
    "Accuracy_std": 0.013117,
    "Precision_mean": 0.881479,
    "Precision_std": 0.024149,
    "Recall_mean": 0.9214,
    "Recall_std": 0.013775,
    "F1_mean": 0.900726,
    "F1_std": 0.011422,
    "MCC_mean": 0.79795,
    "MCC_std": 0.025215
  },
  "AMNTDDA_Fuzzy": {
    "dataset": "C-dataset",
    "model": "AMNTDDA_Fuzzy",
    "n_folds": 10,
    "AUC_mean": 0.964471,
    "AUC_std": 0.004514,
    "AUPR_mean": 0.967012,
    "AUPR_std": 0.006111,
    "Accuracy_mean": 0.896923,
    "Accuracy_std": 0.009211,
    "Precision_mean": 0.879737,
    "Precision_std": 0.013856,
    "Recall_mean": 0.919822,
    "Recall_std": 0.010076,
    "F1_mean": 0.899258,
    "F1_std": 0.008647,
    "MCC_mean": 0.794817,
    "MCC_std": 0.018149
  }
}