,drug,disease,label
0,71.0,581.0,1.0
1,266.0,214.0,1.0
2,165.0,234.0,1.0
3,121.0,33.0,1.0
4,100.0,315.0,1.0
5,82.0,10.0,1.0
6,89.0,351.0,1.0
7,196.0,89.0,1.0
8,71.0,112.0,1.0
9,8.0,252.0,1.0
10,44.0,437.0,1.0
11,90.0,100.0,1.0
12,90.0,29.0,1.0
13,117.0,309.0,1.0
14,207.0,252.0,1.0
15,115.0,7.0,1.0
16,29.0,47.0,1.0
17,71.0,426.0,1.0
18,14.0,146.0,1.0
19,71.0,320.0,1.0
20,47.0,133.0,1.0
21,44.0,256.0,1.0
22,78.0,0.0,1.0
23,256.0,360.0,1.0
24,2.0,101.0,1.0
25,62.0,559.0,1.0
26,128.0,156.0,1.0
27,175.0,52.0,1.0
28,250.0,127.0,1.0
29,216.0,164.0,1.0
30,79.0,111.0,1.0
31,82.0,559.0,1.0
32,65.0,60.0,1.0
33,102.0,95.0,1.0
34,164.0,242.0,1.0
35,132.0,213.0,1.0
36,189.0,178.0,1.0
37,129.0,111.0,1.0
38,2.0,45.0,1.0
39,78.0,38.0,1.0
40,184.0,485.0,1.0
41,156.0,111.0,1.0
42,218.0,378.0,1.0
43,143.0,236.0,1.0
44,56.0,204.0,1.0
45,13.0,20.0,1.0
46,128.0,10.0,1.0
47,259.0,223.0,1.0
48,52.0,218.0,1.0
49,81.0,196.0,1.0
50,91.0,514.0,1.0
51,16.0,54.0,1.0
52,84.0,592.0,1.0
53,104.0,175.0,1.0
54,149.0,44.0,1.0
55,120.0,287.0,1.0
56,195.0,225.0,1.0
57,153.0,71.0,1.0
58,74.0,117.0,1.0
59,115.0,222.0,1.0
60,185.0,256.0,1.0
61,53.0,38.0,1.0
62,9.0,61.0,1.0
63,156.0,386.0,1.0
64,238.0,62.0,1.0
65,115.0,24.0,1.0
66,222.0,510.0,1.0
67,99.0,3.0,1.0
68,44.0,141.0,1.0
69,165.0,388.0,1.0
70,199.0,583.0,1.0
71,189.0,242.0,1.0
72,99.0,32.0,1.0
73,200.0,356.0,1.0
74,102.0,90.0,1.0
75,48.0,306.0,1.0
76,45.0,351.0,1.0
77,138.0,248.0,1.0
78,94.0,388.0,1.0
79,67.0,376.0,1.0
80,211.0,118.0,1.0
81,45.0,447.0,1.0
82,47.0,66.0,1.0
83,200.0,18.0,1.0
84,147.0,360.0,1.0
85,266.0,410.0,1.0
86,126.0,267.0,1.0
87,53.0,132.0,1.0
88,9.0,20.0,1.0
89,199.0,342.0,1.0
90,82.0,66.0,1.0
91,45.0,492.0,1.0
92,189.0,128.0,1.0
93,211.0,382.0,1.0
94,233.0,39.0,1.0
95,75.0,219.0,1.0
96,94.0,12.0,1.0
97,72.0,290.0,1.0
98,259.0,186.0,1.0
99,147.0,225.0,1.0
100,91.0,333.0,1.0
101,9.0,245.0,1.0
102,13.0,164.0,1.0
103,230.0,50.0,1.0
104,200.0,51.0,1.0
105,145.0,390.0,1.0
106,208.0,419.0,1.0
107,189.0,157.0,1.0
108,207.0,382.0,1.0
109,20.0,287.0,1.0
110,188.0,241.0,1.0
111,150.0,202.0,1.0
112,122.0,299.0,1.0
113,126.0,209.0,1.0
114,26.0,196.0,1.0
115,92.0,22.0,1.0
116,77.0,3.0,1.0
117,194.0,570.0,1.0
118,249.0,550.0,1.0
119,159.0,10.0,1.0
120,119.0,417.0,1.0
121,127.0,27.0,1.0
122,243.0,146.0,1.0
123,22.0,152.0,1.0
124,56.0,89.0,1.0
125,144.0,125.0,1.0
126,130.0,50.0,1.0
127,158.0,200.0,1.0
128,130.0,49.0,1.0
129,234.0,116.0,1.0
130,255.0,283.0,1.0
131,85.0,83.0,1.0
132,193.0,137.0,1.0
133,230.0,374.0,1.0
134,167.0,134.0,1.0
135,159.0,12.0,1.0
136,128.0,176.0,1.0
137,178.0,57.0,1.0
138,211.0,238.0,1.0
139,117.0,126.0,1.0
140,113.0,439.0,1.0
141,51.0,262.0,1.0
142,97.0,205.0,1.0
143,128.0,320.0,1.0
144,81.0,398.0,1.0
145,53.0,147.0,1.0
146,189.0,474.0,1.0
147,12.0,319.0,1.0
148,108.0,463.0,1.0
149,178.0,66.0,1.0
150,73.0,178.0,1.0
151,31.0,21.0,1.0
152,65.0,217.0,1.0
153,164.0,87.0,1.0
154,90.0,491.0,1.0
155,209.0,516.0,1.0
156,5.0,205.0,1.0
157,185.0,245.0,1.0
158,75.0,461.0,1.0
159,145.0,136.0,1.0
160,257.0,120.0,1.0
161,102.0,241.0,1.0
162,248.0,120.0,1.0
163,229.0,275.0,1.0
164,202.0,138.0,1.0
165,137.0,571.0,1.0
166,226.0,496.0,1.0
167,105.0,120.0,1.0
168,124.0,91.0,1.0
169,132.0,239.0,1.0
170,107.0,89.0,1.0
171,180.0,143.0,1.0
172,111.0,157.0,1.0
173,37.0,1.0,1.0
174,155.0,238.0,1.0
175,188.0,24.0,1.0
176,64.0,253.0,1.0
177,81.0,413.0,1.0
178,5.0,1.0,1.0
179,82.0,47.0,1.0
180,239.0,195.0,1.0
181,104.0,117.0,1.0
182,195.0,191.0,1.0
183,145.0,356.0,1.0
184,48.0,114.0,1.0
185,224.0,460.0,1.0
186,119.0,59.0,1.0
187,144.0,222.0,1.0
188,153.0,195.0,1.0
189,56.0,58.0,1.0
190,188.0,522.0,1.0
191,228.0,64.0,1.0
192,153.0,505.0,1.0
193,176.0,386.0,1.0
194,53.0,311.0,1.0
195,141.0,70.0,1.0
196,12.0,36.0,1.0
197,195.0,512.0,1.0
198,60.0,100.0,1.0
199,133.0,196.0,1.0
200,223.0,153.0,1.0
201,211.0,104.0,1.0
202,78.0,389.0,1.0
203,17.0,227.0,1.0
204,218.0,203.0,1.0
205,263.0,583.0,1.0
206,51.0,124.0,1.0
207,108.0,298.0,1.0
208,87.0,538.0,1.0
209,87.0,247.0,1.0
210,104.0,500.0,1.0
211,223.0,330.0,1.0
212,53.0,413.0,1.0
213,127.0,253.0,1.0
214,110.0,208.0,1.0
215,94.0,221.0,1.0
216,17.0,31.0,1.0
217,112.0,532.0,1.0
218,2.0,114.0,1.0
219,177.0,287.0,1.0
220,230.0,247.0,1.0
221,235.0,104.0,1.0
222,48.0,294.0,1.0
223,149.0,510.0,1.0
224,64.0,30.0,1.0
225,249.0,436.0,1.0
226,51.0,24.0,1.0
227,136.0,251.0,1.0
228,58.0,175.0,1.0
229,71.0,0.0,1.0
230,104.0,272.0,1.0
231,1.0,24.0,1.0
232,145.0,217.0,1.0
233,136.0,205.0,1.0
234,216.0,113.0,1.0
235,87.0,354.0,1.0
236,129.0,112.0,1.0
237,258.0,103.0,1.0
238,27.0,409.0,1.0
239,78.0,206.0,1.0
240,191.0,459.0,1.0
241,79.0,48.0,1.0
242,42.0,148.0,1.0
243,148.0,10.0,1.0
244,117.0,86.0,1.0
245,77.0,385.0,1.0
246,193.0,146.0,1.0
247,83.0,326.0,1.0
248,150.0,112.0,1.0
249,224.0,250.0,1.0
250,126.0,382.0,1.0
251,141.0,532.0,1.0
252,176.0,586.0,1.0
253,42.0,45.0,1.0
254,131.0,39.0,1.0
255,250.0,50.0,1.0
256,90.0,414.0,1.0
257,208.0,205.0,1.0
258,178.0,126.0,1.0
259,150.0,204.0,1.0
260,130.0,276.0,1.0
261,91.0,266.0,1.0
262,94.0,394.0,1.0
263,104.0,147.0,1.0
264,64.0,179.0,1.0
265,153.0,376.0,1.0
266,89.0,89.0,1.0
267,98.0,222.0,1.0
268,52.0,347.0,1.0
269,90.0,38.0,1.0
270,164.0,107.0,1.0
271,83.0,193.0,1.0
272,97.0,584.0,1.0
273,264.0,41.0,1.0
274,51.0,126.0,1.0
275,135.0,202.0,1.0
276,13.0,191.0,1.0
277,71.0,504.0,1.0
278,256.0,47.0,1.0
279,19.0,143.0,1.0
280,182.0,164.0,1.0
281,74.0,234.0,1.0
282,26.0,243.0,1.0
283,233.0,81.0,1.0
284,148.0,525.0,1.0
285,153.0,356.0,1.0
286,98.0,384.0,1.0
287,165.0,148.0,1.0
288,65.0,86.0,1.0
289,6.0,125.0,1.0
290,158.0,558.0,1.0
291,81.0,391.0,1.0
292,123.0,123.0,1.0
293,5.0,38.0,1.0
294,149.0,260.0,1.0
295,37.0,208.0,1.0
296,212.0,399.0,1.0
297,165.0,533.0,1.0
298,145.0,254.0,1.0
299,158.0,229.0,1.0
300,86.0,150.0,1.0
301,35.0,363.0,1.0
302,132.0,451.0,1.0
303,51.0,337.0,1.0
304,98.0,230.0,1.0
305,97.0,0.0,1.0
306,82.0,106.0,1.0
307,224.0,242.0,1.0
308,9.0,38.0,1.0
309,71.0,217.0,1.0
310,17.0,193.0,1.0
311,129.0,137.0,1.0
312,155.0,219.0,1.0
313,81.0,31.0,1.0
314,145.0,40.0,1.0
315,210.0,209.0,1.0
316,9.0,256.0,1.0
317,91.0,28.0,1.0
318,164.0,129.0,1.0
319,26.0,241.0,1.0
320,256.0,62.0,1.0
321,155.0,35.0,1.0
322,74.0,103.0,1.0
323,45.0,238.0,1.0
324,70.0,57.0,1.0
325,130.0,172.0,1.0
326,1.0,72.0,1.0
327,87.0,74.0,1.0
328,52.0,399.0,1.0
329,255.0,68.0,1.0
330,124.0,166.0,1.0
331,65.0,152.0,1.0
332,84.0,407.0,1.0
333,52.0,510.0,1.0
334,141.0,153.0,1.0
335,166.0,378.0,1.0
336,71.0,78.0,1.0
337,51.0,416.0,1.0
338,103.0,496.0,1.0
339,164.0,14.0,1.0
340,156.0,216.0,1.0
341,135.0,116.0,1.0
342,154.0,45.0,1.0
343,60.0,554.0,1.0
344,59.0,7.0,1.0
345,117.0,69.0,1.0
346,98.0,44.0,1.0
347,74.0,100.0,1.0
348,248.0,285.0,1.0
349,88.0,89.0,1.0
350,126.0,389.0,1.0
351,141.0,309.0,1.0
352,149.0,164.0,1.0
353,172.0,255.0,1.0
354,103.0,219.0,1.0
355,71.0,122.0,1.0
356,145.0,360.0,1.0
357,128.0,190.0,1.0
358,90.0,199.0,1.0
359,47.0,379.0,1.0
360,228.0,476.0,1.0
361,132.0,197.0,1.0
362,237.0,252.0,1.0
363,16.0,306.0,1.0
364,171.0,47.0,1.0
365,79.0,10.0,1.0
366,69.0,580.0,1.0
367,47.0,239.0,1.0
368,35.0,313.0,1.0
369,78.0,457.0,1.0
370,59.0,231.0,1.0
371,234.0,49.0,1.0
372,52.0,464.0,1.0
373,96.0,50.0,1.0
374,82.0,511.0,1.0
375,113.0,252.0,1.0
376,193.0,95.0,1.0
377,201.0,138.0,1.0
378,105.0,150.0,1.0
379,1.0,87.0,1.0
380,2.0,11.0,1.0
381,183.0,562.0,1.0
382,2.0,117.0,1.0
383,183.0,89.0,1.0
384,87.0,482.0,1.0
385,248.0,100.0,1.0
386,65.0,321.0,1.0
387,69.0,579.0,1.0
388,97.0,487.0,1.0
389,135.0,530.0,1.0
390,16.0,20.0,1.0
391,168.0,570.0,1.0
392,64.0,343.0,1.0
393,74.0,223.0,1.0
394,0.0,13.0,1.0
395,115.0,501.0,1.0
396,102.0,510.0,1.0
397,189.0,354.0,1.0
398,104.0,407.0,1.0
399,104.0,201.0,1.0
400,82.0,121.0,1.0
401,137.0,542.0,1.0
402,61.0,84.0,1.0
403,49.0,45.0,1.0
404,223.0,368.0,1.0
405,259.0,412.0,1.0
406,44.0,476.0,1.0
407,44.0,172.0,1.0
408,146.0,50.0,1.0
409,165.0,111.0,1.0
410,39.0,148.0,1.0
411,78.0,352.0,1.0
412,106.0,457.0,1.0
413,229.0,226.0,1.0
414,147.0,395.0,1.0
415,268.0,111.0,1.0
416,144.0,560.0,1.0
417,185.0,429.0,1.0
418,234.0,146.0,1.0
419,82.0,221.0,1.0
420,35.0,27.0,1.0
421,116.0,229.0,1.0
422,170.0,127.0,1.0
423,238.0,452.0,1.0
424,2.0,104.0,1.0
425,189.0,352.0,1.0
426,65.0,252.0,1.0
427,199.0,469.0,1.0
428,51.0,517.0,1.0
429,153.0,92.0,1.0
430,147.0,593.0,1.0
431,51.0,331.0,1.0
432,79.0,33.0,1.0
433,94.0,329.0,1.0
434,130.0,288.0,1.0
435,163.0,111.0,1.0
436,69.0,367.0,1.0
437,228.0,59.0,1.0
438,82.0,331.0,1.0
439,52.0,208.0,1.0
440,85.0,155.0,1.0
441,87.0,85.0,1.0
442,203.0,336.0,1.0
443,200.0,255.0,1.0
444,266.0,224.0,1.0
445,249.0,273.0,1.0
446,29.0,27.0,1.0
447,176.0,227.0,1.0
448,242.0,40.0,1.0
449,223.0,22.0,1.0
450,67.0,256.0,1.0
451,219.0,405.0,1.0
452,258.0,266.0,1.0
453,234.0,14.0,1.0
454,84.0,261.0,1.0
455,256.0,337.0,1.0
456,215.0,166.0,1.0
457,250.0,66.0,1.0
458,70.0,205.0,1.0
459,82.0,589.0,1.0
460,189.0,150.0,1.0
461,1.0,38.0,1.0
462,84.0,238.0,1.0
463,10.0,293.0,1.0
464,218.0,78.0,1.0
465,78.0,388.0,1.0
466,147.0,352.0,1.0
467,129.0,61.0,1.0
468,66.0,256.0,1.0
469,149.0,238.0,1.0
470,16.0,72.0,1.0
471,3.0,163.0,1.0
472,197.0,181.0,1.0
473,196.0,385.0,1.0
474,102.0,502.0,1.0
475,71.0,3.0,1.0
476,90.0,124.0,1.0
477,81.0,36.0,1.0
478,178.0,334.0,1.0
479,256.0,145.0,1.0
480,175.0,77.0,1.0
481,104.0,257.0,1.0
482,190.0,112.0,1.0
483,78.0,387.0,1.0
484,84.0,59.0,1.0
485,133.0,111.0,1.0
486,149.0,282.0,1.0
487,78.0,393.0,1.0
488,116.0,136.0,1.0
489,209.0,495.0,1.0
490,218.0,269.0,1.0
491,222.0,215.0,1.0
492,183.0,255.0,1.0
493,96.0,192.0,1.0
494,248.0,89.0,1.0
495,147.0,274.0,1.0
496,183.0,393.0,1.0
497,85.0,537.0,1.0
498,5.0,40.0,1.0
499,264.0,50.0,1.0
500,133.0,388.0,1.0
501,122.0,432.0,1.0
502,47.0,204.0,1.0
503,116.0,2.0,1.0
504,81.0,527.0,1.0
505,86.0,588.0,1.0
506,39.0,464.0,1.0
507,156.0,454.0,1.0
508,45.0,147.0,1.0
509,103.0,266.0,1.0
510,100.0,218.0,1.0
511,129.0,353.0,1.0
512,149.0,317.0,1.0
513,165.0,93.0,1.0
514,9.0,52.0,1.0
515,130.0,427.0,1.0
516,155.0,89.0,1.0
517,161.0,157.0,1.0
518,104.0,455.0,1.0
519,165.0,127.0,1.0
520,248.0,266.0,1.0
521,51.0,343.0,1.0
522,187.0,179.0,1.0
523,250.0,126.0,1.0
524,71.0,24.0,1.0
525,56.0,426.0,1.0
526,174.0,89.0,1.0
527,234.0,92.0,1.0
528,247.0,243.0,1.0
529,247.0,106.0,1.0
530,17.0,410.0,1.0
531,89.0,145.0,1.0
532,126.0,195.0,1.0
533,84.0,333.0,1.0
534,21.0,44.0,1.0
535,147.0,111.0,1.0
536,42.0,100.0,1.0
537,117.0,310.0,1.0
538,116.0,268.0,1.0
539,197.0,86.0,1.0
540,155.0,430.0,1.0
541,141.0,241.0,1.0
542,81.0,203.0,1.0
543,89.0,474.0,1.0
544,104.0,106.0,1.0
545,257.0,59.0,1.0
546,126.0,218.0,1.0
547,228.0,148.0,1.0
548,73.0,321.0,1.0
549,105.0,45.0,1.0
550,91.0,298.0,1.0
551,34.0,50.0,1.0
552,262.0,462.0,1.0
553,200.0,554.0,1.0
554,189.0,429.0,1.0
555,9.0,95.0,1.0
556,189.0,297.0,1.0
557,230.0,469.0,1.0
558,203.0,94.0,1.0
559,87.0,458.0,1.0
560,82.0,337.0,1.0
561,228.0,62.0,1.0
562,82.0,53.0,1.0
563,17.0,403.0,1.0
564,126.0,186.0,1.0
565,177.0,10.0,1.0
566,224.0,277.0,1.0
567,74.0,160.0,1.0
568,35.0,136.0,1.0
569,196.0,310.0,1.0
570,1.0,67.0,1.0
571,122.0,70.0,1.0
572,51.0,234.0,1.0
573,5.0,186.0,1.0
574,51.0,133.0,1.0
575,100.0,111.0,1.0
576,155.0,28.0,1.0
577,178.0,186.0,1.0
578,110.0,194.0,1.0
579,131.0,223.0,1.0
580,188.0,280.0,1.0
581,121.0,82.0,1.0
582,113.0,73.0,1.0
583,128.0,144.0,1.0
584,264.0,72.0,1.0
585,62.0,410.0,1.0
586,138.0,105.0,1.0
587,74.0,146.0,1.0
588,95.0,232.0,1.0
589,89.0,338.0,1.0
590,256.0,510.0,1.0
591,84.0,111.0,1.0
592,29.0,443.0,1.0
593,87.0,99.0,1.0
594,187.0,186.0,1.0
595,116.0,18.0,1.0
596,105.0,133.0,1.0
597,114.0,6.0,1.0
598,125.0,285.0,1.0
599,263.0,58.0,1.0
600,52.0,398.0,1.0
601,138.0,143.0,1.0
602,225.0,18.0,1.0
603,106.0,103.0,1.0
604,141.0,207.0,1.0
605,39.0,466.0,1.0
606,165.0,562.0,1.0
607,83.0,208.0,1.0
608,78.0,105.0,1.0
609,160.0,351.0,1.0
610,219.0,402.0,1.0
611,145.0,285.0,1.0
612,177.0,259.0,1.0
613,94.0,504.0,1.0
614,196.0,337.0,1.0
615,123.0,130.0,1.0
616,259.0,241.0,1.0
617,182.0,17.0,1.0
618,75.0,397.0,1.0
619,15.0,9.0,1.0
620,65.0,150.0,1.0
621,66.0,259.0,1.0
622,158.0,33.0,1.0
623,32.0,66.0,1.0
624,223.0,116.0,1.0
625,107.0,469.0,1.0
626,56.0,514.0,1.0
627,248.0,502.0,1.0
628,130.0,575.0,1.0
629,167.0,106.0,1.0
630,58.0,89.0,1.0
631,56.0,363.0,1.0
632,89.0,95.0,1.0
633,186.0,480.0,1.0
634,132.0,260.0,1.0
635,145.0,193.0,1.0
636,103.0,71.0,1.0
637,172.0,111.0,1.0
638,78.0,338.0,1.0
639,175.0,217.0,1.0
640,183.0,314.0,1.0
641,164.0,399.0,1.0
642,262.0,287.0,1.0
643,123.0,177.0,1.0
644,210.0,383.0,1.0
645,259.0,380.0,1.0
646,158.0,7.0,1.0
647,189.0,309.0,1.0
648,24.0,113.0,1.0
649,225.0,545.0,1.0
650,116.0,230.0,1.0
651,132.0,204.0,1.0
652,193.0,89.0,1.0
653,196.0,384.0,1.0
654,114.0,48.0,1.0
655,74.0,195.0,1.0
656,144.0,536.0,1.0
657,82.0,579.0,1.0
658,89.0,399.0,1.0
659,79.0,416.0,1.0
660,116.0,86.0,1.0
661,206.0,190.0,1.0
662,9.0,67.0,1.0
663,64.0,117.0,1.0
664,144.0,59.0,1.0
665,84.0,75.0,1.0
666,177.0,44.0,1.0
667,162.0,573.0,1.0
668,90.0,179.0,1.0
669,114.0,81.0,1.0
670,56.0,532.0,1.0
671,74.0,219.0,1.0
672,214.0,286.0,1.0
673,231.0,31.0,1.0
674,169.0,40.0,1.0
675,44.0,336.0,1.0
676,218.0,254.0,1.0
677,74.0,481.0,1.0
678,49.0,32.0,1.0
679,195.0,11.0,1.0
680,65.0,49.0,1.0
681,102.0,73.0,1.0
682,218.0,533.0,1.0
683,191.0,517.0,1.0
684,53.0,193.0,1.0
685,5.0,3.0,1.0
686,69.0,106.0,1.0
687,226.0,22.0,1.0
688,149.0,518.0,1.0
689,104.0,49.0,1.0
690,75.0,585.0,1.0
691,183.0,324.0,1.0
692,159.0,97.0,1.0
693,169.0,103.0,1.0
694,197.0,344.0,1.0
695,253.0,298.0,1.0
696,258.0,245.0,1.0
697,226.0,525.0,1.0
698,240.0,136.0,1.0
699,259.0,411.0,1.0
700,197.0,135.0,1.0
701,58.0,157.0,1.0
702,123.0,154.0,1.0
703,238.0,354.0,1.0
704,203.0,120.0,1.0
705,52.0,378.0,1.0
706,53.0,109.0,1.0
707,9.0,252.0,1.0
708,108.0,138.0,1.0
709,18.0,143.0,1.0
710,51.0,31.0,1.0
711,223.0,353.0,1.0
712,141.0,419.0,1.0
713,129.0,197.0,1.0
714,102.0,585.0,1.0
715,264.0,308.0,1.0
716,101.0,202.0,1.0
717,168.0,10.0,1.0
718,68.0,238.0,1.0
719,105.0,47.0,1.0
720,158.0,571.0,1.0
721,102.0,261.0,1.0
722,42.0,224.0,1.0
723,167.0,12.0,1.0
724,81.0,460.0,1.0
725,136.0,496.0,1.0
726,172.0,280.0,1.0
727,118.0,175.0,1.0
728,99.0,133.0,1.0
729,140.0,146.0,1.0
730,233.0,119.0,1.0
731,225.0,148.0,1.0
732,128.0,155.0,1.0
733,132.0,221.0,1.0
734,223.0,405.0,1.0
735,67.0,362.0,1.0
736,186.0,310.0,1.0
737,205.0,255.0,1.0
738,147.0,66.0,1.0
739,82.0,364.0,1.0
740,215.0,256.0,1.0
741,115.0,266.0,1.0
742,86.0,51.0,1.0
743,87.0,203.0,1.0
744,223.0,5.0,1.0
745,158.0,374.0,1.0
746,8.0,201.0,1.0
747,97.0,146.0,1.0
748,185.0,187.0,1.0
749,147.0,525.0,1.0
750,238.0,10.0,1.0
751,175.0,257.0,1.0
752,90.0,452.0,1.0
753,187.0,205.0,1.0
754,102.0,32.0,1.0
755,79.0,100.0,1.0
756,224.0,429.0,1.0
757,178.0,500.0,1.0
758,185.0,343.0,1.0
759,65.0,287.0,1.0
760,250.0,103.0,1.0
761,209.0,286.0,1.0
762,158.0,454.0,1.0
763,147.0,348.0,1.0
764,177.0,113.0,1.0
765,60.0,538.0,1.0
766,165.0,12.0,1.0
767,81.0,279.0,1.0
768,219.0,120.0,1.0
769,130.0,331.0,1.0
770,14.0,344.0,1.0
771,96.0,504.0,1.0
772,223.0,488.0,1.0
773,144.0,378.0,1.0
774,111.0,345.0,1.0
775,181.0,21.0,1.0
776,203.0,4.0,1.0
777,117.0,47.0,1.0
778,248.0,41.0,1.0
779,67.0,532.0,1.0
780,202.0,12.0,1.0
781,247.0,242.0,1.0
782,102.0,120.0,1.0
783,52.0,504.0,1.0
784,51.0,194.0,1.0
785,136.0,111.0,1.0
786,185.0,327.0,1.0
787,71.0,120.0,1.0
788,153.0,121.0,1.0
789,42.0,185.0,1.0
790,186.0,428.0,1.0
791,228.0,10.0,1.0
792,117.0,219.0,1.0
793,147.0,340.0,1.0
794,78.0,79.0,1.0
795,147.0,569.0,1.0
796,87.0,39.0,1.0
797,9.0,57.0,1.0
798,69.0,145.0,1.0
799,230.0,482.0,1.0
800,165.0,384.0,1.0
801,156.0,62.0,1.0
802,168.0,337.0,1.0
803,19.0,35.0,1.0
804,113.0,294.0,1.0
805,116.0,285.0,1.0
806,175.0,66.0,1.0
807,165.0,280.0,1.0
808,165.0,177.0,1.0
809,79.0,251.0,1.0
810,223.0,226.0,1.0
811,105.0,119.0,1.0
812,82.0,512.0,1.0
813,56.0,298.0,1.0
814,225.0,585.0,1.0
815,117.0,393.0,1.0
816,87.0,103.0,1.0
817,88.0,151.0,1.0
818,82.0,343.0,1.0
819,266.0,291.0,1.0
820,82.0,352.0,1.0
821,141.0,115.0,1.0
822,209.0,479.0,1.0
823,185.0,334.0,1.0
824,183.0,82.0,1.0
825,7.0,90.0,1.0
826,89.0,59.0,1.0
827,96.0,27.0,1.0
828,199.0,57.0,1.0
829,200.0,107.0,1.0
830,56.0,358.0,1.0
831,82.0,191.0,1.0
832,49.0,127.0,1.0
833,117.0,434.0,1.0
834,182.0,83.0,1.0
835,234.0,388.0,1.0
836,203.0,14.0,1.0
837,134.0,97.0,1.0
838,142.0,1.0,1.0
839,232.0,146.0,1.0
840,262.0,115.0,1.0
841,165.0,411.0,1.0
842,196.0,496.0,1.0
843,94.0,280.0,1.0
844,259.0,561.0,1.0
845,175.0,287.0,1.0
846,42.0,26.0,1.0
847,44.0,209.0,1.0
848,82.0,435.0,1.0
849,202.0,11.0,1.0
850,194.0,79.0,1.0
851,145.0,239.0,1.0
852,177.0,192.0,1.0
853,122.0,327.0,1.0
854,22.0,431.0,1.0
855,256.0,112.0,1.0
856,47.0,213.0,1.0
857,164.0,304.0,1.0
858,56.0,354.0,1.0
859,238.0,28.0,1.0
860,63.0,36.0,1.0
861,74.0,89.0,1.0
862,134.0,50.0,1.0
863,115.0,351.0,1.0
864,112.0,43.0,1.0
865,256.0,310.0,1.0
866,261.0,158.0,1.0
867,205.0,47.0,1.0
868,204.0,147.0,1.0
869,263.0,552.0,1.0
870,95.0,356.0,1.0
871,158.0,59.0,1.0
872,248.0,97.0,1.0
873,127.0,159.0,1.0
874,200.0,236.0,1.0
875,144.0,206.0,1.0
876,223.0,166.0,1.0
877,61.0,45.0,1.0
878,127.0,532.0,1.0
879,214.0,243.0,1.0
880,87.0,59.0,1.0
881,212.0,217.0,1.0
882,175.0,197.0,1.0
883,242.0,216.0,1.0
884,211.0,493.0,1.0
885,260.0,205.0,1.0
886,5.0,7.0,1.0
887,259.0,389.0,1.0
888,101.0,148.0,1.0
889,52.0,190.0,1.0
890,87.0,95.0,1.0
891,132.0,284.0,1.0
892,31.0,170.0,1.0
893,100.0,15.0,1.0
894,116.0,20.0,1.0
895,229.0,193.0,1.0
896,135.0,416.0,1.0
897,91.0,314.0,1.0
898,162.0,115.0,1.0
899,155.0,367.0,1.0
900,37.0,11.0,1.0
901,84.0,248.0,1.0
902,11.0,114.0,1.0
903,4.0,72.0,1.0
904,64.0,99.0,1.0
905,97.0,147.0,1.0
906,183.0,456.0,1.0
907,31.0,298.0,1.0
908,259.0,531.0,1.0
909,233.0,226.0,1.0
910,77.0,379.0,1.0
911,122.0,99.0,1.0
912,155.0,442.0,1.0
913,189.0,147.0,1.0
914,132.0,509.0,1.0
915,161.0,47.0,1.0
916,145.0,590.0,1.0
917,228.0,77.0,1.0
918,136.0,486.0,1.0
919,225.0,45.0,1.0
920,257.0,364.0,1.0
921,150.0,395.0,1.0
922,85.0,39.0,1.0
923,230.0,146.0,1.0
924,102.0,60.0,1.0
925,226.0,40.0,1.0
926,56.0,378.0,1.0
927,107.0,37.0,1.0
928,238.0,241.0,1.0
929,26.0,351.0,1.0
930,224.0,245.0,1.0
931,256.0,251.0,1.0
932,158.0,192.0,1.0
933,256.0,407.0,1.0
934,262.0,50.0,1.0
935,82.0,181.0,1.0
936,86.0,131.0,1.0
937,206.0,374.0,1.0
938,102.0,545.0,1.0
939,123.0,77.0,1.0
940,158.0,505.0,1.0
941,211.0,219.0,1.0
942,124.0,156.0,1.0
943,1.0,20.0,1.0
944,182.0,518.0,1.0
945,165.0,108.0,1.0
946,144.0,212.0,1.0
947,177.0,100.0,1.0
948,68.0,194.0,1.0
949,65.0,404.0,1.0
950,2.0,50.0,1.0
951,93.0,24.0,1.0
952,53.0,310.0,1.0
953,189.0,224.0,1.0
954,101.0,190.0,1.0
955,168.0,47.0,1.0
956,82.0,420.0,1.0
957,49.0,96.0,1.0
958,183.0,408.0,1.0
959,225.0,84.0,1.0
960,84.0,397.0,1.0
961,84.0,20.0,1.0
962,216.0,350.0,1.0
963,84.0,449.0,1.0
964,1.0,18.0,1.0
965,95.0,484.0,1.0
966,238.0,186.0,1.0
967,165.0,103.0,1.0
968,165.0,204.0,1.0
969,254.0,147.0,1.0
970,264.0,215.0,1.0
971,162.0,168.0,1.0
972,64.0,36.0,1.0
973,108.0,459.0,1.0
974,90.0,146.0,1.0
975,248.0,77.0,1.0
976,5.0,184.0,1.0
977,240.0,434.0,1.0
978,62.0,205.0,1.0
979,118.0,293.0,1.0
980,1.0,39.0,1.0
981,107.0,186.0,1.0
982,194.0,81.0,1.0
983,183.0,349.0,1.0
984,255.0,503.0,1.0
985,147.0,594.0,1.0
986,207.0,360.0,1.0
987,182.0,210.0,1.0
988,75.0,69.0,1.0
989,98.0,262.0,1.0
990,118.0,138.0,1.0
991,18.0,422.0,1.0
992,223.0,343.0,1.0
993,226.0,60.0,1.0
994,37.0,242.0,1.0
995,175.0,70.0,1.0
996,100.0,147.0,1.0
997,218.0,439.0,1.0
998,58.0,430.0,1.0
999,262.0,390.0,1.0
1000,266.0,564.0,1.0
1001,56.0,141.0,1.0
1002,114.0,161.0,1.0
1003,205.0,538.0,1.0
1004,264.0,233.0,1.0
1005,65.0,379.0,1.0
1006,135.0,525.0,1.0
1007,264.0,90.0,1.0
1008,164.0,128.0,1.0
1009,83.0,424.0,1.0
1010,195.0,100.0,1.0
1011,165.0,378.0,1.0
1012,65.0,7.0,1.0
1013,51.0,70.0,1.0
1014,83.0,59.0,1.0
1015,229.0,378.0,1.0
1016,216.0,253.0,1.0
1017,184.0,177.0,1.0
1018,261.0,165.0,1.0
1019,234.0,58.0,1.0
1020,100.0,577.0,1.0
1021,262.0,179.0,1.0
1022,224.0,150.0,1.0
1023,140.0,154.0,1.0
1024,62.0,84.0,1.0
1025,124.0,241.0,1.0
1026,195.0,194.0,1.0
1027,56.0,234.0,1.0
1028,56.0,387.0,1.0
1029,153.0,202.0,1.0
1030,118.0,185.0,1.0
1031,86.0,360.0,1.0
1032,4.0,176.0,1.0
1033,144.0,498.0,1.0
1034,161.0,204.0,1.0
1035,2.0,44.0,1.0
1036,147.0,420.0,1.0
1037,72.0,194.0,1.0
1038,26.0,150.0,1.0
1039,144.0,202.0,1.0
1040,144.0,474.0,1.0
1041,226.0,35.0,1.0
1042,91.0,296.0,1.0
1043,113.0,259.0,1.0
1044,254.0,433.0,1.0
1045,223.0,146.0,1.0
1046,168.0,9.0,1.0
1047,74.0,5.0,1.0
1048,147.0,463.0,1.0
1049,223.0,381.0,1.0
1050,223.0,230.0,1.0
1051,141.0,213.0,1.0
1052,194.0,420.0,1.0
1053,37.0,130.0,1.0
1054,220.0,527.0,1.0
1055,156.0,146.0,1.0
1056,256.0,352.0,1.0
1057,5.0,104.0,1.0
1058,51.0,513.0,1.0
1059,6.0,146.0,1.0
1060,196.0,377.0,1.0
1061,64.0,221.0,1.0
1062,128.0,40.0,1.0
1063,28.0,264.0,1.0
1064,248.0,126.0,1.0
1065,64.0,313.0,1.0
1066,117.0,1.0,1.0
1067,212.0,185.0,1.0
1068,223.0,507.0,1.0
1069,101.0,92.0,1.0
1070,175.0,14.0,1.0
1071,104.0,110.0,1.0
1072,89.0,12.0,1.0
1073,155.0,73.0,1.0
1074,64.0,315.0,1.0
1075,226.0,77.0,1.0
1076,205.0,179.0,1.0
1077,150.0,114.0,1.0
1078,194.0,260.0,1.0
1079,250.0,216.0,1.0
1080,158.0,147.0,1.0
1081,51.0,120.0,1.0
1082,14.0,66.0,1.0
1083,109.0,38.0,1.0
1084,182.0,136.0,1.0
1085,131.0,40.0,1.0
1086,150.0,31.0,1.0
1087,16.0,359.0,1.0
1088,18.0,130.0,1.0
1089,35.0,443.0,1.0
1090,2.0,95.0,1.0
1091,126.0,5.0,1.0
1092,79.0,104.0,1.0
1093,182.0,6.0,1.0
1094,224.0,208.0,1.0
1095,2.0,136.0,1.0
1096,69.0,70.0,1.0
1097,183.0,17.0,1.0
1098,56.0,332.0,1.0
1099,82.0,489.0,1.0
1100,56.0,538.0,1.0
1101,226.0,42.0,1.0
1102,136.0,180.0,1.0
1103,218.0,9.0,1.0
1104,218.0,511.0,1.0
1105,16.0,91.0,1.0
1106,87.0,305.0,1.0
1107,200.0,164.0,1.0
1108,208.0,577.0,1.0
1109,81.0,96.0,1.0
1110,162.0,173.0,1.0
1111,114.0,156.0,1.0
1112,15.0,219.0,1.0
1113,61.0,468.0,1.0
1114,150.0,92.0,1.0
1115,205.0,170.0,1.0
1116,186.0,194.0,1.0
1117,173.0,115.0,1.0
1118,189.0,66.0,1.0
1119,82.0,144.0,1.0
1120,89.0,266.0,1.0
1121,223.0,476.0,1.0
1122,193.0,501.0,1.0
1123,130.0,444.0,1.0
1124,128.0,236.0,1.0
1125,66.0,39.0,1.0
1126,79.0,556.0,1.0
1127,200.0,193.0,1.0
1128,223.0,87.0,1.0
1129,203.0,533.0,1.0
1130,84.0,70.0,1.0
1131,178.0,307.0,1.0
1132,102.0,47.0,1.0
1133,73.0,381.0,1.0
1134,101.0,89.0,1.0
1135,225.0,577.0,1.0
1136,129.0,95.0,1.0
1137,250.0,81.0,1.0
1138,101.0,207.0,1.0
1139,87.0,533.0,1.0
1140,64.0,141.0,1.0
1141,82.0,284.0,1.0
1142,163.0,36.0,1.0
1143,267.0,58.0,1.0
1144,164.0,159.0,1.0
1145,259.0,460.0,1.0
1146,218.0,120.0,1.0
1147,127.0,305.0,1.0
1148,115.0,411.0,1.0
1149,242.0,465.0,1.0
1150,145.0,3.0,1.0
1151,82.0,465.0,1.0
1152,156.0,368.0,1.0
1153,247.0,191.0,1.0
1154,14.0,58.0,1.0
1155,128.0,170.0,1.0
1156,56.0,185.0,1.0
1157,165.0,181.0,1.0
1158,165.0,80.0,1.0
1159,262.0,117.0,1.0
1160,234.0,100.0,1.0
1161,135.0,26.0,1.0
1162,98.0,69.0,1.0
1163,257.0,103.0,1.0
1164,226.0,585.0,1.0
1165,101.0,66.0,1.0
1166,91.0,35.0,1.0
1167,82.0,436.0,1.0
1168,183.0,143.0,1.0
1169,164.0,59.0,1.0
1170,105.0,44.0,1.0
1171,82.0,355.0,1.0
1172,235.0,483.0,1.0
1173,82.0,358.0,1.0
1174,30.0,40.0,1.0
1175,84.0,32.0,1.0
1176,147.0,62.0,1.0
1177,164.0,423.0,1.0
1178,184.0,89.0,1.0
1179,148.0,47.0,1.0
1180,71.0,61.0,1.0
1181,102.0,342.0,1.0
1182,94.0,189.0,1.0
1183,234.0,10.0,1.0
1184,193.0,35.0,1.0
1185,155.0,592.0,1.0
1186,224.0,50.0,1.0
1187,147.0,381.0,1.0
1188,213.0,146.0,1.0
1189,161.0,386.0,1.0
1190,37.0,191.0,1.0
1191,228.0,168.0,1.0
1192,209.0,395.0,1.0
1193,127.0,173.0,1.0
1194,200.0,194.0,1.0
1195,82.0,92.0,1.0
1196,181.0,110.0,1.0
1197,178.0,125.0,1.0
1198,218.0,160.0,1.0
1199,182.0,554.0,1.0
1200,136.0,434.0,1.0
1201,13.0,333.0,1.0
1202,218.0,46.0,1.0
1203,44.0,218.0,1.0
1204,96.0,253.0,1.0
1205,83.0,209.0,1.0
1206,90.0,266.0,1.0
1207,248.0,281.0,1.0
1208,176.0,407.0,1.0
1209,126.0,309.0,1.0
1210,9.0,111.0,1.0
1211,10.0,114.0,1.0
1212,71.0,206.0,1.0
1213,259.0,407.0,1.0
1214,183.0,397.0,1.0
1215,192.0,332.0,1.0
1216,155.0,344.0,1.0
1217,158.0,92.0,1.0
1218,53.0,20.0,1.0
1219,209.0,397.0,1.0
1220,87.0,40.0,1.0
1221,111.0,552.0,1.0
1222,116.0,66.0,1.0
1223,147.0,572.0,1.0
1224,262.0,0.0,1.0
1225,71.0,49.0,1.0
1226,147.0,189.0,1.0
1227,266.0,131.0,1.0
1228,180.0,538.0,1.0
1229,209.0,89.0,1.0
1230,82.0,151.0,1.0
1231,164.0,386.0,1.0
1232,47.0,45.0,1.0
1233,90.0,82.0,1.0
1234,257.0,365.0,1.0
1235,206.0,213.0,1.0
1236,202.0,104.0,1.0
1237,35.0,436.0,1.0
1238,63.0,337.0,1.0
1239,94.0,284.0,1.0
1240,258.0,86.0,1.0
1241,147.0,442.0,1.0
1242,144.0,81.0,1.0
1243,136.0,231.0,1.0
1244,142.0,92.0,1.0
1245,185.0,20.0,1.0
1246,138.0,103.0,1.0
1247,246.0,31.0,1.0
1248,235.0,560.0,1.0
1249,84.0,260.0,1.0
1250,9.0,7.0,1.0
1251,245.0,310.0,1.0
1252,246.0,309.0,1.0
1253,123.0,79.0,1.0
1254,153.0,227.0,1.0
1255,156.0,35.0,1.0
1256,261.0,344.0,1.0
1257,96.0,44.0,1.0
1258,223.0,533.0,1.0
1259,102.0,269.0,1.0
1260,196.0,126.0,1.0
1261,164.0,383.0,1.0
1262,182.0,422.0,1.0
1263,17.0,196.0,1.0
1264,138.0,289.0,1.0
1265,86.0,0.0,1.0
1266,207.0,432.0,1.0
1267,205.0,202.0,1.0
1268,1.0,16.0,1.0
1269,178.0,248.0,1.0
1270,130.0,161.0,1.0
1271,60.0,277.0,1.0
1272,145.0,134.0,1.0
1273,5.0,214.0,1.0
1274,129.0,118.0,1.0
1275,141.0,106.0,1.0
1276,238.0,433.0,1.0
1277,249.0,272.0,1.0
1278,105.0,57.0,1.0
1279,178.0,203.0,1.0
1280,91.0,435.0,1.0
1281,268.0,252.0,1.0
1282,189.0,97.0,1.0
1283,235.0,318.0,1.0
1284,114.0,340.0,1.0
1285,113.0,56.0,1.0
1286,208.0,415.0,1.0
1287,268.0,160.0,1.0
1288,135.0,406.0,1.0
1289,31.0,27.0,1.0
1290,242.0,145.0,1.0
1291,217.0,125.0,1.0
1292,158.0,378.0,1.0
1293,53.0,95.0,1.0
1294,117.0,192.0,1.0
1295,180.0,164.0,1.0
1296,16.0,17.0,1.0
1297,110.0,44.0,1.0
1298,102.0,116.0,1.0
1299,129.0,45.0,1.0
1300,132.0,47.0,1.0
1301,139.0,222.0,1.0
1302,101.0,399.0,1.0
1303,150.0,101.0,1.0
1304,136.0,547.0,1.0
1305,81.0,236.0,1.0
1306,136.0,498.0,1.0
1307,15.0,81.0,1.0
1308,87.0,374.0,1.0
1309,203.0,209.0,1.0
1310,149.0,147.0,1.0
1311,156.0,91.0,1.0
1312,51.0,222.0,1.0
1313,44.0,487.0,1.0
1314,9.0,40.0,1.0
1315,119.0,125.0,1.0
1316,14.0,243.0,1.0
1317,69.0,191.0,1.0
1318,102.0,365.0,1.0
1319,148.0,203.0,1.0
1320,156.0,58.0,1.0
1321,56.0,201.0,1.0
1322,20.0,146.0,1.0
1323,128.0,204.0,1.0
1324,233.0,147.0,1.0
1325,82.0,62.0,1.0
1326,209.0,193.0,1.0
1327,29.0,13.0,1.0
1328,78.0,221.0,1.0
1329,56.0,263.0,1.0
1330,266.0,10.0,1.0
1331,213.0,190.0,1.0
1332,52.0,225.0,1.0
1333,147.0,252.0,1.0
1334,39.0,310.0,1.0
1335,96.0,273.0,1.0
1336,1.0,58.0,1.0
1337,65.0,529.0,1.0
1338,136.0,7.0,1.0
1339,102.0,468.0,1.0
1340,197.0,377.0,1.0
1341,126.0,456.0,1.0
1342,17.0,86.0,1.0
1343,181.0,38.0,1.0
1344,185.0,150.0,1.0
1345,201.0,416.0,1.0
1346,2.0,149.0,1.0
1347,217.0,206.0,1.0
1348,30.0,149.0,1.0
1349,200.0,577.0,1.0
1350,89.0,389.0,1.0
1351,26.0,47.0,1.0
1352,44.0,307.0,1.0
1353,127.0,48.0,1.0
1354,232.0,41.0,1.0
1355,82.0,36.0,1.0
1356,138.0,256.0,1.0
1357,177.0,308.0,1.0
1358,124.0,47.0,1.0
1359,65.0,245.0,1.0
1360,178.0,15.0,1.0
1361,42.0,475.0,1.0
1362,62.0,285.0,1.0
1363,238.0,95.0,1.0
1364,155.0,333.0,1.0
1365,56.0,246.0,1.0
1366,17.0,384.0,1.0
1367,86.0,405.0,1.0
1368,219.0,117.0,1.0
1369,225.0,29.0,1.0
1370,62.0,15.0,1.0
1371,87.0,351.0,1.0
1372,205.0,143.0,1.0
1373,262.0,111.0,1.0
1374,104.0,487.0,1.0
1375,81.0,191.0,1.0
1376,144.0,91.0,1.0
1377,175.0,337.0,1.0
1378,67.0,356.0,1.0
1379,51.0,111.0,1.0
1380,81.0,227.0,1.0
1381,262.0,103.0,1.0
1382,135.0,111.0,1.0
1383,85.0,115.0,1.0
1384,207.0,60.0,1.0
1385,258.0,21.0,1.0
1386,64.0,220.0,1.0
1387,79.0,191.0,1.0
1388,53.0,118.0,1.0
1389,207.0,178.0,1.0
1390,148.0,537.0,1.0
1391,130.0,537.0,1.0
1392,114.0,308.0,1.0
1393,212.0,371.0,1.0
1394,147.0,247.0,1.0
1395,153.0,24.0,1.0
1396,231.0,146.0,1.0
1397,145.0,411.0,1.0
1398,51.0,145.0,1.0
1399,262.0,8.0,1.0
1400,189.0,401.0,1.0
1401,248.0,73.0,1.0
1402,53.0,226.0,1.0
1403,138.0,203.0,1.0
1404,226.0,343.0,1.0
1405,74.0,50.0,1.0
1406,257.0,282.0,1.0
1407,178.0,118.0,1.0
1408,3.0,93.0,1.0
1409,54.0,308.0,1.0
1410,228.0,204.0,1.0
1411,256.0,397.0,1.0
1412,205.0,342.0,1.0
1413,103.0,371.0,1.0
1414,141.0,204.0,1.0
1415,84.0,594.0,1.0
1416,250.0,151.0,1.0
1417,144.0,12.0,1.0
1418,176.0,205.0,1.0
1419,229.0,281.0,1.0
1420,67.0,327.0,1.0
1421,165.0,509.0,1.0
1422,245.0,38.0,1.0
1423,150.0,206.0,1.0
1424,117.0,253.0,1.0
1425,201.0,190.0,1.0
1426,197.0,221.0,1.0
1427,132.0,395.0,1.0
1428,16.0,53.0,1.0
1429,96.0,25.0,1.0
1430,186.0,27.0,1.0
1431,229.0,92.0,1.0
1432,117.0,48.0,1.0
1433,21.0,106.0,1.0
1434,35.0,302.0,1.0
1435,189.0,279.0,1.0
1436,89.0,368.0,1.0
1437,226.0,84.0,1.0
1438,182.0,270.0,1.0
1439,200.0,196.0,1.0
1440,242.0,3.0,1.0
1441,116.0,39.0,1.0
1442,256.0,219.0,1.0
1443,163.0,21.0,1.0
1444,175.0,120.0,1.0
1445,17.0,316.0,1.0
1446,139.0,104.0,1.0
1447,45.0,103.0,1.0
1448,56.0,542.0,1.0
1449,127.0,378.0,1.0
1450,17.0,305.0,1.0
1451,31.0,302.0,1.0
1452,82.0,103.0,1.0
1453,102.0,559.0,1.0
1454,48.0,179.0,1.0
1455,53.0,58.0,1.0
1456,82.0,242.0,1.0
1457,223.0,77.0,1.0
1458,117.0,31.0,1.0
1459,182.0,40.0,1.0
1460,156.0,225.0,1.0
1461,225.0,49.0,1.0
1462,82.0,21.0,1.0
1463,42.0,87.0,1.0
1464,199.0,287.0,1.0
1465,182.0,582.0,1.0
1466,251.0,410.0,1.0
1467,242.0,207.0,1.0
1468,130.0,128.0,1.0
1469,156.0,63.0,1.0
1470,266.0,147.0,1.0
1471,87.0,591.0,1.0
1472,181.0,112.0,1.0
1473,182.0,420.0,1.0
1474,81.0,547.0,1.0
1475,147.0,585.0,1.0
1476,56.0,244.0,1.0
1477,128.0,179.0,1.0
1478,259.0,207.0,1.0
1479,218.0,27.0,1.0
1480,64.0,169.0,1.0
1481,106.0,234.0,1.0
1482,115.0,126.0,1.0
1483,178.0,504.0,1.0
1484,189.0,317.0,1.0
1485,1.0,46.0,1.0
1486,42.0,407.0,1.0
1487,91.0,105.0,1.0
1488,56.0,238.0,1.0
1489,84.0,222.0,1.0
1490,189.0,374.0,1.0
1491,223.0,530.0,1.0
1492,264.0,130.0,1.0
1493,260.0,143.0,1.0
1494,199.0,22.0,1.0
1495,123.0,222.0,1.0
1496,32.0,10.0,1.0
1497,7.0,9.0,1.0
1498,114.0,64.0,1.0
1499,61.0,11.0,1.0
1500,82.0,497.0,1.0
1501,259.0,378.0,1.0
1502,153.0,81.0,1.0
1503,3.0,124.0,1.0
1504,65.0,399.0,1.0
1505,13.0,122.0,1.0
1506,45.0,497.0,1.0
1507,65.0,337.0,1.0
1508,10.0,302.0,1.0
1509,35.0,59.0,1.0
1510,122.0,31.0,1.0
1511,69.0,140.0,1.0
1512,183.0,175.0,1.0
1513,200.0,170.0,1.0
1514,105.0,492.0,1.0
1515,35.0,56.0,1.0
1516,53.0,117.0,1.0
1517,251.0,349.0,1.0
1518,87.0,148.0,1.0
1519,211.0,502.0,1.0
1520,12.0,109.0,1.0
1521,248.0,306.0,1.0
1522,49.0,131.0,1.0
1523,53.0,245.0,1.0
1524,210.0,117.0,1.0
1525,207.0,535.0,1.0
1526,256.0,394.0,1.0
1527,5.0,11.0,1.0
1528,188.0,92.0,1.0
1529,56.0,243.0,1.0
1530,153.0,80.0,1.0
1531,208.0,21.0,1.0
1532,200.0,329.0,1.0
1533,52.0,532.0,1.0
1534,67.0,196.0,1.0
1535,147.0,551.0,1.0
1536,105.0,500.0,1.0
1537,105.0,1.0,1.0
1538,18.0,101.0,1.0
1539,3.0,161.0,1.0
1540,191.0,129.0,1.0
1541,7.0,234.0,1.0
1542,64.0,191.0,1.0
1543,164.0,297.0,1.0
1544,117.0,156.0,1.0
1545,175.0,1.0,1.0
1546,133.0,467.0,1.0
1547,3.0,47.0,1.0
1548,110.0,218.0,1.0
1549,123.0,532.0,1.0
1550,218.0,394.0,1.0
1551,53.0,504.0,1.0
1552,150.0,0.0,1.0
1553,106.0,58.0,1.0
1554,228.0,337.0,1.0
1555,9.0,1.0,1.0
1556,121.0,322.0,1.0
1557,104.0,155.0,1.0
1558,198.0,304.0,1.0
1559,160.0,314.0,1.0
1560,5.0,116.0,1.0
1561,130.0,130.0,1.0
1562,51.0,59.0,1.0
1563,177.0,487.0,1.0
1564,225.0,206.0,1.0
1565,141.0,214.0,1.0
1566,37.0,106.0,1.0
1567,245.0,224.0,1.0
1568,5.0,202.0,1.0
1569,164.0,70.0,1.0
1570,144.0,326.0,1.0
1571,232.0,333.0,1.0
1572,189.0,142.0,1.0
1573,148.0,261.0,1.0
1574,86.0,215.0,1.0
1575,155.0,548.0,1.0
1576,80.0,241.0,1.0
1577,148.0,522.0,1.0
1578,130.0,302.0,1.0
1579,202.0,45.0,1.0
1580,70.0,66.0,1.0
1581,226.0,491.0,1.0
1582,84.0,310.0,1.0
1583,130.0,332.0,1.0
1584,226.0,51.0,1.0
1585,150.0,242.0,1.0
1586,189.0,510.0,1.0
1587,139.0,186.0,1.0
1588,138.0,293.0,1.0
1589,130.0,452.0,1.0
1590,105.0,474.0,1.0
1591,145.0,464.0,1.0
1592,165.0,586.0,1.0
1593,78.0,36.0,1.0
1594,183.0,50.0,1.0
1595,16.0,370.0,1.0
1596,218.0,103.0,1.0
1597,136.0,24.0,1.0
1598,160.0,66.0,1.0
1599,93.0,31.0,1.0
1600,58.0,316.0,1.0
1601,259.0,387.0,1.0
1602,200.0,294.0,1.0
1603,75.0,582.0,1.0
1604,175.0,448.0,1.0
1605,155.0,101.0,1.0
1606,104.0,31.0,1.0
1607,124.0,279.0,1.0
1608,181.0,146.0,1.0
1609,130.0,179.0,1.0
1610,65.0,523.0,1.0
1611,52.0,112.0,1.0
1612,180.0,56.0,1.0
1613,104.0,325.0,1.0
1614,63.0,186.0,1.0
1615,147.0,162.0,1.0
1616,231.0,52.0,1.0
1617,7.0,235.0,1.0
1618,86.0,470.0,1.0
1619,232.0,388.0,1.0
1620,41.0,27.0,1.0
1621,91.0,22.0,1.0
1622,213.0,24.0,1.0
1623,44.0,53.0,1.0
1624,179.0,217.0,1.0
1625,31.0,36.0,1.0
1626,52.0,410.0,1.0
1627,90.0,226.0,1.0
1628,123.0,572.0,1.0
1629,145.0,412.0,1.0
1630,175.0,179.0,1.0
1631,0.0,1.0,1.0
1632,226.0,222.0,1.0
1633,228.0,103.0,1.0
1634,177.0,208.0,1.0
1635,99.0,546.0,1.0
1636,164.0,60.0,1.0
1637,124.0,87.0,1.0
1638,268.0,418.0,1.0
1639,181.0,133.0,1.0
1640,40.0,124.0,1.0
1641,145.0,561.0,1.0
1642,153.0,223.0,1.0
1643,234.0,103.0,1.0
1644,60.0,385.0,1.0
1645,165.0,107.0,1.0
1646,203.0,577.0,1.0
1647,83.0,517.0,1.0
1648,230.0,179.0,1.0
1649,174.0,447.0,1.0
1650,149.0,25.0,1.0
1651,99.0,415.0,1.0
1652,102.0,153.0,1.0
1653,87.0,46.0,1.0
1654,116.0,19.0,1.0
1655,95.0,358.0,1.0
1656,181.0,386.0,1.0
1657,223.0,247.0,1.0
1658,158.0,498.0,1.0
1659,4.0,47.0,1.0
1660,228.0,517.0,1.0
1661,165.0,297.0,1.0
1662,142.0,57.0,1.0
1663,147.0,36.0,1.0
1664,147.0,512.0,1.0
1665,156.0,184.0,1.0
1666,66.0,143.0,1.0
1667,200.0,155.0,1.0
1668,45.0,141.0,1.0
1669,262.0,128.0,1.0
1670,109.0,51.0,1.0
1671,5.0,198.0,1.0
1672,148.0,400.0,1.0
1673,31.0,99.0,1.0
1674,130.0,356.0,1.0
1675,132.0,133.0,1.0
1676,256.0,185.0,1.0
1677,147.0,447.0,1.0
1678,123.0,59.0,1.0
1679,224.0,62.0,1.0
1680,264.0,463.0,1.0
1681,214.0,255.0,1.0
1682,162.0,425.0,1.0
1683,71.0,396.0,1.0
1684,211.0,190.0,1.0
1685,238.0,45.0,1.0
1686,160.0,173.0,1.0
1687,84.0,275.0,1.0
1688,228.0,136.0,1.0
1689,147.0,22.0,1.0
1690,19.0,103.0,1.0
1691,248.0,259.0,1.0
1692,213.0,224.0,1.0
1693,64.0,40.0,1.0
1694,50.0,48.0,1.0
1695,145.0,194.0,1.0
1696,17.0,415.0,1.0
1697,142.0,190.0,1.0
1698,204.0,275.0,1.0
1699,136.0,127.0,1.0
1700,123.0,286.0,1.0
1701,100.0,378.0,1.0
1702,239.0,351.0,1.0
1703,234.0,393.0,1.0
1704,178.0,397.0,1.0
1705,109.0,84.0,1.0
1706,209.0,299.0,1.0
1707,6.0,143.0,1.0
1708,98.0,137.0,1.0
1709,139.0,7.0,1.0
1710,193.0,92.0,1.0
1711,37.0,459.0,1.0
1712,156.0,81.0,1.0
1713,17.0,7.0,1.0
1714,262.0,19.0,1.0
1715,211.0,387.0,1.0
1716,167.0,47.0,1.0
1717,90.0,489.0,1.0
1718,194.0,399.0,1.0
1719,224.0,12.0,1.0
1720,81.0,368.0,1.0
1721,147.0,392.0,1.0
1722,186.0,22.0,1.0
1723,44.0,80.0,1.0
1724,44.0,89.0,1.0
1725,245.0,227.0,1.0
1726,64.0,100.0,1.0
1727,182.0,73.0,1.0
1728,145.0,386.0,1.0
1729,259.0,251.0,1.0
1730,5.0,95.0,1.0
1731,105.0,136.0,1.0
1732,162.0,156.0,1.0
1733,48.0,50.0,1.0
1734,67.0,215.0,1.0
1735,244.0,433.0,1.0
1736,56.0,38.0,1.0
1737,259.0,221.0,1.0
1738,19.0,47.0,1.0
1739,261.0,95.0,1.0
1740,183.0,207.0,1.0
1741,36.0,80.0,1.0
1742,82.0,219.0,1.0
1743,105.0,58.0,1.0
1744,101.0,203.0,1.0
1745,234.0,3.0,1.0
1746,51.0,100.0,1.0
1747,32.0,362.0,1.0
1748,10.0,153.0,1.0
1749,141.0,534.0,1.0
1750,184.0,40.0,1.0
1751,135.0,5.0,1.0
1752,104.0,311.0,1.0
1753,126.0,472.0,1.0
1754,7.0,150.0,1.0
1755,126.0,38.0,1.0
1756,175.0,345.0,1.0
1757,90.0,356.0,1.0
1758,181.0,251.0,1.0
1759,82.0,570.0,1.0
1760,172.0,47.0,1.0
1761,34.0,143.0,1.0
1762,237.0,106.0,1.0
1763,8.0,238.0,1.0
1764,100.0,411.0,1.0
1765,81.0,390.0,1.0
1766,238.0,208.0,1.0
1767,148.0,57.0,1.0
1768,33.0,349.0,1.0
1769,105.0,122.0,1.0
1770,60.0,133.0,1.0
1771,223.0,138.0,1.0
1772,132.0,164.0,1.0
1773,244.0,251.0,1.0
1774,128.0,146.0,1.0
1775,130.0,125.0,1.0
1776,64.0,413.0,1.0
1777,86.0,386.0,1.0
1778,75.0,115.0,1.0
1779,144.0,204.0,1.0
1780,182.0,515.0,1.0
1781,82.0,14.0,1.0
1782,262.0,285.0,1.0
1783,134.0,82.0,1.0
1784,245.0,23.0,1.0
1785,255.0,256.0,1.0
1786,105.0,204.0,1.0
1787,218.0,117.0,1.0
1788,36.0,130.0,1.0
1789,144.0,7.0,1.0
1790,224.0,15.0,1.0
1791,51.0,151.0,1.0
1792,164.0,111.0,1.0
1793,153.0,400.0,1.0
1794,113.0,50.0,1.0
1795,83.0,51.0,1.0
1796,117.0,189.0,1.0
1797,9.0,54.0,1.0
1798,6.0,223.0,1.0
1799,195.0,20.0,1.0
1800,107.0,241.0,1.0
1801,207.0,152.0,1.0
1802,175.0,87.0,1.0
1803,163.0,238.0,1.0
1804,220.0,256.0,1.0
1805,31.0,223.0,1.0
1806,239.0,92.0,1.0
1807,123.0,124.0,1.0
1808,28.0,289.0,1.0
1809,217.0,48.0,1.0
1810,182.0,118.0,1.0
1811,98.0,342.0,1.0
1812,88.0,5.0,1.0
1813,4.0,181.0,1.0
1814,97.0,36.0,1.0
1815,187.0,363.0,1.0
1816,144.0,386.0,1.0
1817,84.0,343.0,1.0
1818,9.0,82.0,1.0
1819,102.0,20.0,1.0
1820,11.0,287.0,1.0
1821,63.0,219.0,1.0
1822,42.0,117.0,1.0
1823,126.0,3.0,1.0
1824,226.0,117.0,1.0
1825,60.0,358.0,1.0
1826,64.0,233.0,1.0
1827,16.0,364.0,1.0
1828,35.0,73.0,1.0
1829,28.0,64.0,1.0
1830,83.0,146.0,1.0
1831,226.0,284.0,1.0
1832,146.0,175.0,1.0
1833,7.0,84.0,1.0
1834,113.0,207.0,1.0
1835,228.0,14.0,1.0
1836,149.0,194.0,1.0
1837,82.0,590.0,1.0
1838,109.0,206.0,1.0
1839,88.0,190.0,1.0
1840,64.0,395.0,1.0
1841,218.0,187.0,1.0
1842,63.0,1.0,1.0
1843,68.0,574.0,1.0
1844,110.0,84.0,1.0
1845,11.0,313.0,1.0
1846,105.0,91.0,1.0
1847,17.0,412.0,1.0
1848,226.0,161.0,1.0
1849,149.0,12.0,1.0
1850,200.0,338.0,1.0
1851,147.0,87.0,1.0
1852,223.0,284.0,1.0
1853,83.0,160.0,1.0
1854,261.0,450.0,1.0
1855,211.0,221.0,1.0
1856,249.0,136.0,1.0
1857,82.0,170.0,1.0
1858,168.0,374.0,1.0
1859,230.0,436.0,1.0
1860,264.0,134.0,1.0
1861,64.0,131.0,1.0
1862,114.0,212.0,1.0
1863,196.0,91.0,1.0
1864,152.0,146.0,1.0
1865,185.0,81.0,1.0
1866,147.0,426.0,1.0
1867,158.0,379.0,1.0
1868,150.0,9.0,1.0
1869,113.0,497.0,1.0
1870,122.0,64.0,1.0
1871,163.0,15.0,1.0
1872,96.0,24.0,1.0
1873,81.0,408.0,1.0
1874,200.0,285.0,1.0
1875,52.0,195.0,1.0
1876,218.0,67.0,1.0
1877,39.0,404.0,1.0
1878,1.0,40.0,1.0
1879,138.0,305.0,1.0
1880,65.0,419.0,1.0
1881,162.0,69.0,1.0
1882,228.0,557.0,1.0
1883,178.0,562.0,1.0
1884,134.0,452.0,1.0
1885,84.0,202.0,1.0
1886,266.0,205.0,1.0
1887,81.0,225.0,1.0
1888,250.0,124.0,1.0
1889,175.0,10.0,1.0
1890,82.0,447.0,1.0
1891,262.0,90.0,1.0
1892,266.0,12.0,1.0
1893,226.0,275.0,1.0
1894,39.0,388.0,1.0
1895,52.0,372.0,1.0
1896,78.0,471.0,1.0
1897,180.0,11.0,1.0
1898,16.0,161.0,1.0
1899,63.0,185.0,1.0
1900,257.0,253.0,1.0
1901,128.0,43.0,1.0
1902,259.0,205.0,1.0
1903,177.0,299.0,1.0
1904,202.0,80.0,1.0
1905,64.0,238.0,1.0
1906,181.0,396.0,1.0
1907,136.0,63.0,1.0
1908,228.0,51.0,1.0
1909,168.0,247.0,1.0
1910,65.0,368.0,1.0
1911,165.0,382.0,1.0
1912,182.0,562.0,1.0
1913,156.0,95.0,1.0
1914,52.0,471.0,1.0
1915,156.0,413.0,1.0
1916,245.0,460.0,1.0
1917,5.0,62.0,1.0
1918,89.0,374.0,1.0
1919,102.0,333.0,1.0
1920,147.0,325.0,1.0
1921,15.0,269.0,1.0
1922,87.0,80.0,1.0
1923,100.0,148.0,1.0
1924,145.0,409.0,1.0
1925,58.0,304.0,1.0
1926,56.0,168.0,1.0
1927,144.0,434.0,1.0
1928,78.0,61.0,1.0
1929,58.0,390.0,1.0
1930,224.0,563.0,1.0
1931,197.0,57.0,1.0
1932,217.0,186.0,1.0
1933,187.0,394.0,1.0
1934,175.0,213.0,1.0
1935,94.0,59.0,1.0
1936,194.0,205.0,1.0
1937,108.0,166.0,1.0
1938,145.0,145.0,1.0
1939,2.0,25.0,1.0
1940,51.0,226.0,1.0
1941,58.0,551.0,1.0
1942,90.0,390.0,1.0
1943,226.0,238.0,1.0
1944,215.0,157.0,1.0
1945,96.0,286.0,1.0
1946,108.0,22.0,1.0
1947,46.0,111.0,1.0
1948,63.0,379.0,1.0
1949,148.0,472.0,1.0
1950,189.0,84.0,1.0
1951,256.0,227.0,1.0
1952,177.0,201.0,1.0
1953,82.0,229.0,1.0
1954,52.0,217.0,1.0
1955,133.0,175.0,1.0
1956,183.0,120.0,1.0
1957,116.0,144.0,1.0
1958,56.0,282.0,1.0
1959,262.0,11.0,1.0
1960,123.0,496.0,1.0
1961,210.0,423.0,1.0
1962,181.0,7.0,1.0
1963,182.0,269.0,1.0
1964,48.0,161.0,1.0
1965,233.0,88.0,1.0
1966,194.0,146.0,1.0
1967,82.0,461.0,1.0
1968,149.0,186.0,1.0
1969,250.0,147.0,1.0
1970,96.0,384.0,1.0
1971,13.0,329.0,1.0
1972,122.0,326.0,1.0
1973,113.0,358.0,1.0
1974,145.0,132.0,1.0
1975,115.0,492.0,1.0
1976,81.0,217.0,1.0
1977,196.0,219.0,1.0
1978,61.0,92.0,1.0
1979,56.0,222.0,1.0
1980,110.0,17.0,1.0
1981,247.0,66.0,1.0
1982,66.0,71.0,1.0
1983,84.0,521.0,1.0
1984,177.0,147.0,1.0
1985,172.0,492.0,1.0
1986,124.0,482.0,1.0
1987,187.0,104.0,1.0
1988,194.0,330.0,1.0
1989,242.0,77.0,1.0
1990,116.0,280.0,1.0
1991,44.0,202.0,1.0
1992,160.0,88.0,1.0
1993,84.0,217.0,1.0
1994,130.0,215.0,1.0
1995,5.0,36.0,1.0
1996,226.0,418.0,1.0
1997,126.0,188.0,1.0
1998,189.0,227.0,1.0
1999,164.0,58.0,1.0
2000,74.0,38.0,1.0
2001,2.0,92.0,1.0
2002,53.0,355.0,1.0
2003,262.0,175.0,1.0
2004,193.0,32.0,1.0
2005,243.0,581.0,1.0
2006,15.0,223.0,1.0
2007,74.0,46.0,1.0
2008,99.0,111.0,1.0
2009,203.0,155.0,1.0
2010,248.0,521.0,1.0
2011,13.0,340.0,1.0
2012,224.0,100.0,1.0
2013,81.0,186.0,1.0
2014,53.0,356.0,1.0
2015,115.0,219.0,1.0
2016,248.0,213.0,1.0
2017,168.0,257.0,1.0
2018,170.0,2.0,1.0
2019,80.0,60.0,1.0
2020,102.0,71.0,1.0
2021,53.0,282.0,1.0
2022,126.0,410.0,1.0
2023,103.0,135.0,1.0
2024,93.0,127.0,1.0
2025,197.0,191.0,1.0
2026,147.0,31.0,1.0
2027,259.0,219.0,1.0
2028,250.0,388.0,1.0
2029,41.0,444.0,1.0
2030,131.0,353.0,1.0
2031,223.0,66.0,1.0
2032,37.0,122.0,1.0
2033,168.0,262.0,1.0
2034,133.0,194.0,1.0
2035,205.0,230.0,1.0
2036,205.0,146.0,1.0
2037,199.0,120.0,1.0
2038,56.0,545.0,1.0
2039,231.0,293.0,1.0
2040,130.0,239.0,1.0
2041,247.0,346.0,1.0
2042,130.0,579.0,1.0
2043,75.0,125.0,1.0
2044,218.0,192.0,1.0
2045,188.0,133.0,1.0
2046,185.0,219.0,1.0
2047,227.0,143.0,1.0
2048,256.0,74.0,1.0
2049,115.0,232.0,1.0
2050,5.0,192.0,1.0
2051,69.0,118.0,1.0
2052,217.0,31.0,1.0
2053,126.0,378.0,1.0
2054,126.0,354.0,1.0
2055,26.0,117.0,1.0
2056,127.0,12.0,1.0
2057,183.0,252.0,1.0
2058,178.0,25.0,1.0
2059,184.0,256.0,1.0
2060,56.0,84.0,1.0
2061,108.0,209.0,1.0
2062,247.0,7.0,1.0
2063,74.0,14.0,1.0
2064,248.0,39.0,1.0
2065,123.0,179.0,1.0
2066,103.0,201.0,1.0
2067,164.0,414.0,1.0
2068,82.0,189.0,1.0
2069,223.0,560.0,1.0
2070,147.0,446.0,1.0
2071,223.0,338.0,1.0
2072,113.0,239.0,1.0
2073,182.0,331.0,1.0
2074,116.0,257.0,1.0
2075,37.0,243.0,1.0
2076,264.0,269.0,1.0
2077,165.0,362.0,1.0
2078,39.0,224.0,1.0
2079,139.0,388.0,1.0
2080,172.0,222.0,1.0
2081,82.0,182.0,1.0
2082,49.0,504.0,1.0
2083,52.0,474.0,1.0
2084,223.0,83.0,1.0
2085,218.0,297.0,1.0
2086,51.0,178.0,1.0
2087,197.0,273.0,1.0
2088,49.0,33.0,1.0
2089,141.0,100.0,1.0
2090,155.0,124.0,1.0
2091,247.0,241.0,1.0
2092,204.0,21.0,1.0
2093,87.0,228.0,1.0
2094,227.0,447.0,1.0
2095,90.0,571.0,1.0
2096,165.0,146.0,1.0
2097,148.0,315.0,1.0
2098,34.0,136.0,1.0
2099,85.0,103.0,1.0
2100,52.0,230.0,1.0
2101,224.0,243.0,1.0
2102,67.0,39.0,1.0
2103,212.0,186.0,1.0
2104,192.0,298.0,1.0
2105,91.0,269.0,1.0
2106,116.0,578.0,1.0
2107,81.0,464.0,1.0
2108,145.0,521.0,1.0
2109,218.0,8.0,1.0
2110,248.0,248.0,1.0
2111,87.0,50.0,1.0
2112,120.0,116.0,1.0
2113,220.0,226.0,1.0
2114,191.0,313.0,1.0
2115,87.0,454.0,1.0
2116,130.0,47.0,1.0
2117,15.0,97.0,1.0
2118,130.0,0.0,1.0
2119,228.0,120.0,1.0
2120,56.0,193.0,1.0
2121,116.0,476.0,1.0
2122,51.0,48.0,1.0
2123,147.0,209.0,1.0
2124,186.0,65.0,1.0
2125,186.0,50.0,1.0
2126,197.0,0.0,1.0
2127,78.0,249.0,1.0
2128,223.0,505.0,1.0
2129,201.0,382.0,1.0
2130,20.0,9.0,1.0
2131,178.0,446.0,1.0
2132,10.0,194.0,1.0
2133,116.0,399.0,1.0
2134,151.0,47.0,1.0
2135,67.0,212.0,1.0
2136,44.0,480.0,1.0
2137,164.0,413.0,1.0
2138,110.0,449.0,1.0
2139,65.0,186.0,1.0
2140,211.0,105.0,1.0
2141,93.0,89.0,1.0
2142,82.0,514.0,1.0
2143,84.0,192.0,1.0
2144,44.0,477.0,1.0
2145,183.0,364.0,1.0
2146,96.0,118.0,1.0
2147,203.0,491.0,1.0
2148,259.0,59.0,1.0
2149,230.0,253.0,1.0
2150,22.0,178.0,1.0
2151,251.0,229.0,1.0
2152,200.0,50.0,1.0
2153,165.0,245.0,1.0
2154,234.0,396.0,1.0
2155,64.0,533.0,1.0
2156,256.0,388.0,1.0
2157,164.0,196.0,1.0
2158,89.0,179.0,1.0
2159,259.0,188.0,1.0
2160,240.0,106.0,1.0
2161,130.0,554.0,1.0
2162,224.0,148.0,1.0
2163,87.0,1.0,1.0
2164,133.0,343.0,1.0
2165,135.0,311.0,1.0
2166,147.0,431.0,1.0
2167,212.0,39.0,1.0
2168,209.0,365.0,1.0
2169,3.0,165.0,1.0
2170,226.0,376.0,1.0
2171,110.0,95.0,1.0
2172,135.0,392.0,1.0
2173,200.0,27.0,1.0
2174,234.0,59.0,1.0
2175,82.0,18.0,1.0
2176,5.0,213.0,1.0
2177,242.0,253.0,1.0
2178,86.0,100.0,1.0
2179,37.0,196.0,1.0
2180,51.0,282.0,1.0
2181,233.0,50.0,1.0
2182,116.0,510.0,1.0
2183,225.0,70.0,1.0
2184,257.0,127.0,1.0
2185,74.0,104.0,1.0
2186,40.0,242.0,1.0
2187,105.0,138.0,1.0
2188,146.0,106.0,1.0
2189,164.0,294.0,1.0
2190,178.0,3.0,1.0
2191,214.0,499.0,1.0
2192,77.0,0.0,1.0
2193,248.0,161.0,1.0
2194,150.0,109.0,1.0
2195,185.0,126.0,1.0
2196,234.0,415.0,1.0
2197,249.0,208.0,1.0
2198,79.0,234.0,1.0
2199,145.0,429.0,1.0
2200,248.0,241.0,1.0
2201,234.0,238.0,1.0
2202,16.0,11.0,1.0
2203,114.0,22.0,1.0
2204,178.0,448.0,1.0
2205,147.0,294.0,1.0
2206,200.0,247.0,1.0
2207,255.0,20.0,1.0
2208,26.0,130.0,1.0
2209,82.0,45.0,1.0
2210,53.0,415.0,1.0
2211,250.0,220.0,1.0
2212,84.0,201.0,1.0
2213,53.0,414.0,1.0
2214,47.0,25.0,1.0
2215,218.0,133.0,1.0
2216,87.0,289.0,1.0
2217,51.0,399.0,1.0
2218,159.0,414.0,1.0
2219,51.0,330.0,1.0
2220,92.0,351.0,1.0
2221,232.0,575.0,1.0
2222,101.0,133.0,1.0
2223,132.0,217.0,1.0
2224,127.0,395.0,1.0
2225,65.0,148.0,1.0
2226,107.0,133.0,1.0
2227,235.0,21.0,1.0
2228,186.0,150.0,1.0
2229,149.0,77.0,1.0
2230,250.0,207.0,1.0
2231,10.0,292.0,1.0
2232,17.0,383.0,1.0
2233,105.0,121.0,1.0
2234,233.0,35.0,1.0
2235,5.0,103.0,1.0
2236,261.0,115.0,1.0
2237,128.0,163.0,1.0
2238,264.0,147.0,1.0
2239,132.0,205.0,1.0
2240,147.0,342.0,1.0
2241,255.0,245.0,1.0
2242,28.0,65.0,1.0
2243,67.0,93.0,1.0
2244,46.0,453.0,1.0
2245,9.0,64.0,1.0
2246,177.0,252.0,1.0
2247,178.0,512.0,1.0
2248,165.0,91.0,1.0
2249,155.0,443.0,1.0
2250,142.0,125.0,1.0
2251,94.0,256.0,1.0
2252,144.0,223.0,1.0
2253,60.0,205.0,1.0
2254,191.0,443.0,1.0
2255,226.0,112.0,1.0
2256,158.0,223.0,1.0
2257,179.0,132.0,1.0
2258,234.0,564.0,1.0
2259,84.0,89.0,1.0
2260,168.0,309.0,1.0
2261,228.0,437.0,1.0
2262,178.0,249.0,1.0
2263,79.0,89.0,1.0
2264,183.0,72.0,1.0
2265,248.0,36.0,1.0
2266,158.0,255.0,1.0
2267,200.0,150.0,1.0
2268,144.0,531.0,1.0
2269,79.0,205.0,1.0
2270,117.0,367.0,1.0
2271,128.0,256.0,1.0
2272,14.0,282.0,1.0
2273,49.0,219.0,1.0
2274,100.0,185.0,1.0
2275,94.0,148.0,1.0
2276,82.0,133.0,1.0
2277,248.0,81.0,1.0
2278,2.0,116.0,1.0
2279,91.0,247.0,1.0
2280,164.0,125.0,1.0
2281,78.0,116.0,1.0
2282,31.0,350.0,1.0
2283,75.0,50.0,1.0
2284,248.0,24.0,1.0
2285,103.0,397.0,1.0
2286,64.0,432.0,1.0
2287,84.0,537.0,1.0
2288,148.0,191.0,1.0
2289,135.0,120.0,1.0
2290,191.0,302.0,1.0
2291,68.0,89.0,1.0
2292,48.0,126.0,1.0
2293,210.0,123.0,1.0
2294,186.0,311.0,1.0
2295,114.0,595.0,1.0
2296,144.0,513.0,1.0
2297,234.0,392.0,1.0
2298,156.0,54.0,1.0
2299,149.0,46.0,1.0
2300,116.0,366.0,1.0
2301,128.0,120.0,1.0
2302,96.0,58.0,1.0
2303,235.0,113.0,1.0
2304,82.0,123.0,1.0
2305,160.0,153.0,1.0
2306,81.0,45.0,1.0
2307,199.0,307.0,1.0
2308,53.0,139.0,1.0
2309,145.0,547.0,1.0
2310,124.0,157.0,1.0
2311,219.0,224.0,1.0
2312,96.0,137.0,1.0
2313,261.0,126.0,1.0
2314,65.0,135.0,1.0
2315,53.0,394.0,1.0
2316,1.0,22.0,1.0
2317,133.0,223.0,1.0
2318,69.0,100.0,1.0
2319,87.0,70.0,1.0
2320,227.0,230.0,1.0
2321,153.0,374.0,1.0
2322,259.0,472.0,1.0
2323,189.0,499.0,1.0
2324,82.0,442.0,1.0
2325,53.0,337.0,1.0
2326,39.0,186.0,1.0
2327,257.0,147.0,1.0
2328,129.0,472.0,1.0
2329,202.0,146.0,1.0
2330,251.0,141.0,1.0
2331,116.0,27.0,1.0
2332,56.0,124.0,1.0
2333,211.0,245.0,1.0
2334,178.0,236.0,1.0
2335,132.0,587.0,1.0
2336,191.0,203.0,1.0
2337,183.0,215.0,1.0
2338,71.0,352.0,1.0
2339,82.0,326.0,1.0
2340,158.0,277.0,1.0
2341,79.0,423.0,1.0
2342,182.0,85.0,1.0
2343,178.0,180.0,1.0
2344,141.0,293.0,1.0
2345,30.0,73.0,1.0
2346,101.0,72.0,1.0
2347,141.0,103.0,1.0
2348,165.0,39.0,1.0
2349,86.0,389.0,1.0
2350,160.0,143.0,1.0
2351,117.0,411.0,1.0
2352,136.0,133.0,1.0
2353,102.0,340.0,1.0
2354,42.0,401.0,1.0
2355,248.0,361.0,1.0
2356,163.0,273.0,1.0
2357,71.0,256.0,1.0
2358,179.0,395.0,1.0
2359,177.0,154.0,1.0
2360,103.0,38.0,1.0
2361,149.0,308.0,1.0
2362,144.0,557.0,1.0
2363,56.0,113.0,1.0
2364,78.0,207.0,1.0
2365,136.0,206.0,1.0
2366,234.0,373.0,1.0
2367,238.0,55.0,1.0
2368,207.0,45.0,1.0
2369,174.0,343.0,1.0
2370,98.0,277.0,1.0
2371,258.0,380.0,1.0
2372,132.0,81.0,1.0
2373,65.0,3.0,1.0
2374,231.0,287.0,1.0
2375,223.0,528.0,1.0
2376,14.0,21.0,1.0
2377,164.0,9.0,1.0
2378,189.0,388.0,1.0
2379,57.0,343.0,1.0
2380,265.0,146.0,1.0
2381,130.0,95.0,1.0
2382,63.0,214.0,1.0
2383,145.0,12.0,1.0
2384,130.0,134.0,1.0
2385,147.0,83.0,1.0
2386,189.0,272.0,1.0
2387,145.0,205.0,1.0
2388,86.0,213.0,1.0
2389,223.0,57.0,1.0
2390,37.0,111.0,1.0
2391,101.0,33.0,1.0
2392,76.0,18.0,1.0
2393,45.0,496.0,1.0
2394,173.0,354.0,1.0
2395,56.0,481.0,1.0
2396,262.0,240.0,1.0
2397,97.0,5.0,1.0
2398,164.0,100.0,1.0
2399,203.0,147.0,1.0
2400,91.0,86.0,1.0
2401,218.0,171.0,1.0
2402,203.0,146.0,1.0
2403,82.0,549.0,1.0
2404,81.0,39.0,1.0
2405,98.0,111.0,1.0
2406,178.0,100.0,1.0
2407,12.0,66.0,1.0
2408,258.0,127.0,1.0
2409,2.0,134.0,1.0
2410,200.0,115.0,1.0
2411,52.0,7.0,1.0
2412,228.0,108.0,1.0
2413,264.0,97.0,1.0
2414,208.0,315.0,1.0
2415,73.0,209.0,1.0
2416,17.0,114.0,1.0
2417,248.0,28.0,1.0
2418,228.0,126.0,1.0
2419,189.0,415.0,1.0
2420,87.0,36.0,1.0
2421,196.0,354.0,1.0
2422,85.0,585.0,1.0
2423,126.0,51.0,1.0
2424,189.0,100.0,1.0
2425,183.0,1.0,1.0
2426,127.0,465.0,1.0
2427,168.0,302.0,1.0
2428,183.0,275.0,1.0
2429,224.0,58.0,1.0
2430,260.0,162.0,1.0
2431,164.0,35.0,1.0
2432,107.0,322.0,1.0
2433,39.0,64.0,1.0
2434,218.0,252.0,1.0
2435,62.0,208.0,1.0
2436,65.0,330.0,1.0
2437,41.0,146.0,1.0
2438,242.0,343.0,1.0
2439,69.0,463.0,1.0
2440,256.0,135.0,1.0
2441,107.0,420.0,1.0
2442,165.0,282.0,1.0
2443,149.0,256.0,1.0
2444,136.0,549.0,1.0
2445,175.0,45.0,1.0
2446,52.0,238.0,1.0
2447,168.0,465.0,1.0
2448,74.0,7.0,1.0
2449,178.0,154.0,1.0
2450,126.0,558.0,1.0
2451,87.0,75.0,1.0
2452,225.0,320.0,1.0
2453,53.0,205.0,1.0
2454,130.0,416.0,1.0
2455,128.0,141.0,1.0
2456,200.0,70.0,1.0
2457,82.0,160.0,1.0
2458,58.0,295.0,1.0
2459,232.0,246.0,1.0
2460,198.0,367.0,1.0
2461,158.0,117.0,1.0
2462,8.0,58.0,1.0
2463,15.0,146.0,1.0
2464,266.0,596.0,1.0
2465,104.0,336.0,1.0
2466,94.0,277.0,1.0
2467,63.0,207.0,1.0
2468,22.0,313.0,1.0
2469,245.0,223.0,1.0
2470,31.0,120.0,1.0
2471,90.0,465.0,1.0
2472,178.0,132.0,1.0
2473,226.0,63.0,1.0
2474,193.0,77.0,1.0
2475,235.0,425.0,1.0
2476,44.0,113.0,1.0
2477,122.0,309.0,1.0
2478,56.0,187.0,1.0
2479,158.0,58.0,1.0
2480,231.0,243.0,1.0
2481,259.0,410.0,1.0
2482,51.0,442.0,1.0
2483,102.0,30.0,1.0
2484,99.0,348.0,1.0
2485,164.0,152.0,1.0
2486,203.0,263.0,1.0
2487,156.0,59.0,1.0
2488,146.0,116.0,1.0
2489,126.0,226.0,1.0
2490,65.0,305.0,1.0
2491,245.0,146.0,1.0
2492,145.0,277.0,1.0
2493,102.0,541.0,1.0
2494,224.0,214.0,1.0
2495,208.0,209.0,1.0
2496,102.0,178.0,1.0
2497,208.0,565.0,1.0
2498,264.0,135.0,1.0
2499,196.0,296.0,1.0
2500,178.0,436.0,1.0
2501,184.0,82.0,1.0
2502,202.0,106.0,1.0
2503,264.0,457.0,1.0
2504,255.0,261.0,1.0
2505,165.0,104.0,1.0
2506,107.0,516.0,1.0
2507,223.0,216.0,1.0
2508,89.0,530.0,1.0
2509,115.0,32.0,1.0
2510,57.0,94.0,1.0
2511,259.0,379.0,1.0
2512,133.0,133.0,1.0
2513,97.0,92.0,1.0
2514,256.0,103.0,1.0
2515,145.0,280.0,1.0
2516,243.0,388.0,1.0
2517,248.0,46.0,1.0
2518,9.0,81.0,1.0
2519,48.0,182.0,1.0
2520,114.0,195.0,1.0
2521,132.0,438.0,1.0
2522,102.0,306.0,1.0
2523,67.0,352.0,1.0
2524,147.0,410.0,1.0
2525,3.0,167.0,1.0
2526,132.0,575.0,1.0
2527,17.0,216.0,1.0
2528,248.0,47.0,1.0
2529,207.0,141.0,1.0
2530,108.0,337.0,1.0
2531,230.0,57.0,1.0
2532,223.0,12.0,1.0
2533,82.0,215.0,1.0
2534,182.0,156.0,1.0
2535,159.0,35.0,1.0
2536,44.0,481.0,1.0
2537,126.0,111.0,1.0
2538,65.0,458.0,1.0
2539,148.0,524.0,1.0
2540,117.0,410.0,1.0
2541,145.0,189.0,1.0
2542,129.0,20.0,1.0
2543,135.0,87.0,1.0
2544,51.0,117.0,1.0
2545,37.0,9.0,1.0
2546,153.0,32.0,1.0
2547,56.0,492.0,1.0
2548,139.0,146.0,1.0
2549,82.0,369.0,1.0
2550,191.0,0.0,1.0
2551,250.0,246.0,1.0
2552,178.0,153.0,1.0
2553,121.0,39.0,1.0
2554,162.0,227.0,1.0
2555,181.0,148.0,1.0
2556,104.0,103.0,1.0
2557,178.0,92.0,1.0
2558,17.0,146.0,1.0
2559,139.0,218.0,1.0
2560,69.0,125.0,1.0
2561,195.0,487.0,1.0
2562,156.0,571.0,1.0
2563,65.0,407.0,1.0
2564,29.0,35.0,1.0
2565,49.0,48.0,1.0
2566,133.0,57.0,1.0
2567,148.0,257.0,1.0
2568,203.0,316.0,1.0
2569,178.0,127.0,1.0
2570,141.0,58.0,1.0
2571,26.0,239.0,1.0
2572,189.0,21.0,1.0
2573,82.0,137.0,1.0
2574,48.0,97.0,1.0
2575,136.0,62.0,1.0
2576,232.0,256.0,1.0
2577,65.0,194.0,1.0
2578,108.0,152.0,1.0
2579,90.0,272.0,1.0
2580,217.0,191.0,1.0
2581,62.0,120.0,1.0
2582,157.0,408.0,1.0
2583,123.0,448.0,1.0
2584,141.0,32.0,1.0
2585,90.0,160.0,1.0
2586,127.0,45.0,1.0
2587,183.0,20.0,1.0
2588,22.0,273.0,1.0
2589,168.0,111.0,1.0
2590,232.0,35.0,1.0
2591,79.0,557.0,1.0
2592,17.0,205.0,1.0
2593,82.0,286.0,1.0
2594,94.0,22.0,1.0
2595,266.0,146.0,1.0
2596,192.0,57.0,1.0
2597,8.0,39.0,1.0
2598,68.0,197.0,1.0
2599,175.0,187.0,1.0
2600,141.0,202.0,1.0
2601,186.0,139.0,1.0
2602,16.0,345.0,1.0
2603,61.0,245.0,1.0
2604,224.0,106.0,1.0
2605,175.0,458.0,1.0
2606,209.0,63.0,1.0
2607,248.0,29.0,1.0
2608,85.0,62.0,1.0
2609,96.0,0.0,1.0
2610,90.0,494.0,1.0
2611,84.0,123.0,1.0
2612,228.0,201.0,1.0
2613,141.0,5.0,1.0
2614,78.0,92.0,1.0
2615,223.0,201.0,1.0
2616,98.0,388.0,1.0
2617,231.0,206.0,1.0
2618,170.0,47.0,1.0
2619,261.0,150.0,1.0
2620,16.0,51.0,1.0
2621,223.0,221.0,1.0
2622,64.0,185.0,1.0
2623,248.0,75.0,1.0
2624,113.0,141.0,1.0
2625,56.0,121.0,1.0
2626,246.0,204.0,1.0
2627,159.0,207.0,1.0
2628,86.0,66.0,1.0
2629,117.0,373.0,1.0
2630,101.0,7.0,1.0
2631,121.0,456.0,1.0
2632,122.0,96.0,1.0
2633,202.0,225.0,1.0
2634,31.0,287.0,1.0
2635,226.0,441.0,1.0
2636,127.0,186.0,1.0
2637,165.0,587.0,1.0
2638,52.0,113.0,1.0
2639,130.0,66.0,1.0
2640,183.0,436.0,1.0
2641,102.0,303.0,1.0
2642,234.0,0.0,1.0
2643,22.0,175.0,1.0
2644,139.0,409.0,1.0
2645,64.0,24.0,1.0
2646,263.0,46.0,1.0
2647,108.0,241.0,1.0
2648,189.0,111.0,1.0
2649,164.0,36.0,1.0
2650,51.0,319.0,1.0
2651,87.0,234.0,1.0
2652,207.0,238.0,1.0
2653,87.0,104.0,1.0
2654,258.0,232.0,1.0
2655,133.0,236.0,1.0
2656,6.0,0.0,1.0
2657,52.0,137.0,1.0
2658,90.0,35.0,1.0
2659,259.0,132.0,1.0
2660,119.0,138.0,1.0
2661,8.0,251.0,1.0
2662,257.0,92.0,1.0
2663,91.0,12.0,1.0
2664,226.0,177.0,1.0
2665,193.0,127.0,1.0
2666,222.0,61.0,1.0
2667,81.0,74.0,1.0
2668,147.0,211.0,1.0
2669,15.0,281.0,1.0
2670,78.0,47.0,1.0
2671,97.0,374.0,1.0
2672,65.0,262.0,1.0
2673,200.0,313.0,1.0
2674,257.0,89.0,1.0
2675,19.0,44.0,1.0
2676,103.0,5.0,1.0
2677,145.0,137.0,1.0
2678,205.0,27.0,1.0
2679,67.0,282.0,1.0
2680,105.0,43.0,1.0
2681,174.0,260.0,1.0
2682,74.0,197.0,1.0
2683,227.0,245.0,1.0
2684,47.0,91.0,1.0
2685,245.0,40.0,1.0
2686,58.0,57.0,1.0
2687,248.0,27.0,1.0
2688,145.0,466.0,1.0
2689,65.0,92.0,1.0
2690,78.0,44.0,1.0
2691,6.0,228.0,1.0
2692,189.0,12.0,1.0
2693,182.0,259.0,1.0
2694,94.0,133.0,1.0
2695,87.0,392.0,1.0
2696,28.0,60.0,1.0
2697,178.0,89.0,1.0
2698,183.0,3.0,1.0
2699,180.0,78.0,1.0
2700,199.0,157.0,1.0
2701,224.0,280.0,1.0
2702,72.0,81.0,1.0
2703,19.0,288.0,1.0
2704,201.0,209.0,1.0
2705,211.0,36.0,1.0
2706,71.0,5.0,1.0
2707,226.0,459.0,1.0
2708,144.0,423.0,1.0
2709,207.0,67.0,1.0
2710,57.0,74.0,1.0
2711,223.0,43.0,1.0
2712,182.0,317.0,1.0
2713,159.0,568.0,1.0
2714,30.0,261.0,1.0
2715,223.0,397.0,1.0
2716,250.0,186.0,1.0
2717,51.0,278.0,1.0
2718,128.0,211.0,1.0
2719,129.0,186.0,1.0
2720,221.0,10.0,1.0
2721,89.0,117.0,1.0
2722,68.0,261.0,1.0
2723,230.0,434.0,1.0
2724,58.0,159.0,1.0
2725,82.0,84.0,1.0
2726,128.0,193.0,1.0
2727,268.0,151.0,1.0
2728,211.0,138.0,1.0
2729,178.0,49.0,1.0
2730,237.0,100.0,1.0
2731,3.0,150.0,1.0
2732,218.0,305.0,1.0
2733,69.0,440.0,1.0
2734,182.0,595.0,1.0
2735,89.0,191.0,1.0
2736,53.0,399.0,1.0
2737,82.0,506.0,1.0
2738,123.0,278.0,1.0
2739,183.0,103.0,1.0
2740,30.0,45.0,1.0
2741,56.0,145.0,1.0
2742,162.0,66.0,1.0
2743,147.0,240.0,1.0
2744,97.0,323.0,1.0
2745,189.0,107.0,1.0
2746,52.0,531.0,1.0
2747,89.0,498.0,1.0
2748,237.0,362.0,1.0
2749,20.0,159.0,1.0
2750,18.0,139.0,1.0
2751,1.0,53.0,1.0
2752,37.0,61.0,1.0
2753,71.0,413.0,1.0
2754,211.0,222.0,1.0
2755,84.0,548.0,1.0
2756,237.0,21.0,1.0
2757,48.0,64.0,1.0
2758,90.0,47.0,1.0
2759,239.0,379.0,1.0
2760,200.0,40.0,1.0
2761,121.0,531.0,1.0
2762,242.0,186.0,1.0
2763,223.0,218.0,1.0
2764,149.0,181.0,1.0
2765,78.0,528.0,1.0
2766,138.0,66.0,1.0
2767,67.0,201.0,1.0
2768,104.0,136.0,1.0
2769,87.0,584.0,1.0
2770,172.0,343.0,1.0
2771,105.0,384.0,1.0
2772,114.0,296.0,1.0
2773,203.0,226.0,1.0
2774,33.0,316.0,1.0
2775,130.0,263.0,1.0
2776,226.0,165.0,1.0
2777,176.0,15.0,1.0
2778,13.0,336.0,1.0
2779,264.0,30.0,1.0
2780,228.0,149.0,1.0
2781,149.0,64.0,1.0
2782,115.0,569.0,1.0
2783,172.0,66.0,1.0
2784,82.0,533.0,1.0
2785,128.0,247.0,1.0
2786,224.0,186.0,1.0
2787,198.0,27.0,1.0
2788,119.0,116.0,1.0
2789,84.0,410.0,1.0
2790,87.0,269.0,1.0
2791,104.0,533.0,1.0
2792,132.0,467.0,1.0
2793,194.0,148.0,1.0
2794,9.0,274.0,1.0
2795,189.0,482.0,1.0
2796,96.0,90.0,1.0
2797,19.0,251.0,1.0
2798,257.0,202.0,1.0
2799,41.0,161.0,1.0
2800,82.0,396.0,1.0
2801,228.0,226.0,1.0
2802,130.0,236.0,1.0
2803,104.0,220.0,1.0
2804,64.0,118.0,1.0
2805,262.0,281.0,1.0
2806,87.0,9.0,1.0
2807,65.0,395.0,1.0
2808,84.0,274.0,1.0
2809,39.0,396.0,1.0
2810,87.0,84.0,1.0
2811,248.0,443.0,1.0
2812,136.0,337.0,1.0
2813,108.0,90.0,1.0
2814,56.0,21.0,1.0
2815,39.0,383.0,1.0
2816,136.0,451.0,1.0
2817,85.0,130.0,1.0
2818,151.0,209.0,1.0
2819,136.0,75.0,1.0
2820,199.0,113.0,1.0
2821,64.0,57.0,1.0
2822,223.0,97.0,1.0
2823,150.0,69.0,1.0
2824,161.0,121.0,1.0
2825,104.0,300.0,1.0
2826,44.0,483.0,1.0
2827,67.0,268.0,1.0
2828,71.0,530.0,1.0
2829,0.0,10.0,1.0
2830,97.0,420.0,1.0
2831,102.0,236.0,1.0
2832,186.0,96.0,1.0
2833,203.0,129.0,1.0
2834,132.0,126.0,1.0
2835,173.0,486.0,1.0
2836,123.0,529.0,1.0
2837,90.0,367.0,1.0
2838,196.0,189.0,1.0
2839,44.0,97.0,1.0
2840,231.0,103.0,1.0
2841,207.0,293.0,1.0
2842,71.0,462.0,1.0
2843,246.0,169.0,1.0
2844,248.0,230.0,1.0
2845,164.0,116.0,1.0
2846,51.0,143.0,1.0
2847,183.0,390.0,1.0
2848,214.0,388.0,1.0
2849,250.0,434.0,1.0
2850,229.0,382.0,1.0
2851,42.0,0.0,1.0
2852,64.0,202.0,1.0
2853,160.0,69.0,1.0
2854,163.0,243.0,1.0
2855,87.0,326.0,1.0
2856,53.0,209.0,1.0
2857,164.0,0.0,1.0
2858,189.0,206.0,1.0
2859,117.0,466.0,1.0
2860,113.0,369.0,1.0
2861,238.0,172.0,1.0
2862,89.0,231.0,1.0
2863,171.0,243.0,1.0
2864,67.0,382.0,1.0
2865,218.0,444.0,1.0
2866,147.0,364.0,1.0
2867,148.0,94.0,1.0
2868,87.0,349.0,1.0
2869,42.0,49.0,1.0
2870,183.0,326.0,1.0
2871,106.0,386.0,1.0
2872,65.0,83.0,1.0
2873,10.0,301.0,1.0
2874,223.0,100.0,1.0
2875,71.0,387.0,1.0
2876,81.0,147.0,1.0
2877,166.0,69.0,1.0
2878,223.0,183.0,1.0
2879,91.0,560.0,1.0
2880,199.0,255.0,1.0
2881,51.0,201.0,1.0
2882,75.0,268.0,1.0
2883,216.0,211.0,1.0
2884,3.0,160.0,1.0
2885,214.0,494.0,1.0
2886,82.0,177.0,1.0
2887,167.0,163.0,1.0
2888,223.0,196.0,1.0
2889,133.0,89.0,1.0
2890,149.0,94.0,1.0
2891,236.0,474.0,1.0
2892,49.0,383.0,1.0
2893,88.0,503.0,1.0
2894,79.0,199.0,1.0
2895,94.0,24.0,1.0
2896,147.0,469.0,1.0
2897,146.0,209.0,1.0
2898,51.0,369.0,1.0
2899,183.0,35.0,1.0
2900,199.0,122.0,1.0
2901,52.0,63.0,1.0
2902,90.0,437.0,1.0
2903,82.0,32.0,1.0
2904,43.0,135.0,1.0
2905,147.0,511.0,1.0
2906,94.0,143.0,1.0
2907,78.0,516.0,1.0
2908,57.0,194.0,1.0
2909,229.0,27.0,1.0
2910,139.0,148.0,1.0
2911,197.0,234.0,1.0
2912,199.0,77.0,1.0
2913,57.0,120.0,1.0
2914,86.0,127.0,1.0
2915,218.0,582.0,1.0
2916,256.0,248.0,1.0
2917,16.0,24.0,1.0
2918,95.0,111.0,1.0
2919,96.0,427.0,1.0
2920,84.0,443.0,1.0
2921,199.0,321.0,1.0
2922,158.0,109.0,1.0
2923,118.0,209.0,1.0
2924,102.0,177.0,1.0
2925,82.0,409.0,1.0
2926,14.0,349.0,1.0
2927,228.0,112.0,1.0
2928,239.0,47.0,1.0
2929,31.0,219.0,1.0
2930,259.0,125.0,1.0
2931,145.0,413.0,1.0
2932,118.0,356.0,1.0
2933,102.0,283.0,1.0
2934,74.0,24.0,1.0
2935,84.0,385.0,1.0
2936,262.0,304.0,1.0
2937,223.0,68.0,1.0
2938,178.0,193.0,1.0
2939,145.0,505.0,1.0
2940,217.0,91.0,1.0
2941,108.0,27.0,1.0
2942,65.0,371.0,1.0
2943,197.0,206.0,1.0
2944,56.0,489.0,1.0
2945,11.0,290.0,1.0
2946,8.0,60.0,1.0
2947,63.0,10.0,1.0
2948,100.0,388.0,1.0
2949,206.0,531.0,1.0
2950,162.0,494.0,1.0
2951,162.0,230.0,1.0
2952,262.0,293.0,1.0
2953,39.0,112.0,1.0
2954,169.0,549.0,1.0
2955,69.0,89.0,1.0
2956,175.0,587.0,1.0
2957,197.0,20.0,1.0
2958,132.0,113.0,1.0
2959,33.0,98.0,1.0
2960,128.0,281.0,1.0
2961,249.0,9.0,1.0
2962,47.0,280.0,1.0
2963,226.0,79.0,1.0
2964,234.0,131.0,1.0
2965,155.0,39.0,1.0
2966,189.0,243.0,1.0
2967,16.0,302.0,1.0
2968,98.0,38.0,1.0
2969,232.0,29.0,1.0
2970,156.0,378.0,1.0
2971,114.0,594.0,1.0
2972,83.0,100.0,1.0
2973,181.0,23.0,1.0
2974,117.0,451.0,1.0
2975,256.0,141.0,1.0
2976,82.0,311.0,1.0
2977,244.0,92.0,1.0
2978,133.0,203.0,1.0
2979,234.0,416.0,1.0
2980,130.0,154.0,1.0
2981,47.0,127.0,1.0
2982,203.0,441.0,1.0
2983,207.0,445.0,1.0
2984,103.0,138.0,1.0
2985,248.0,11.0,1.0
2986,69.0,59.0,1.0
2987,44.0,298.0,1.0
2988,62.0,138.0,1.0
2989,208.0,374.0,1.0
2990,222.0,321.0,1.0
2991,126.0,197.0,1.0
2992,179.0,310.0,1.0
2993,189.0,223.0,1.0
2994,45.0,397.0,1.0
2995,63.0,467.0,1.0
2996,13.0,57.0,1.0
2997,256.0,35.0,1.0
2998,199.0,343.0,1.0
2999,126.0,190.0,1.0
3000,123.0,251.0,1.0
3001,83.0,321.0,1.0
3002,57.0,277.0,1.0
3003,96.0,124.0,1.0
3004,262.0,241.0,1.0
3005,106.0,12.0,1.0
3006,101.0,408.0,1.0
3007,147.0,192.0,1.0
3008,19.0,344.0,1.0
3009,248.0,76.0,1.0
3010,65.0,402.0,1.0
3011,44.0,295.0,1.0
3012,56.0,495.0,1.0
3013,130.0,430.0,1.0
3014,130.0,257.0,1.0
3015,238.0,190.0,1.0
3016,127.0,314.0,1.0
3017,161.0,57.0,1.0
3018,148.0,321.0,1.0
3019,48.0,356.0,1.0
3020,172.0,192.0,1.0
3021,64.0,127.0,1.0
3022,162.0,362.0,1.0
3023,250.0,143.0,1.0
3024,185.0,7.0,1.0
3025,82.0,252.0,1.0
3026,53.0,12.0,1.0
3027,53.0,202.0,1.0
3028,65.0,367.0,1.0
3029,195.0,433.0,1.0
3030,86.0,219.0,1.0
3031,3.0,159.0,1.0
3032,82.0,118.0,1.0
3033,238.0,6.0,1.0
3034,171.0,420.0,1.0
3035,183.0,485.0,1.0
3036,266.0,430.0,1.0
3037,259.0,290.0,1.0
3038,136.0,216.0,1.0
3039,102.0,133.0,1.0
3040,64.0,54.0,1.0
3041,147.0,283.0,1.0
3042,121.0,113.0,1.0
3043,67.0,81.0,1.0
3044,183.0,502.0,1.0
3045,191.0,362.0,1.0
3046,218.0,306.0,1.0
3047,79.0,92.0,1.0
3048,195.0,496.0,1.0
3049,250.0,190.0,1.0
3050,35.0,201.0,1.0
3051,193.0,203.0,1.0
3052,165.0,154.0,1.0
3053,147.0,592.0,1.0
3054,209.0,120.0,1.0
3055,164.0,289.0,1.0
3056,182.0,346.0,1.0
3057,122.0,146.0,1.0
3058,15.0,40.0,1.0
3059,72.0,156.0,1.0
3060,184.0,36.0,1.0
3061,194.0,461.0,1.0
3062,228.0,381.0,1.0
3063,242.0,112.0,1.0
3064,248.0,122.0,1.0
3065,3.0,110.0,1.0
3066,104.0,61.0,1.0
3067,147.0,256.0,1.0
3068,75.0,192.0,1.0
3069,89.0,426.0,1.0
3070,15.0,170.0,1.0
3071,69.0,91.0,1.0
3072,32.0,109.0,1.0
3073,206.0,66.0,1.0
3074,96.0,562.0,1.0
3075,173.0,20.0,1.0
3076,147.0,400.0,1.0
3077,57.0,171.0,1.0
3078,216.0,146.0,1.0
3079,139.0,39.0,1.0
3080,154.0,195.0,1.0
3081,224.0,87.0,1.0
3082,183.0,113.0,1.0
3083,131.0,219.0,1.0
3084,129.0,196.0,1.0
3085,72.0,256.0,1.0
3086,147.0,89.0,1.0
3087,178.0,376.0,1.0
3088,209.0,59.0,1.0
3089,125.0,390.0,1.0
3090,89.0,92.0,1.0
3091,258.0,273.0,1.0
3092,58.0,291.0,1.0
3093,97.0,14.0,1.0
3094,200.0,11.0,1.0
3095,147.0,344.0,1.0
3096,17.0,391.0,1.0
3097,89.0,190.0,1.0
3098,79.0,398.0,1.0
3099,145.0,190.0,1.0
3100,164.0,451.0,1.0
3101,257.0,35.0,1.0
3102,209.0,327.0,1.0
3103,85.0,44.0,1.0
3104,108.0,408.0,1.0
3105,217.0,222.0,1.0
3106,59.0,63.0,1.0
3107,71.0,241.0,1.0
3108,135.0,399.0,1.0
3109,56.0,122.0,1.0
3110,84.0,103.0,1.0
3111,56.0,233.0,1.0
3112,191.0,157.0,1.0
3113,264.0,159.0,1.0
3114,223.0,286.0,1.0
3115,232.0,93.0,1.0
3116,147.0,271.0,1.0
3117,56.0,50.0,1.0
3118,195.0,331.0,1.0
3119,2.0,130.0,1.0
3120,260.0,570.0,1.0
3121,98.0,479.0,1.0
3122,116.0,120.0,1.0
3123,175.0,311.0,1.0
3124,131.0,222.0,1.0
3125,191.0,305.0,1.0
3126,214.0,282.0,1.0
3127,64.0,479.0,1.0
3128,104.0,163.0,1.0
3129,13.0,61.0,1.0
3130,158.0,120.0,1.0
3131,139.0,190.0,1.0
3132,2.0,108.0,1.0
3133,94.0,202.0,1.0
3134,205.0,356.0,1.0
3135,200.0,146.0,1.0
3136,31.0,146.0,1.0
3137,65.0,204.0,1.0
3138,69.0,337.0,1.0
3139,51.0,45.0,1.0
3140,123.0,434.0,1.0
3141,96.0,243.0,1.0
3142,183.0,150.0,1.0
3143,241.0,10.0,1.0
3144,223.0,447.0,1.0
3145,79.0,90.0,1.0
3146,56.0,342.0,1.0
3147,62.0,202.0,1.0
3148,62.0,558.0,1.0
3149,232.0,136.0,1.0
3150,256.0,415.0,1.0
3151,164.0,7.0,1.0
3152,104.0,152.0,1.0
3153,10.0,290.0,1.0
3154,0.0,6.0,1.0
3155,150.0,339.0,1.0
3156,141.0,575.0,1.0
3157,159.0,131.0,1.0
3158,114.0,68.0,1.0
3159,149.0,527.0,1.0
3160,79.0,84.0,1.0
3161,156.0,352.0,1.0
3162,93.0,106.0,1.0
3163,87.0,91.0,1.0
3164,223.0,205.0,1.0
3165,136.0,266.0,1.0
3166,98.0,241.0,1.0
3167,91.0,60.0,1.0
3168,147.0,326.0,1.0
3169,115.0,202.0,1.0
3170,238.0,202.0,1.0
3171,108.0,238.0,1.0
3172,10.0,305.0,1.0
3173,133.0,73.0,1.0
3174,225.0,47.0,1.0
3175,80.0,268.0,1.0
3176,39.0,49.0,1.0
3177,160.0,350.0,1.0
3178,139.0,219.0,1.0
3179,226.0,456.0,1.0
3180,188.0,434.0,1.0
3181,228.0,245.0,1.0
3182,196.0,205.0,1.0
3183,147.0,222.0,1.0
3184,181.0,227.0,1.0
3185,257.0,219.0,1.0
3186,179.0,296.0,1.0
3187,127.0,554.0,1.0
3188,71.0,35.0,1.0
3189,218.0,440.0,1.0
3190,126.0,391.0,1.0
3191,147.0,73.0,1.0
3192,89.0,511.0,1.0
3193,105.0,279.0,1.0
3194,224.0,47.0,1.0
3195,262.0,312.0,1.0
3196,247.0,460.0,1.0
3197,97.0,330.0,1.0
3198,85.0,69.0,1.0
3199,37.0,126.0,1.0
3200,224.0,153.0,1.0
3201,218.0,81.0,1.0
3202,165.0,446.0,1.0
3203,60.0,483.0,1.0
3204,87.0,500.0,1.0
3205,123.0,81.0,1.0
3206,178.0,95.0,1.0
3207,169.0,11.0,1.0
3208,75.0,83.0,1.0
3209,51.0,53.0,1.0
3210,203.0,508.0,1.0
3211,208.0,432.0,1.0
3212,199.0,50.0,1.0
3213,190.0,186.0,1.0
3214,261.0,135.0,1.0
3215,117.0,298.0,1.0
3216,267.0,47.0,1.0
3217,147.0,260.0,1.0
3218,56.0,56.0,1.0
3219,153.0,222.0,1.0
3220,90.0,327.0,1.0
3221,145.0,103.0,1.0
3222,102.0,491.0,1.0
3223,64.0,294.0,1.0
3224,44.0,484.0,1.0
3225,38.0,300.0,1.0
3226,175.0,183.0,1.0
3227,2.0,89.0,1.0
3228,218.0,265.0,1.0
3229,259.0,406.0,1.0
3230,117.0,462.0,1.0
3231,268.0,106.0,1.0
3232,250.0,132.0,1.0
3233,88.0,470.0,1.0
3234,182.0,395.0,1.0
3235,150.0,231.0,1.0
3236,86.0,49.0,1.0
3237,204.0,143.0,1.0
3238,68.0,521.0,1.0
3239,96.0,9.0,1.0
3240,75.0,256.0,1.0
3241,99.0,378.0,1.0
3242,117.0,384.0,1.0
3243,1.0,59.0,1.0
3244,262.0,346.0,1.0
3245,156.0,438.0,1.0
3246,266.0,59.0,1.0
3247,234.0,399.0,1.0
3248,79.0,230.0,1.0
3249,65.0,183.0,1.0
3250,67.0,485.0,1.0
3251,116.0,1.0,1.0
3252,203.0,67.0,1.0
3253,67.0,136.0,1.0
3254,74.0,491.0,1.0
3255,194.0,22.0,1.0
3256,70.0,400.0,1.0
3257,257.0,45.0,1.0
3258,223.0,51.0,1.0
3259,156.0,126.0,1.0
3260,87.0,111.0,1.0
3261,83.0,299.0,1.0
3262,13.0,338.0,1.0
3263,65.0,122.0,1.0
3264,115.0,356.0,1.0
3265,96.0,138.0,1.0
3266,56.0,88.0,1.0
3267,203.0,81.0,1.0
3268,135.0,61.0,1.0
3269,150.0,192.0,1.0
3270,214.0,492.0,1.0
3271,191.0,462.0,1.0
3272,89.0,356.0,1.0
3273,223.0,187.0,1.0
3274,69.0,216.0,1.0
3275,189.0,126.0,1.0
3276,165.0,109.0,1.0
3277,31.0,305.0,1.0
3278,211.0,148.0,1.0
3279,153.0,571.0,1.0
3280,123.0,510.0,1.0
3281,263.0,440.0,1.0
3282,143.0,399.0,1.0
3283,69.0,122.0,1.0
3284,138.0,366.0,1.0
3285,241.0,223.0,1.0
3286,207.0,54.0,1.0
3287,199.0,103.0,1.0
3288,137.0,33.0,1.0
3289,187.0,391.0,1.0
3290,160.0,146.0,1.0
3291,56.0,331.0,1.0
3292,53.0,66.0,1.0
3293,22.0,170.0,1.0
3294,197.0,530.0,1.0
3295,28.0,440.0,1.0
3296,65.0,413.0,1.0
3297,207.0,77.0,1.0
3298,132.0,571.0,1.0
3299,218.0,276.0,1.0
3300,99.0,410.0,1.0
3301,127.0,443.0,1.0
3302,177.0,339.0,1.0
3303,148.0,201.0,1.0
3304,263.0,203.0,1.0
3305,141.0,40.0,1.0
3306,126.0,14.0,1.0
3307,104.0,47.0,1.0
3308,20.0,349.0,1.0
3309,160.0,277.0,1.0
3310,113.0,86.0,1.0
3311,165.0,143.0,1.0
3312,256.0,5.0,1.0
3313,165.0,90.0,1.0
3314,127.0,514.0,1.0
3315,5.0,191.0,1.0
3316,96.0,178.0,1.0
3317,18.0,421.0,1.0
3318,151.0,10.0,1.0
3319,6.0,138.0,1.0
3320,181.0,66.0,1.0
3321,70.0,103.0,1.0
3322,223.0,174.0,1.0
3323,162.0,111.0,1.0
3324,178.0,62.0,1.0
3325,30.0,91.0,1.0
3326,13.0,299.0,1.0
3327,102.0,248.0,1.0
3328,230.0,582.0,1.0
3329,115.0,195.0,1.0
3330,149.0,83.0,1.0
3331,160.0,208.0,1.0
3332,261.0,160.0,1.0
3333,127.0,327.0,1.0
3334,74.0,59.0,1.0
3335,248.0,44.0,1.0
3336,162.0,242.0,1.0
3337,72.0,527.0,1.0
3338,49.0,39.0,1.0
3339,62.0,124.0,1.0
3340,32.0,266.0,1.0
3341,85.0,35.0,1.0
3342,128.0,481.0,1.0
3343,232.0,366.0,1.0
3344,246.0,120.0,1.0
3345,56.0,81.0,1.0
3346,84.0,496.0,1.0
3347,3.0,166.0,1.0
3348,108.0,345.0,1.0
3349,183.0,459.0,1.0
3350,39.0,10.0,1.0
3351,262.0,95.0,1.0
3352,69.0,251.0,1.0
3353,204.0,94.0,1.0
3354,87.0,78.0,1.0
3355,194.0,423.0,1.0
3356,182.0,196.0,1.0
3357,186.0,355.0,1.0
3358,147.0,76.0,1.0
3359,183.0,135.0,1.0
3360,65.0,70.0,1.0
3361,51.0,122.0,1.0
3362,147.0,160.0,1.0
3363,248.0,457.0,1.0
3364,267.0,44.0,1.0
3365,257.0,255.0,1.0
3366,157.0,245.0,1.0
3367,256.0,403.0,1.0
3368,78.0,14.0,1.0
3369,164.0,207.0,1.0
3370,222.0,477.0,1.0
3371,87.0,51.0,1.0
3372,129.0,220.0,1.0
3373,90.0,424.0,1.0
3374,177.0,546.0,1.0
3375,204.0,485.0,1.0
3376,83.0,275.0,1.0
3377,178.0,198.0,1.0
3378,89.0,398.0,1.0
3379,117.0,103.0,1.0
3380,113.0,36.0,1.0
3381,167.0,580.0,1.0
3382,165.0,567.0,1.0
3383,169.0,0.0,1.0
3384,156.0,205.0,1.0
3385,207.0,514.0,1.0
3386,217.0,57.0,1.0
3387,126.0,385.0,1.0
3388,208.0,0.0,1.0
3389,89.0,413.0,1.0
3390,145.0,106.0,1.0
3391,114.0,593.0,1.0
3392,257.0,579.0,1.0
3393,50.0,507.0,1.0
3394,84.0,253.0,1.0
3395,22.0,98.0,1.0
3396,139.0,371.0,1.0
3397,106.0,243.0,1.0
3398,9.0,165.0,1.0
3399,223.0,188.0,1.0
3400,8.0,156.0,1.0
3401,156.0,130.0,1.0
3402,170.0,120.0,1.0
3403,16.0,342.0,1.0
3404,238.0,437.0,1.0
3405,242.0,122.0,1.0
3406,64.0,110.0,1.0
3407,180.0,351.0,1.0
3408,153.0,504.0,1.0
3409,52.0,241.0,1.0
3410,38.0,146.0,1.0
3411,164.0,575.0,1.0
3412,160.0,452.0,1.0
3413,178.0,518.0,1.0
3414,102.0,46.0,1.0
3415,130.0,150.0,1.0
3416,224.0,511.0,1.0
3417,234.0,7.0,1.0
3418,147.0,543.0,1.0
3419,220.0,272.0,1.0
3420,65.0,359.0,1.0
3421,203.0,92.0,1.0
3422,78.0,195.0,1.0
3423,67.0,449.0,1.0
3424,166.0,223.0,1.0
3425,145.0,131.0,1.0
3426,145.0,250.0,1.0
3427,224.0,11.0,1.0
3428,63.0,69.0,1.0
3429,205.0,245.0,1.0
3430,248.0,37.0,1.0
3431,218.0,92.0,1.0
3432,184.0,327.0,1.0
3433,30.0,220.0,1.0
3434,148.0,442.0,1.0
3435,64.0,111.0,1.0
3436,149.0,125.0,1.0
3437,0.0,3.0,1.0
3438,164.0,302.0,1.0
3439,145.0,216.0,1.0
3440,141.0,382.0,1.0
3441,182.0,174.0,1.0
3442,192.0,146.0,1.0
3443,29.0,295.0,1.0
3444,147.0,113.0,1.0
3445,64.0,289.0,1.0
3446,178.0,384.0,1.0
3447,45.0,130.0,1.0
3448,232.0,73.0,1.0
3449,218.0,93.0,1.0
3450,48.0,432.0,1.0
3451,1.0,79.0,1.0
3452,175.0,200.0,1.0
3453,105.0,197.0,1.0
3454,73.0,269.0,1.0
3455,166.0,125.0,1.0
3456,84.0,81.0,1.0
3457,137.0,282.0,1.0
3458,103.0,220.0,1.0
3459,38.0,16.0,1.0
3460,135.0,95.0,1.0
3461,65.0,176.0,1.0
3462,156.0,549.0,1.0
3463,99.0,126.0,1.0
3464,134.0,461.0,1.0
3465,73.0,309.0,1.0
3466,175.0,123.0,1.0
3467,79.0,385.0,1.0
3468,211.0,204.0,1.0
3469,233.0,19.0,1.0
3470,267.0,36.0,1.0
3471,224.0,91.0,1.0
3472,226.0,543.0,1.0
3473,71.0,466.0,1.0
3474,89.0,199.0,1.0
3475,175.0,504.0,1.0
3476,117.0,386.0,1.0
3477,192.0,12.0,1.0
3478,189.0,168.0,1.0
3479,230.0,194.0,1.0
3480,232.0,50.0,1.0
3481,7.0,45.0,1.0
3482,162.0,201.0,1.0
3483,195.0,398.0,1.0
3484,256.0,347.0,1.0
3485,118.0,189.0,1.0
3486,65.0,279.0,1.0
3487,213.0,59.0,1.0
3488,88.0,230.0,1.0
3489,258.0,36.0,1.0
3490,90.0,31.0,1.0
3491,156.0,559.0,1.0
3492,96.0,104.0,1.0
3493,219.0,434.0,1.0
3494,65.0,99.0,1.0
3495,259.0,474.0,1.0
3496,65.0,573.0,1.0
3497,50.0,297.0,1.0
3498,85.0,89.0,1.0
3499,83.0,57.0,1.0
3500,17.0,404.0,1.0
3501,136.0,37.0,1.0
3502,173.0,256.0,1.0
3503,181.0,407.0,1.0
3504,126.0,245.0,1.0
3505,179.0,3.0,1.0
3506,130.0,113.0,1.0
3507,56.0,380.0,1.0
3508,56.0,107.0,1.0
3509,264.0,201.0,1.0
3510,18.0,419.0,1.0
3511,224.0,92.0,1.0
3512,85.0,118.0,1.0
3513,45.0,10.0,1.0
3514,37.0,320.0,1.0
3515,89.0,460.0,1.0
3516,165.0,460.0,1.0
3517,102.0,88.0,1.0
3518,234.0,219.0,1.0
3519,88.0,186.0,1.0
3520,81.0,588.0,1.0
3521,30.0,21.0,1.0
3522,219.0,399.0,1.0
3523,58.0,269.0,1.0
3524,89.0,136.0,1.0
3525,123.0,104.0,1.0
3526,149.0,154.0,1.0
3527,85.0,434.0,1.0
3528,116.0,76.0,1.0
3529,219.0,112.0,1.0
3530,203.0,101.0,1.0
3531,106.0,267.0,1.0
3532,227.0,510.0,1.0
3533,60.0,146.0,1.0
3534,116.0,47.0,1.0
3535,39.0,380.0,1.0
3536,183.0,79.0,1.0
3537,262.0,113.0,1.0
3538,213.0,6.0,1.0
3539,84.0,337.0,1.0
3540,29.0,444.0,1.0
3541,200.0,179.0,1.0
3542,75.0,81.0,1.0
3543,87.0,89.0,1.0
3544,126.0,50.0,1.0
3545,229.0,321.0,1.0
3546,259.0,104.0,1.0
3547,122.0,20.0,1.0
3548,2.0,103.0,1.0
3549,114.0,177.0,1.0
3550,185.0,365.0,1.0
3551,226.0,54.0,1.0
3552,224.0,110.0,1.0
3553,94.0,66.0,1.0
3554,117.0,258.0,1.0
3555,130.0,378.0,1.0
3556,4.0,51.0,1.0
3557,144.0,33.0,1.0
3558,82.0,120.0,1.0
3559,234.0,322.0,1.0
3560,49.0,70.0,1.0
3561,156.0,255.0,1.0
3562,165.0,252.0,1.0
3563,1.0,43.0,1.0
3564,224.0,1.0,1.0
3565,84.0,266.0,1.0
3566,89.0,456.0,1.0
3567,168.0,204.0,1.0
3568,132.0,216.0,1.0
3569,262.0,162.0,1.0
3570,113.0,44.0,1.0
3571,42.0,191.0,1.0
3572,188.0,104.0,1.0
3573,145.0,478.0,1.0
3574,247.0,57.0,1.0
3575,69.0,38.0,1.0
3576,190.0,219.0,1.0
3577,75.0,544.0,1.0
3578,185.0,22.0,1.0
3579,179.0,206.0,1.0
3580,82.0,176.0,1.0
3581,31.0,47.0,1.0
3582,105.0,62.0,1.0
3583,129.0,398.0,1.0
3584,56.0,17.0,1.0
3585,116.0,30.0,1.0
3586,266.0,191.0,1.0
3587,44.0,148.0,1.0
3588,90.0,33.0,1.0
3589,197.0,146.0,1.0
3590,241.0,122.0,1.0
3591,102.0,265.0,1.0
3592,2.0,139.0,1.0
3593,207.0,83.0,1.0
3594,174.0,148.0,1.0
3595,96.0,474.0,1.0
3596,157.0,215.0,1.0
3597,129.0,59.0,1.0
3598,60.0,59.0,1.0
3599,175.0,195.0,1.0
3600,208.0,62.0,1.0
3601,72.0,59.0,1.0
3602,144.0,260.0,1.0
3603,193.0,512.0,1.0
3604,109.0,77.0,1.0
3605,136.0,418.0,1.0
3606,248.0,61.0,1.0
3607,84.0,85.0,1.0
3608,262.0,342.0,1.0
3609,154.0,130.0,1.0
3610,183.0,226.0,1.0
3611,135.0,408.0,1.0
3612,49.0,7.0,1.0
3613,231.0,242.0,1.0
3614,128.0,317.0,1.0
3615,156.0,547.0,1.0
3616,52.0,3.0,1.0
3617,175.0,480.0,1.0
3618,19.0,314.0,1.0
3619,74.0,310.0,1.0
3620,58.0,292.0,1.0
3621,105.0,151.0,1.0
3622,85.0,17.0,1.0
3623,13.0,46.0,1.0
3624,227.0,70.0,1.0
3625,129.0,44.0,1.0
3626,130.0,351.0,1.0
3627,235.0,543.0,1.0
3628,82.0,566.0,1.0
3629,200.0,60.0,1.0
3630,90.0,460.0,1.0
3631,52.0,207.0,1.0
3632,250.0,325.0,1.0
3633,92.0,147.0,1.0
3634,176.0,66.0,1.0
3635,231.0,168.0,1.0
3636,71.0,488.0,1.0
3637,150.0,103.0,1.0
3638,49.0,216.0,1.0
3639,14.0,168.0,1.0
3640,45.0,69.0,1.0
3641,136.0,357.0,1.0
3642,195.0,284.0,1.0
3643,48.0,450.0,1.0
3644,22.0,213.0,1.0
3645,68.0,308.0,1.0
3646,57.0,143.0,1.0
3647,212.0,391.0,1.0
3648,69.0,256.0,1.0
3649,164.0,354.0,1.0
3650,145.0,143.0,1.0
3651,68.0,18.0,1.0
3652,60.0,216.0,1.0
3653,81.0,282.0,1.0
3654,82.0,209.0,1.0
3655,105.0,126.0,1.0
3656,21.0,130.0,1.0
3657,175.0,220.0,1.0
3658,106.0,244.0,1.0
3659,87.0,120.0,1.0
3660,58.0,66.0,1.0
3661,92.0,50.0,1.0
3662,183.0,57.0,1.0
3663,218.0,514.0,1.0
3664,147.0,38.0,1.0
3665,141.0,209.0,1.0
3666,20.0,58.0,1.0
3667,71.0,185.0,1.0
3668,75.0,197.0,1.0
3669,62.0,400.0,1.0
3670,138.0,342.0,1.0
3671,38.0,54.0,1.0
3672,149.0,87.0,1.0
3673,240.0,24.0,1.0
3674,164.0,435.0,1.0
3675,72.0,463.0,1.0
3676,199.0,35.0,1.0
3677,232.0,247.0,1.0
3678,259.0,156.0,1.0
3679,2.0,143.0,1.0
3680,83.0,130.0,1.0
3681,230.0,103.0,1.0
3682,65.0,199.0,1.0
3683,129.0,145.0,1.0
3684,102.0,343.0,1.0
3685,234.0,310.0,1.0
3686,194.0,44.0,1.0
3687,86.0,126.0,1.0
3688,220.0,181.0,1.0
3689,245.0,231.0,1.0
3690,98.0,92.0,1.0
3691,211.0,247.0,1.0
3692,83.0,241.0,1.0
3693,102.0,364.0,1.0
3694,223.0,451.0,1.0
3695,56.0,53.0,1.0
3696,211.0,405.0,1.0
3697,78.0,566.0,1.0
3698,64.0,437.0,1.0
3699,103.0,35.0,1.0
3700,201.0,112.0,1.0
3701,7.0,134.0,1.0
3702,70.0,354.0,1.0
3703,136.0,519.0,1.0
3704,227.0,62.0,1.0
3705,175.0,496.0,1.0
3706,136.0,392.0,1.0
3707,147.0,495.0,1.0
3708,182.0,284.0,1.0
3709,87.0,45.0,1.0
3710,252.0,89.0,1.0
3711,180.0,419.0,1.0
3712,117.0,204.0,1.0
3713,64.0,386.0,1.0
3714,59.0,315.0,1.0
3715,253.0,432.0,1.0
3716,31.0,97.0,1.0
3717,218.0,245.0,1.0
3718,226.0,1.0,1.0
3719,173.0,39.0,1.0
3720,58.0,32.0,1.0
3721,209.0,469.0,1.0
3722,19.0,128.0,1.0
3723,130.0,32.0,1.0
3724,51.0,185.0,1.0
3725,74.0,486.0,1.0
3726,113.0,74.0,1.0
3727,115.0,575.0,1.0
3728,157.0,410.0,1.0
3729,200.0,289.0,1.0
3730,266.0,195.0,1.0
3731,259.0,305.0,1.0
3732,223.0,39.0,1.0
3733,108.0,226.0,1.0
3734,84.0,433.0,1.0
3735,149.0,68.0,1.0
3736,162.0,579.0,1.0
3737,162.0,348.0,1.0
3738,200.0,20.0,1.0
3739,13.0,90.0,1.0
3740,130.0,508.0,1.0
3741,82.0,222.0,1.0
3742,58.0,103.0,1.0
3743,149.0,346.0,1.0
3744,71.0,287.0,1.0
3745,135.0,394.0,1.0
3746,67.0,255.0,1.0
3747,56.0,143.0,1.0
3748,183.0,342.0,1.0
3749,129.0,408.0,1.0
3750,178.0,295.0,1.0
3751,108.0,297.0,1.0
3752,53.0,216.0,1.0
3753,71.0,36.0,1.0
3754,211.0,3.0,1.0
3755,242.0,125.0,1.0
3756,97.0,194.0,1.0
3757,90.0,21.0,1.0
3758,108.0,313.0,1.0
3759,165.0,94.0,1.0
3760,182.0,314.0,1.0
3761,90.0,143.0,1.0
3762,44.0,212.0,1.0
3763,96.0,112.0,1.0
3764,243.0,434.0,1.0
3765,183.0,28.0,1.0
3766,102.0,366.0,1.0
3767,213.0,89.0,1.0
3768,205.0,456.0,1.0
3769,175.0,419.0,1.0
3770,135.0,40.0,1.0
3771,69.0,147.0,1.0
3772,141.0,85.0,1.0
3773,170.0,597.0,1.0
3774,56.0,355.0,1.0
3775,82.0,35.0,1.0
3776,229.0,28.0,1.0
3777,141.0,470.0,1.0
3778,160.0,113.0,1.0
3779,11.0,277.0,1.0
3780,117.0,375.0,1.0
3781,21.0,11.0,1.0
3782,79.0,378.0,1.0
3783,117.0,516.0,1.0
3784,109.0,59.0,1.0
3785,226.0,120.0,1.0
3786,223.0,208.0,1.0
3787,156.0,197.0,1.0
3788,28.0,259.0,1.0
3789,224.0,9.0,1.0
3790,91.0,480.0,1.0
3791,52.0,49.0,1.0
3792,96.0,150.0,1.0
3793,12.0,146.0,1.0
3794,120.0,12.0,1.0
3795,100.0,279.0,1.0
3796,108.0,358.0,1.0
3797,134.0,62.0,1.0
3798,53.0,235.0,1.0
3799,142.0,208.0,1.0
3800,89.0,238.0,1.0
3801,122.0,560.0,1.0
3802,115.0,84.0,1.0
3803,83.0,68.0,1.0
3804,114.0,51.0,1.0
3805,69.0,334.0,1.0
3806,191.0,134.0,1.0
3807,148.0,282.0,1.0
3808,268.0,130.0,1.0
3809,44.0,223.0,1.0
3810,77.0,216.0,1.0
3811,84.0,283.0,1.0
3812,8.0,59.0,1.0
3813,96.0,59.0,1.0
3814,91.0,14.0,1.0
3815,242.0,116.0,1.0
3816,226.0,226.0,1.0
3817,17.0,418.0,1.0
3818,87.0,63.0,1.0
3819,116.0,245.0,1.0
3820,259.0,404.0,1.0
3821,57.0,453.0,1.0
3822,147.0,520.0,1.0
3823,153.0,3.0,1.0
3824,193.0,8.0,1.0
3825,128.0,419.0,1.0
3826,263.0,296.0,1.0
3827,183.0,86.0,1.0
3828,149.0,305.0,1.0
3829,17.0,191.0,1.0
3830,96.0,91.0,1.0
3831,211.0,205.0,1.0
3832,240.0,92.0,1.0
3833,206.0,411.0,1.0
3834,203.0,63.0,1.0
3835,86.0,251.0,1.0
3836,71.0,461.0,1.0
3837,126.0,426.0,1.0
3838,85.0,285.0,1.0
3839,65.0,32.0,1.0
3840,223.0,1.0,1.0
3841,217.0,190.0,1.0
3842,131.0,103.0,1.0
3843,117.0,59.0,1.0
3844,10.0,287.0,1.0
3845,70.0,10.0,1.0
3846,208.0,378.0,1.0
3847,81.0,385.0,1.0
3848,139.0,135.0,1.0
3849,153.0,1.0,1.0
3850,189.0,216.0,1.0
3851,211.0,107.0,1.0
3852,178.0,105.0,1.0
3853,52.0,530.0,1.0
3854,207.0,161.0,1.0
3855,18.0,50.0,1.0
3856,108.0,130.0,1.0
3857,86.0,207.0,1.0
3858,262.0,340.0,1.0
3859,89.0,543.0,1.0
3860,84.0,540.0,1.0
3861,65.0,485.0,1.0
3862,162.0,167.0,1.0
3863,234.0,148.0,1.0
3864,230.0,125.0,1.0
3865,52.0,356.0,1.0
3866,22.0,209.0,1.0
3867,248.0,103.0,1.0
3868,152.0,150.0,1.0
3869,11.0,50.0,1.0
3870,89.0,267.0,1.0
3871,160.0,485.0,1.0
3872,165.0,242.0,1.0
3873,189.0,138.0,1.0
3874,159.0,138.0,1.0
3875,134.0,39.0,1.0
3876,94.0,127.0,1.0
3877,129.0,113.0,1.0
3878,42.0,103.0,1.0
3879,183.0,514.0,1.0
3880,115.0,352.0,1.0
3881,114.0,493.0,1.0
3882,188.0,7.0,1.0
3883,200.0,97.0,1.0
3884,3.0,9.0,1.0
3885,257.0,36.0,1.0
3886,207.0,478.0,1.0
3887,248.0,295.0,1.0
3888,78.0,229.0,1.0
3889,257.0,436.0,1.0
3890,96.0,45.0,1.0
3891,182.0,384.0,1.0
3892,1.0,73.0,1.0
3893,228.0,119.0,1.0
3894,165.0,147.0,1.0
3895,132.0,132.0,1.0
3896,228.0,367.0,1.0
3897,261.0,152.0,1.0
3898,45.0,123.0,1.0
3899,51.0,242.0,1.0
3900,132.0,111.0,1.0
3901,67.0,252.0,1.0
3902,261.0,103.0,1.0
3903,84.0,211.0,1.0
3904,74.0,33.0,1.0
3905,183.0,121.0,1.0
3906,81.0,3.0,1.0
3907,133.0,138.0,1.0
3908,162.0,482.0,1.0
3909,208.0,60.0,1.0
3910,84.0,76.0,1.0
3911,102.0,9.0,1.0
3912,49.0,378.0,1.0
3913,193.0,133.0,1.0
3914,58.0,550.0,1.0
3915,183.0,274.0,1.0
3916,114.0,27.0,1.0
3917,131.0,1.0,1.0
3918,82.0,323.0,1.0
3919,160.0,160.0,1.0
3920,114.0,89.0,1.0
3921,207.0,95.0,1.0
3922,225.0,35.0,1.0
3923,217.0,217.0,1.0
3924,129.0,527.0,1.0
3925,158.0,408.0,1.0
3926,104.0,241.0,1.0
3927,216.0,256.0,1.0
3928,2.0,102.0,1.0
3929,96.0,279.0,1.0
3930,94.0,272.0,1.0
3931,160.0,331.0,1.0
3932,194.0,521.0,1.0
3933,31.0,111.0,1.0
3934,164.0,214.0,1.0
3935,182.0,276.0,1.0
3936,223.0,167.0,1.0
3937,82.0,488.0,1.0
3938,97.0,221.0,1.0
3939,31.0,252.0,1.0
3940,262.0,72.0,1.0
3941,58.0,306.0,1.0
3942,168.0,295.0,1.0
3943,164.0,186.0,1.0
3944,175.0,159.0,1.0
3945,151.0,234.0,1.0
3946,230.0,147.0,1.0
3947,26.0,179.0,1.0
3948,232.0,54.0,1.0
3949,182.0,202.0,1.0
3950,189.0,186.0,1.0
3951,32.0,158.0,1.0
3952,121.0,484.0,1.0
3953,83.0,123.0,1.0
3954,200.0,222.0,1.0
3955,4.0,171.0,1.0
3956,27.0,38.0,1.0
3957,71.0,260.0,1.0
3958,117.0,383.0,1.0
3959,152.0,122.0,1.0
3960,44.0,321.0,1.0
3961,219.0,189.0,1.0
3962,241.0,146.0,1.0
3963,217.0,7.0,1.0
3964,65.0,36.0,1.0
3965,203.0,114.0,1.0
3966,123.0,242.0,1.0
3967,149.0,514.0,1.0
3968,126.0,356.0,1.0
3969,75.0,367.0,1.0
3970,217.0,415.0,1.0
3971,146.0,432.0,1.0
3972,116.0,24.0,1.0
3973,164.0,426.0,1.0
3974,211.0,492.0,1.0
3975,89.0,229.0,1.0
3976,42.0,22.0,1.0
3977,57.0,469.0,1.0
3978,83.0,521.0,1.0
3979,62.0,111.0,1.0
3980,223.0,202.0,1.0
3981,16.0,86.0,1.0
3982,51.0,495.0,1.0
3983,26.0,437.0,1.0
3984,189.0,563.0,1.0
3985,53.0,488.0,1.0
3986,255.0,18.0,1.0
3987,17.0,417.0,1.0
3988,112.0,91.0,1.0
3989,130.0,45.0,1.0
3990,181.0,45.0,1.0
3991,112.0,22.0,1.0
3992,16.0,59.0,1.0
3993,248.0,342.0,1.0
3994,154.0,122.0,1.0
3995,22.0,314.0,1.0
3996,223.0,0.0,1.0
3997,78.0,586.0,1.0
3998,79.0,59.0,1.0
3999,218.0,99.0,1.0
4000,147.0,19.0,1.0
4001,129.0,120.0,1.0
4002,26.0,266.0,1.0
4003,65.0,479.0,1.0
4004,208.0,128.0,1.0
4005,91.0,445.0,1.0
4006,87.0,147.0,1.0
4007,78.0,103.0,1.0
4008,189.0,127.0,1.0
4009,218.0,181.0,1.0
4010,83.0,20.0,1.0
4011,9.0,124.0,1.0
4012,255.0,64.0,1.0
4013,238.0,331.0,1.0
4014,167.0,111.0,1.0
4015,115.0,255.0,1.0
4016,115.0,386.0,1.0
4017,259.0,564.0,1.0
4018,38.0,30.0,1.0
4019,223.0,420.0,1.0
4020,182.0,21.0,1.0
4021,44.0,438.0,1.0
4022,108.0,242.0,1.0
4023,114.0,87.0,1.0
4024,133.0,47.0,1.0
4025,126.0,406.0,1.0
4026,234.0,353.0,1.0
4027,138.0,117.0,1.0
4028,52.0,100.0,1.0
4029,172.0,410.0,1.0
4030,28.0,61.0,1.0
4031,233.0,136.0,1.0
4032,45.0,257.0,1.0
4033,167.0,455.0,1.0
4034,256.0,221.0,1.0
4035,142.0,204.0,1.0
4036,104.0,67.0,1.0
4037,104.0,98.0,1.0
4038,59.0,382.0,1.0
4039,68.0,392.0,1.0
4040,4.0,70.0,1.0
4041,60.0,379.0,1.0
4042,147.0,490.0,1.0
4043,264.0,77.0,1.0
4044,164.0,374.0,1.0
4045,74.0,122.0,1.0
4046,49.0,205.0,1.0
4047,92.0,59.0,1.0
4048,242.0,97.0,1.0
4049,188.0,111.0,1.0
4050,202.0,153.0,1.0
4051,161.0,388.0,1.0
4052,82.0,138.0,1.0
4053,155.0,77.0,1.0
4054,262.0,228.0,1.0
4055,52.0,310.0,1.0
4056,71.0,474.0,1.0
4057,68.0,319.0,1.0
4058,119.0,230.0,1.0
4059,257.0,429.0,1.0
4060,60.0,232.0,1.0
4061,164.0,282.0,1.0
4062,87.0,348.0,1.0
4063,149.0,174.0,1.0
4064,182.0,290.0,1.0
4065,53.0,536.0,1.0
4066,210.0,186.0,1.0
4067,183.0,343.0,1.0
4068,44.0,323.0,1.0
4069,237.0,111.0,1.0
4070,226.0,85.0,1.0
4071,141.0,38.0,1.0
4072,234.0,207.0,1.0
4073,75.0,485.0,1.0
4074,149.0,63.0,1.0
4075,156.0,239.0,1.0
4076,218.0,88.0,1.0
4077,152.0,133.0,1.0
4078,117.0,379.0,1.0
4079,65.0,225.0,1.0
4080,105.0,286.0,1.0
4081,64.0,104.0,1.0
4082,136.0,377.0,1.0
4083,178.0,274.0,1.0
4084,44.0,133.0,1.0
4085,199.0,574.0,1.0
4086,153.0,454.0,1.0
4087,245.0,59.0,1.0
4088,256.0,382.0,1.0
4089,116.0,35.0,1.0
4090,88.0,14.0,1.0
4091,116.0,64.0,1.0
4092,89.0,403.0,1.0
4093,108.0,36.0,1.0
4094,66.0,9.0,1.0
4095,175.0,12.0,1.0
4096,176.0,58.0,1.0
4097,199.0,517.0,1.0
4098,183.0,438.0,1.0
4099,123.0,436.0,1.0
4100,256.0,195.0,1.0
4101,200.0,348.0,1.0
4102,89.0,337.0,1.0
4103,134.0,113.0,1.0
4104,164.0,326.0,1.0
4105,115.0,104.0,1.0
4106,130.0,500.0,1.0
4107,162.0,120.0,1.0
4108,203.0,163.0,1.0
4109,93.0,118.0,1.0
4110,56.0,484.0,1.0
4111,117.0,111.0,1.0
4112,168.0,498.0,1.0
4113,194.0,181.0,1.0
4114,102.0,165.0,1.0
4115,185.0,276.0,1.0
4116,107.0,10.0,1.0
4117,188.0,277.0,1.0
4118,128.0,410.0,1.0
4119,17.0,290.0,1.0
4120,37.0,113.0,1.0
4121,117.0,197.0,1.0
4122,183.0,304.0,1.0
4123,6.0,185.0,1.0
4124,123.0,128.0,1.0
4125,87.0,76.0,1.0
4126,84.0,551.0,1.0
4127,230.0,208.0,1.0
4128,142.0,320.0,1.0
4129,183.0,518.0,1.0
4130,224.0,546.0,1.0
4131,147.0,53.0,1.0
4132,175.0,54.0,1.0
4133,78.0,378.0,1.0
4134,123.0,253.0,1.0
4135,13.0,334.0,1.0
4136,165.0,408.0,1.0
4137,102.0,529.0,1.0
4138,220.0,7.0,1.0
4139,2.0,140.0,1.0
4140,115.0,89.0,1.0
4141,87.0,223.0,1.0
4142,121.0,40.0,1.0
4143,175.0,410.0,1.0
4144,114.0,18.0,1.0
4145,153.0,125.0,1.0
4146,157.0,317.0,1.0
4147,67.0,165.0,1.0
4148,243.0,315.0,1.0
4149,122.0,425.0,1.0
4150,81.0,222.0,1.0
4151,64.0,180.0,1.0
4152,24.0,150.0,1.0
4153,142.0,378.0,1.0
4154,244.0,222.0,1.0
4155,10.0,87.0,1.0
4156,121.0,22.0,1.0
4157,104.0,242.0,1.0
4158,102.0,281.0,1.0
4159,129.0,185.0,1.0
4160,250.0,35.0,1.0
4161,130.0,241.0,1.0
4162,71.0,89.0,1.0
4163,145.0,235.0,1.0
4164,103.0,11.0,1.0
4165,67.0,344.0,1.0
4166,234.0,410.0,1.0
4167,226.0,590.0,1.0
4168,119.0,81.0,1.0
4169,109.0,45.0,1.0
4170,64.0,485.0,1.0
4171,163.0,233.0,1.0
4172,97.0,410.0,1.0
4173,262.0,47.0,1.0
4174,17.0,388.0,1.0
4175,183.0,27.0,1.0
4176,132.0,5.0,1.0
4177,100.0,474.0,1.0
4178,142.0,425.0,1.0
4179,211.0,411.0,1.0
4180,104.0,493.0,1.0
4181,153.0,197.0,1.0
4182,69.0,388.0,1.0
4183,149.0,126.0,1.0
4184,119.0,216.0,1.0
4185,65.0,284.0,1.0
4186,63.0,3.0,1.0
4187,175.0,67.0,1.0
4188,128.0,230.0,1.0
4189,232.0,244.0,1.0
4190,248.0,356.0,1.0
4191,130.0,361.0,1.0
4192,117.0,205.0,1.0
4193,49.0,190.0,1.0
4194,1.0,70.0,1.0
4195,121.0,282.0,1.0
4196,112.0,48.0,1.0
4197,203.0,191.0,1.0
4198,141.0,47.0,1.0
4199,179.0,504.0,1.0
4200,85.0,20.0,1.0
4201,191.0,95.0,1.0
4202,42.0,146.0,1.0
4203,97.0,460.0,1.0
4204,189.0,140.0,1.0
4205,75.0,143.0,1.0
4206,117.0,190.0,1.0
4207,145.0,36.0,1.0
4208,156.0,289.0,1.0
4209,207.0,296.0,1.0
4210,9.0,143.0,1.0
4211,81.0,216.0,1.0
4212,181.0,374.0,1.0
4213,123.0,115.0,1.0
4214,81.0,566.0,1.0
4215,84.0,46.0,1.0
4216,190.0,12.0,1.0
4217,175.0,395.0,1.0
4218,108.0,161.0,1.0
4219,56.0,27.0,1.0
4220,210.0,205.0,1.0
4221,181.0,118.0,1.0
4222,194.0,388.0,1.0
4223,90.0,510.0,1.0
4224,132.0,122.0,1.0
4225,125.0,133.0,1.0
4226,34.0,110.0,1.0
4227,211.0,524.0,1.0
4228,107.0,58.0,1.0
4229,82.0,535.0,1.0
4230,93.0,280.0,1.0
4231,178.0,6.0,1.0
4232,201.0,207.0,1.0
4233,155.0,434.0,1.0
4234,245.0,226.0,1.0
4235,82.0,78.0,1.0
4236,89.0,369.0,1.0
4237,185.0,527.0,1.0
4238,57.0,488.0,1.0
4239,32.0,396.0,1.0
4240,69.0,180.0,1.0
4241,189.0,219.0,1.0
4242,29.0,38.0,1.0
4243,253.0,27.0,1.0
4244,223.0,117.0,1.0
4245,82.0,58.0,1.0
4246,53.0,391.0,1.0
4247,251.0,134.0,1.0
4248,226.0,223.0,1.0
4249,88.0,351.0,1.0
4250,258.0,310.0,1.0
4251,168.0,45.0,1.0
4252,187.0,10.0,1.0
4253,156.0,234.0,1.0
4254,18.0,113.0,1.0
4255,78.0,473.0,1.0
4256,45.0,357.0,1.0
4257,103.0,106.0,1.0
4258,97.0,185.0,1.0
4259,211.0,407.0,1.0
4260,10.0,47.0,1.0
4261,183.0,12.0,1.0
4262,196.0,38.0,1.0
4263,243.0,148.0,1.0
4264,74.0,71.0,1.0
4265,1.0,61.0,1.0
4266,184.0,450.0,1.0
4267,182.0,432.0,1.0
4268,51.0,146.0,1.0
4269,81.0,18.0,1.0
4270,123.0,165.0,1.0
4271,169.0,348.0,1.0
4272,223.0,195.0,1.0
4273,217.0,425.0,1.0
4274,248.0,225.0,1.0
4275,79.0,354.0,1.0
4276,256.0,504.0,1.0
4277,28.0,113.0,1.0
4278,148.0,310.0,1.0
4279,71.0,411.0,1.0
4280,250.0,275.0,1.0
4281,110.0,287.0,1.0
4282,178.0,201.0,1.0
4283,226.0,192.0,1.0
4284,103.0,469.0,1.0
4285,26.0,331.0,1.0
4286,228.0,326.0,1.0
4287,226.0,519.0,1.0
4288,80.0,54.0,1.0
4289,225.0,16.0,1.0
4290,248.0,497.0,1.0
4291,193.0,436.0,1.0
4292,9.0,282.0,1.0
4293,247.0,323.0,1.0
4294,83.0,247.0,1.0
4295,218.0,41.0,1.0
4296,223.0,121.0,1.0
4297,68.0,51.0,1.0
4298,182.0,354.0,1.0
4299,64.0,133.0,1.0
4300,226.0,566.0,1.0
4301,87.0,57.0,1.0
4302,98.0,136.0,1.0
4303,117.0,216.0,1.0
4304,264.0,301.0,1.0
4305,100.0,32.0,1.0
4306,255.0,59.0,1.0
4307,123.0,11.0,1.0
4308,229.0,252.0,1.0
4309,102.0,275.0,1.0
4310,18.0,106.0,1.0
4311,147.0,40.0,1.0
4312,262.0,343.0,1.0
4313,226.0,148.0,1.0
4314,2.0,105.0,1.0
4315,248.0,66.0,1.0
4316,124.0,242.0,1.0
4317,163.0,226.0,1.0
4318,149.0,275.0,1.0
4319,11.0,9.0,1.0
4320,147.0,386.0,1.0
4321,58.0,146.0,1.0
4322,200.0,32.0,1.0
4323,158.0,3.0,1.0
4324,230.0,202.0,1.0
4325,65.0,242.0,1.0
4326,52.0,39.0,1.0
4327,81.0,150.0,1.0
4328,95.0,392.0,1.0
4329,114.0,495.0,1.0
4330,185.0,537.0,1.0
4331,147.0,77.0,1.0
4332,199.0,86.0,1.0
4333,256.0,473.0,1.0
4334,248.0,32.0,1.0
4335,217.0,89.0,1.0
4336,9.0,19.0,1.0
4337,123.0,296.0,1.0
4338,93.0,352.0,1.0
4339,7.0,151.0,1.0
4340,178.0,45.0,1.0
4341,94.0,206.0,1.0
4342,210.0,280.0,1.0
4343,183.0,503.0,1.0
4344,147.0,194.0,1.0
4345,226.0,66.0,1.0
4346,71.0,251.0,1.0
4347,114.0,59.0,1.0
4348,131.0,81.0,1.0
4349,66.0,253.0,1.0
4350,95.0,121.0,1.0
4351,96.0,31.0,1.0
4352,244.0,317.0,1.0
4353,256.0,214.0,1.0
4354,240.0,133.0,1.0
4355,102.0,91.0,1.0
4356,236.0,47.0,1.0
4357,78.0,89.0,1.0
4358,201.0,224.0,1.0
4359,150.0,25.0,1.0
4360,87.0,532.0,1.0
4361,182.0,510.0,1.0
4362,44.0,391.0,1.0
4363,107.0,439.0,1.0
4364,42.0,47.0,1.0
4365,74.0,66.0,1.0
4366,86.0,531.0,1.0
4367,116.0,41.0,1.0
4368,259.0,158.0,1.0
4369,162.0,122.0,1.0
4370,44.0,220.0,1.0
4371,51.0,113.0,1.0
4372,145.0,209.0,1.0
4373,81.0,189.0,1.0
4374,42.0,217.0,1.0
4375,256.0,487.0,1.0
4376,87.0,15.0,1.0
4377,87.0,49.0,1.0
4378,218.0,435.0,1.0
4379,259.0,385.0,1.0
4380,41.0,130.0,1.0
4381,102.0,191.0,1.0
4382,144.0,337.0,1.0
4383,132.0,413.0,1.0
4384,97.0,157.0,1.0
4385,117.0,556.0,1.0
4386,53.0,47.0,1.0
4387,84.0,444.0,1.0
4388,242.0,146.0,1.0
4389,86.0,47.0,1.0
4390,200.0,85.0,1.0
4391,244.0,31.0,1.0
4392,229.0,191.0,1.0
4393,262.0,426.0,1.0
4394,249.0,494.0,1.0
4395,111.0,441.0,1.0
4396,91.0,141.0,1.0
4397,94.0,126.0,1.0
4398,141.0,289.0,1.0
4399,74.0,196.0,1.0
4400,131.0,11.0,1.0
4401,1.0,86.0,1.0
4402,263.0,435.0,1.0
4403,31.0,113.0,1.0
4404,105.0,586.0,1.0
4405,18.0,118.0,1.0
4406,108.0,533.0,1.0
4407,44.0,424.0,1.0
4408,14.0,293.0,1.0
4409,126.0,103.0,1.0
4410,149.0,37.0,1.0
4411,178.0,435.0,1.0
4412,155.0,120.0,1.0
4413,85.0,136.0,1.0
4414,199.0,535.0,1.0
4415,225.0,420.0,1.0
4416,144.0,124.0,1.0
4417,156.0,192.0,1.0
4418,189.0,398.0,1.0
4419,87.0,294.0,1.0
4420,197.0,120.0,1.0
4421,189.0,179.0,1.0
4422,127.0,53.0,1.0
4423,17.0,392.0,1.0
4424,133.0,460.0,1.0
4425,87.0,158.0,1.0
4426,116.0,346.0,1.0
4427,144.0,381.0,1.0
4428,52.0,209.0,1.0
4429,69.0,221.0,1.0
4430,186.0,131.0,1.0
4431,39.0,5.0,1.0
4432,17.0,217.0,1.0
4433,147.0,207.0,1.0
4434,57.0,196.0,1.0
4435,149.0,175.0,1.0
4436,127.0,57.0,1.0
4437,141.0,387.0,1.0
4438,130.0,360.0,1.0
4439,80.0,17.0,1.0
4440,36.0,11.0,1.0
4441,183.0,306.0,1.0
4442,91.0,488.0,1.0
4443,158.0,131.0,1.0
4444,207.0,483.0,1.0
4445,19.0,58.0,1.0
4446,13.0,339.0,1.0
4447,217.0,10.0,1.0
4448,96.0,11.0,1.0
4449,264.0,161.0,1.0
4450,197.0,459.0,1.0
4451,41.0,282.0,1.0
4452,205.0,378.0,1.0
4453,104.0,314.0,1.0
4454,228.0,147.0,1.0
4455,249.0,93.0,1.0
4456,94.0,309.0,1.0
4457,42.0,24.0,1.0
4458,223.0,176.0,1.0
4459,203.0,137.0,1.0
4460,65.0,187.0,1.0
4461,86.0,258.0,1.0
4462,128.0,143.0,1.0
4463,56.0,395.0,1.0
4464,256.0,3.0,1.0
4465,31.0,61.0,1.0
4466,9.0,257.0,1.0
4467,214.0,58.0,1.0
4468,154.0,103.0,1.0
4469,123.0,97.0,1.0
4470,56.0,83.0,1.0
4471,43.0,84.0,1.0
4472,166.0,222.0,1.0
4473,218.0,299.0,1.0
4474,5.0,211.0,1.0
4475,64.0,107.0,1.0
4476,182.0,329.0,1.0
4477,230.0,223.0,1.0
4478,31.0,318.0,1.0
4479,170.0,104.0,1.0
4480,223.0,356.0,1.0
4481,28.0,301.0,1.0
4482,213.0,20.0,1.0
4483,256.0,131.0,1.0
4484,35.0,102.0,1.0
4485,94.0,147.0,1.0
4486,71.0,393.0,1.0
4487,226.0,3.0,1.0
4488,160.0,484.0,1.0
4489,170.0,429.0,1.0
4490,30.0,388.0,1.0
4491,136.0,150.0,1.0
4492,94.0,415.0,1.0
4493,69.0,68.0,1.0
4494,81.0,92.0,1.0
4495,65.0,219.0,1.0
4496,78.0,5.0,1.0
4497,225.0,111.0,1.0
4498,81.0,226.0,1.0
4499,217.0,223.0,1.0
4500,178.0,79.0,1.0
4501,126.0,531.0,1.0
4502,117.0,401.0,1.0
4503,60.0,556.0,1.0
4504,223.0,81.0,1.0
4505,259.0,92.0,1.0
4506,134.0,179.0,1.0
4507,52.0,185.0,1.0
4508,169.0,213.0,1.0
4509,255.0,260.0,1.0
4510,53.0,8.0,1.0
4511,52.0,153.0,1.0
4512,17.0,322.0,1.0
4513,107.0,11.0,1.0
4514,158.0,584.0,1.0
4515,132.0,218.0,1.0
4516,178.0,460.0,1.0
4517,222.0,113.0,1.0
4518,69.0,245.0,1.0
4519,168.0,124.0,1.0
4520,218.0,453.0,1.0
4521,74.0,111.0,1.0
4522,193.0,327.0,1.0
4523,130.0,81.0,1.0
4524,161.0,492.0,1.0
4525,163.0,45.0,1.0
4526,178.0,112.0,1.0
4527,87.0,547.0,1.0
4528,267.0,134.0,1.0
4529,116.0,289.0,1.0
4530,85.0,364.0,1.0
4531,191.0,440.0,1.0
4532,223.0,586.0,1.0
4533,247.0,69.0,1.0
4534,219.0,398.0,1.0
4535,194.0,66.0,1.0
4536,29.0,268.0,1.0
4537,53.0,500.0,1.0
4538,217.0,9.0,1.0
4539,56.0,225.0,1.0
4540,136.0,420.0,1.0
4541,72.0,268.0,1.0
4542,209.0,122.0,1.0
4543,261.0,252.0,1.0
4544,83.0,103.0,1.0
4545,39.0,39.0,1.0
4546,261.0,47.0,1.0
4547,181.0,92.0,1.0
4548,37.0,228.0,1.0
4549,178.0,76.0,1.0
4550,96.0,342.0,1.0
4551,231.0,349.0,1.0
4552,178.0,150.0,1.0
4553,240.0,126.0,1.0
4554,81.0,179.0,1.0
4555,102.0,203.0,1.0
4556,193.0,400.0,1.0
4557,182.0,1.0,1.0
4558,197.0,131.0,1.0
4559,218.0,338.0,1.0
4560,217.0,266.0,1.0
4561,227.0,46.0,1.0
4562,165.0,287.0,1.0
4563,5.0,194.0,1.0
4564,60.0,117.0,1.0
4565,103.0,350.0,1.0
4566,229.0,151.0,1.0
4567,44.0,378.0,1.0
4568,217.0,378.0,1.0
4569,89.0,219.0,1.0
4570,119.0,385.0,1.0
4571,136.0,213.0,1.0
4572,71.0,400.0,1.0
4573,119.0,379.0,1.0
4574,10.0,54.0,1.0
4575,44.0,66.0,1.0
4576,144.0,141.0,1.0
4577,93.0,133.0,1.0
4578,124.0,66.0,1.0
4579,111.0,73.0,1.0
4580,65.0,490.0,1.0
4581,116.0,88.0,1.0
4582,102.0,361.0,1.0
4583,147.0,424.0,1.0
4584,81.0,496.0,1.0
4585,127.0,536.0,1.0
4586,44.0,52.0,1.0
4587,123.0,110.0,1.0
4588,87.0,81.0,1.0
4589,49.0,138.0,1.0
4590,105.0,230.0,1.0
4591,37.0,144.0,1.0
4592,47.0,128.0,1.0
4593,148.0,18.0,1.0
4594,194.0,427.0,1.0
4595,86.0,156.0,1.0
4596,15.0,11.0,1.0
4597,101.0,191.0,1.0
4598,226.0,73.0,1.0
4599,104.0,109.0,1.0
4600,64.0,10.0,1.0
4601,200.0,332.0,1.0
4602,245.0,219.0,1.0
4603,211.0,23.0,1.0
4604,133.0,31.0,1.0
4605,139.0,91.0,1.0
4606,133.0,327.0,1.0
4607,178.0,419.0,1.0
4608,183.0,363.0,1.0
4609,91.0,176.0,1.0
4610,177.0,64.0,1.0
4611,44.0,50.0,1.0
4612,87.0,440.0,1.0
4613,44.0,180.0,1.0
4614,89.0,506.0,1.0
4615,224.0,39.0,1.0
4616,9.0,261.0,1.0
4617,130.0,565.0,1.0
4618,239.0,66.0,1.0
4619,155.0,147.0,1.0
4620,103.0,463.0,1.0
4621,170.0,186.0,1.0
4622,126.0,434.0,1.0
4623,233.0,59.0,1.0
4624,195.0,189.0,1.0
4625,9.0,50.0,1.0
4626,161.0,410.0,1.0
4627,6.0,124.0,1.0
4628,258.0,81.0,1.0
4629,223.0,227.0,1.0
4630,160.0,135.0,1.0
4631,1.0,28.0,1.0
4632,259.0,12.0,1.0
4633,224.0,178.0,1.0
4634,89.0,376.0,1.0
4635,132.0,202.0,1.0
4636,239.0,531.0,1.0
4637,135.0,401.0,1.0
4638,190.0,471.0,1.0
4639,52.0,386.0,1.0
4640,194.0,112.0,1.0
4641,145.0,213.0,1.0
4642,197.0,238.0,1.0
4643,105.0,476.0,1.0
4644,167.0,233.0,1.0
4645,223.0,580.0,1.0
4646,62.0,557.0,1.0
4647,73.0,175.0,1.0
4648,52.0,251.0,1.0
4649,19.0,100.0,1.0
4650,232.0,66.0,1.0
4651,97.0,64.0,1.0
4652,156.0,3.0,1.0
4653,173.0,203.0,1.0
4654,155.0,270.0,1.0
4655,203.0,575.0,1.0
4656,160.0,592.0,1.0
4657,232.0,59.0,1.0
4658,116.0,457.0,1.0
4659,132.0,596.0,1.0
4660,209.0,517.0,1.0
4661,163.0,504.0,1.0
4662,52.0,231.0,1.0
4663,2.0,142.0,1.0
4664,62.0,477.0,1.0
4665,144.0,587.0,1.0
4666,32.0,250.0,1.0
4667,87.0,343.0,1.0
4668,73.0,95.0,1.0
4669,98.0,147.0,1.0
4670,115.0,143.0,1.0
4671,75.0,11.0,1.0
4672,58.0,143.0,1.0
4673,223.0,352.0,1.0
4674,227.0,18.0,1.0
4675,251.0,73.0,1.0
4676,162.0,129.0,1.0
4677,178.0,205.0,1.0
4678,178.0,119.0,1.0
4679,64.0,280.0,1.0
4680,178.0,195.0,1.0
4681,141.0,61.0,1.0
4682,148.0,206.0,1.0
4683,198.0,281.0,1.0
4684,39.0,413.0,1.0
4685,60.0,62.0,1.0
4686,181.0,103.0,1.0
4687,78.0,156.0,1.0
4688,223.0,316.0,1.0
4689,101.0,112.0,1.0
4690,51.0,214.0,1.0
4691,136.0,255.0,1.0
4692,154.0,597.0,1.0
4693,160.0,576.0,1.0
4694,172.0,92.0,1.0
4695,9.0,201.0,1.0
4696,178.0,507.0,1.0
4697,51.0,106.0,1.0
4698,258.0,393.0,1.0
4699,242.0,202.0,1.0
4700,193.0,164.0,1.0
4701,188.0,190.0,1.0
4702,75.0,202.0,1.0
4703,182.0,198.0,1.0
4704,84.0,60.0,1.0
4705,42.0,126.0,1.0
4706,135.0,112.0,1.0
4707,149.0,91.0,1.0
4708,135.0,207.0,1.0
4709,128.0,356.0,1.0
4710,247.0,168.0,1.0
4711,178.0,183.0,1.0
4712,156.0,120.0,1.0
4713,264.0,585.0,1.0
4714,196.0,154.0,1.0
4715,124.0,10.0,1.0
4716,147.0,161.0,1.0
4717,248.0,133.0,1.0
4718,153.0,104.0,1.0
4719,141.0,295.0,1.0
4720,83.0,40.0,1.0
4721,90.0,286.0,1.0
4722,32.0,437.0,1.0
4723,86.0,412.0,1.0
4724,146.0,226.0,1.0
4725,3.0,162.0,1.0
4726,191.0,65.0,1.0
4727,19.0,154.0,1.0
4728,4.0,35.0,1.0
4729,226.0,407.0,1.0
4730,75.0,64.0,1.0
4731,173.0,441.0,1.0
4732,102.0,506.0,1.0
4733,102.0,61.0,1.0
4734,200.0,218.0,1.0
4735,90.0,549.0,1.0
4736,246.0,138.0,1.0
4737,65.0,205.0,1.0
4738,67.0,85.0,1.0
4739,223.0,438.0,1.0
4740,89.0,423.0,1.0
4741,44.0,328.0,1.0
4742,103.0,146.0,1.0
4743,183.0,567.0,1.0
4744,175.0,223.0,1.0
4745,116.0,498.0,1.0
4746,71.0,407.0,1.0
4747,18.0,80.0,1.0
4748,234.0,222.0,1.0
4749,130.0,102.0,1.0
4750,82.0,69.0,1.0
4751,114.0,69.0,1.0
4752,17.0,133.0,1.0
4753,128.0,192.0,1.0
4754,214.0,579.0,1.0
4755,123.0,48.0,1.0
4756,246.0,105.0,1.0
4757,111.0,158.0,1.0
4758,42.0,39.0,1.0
4759,43.0,92.0,1.0
4760,57.0,70.0,1.0
4761,205.0,116.0,1.0
4762,202.0,152.0,1.0
4763,117.0,318.0,1.0
4764,114.0,21.0,1.0
4765,92.0,256.0,1.0
4766,51.0,219.0,1.0
4767,227.0,97.0,1.0
4768,178.0,72.0,1.0
4769,149.0,294.0,1.0
4770,114.0,261.0,1.0
4771,207.0,565.0,1.0
4772,147.0,30.0,1.0
4773,238.0,434.0,1.0
4774,94.0,118.0,1.0
4775,58.0,349.0,1.0
4776,147.0,150.0,1.0
4777,164.0,122.0,1.0
4778,52.0,89.0,1.0
4779,156.0,148.0,1.0
4780,129.0,7.0,1.0
4781,149.0,360.0,1.0
4782,91.0,304.0,1.0
4783,147.0,269.0,1.0
4784,17.0,387.0,1.0
4785,211.0,128.0,1.0
4786,34.0,291.0,1.0
4787,39.0,349.0,1.0
4788,228.0,89.0,1.0
4789,79.0,91.0,1.0
4790,89.0,386.0,1.0
4791,87.0,311.0,1.0
4792,124.0,122.0,1.0
4793,168.0,91.0,1.0
4794,66.0,11.0,1.0
4795,19.0,247.0,1.0
4796,199.0,83.0,1.0
4797,175.0,178.0,1.0
4798,219.0,10.0,1.0
4799,89.0,571.0,1.0
4800,199.0,170.0,1.0
4801,235.0,247.0,1.0
4802,107.0,246.0,1.0
4803,53.0,218.0,1.0
4804,98.0,453.0,1.0
4805,17.0,206.0,1.0
4806,166.0,216.0,1.0
4807,147.0,443.0,1.0
4808,64.0,219.0,1.0
4809,225.0,300.0,1.0
4810,87.0,553.0,1.0
4811,116.0,370.0,1.0
4812,125.0,336.0,1.0
4813,189.0,40.0,1.0
4814,212.0,284.0,1.0
4815,266.0,190.0,1.0
4816,52.0,353.0,1.0
4817,249.0,134.0,1.0
4818,123.0,280.0,1.0
4819,56.0,242.0,1.0
4820,86.0,382.0,1.0
4821,106.0,587.0,1.0
4822,52.0,373.0,1.0
4823,144.0,1.0,1.0
4824,56.0,40.0,1.0
4825,210.0,111.0,1.0
4826,89.0,100.0,1.0
4827,52.0,528.0,1.0
4828,263.0,292.0,1.0
4829,207.0,521.0,1.0
4830,168.0,504.0,1.0
4831,56.0,529.0,1.0
4832,160.0,11.0,1.0
4833,199.0,465.0,1.0
4834,104.0,165.0,1.0
4835,177.0,51.0,1.0
4836,134.0,321.0,1.0
4837,226.0,213.0,1.0
4838,164.0,170.0,1.0
4839,196.0,352.0,1.0
4840,84.0,357.0,1.0
4841,217.0,248.0,1.0
4842,128.0,287.0,1.0
4843,97.0,207.0,1.0
4844,149.0,433.0,1.0
4845,51.0,25.0,1.0
4846,209.0,143.0,1.0
4847,53.0,204.0,1.0
4848,139.0,267.0,1.0
4849,127.0,110.0,1.0
4850,189.0,229.0,1.0
4851,19.0,136.0,1.0
4852,263.0,61.0,1.0
4853,224.0,104.0,1.0
4854,53.0,22.0,1.0
4855,97.0,12.0,1.0
4856,51.0,220.0,1.0
4857,168.0,159.0,1.0
4858,153.0,126.0,1.0
4859,77.0,36.0,1.0
4860,247.0,58.0,1.0
4861,186.0,241.0,1.0
4862,9.0,230.0,1.0
4863,71.0,191.0,1.0
4864,39.0,420.0,1.0
4865,47.0,107.0,1.0
4866,93.0,47.0,1.0
4867,126.0,219.0,1.0
4868,148.0,125.0,1.0
4869,93.0,136.0,1.0
4870,26.0,289.0,1.0
4871,147.0,284.0,1.0
4872,196.0,146.0,1.0
4873,163.0,362.0,1.0
4874,84.0,502.0,1.0
4875,82.0,542.0,1.0
4876,205.0,11.0,1.0
4877,122.0,332.0,1.0
4878,65.0,391.0,1.0
4879,158.0,382.0,1.0
4880,146.0,99.0,1.0
4881,104.0,48.0,1.0
4882,208.0,114.0,1.0
4883,196.0,294.0,1.0
4884,200.0,130.0,1.0
4885,32.0,157.0,1.0
4886,247.0,146.0,1.0
4887,160.0,47.0,1.0
4888,207.0,164.0,1.0
4889,43.0,334.0,1.0
4890,153.0,5.0,1.0
4891,83.0,19.0,1.0
4892,82.0,145.0,1.0
4893,266.0,207.0,1.0
4894,148.0,358.0,1.0
4895,268.0,150.0,1.0
4896,71.0,57.0,1.0
4897,224.0,479.0,1.0
4898,22.0,63.0,1.0
4899,158.0,36.0,1.0
4900,87.0,102.0,1.0
4901,65.0,427.0,1.0
4902,193.0,253.0,1.0
4903,225.0,264.0,1.0
4904,226.0,591.0,1.0
4905,156.0,177.0,1.0
4906,2.0,125.0,1.0
4907,148.0,227.0,1.0
4908,49.0,1.0,1.0
4909,262.0,153.0,1.0
4910,148.0,33.0,1.0
4911,84.0,311.0,1.0
4912,63.0,191.0,1.0
4913,74.0,362.0,1.0
4914,227.0,573.0,1.0
4915,183.0,68.0,1.0
4916,17.0,378.0,1.0
4917,68.0,148.0,1.0
4918,165.0,349.0,1.0
4919,44.0,58.0,1.0
4920,77.0,65.0,1.0
4921,262.0,525.0,1.0
4922,181.0,126.0,1.0
4923,165.0,434.0,1.0
4924,8.0,144.0,1.0
4925,22.0,146.0,1.0
4926,201.0,227.0,1.0
4927,182.0,241.0,1.0
4928,48.0,147.0,1.0
4929,79.0,571.0,1.0
4930,108.0,91.0,1.0
4931,83.0,425.0,1.0
4932,84.0,77.0,1.0
4933,116.0,429.0,1.0
4934,261.0,223.0,1.0
4935,161.0,100.0,1.0
4936,19.0,9.0,1.0
4937,12.0,225.0,1.0
4938,136.0,253.0,1.0
4939,17.0,185.0,1.0
4940,209.0,351.0,1.0
4941,128.0,296.0,1.0
4942,164.0,34.0,1.0
4943,226.0,143.0,1.0
4944,123.0,50.0,1.0
4945,210.0,436.0,1.0
4946,56.0,433.0,1.0
4947,256.0,33.0,1.0
4948,223.0,158.0,1.0
4949,37.0,449.0,1.0
4950,9.0,69.0,1.0
4951,79.0,138.0,1.0
4952,44.0,482.0,1.0
4953,104.0,10.0,1.0
4954,102.0,83.0,1.0
4955,16.0,89.0,1.0
4956,164.0,517.0,1.0
4957,1.0,35.0,1.0
4958,148.0,202.0,1.0
4959,115.0,121.0,1.0
4960,37.0,447.0,1.0
4961,106.0,495.0,1.0
4962,87.0,250.0,1.0
4963,51.0,94.0,1.0
4964,57.0,36.0,1.0
4965,244.0,148.0,1.0
4966,116.0,92.0,1.0
4967,109.0,64.0,1.0
4968,37.0,245.0,1.0
4969,20.0,15.0,1.0
4970,8.0,253.0,1.0
4971,83.0,205.0,1.0
4972,69.0,236.0,1.0
4973,23.0,127.0,1.0
4974,262.0,556.0,1.0
4975,158.0,21.0,1.0
4976,90.0,463.0,1.0
4977,229.0,313.0,1.0
4978,97.0,222.0,1.0
4979,16.0,372.0,1.0
4980,103.0,374.0,1.0
4981,135.0,231.0,1.0
4982,225.0,143.0,1.0
4983,147.0,265.0,1.0
4984,86.0,557.0,1.0
4985,82.0,310.0,1.0
4986,102.0,352.0,1.0
4987,56.0,456.0,1.0
4988,175.0,208.0,1.0
4989,192.0,295.0,1.0
4990,4.0,179.0,1.0
4991,85.0,9.0,1.0
4992,248.0,30.0,1.0
4993,166.0,407.0,1.0
4994,177.0,36.0,1.0
4995,261.0,20.0,1.0
4996,39.0,463.0,1.0
4997,11.0,45.0,1.0
4998,31.0,449.0,1.0
4999,254.0,133.0,1.0
5000,82.0,0.0,1.0
5001,81.0,59.0,1.0
5002,130.0,234.0,1.0
5003,227.0,463.0,1.0
5004,214.0,221.0,1.0
5005,224.0,374.0,1.0
5006,161.0,384.0,1.0
5007,69.0,127.0,1.0
5008,245.0,425.0,1.0
5009,79.0,379.0,1.0
5010,123.0,277.0,1.0
5011,201.0,378.0,1.0
5012,186.0,382.0,1.0
5013,147.0,333.0,1.0
5014,148.0,147.0,1.0
5015,84.0,213.0,1.0
5016,57.0,233.0,1.0
5017,225.0,252.0,1.0
5018,84.0,593.0,1.0
5019,145.0,567.0,1.0
5020,259.0,267.0,1.0
5021,264.0,95.0,1.0
5022,175.0,236.0,1.0
5023,194.0,434.0,1.0
5024,130.0,112.0,1.0
5025,10.0,67.0,1.0
5026,115.0,39.0,1.0
5027,102.0,422.0,1.0
5028,92.0,568.0,1.0
5029,228.0,261.0,1.0
5030,61.0,36.0,1.0
5031,87.0,397.0,1.0
5032,22.0,296.0,1.0
5033,122.0,55.0,1.0
5034,8.0,77.0,1.0
5035,51.0,509.0,1.0
5036,18.0,320.0,1.0
5037,199.0,85.0,1.0
5038,82.0,495.0,1.0
5039,101.0,407.0,1.0
5040,242.0,224.0,1.0
5041,209.0,208.0,1.0
5042,147.0,567.0,1.0
5043,213.0,81.0,1.0
5044,44.0,20.0,1.0
5045,176.0,337.0,1.0
5046,31.0,453.0,1.0
5047,69.0,578.0,1.0
5048,248.0,62.0,1.0
5049,230.0,201.0,1.0
5050,214.0,277.0,1.0
5051,75.0,10.0,1.0
5052,102.0,289.0,1.0
5053,158.0,536.0,1.0
5054,38.0,156.0,1.0
5055,75.0,434.0,1.0
5056,132.0,525.0,1.0
5057,82.0,238.0,1.0
5058,82.0,220.0,1.0
5059,158.0,44.0,1.0
5060,56.0,302.0,1.0
5061,262.0,45.0,1.0
5062,241.0,103.0,1.0
5063,79.0,14.0,1.0
5064,74.0,256.0,1.0
5065,147.0,39.0,1.0
5066,164.0,154.0,1.0
5067,226.0,48.0,1.0
5068,97.0,474.0,1.0
5069,233.0,306.0,1.0
5070,202.0,40.0,1.0
5071,115.0,190.0,1.0
5072,218.0,266.0,1.0
5073,81.0,311.0,1.0
5074,262.0,316.0,1.0
5075,258.0,91.0,1.0
5076,52.0,119.0,1.0
5077,241.0,120.0,1.0
5078,193.0,181.0,1.0
5079,156.0,557.0,1.0
5080,58.0,252.0,1.0
5081,249.0,165.0,1.0
5082,159.0,37.0,1.0
5083,194.0,268.0,1.0
5084,60.0,97.0,1.0
5085,130.0,222.0,1.0
5086,141.0,186.0,1.0
5087,8.0,141.0,1.0
5088,223.0,327.0,1.0
5089,118.0,186.0,1.0
5090,116.0,575.0,1.0
5091,126.0,10.0,1.0
5092,168.0,84.0,1.0
5093,91.0,555.0,1.0
5094,89.0,492.0,1.0
5095,266.0,404.0,1.0
5096,69.0,104.0,1.0
5097,40.0,349.0,1.0
5098,102.0,58.0,1.0
5099,262.0,273.0,1.0
5100,186.0,385.0,1.0
5101,147.0,317.0,1.0
5102,260.0,66.0,1.0
5103,228.0,175.0,1.0
5104,17.0,402.0,1.0
5105,189.0,515.0,1.0
5106,182.0,308.0,1.0
5107,218.0,97.0,1.0
5108,257.0,294.0,1.0
5109,10.0,286.0,1.0
5110,56.0,436.0,1.0
5111,69.0,306.0,1.0
5112,9.0,147.0,1.0
5113,60.0,47.0,1.0
5114,17.0,395.0,1.0
5115,145.0,419.0,1.0
5116,218.0,65.0,1.0
5117,20.0,136.0,1.0
5118,149.0,230.0,1.0
5119,82.0,587.0,1.0
5120,158.0,351.0,1.0
5121,134.0,40.0,1.0
5122,160.0,115.0,1.0
5123,196.0,217.0,1.0
5124,101.0,186.0,1.0
5125,92.0,146.0,1.0
5126,114.0,37.0,1.0
5127,197.0,321.0,1.0
5128,53.0,61.0,1.0
5129,49.0,467.0,1.0
5130,164.0,181.0,1.0
5131,53.0,91.0,1.0
5132,224.0,218.0,1.0
5133,82.0,332.0,1.0
5134,139.0,357.0,1.0
5135,117.0,405.0,1.0
5136,17.0,190.0,1.0
5137,81.0,528.0,1.0
5138,14.0,304.0,1.0
5139,261.0,153.0,1.0
5140,207.0,28.0,1.0
5141,190.0,378.0,1.0
5142,94.0,92.0,1.0
5143,101.0,5.0,1.0
5144,96.0,201.0,1.0
5145,129.0,388.0,1.0
5146,31.0,153.0,1.0
5147,166.0,190.0,1.0
5148,222.0,146.0,1.0
5149,37.0,193.0,1.0
5150,51.0,71.0,1.0
5151,82.0,3.0,1.0
5152,248.0,78.0,1.0
5153,97.0,498.0,1.0
5154,248.0,70.0,1.0
5155,207.0,92.0,1.0
5156,51.0,491.0,1.0
5157,48.0,99.0,1.0
5158,17.0,167.0,1.0
5159,126.0,373.0,1.0
5160,248.0,184.0,1.0
5161,94.0,509.0,1.0
5162,41.0,22.0,1.0
5163,10.0,220.0,1.0
5164,245.0,356.0,1.0
5165,250.0,97.0,1.0
5166,64.0,116.0,1.0
5167,52.0,124.0,1.0
5168,75.0,264.0,1.0
5169,138.0,40.0,1.0
5170,105.0,219.0,1.0
5171,79.0,309.0,1.0
5172,182.0,186.0,1.0
5173,22.0,129.0,1.0
5174,85.0,99.0,1.0
5175,200.0,87.0,1.0
5176,75.0,97.0,1.0
5177,17.0,57.0,1.0
5178,248.0,87.0,1.0
5179,134.0,253.0,1.0
5180,262.0,460.0,1.0
5181,191.0,116.0,1.0
5182,114.0,122.0,1.0
5183,262.0,39.0,1.0
5184,102.0,52.0,1.0
5185,218.0,317.0,1.0
5186,141.0,17.0,1.0
5187,223.0,4.0,1.0
5188,223.0,105.0,1.0
5189,188.0,70.0,1.0
5190,138.0,339.0,1.0
5191,266.0,334.0,1.0
5192,148.0,175.0,1.0
5193,259.0,321.0,1.0
5194,225.0,21.0,1.0
5195,37.0,168.0,1.0
5196,199.0,40.0,1.0
5197,159.0,201.0,1.0
5198,175.0,205.0,1.0
5199,3.0,144.0,1.0
5200,96.0,12.0,1.0
5201,210.0,124.0,1.0
5202,170.0,374.0,1.0
5203,37.0,23.0,1.0
5204,132.0,70.0,1.0
5205,266.0,7.0,1.0
5206,6.0,44.0,1.0
5207,122.0,533.0,1.0
5208,84.0,10.0,1.0
5209,257.0,150.0,1.0
5210,85.0,306.0,1.0
5211,109.0,252.0,1.0
5212,20.0,109.0,1.0
5213,53.0,233.0,1.0
5214,164.0,30.0,1.0
5215,115.0,204.0,1.0
5216,183.0,77.0,1.0
5217,17.0,194.0,1.0
5218,77.0,221.0,1.0
5219,65.0,62.0,1.0
5220,186.0,17.0,1.0
5221,106.0,498.0,1.0
5222,148.0,332.0,1.0
5223,64.0,95.0,1.0
5224,7.0,59.0,1.0
5225,29.0,156.0,1.0
5226,232.0,19.0,1.0
5227,87.0,175.0,1.0
5228,13.0,121.0,1.0
5229,77.0,196.0,1.0
5230,146.0,130.0,1.0
5231,182.0,548.0,1.0
5232,57.0,37.0,1.0
5233,56.0,362.0,1.0
5234,135.0,138.0,1.0
5235,256.0,208.0,1.0
5236,123.0,514.0,1.0
5237,183.0,524.0,1.0
5238,228.0,146.0,1.0
5239,162.0,27.0,1.0
5240,149.0,104.0,1.0
5241,102.0,228.0,1.0
5242,168.0,50.0,1.0
5243,248.0,74.0,1.0
5244,175.0,198.0,1.0
5245,47.0,501.0,1.0
5246,91.0,259.0,1.0
5247,264.0,485.0,1.0
5248,183.0,177.0,1.0
5249,130.0,115.0,1.0
5250,147.0,270.0,1.0
5251,114.0,532.0,1.0
5252,44.0,225.0,1.0
5253,165.0,120.0,1.0
5254,90.0,332.0,1.0
5255,65.0,37.0,1.0
5256,136.0,429.0,1.0
5257,2.0,145.0,1.0
5258,127.0,245.0,1.0
5259,104.0,491.0,1.0
5260,9.0,262.0,1.0
5261,56.0,419.0,1.0
5262,60.0,238.0,1.0
5263,251.0,407.0,1.0
5264,96.0,487.0,1.0
5265,223.0,537.0,1.0
5266,155.0,46.0,1.0
5267,206.0,219.0,1.0
5268,89.0,264.0,1.0
5269,79.0,413.0,1.0
5270,81.0,151.0,1.0
5271,189.0,251.0,1.0
5272,149.0,9.0,1.0
5273,130.0,105.0,1.0
5274,262.0,148.0,1.0
5275,217.0,133.0,1.0
5276,16.0,22.0,1.0
5277,103.0,581.0,1.0
5278,105.0,597.0,1.0
5279,9.0,267.0,1.0
5280,140.0,81.0,1.0
5281,141.0,139.0,1.0
5282,224.0,384.0,1.0
5283,171.0,126.0,1.0
5284,29.0,40.0,1.0
5285,82.0,208.0,1.0
5286,241.0,438.0,1.0
5287,14.0,345.0,1.0
5288,51.0,137.0,1.0
5289,65.0,398.0,1.0
5290,116.0,33.0,1.0
5291,74.0,181.0,1.0
5292,77.0,209.0,1.0
5293,11.0,155.0,1.0
5294,214.0,47.0,1.0
5295,145.0,367.0,1.0
5296,52.0,184.0,1.0
5297,164.0,213.0,1.0
5298,156.0,24.0,1.0
5299,51.0,12.0,1.0
5300,261.0,45.0,1.0
5301,128.0,48.0,1.0
5302,18.0,420.0,1.0
5303,160.0,256.0,1.0
5304,44.0,11.0,1.0
5305,82.0,97.0,1.0
5306,194.0,77.0,1.0
5307,160.0,567.0,1.0
5308,70.0,97.0,1.0
5309,164.0,238.0,1.0
5310,238.0,211.0,1.0
5311,75.0,223.0,1.0
5312,186.0,378.0,1.0
5313,47.0,84.0,1.0
5314,178.0,97.0,1.0
5315,185.0,100.0,1.0
5316,103.0,69.0,1.0
5317,217.0,393.0,1.0
5318,44.0,420.0,1.0
5319,119.0,394.0,1.0
5320,48.0,274.0,1.0
5321,243.0,182.0,1.0
5322,75.0,319.0,1.0
5323,233.0,443.0,1.0
5324,49.0,104.0,1.0
5325,74.0,452.0,1.0
5326,75.0,7.0,1.0
5327,252.0,11.0,1.0
5328,51.0,300.0,1.0
5329,229.0,410.0,1.0
5330,87.0,559.0,1.0
5331,62.0,58.0,1.0
5332,90.0,252.0,1.0
5333,56.0,284.0,1.0
5334,122.0,75.0,1.0
5335,127.0,84.0,1.0
5336,164.0,382.0,1.0
5337,191.0,136.0,1.0
5338,89.0,481.0,1.0
5339,86.0,125.0,1.0
5340,117.0,525.0,1.0
5341,156.0,66.0,1.0
5342,226.0,214.0,1.0
5343,128.0,97.0,1.0
5344,9.0,264.0,1.0
5345,72.0,362.0,1.0
5346,170.0,356.0,1.0
5347,266.0,157.0,1.0
5348,117.0,185.0,1.0
5349,117.0,24.0,1.0
5350,12.0,151.0,1.0
5351,82.0,127.0,1.0
5352,59.0,195.0,1.0
5353,250.0,201.0,1.0
5354,208.0,45.0,1.0
5355,145.0,159.0,1.0
5356,229.0,126.0,1.0
5357,214.0,130.0,1.0
5358,35.0,226.0,1.0
5359,159.0,204.0,1.0
5360,102.0,540.0,1.0
5361,81.0,479.0,1.0
5362,138.0,390.0,1.0
5363,116.0,143.0,1.0
5364,143.0,436.0,1.0
5365,90.0,253.0,1.0
5366,259.0,501.0,1.0
5367,161.0,33.0,1.0
5368,211.0,390.0,1.0
5369,164.0,89.0,1.0
5370,169.0,576.0,1.0
5371,87.0,494.0,1.0
5372,29.0,97.0,1.0
5373,182.0,57.0,1.0
5374,162.0,61.0,1.0
5375,17.0,59.0,1.0
5376,94.0,95.0,1.0
5377,211.0,280.0,1.0
5378,181.0,100.0,1.0
5379,157.0,104.0,1.0
5380,208.0,224.0,1.0
5381,44.0,39.0,1.0
5382,183.0,58.0,1.0
5383,26.0,356.0,1.0
5384,62.0,81.0,1.0
5385,163.0,266.0,1.0
5386,105.0,227.0,1.0
5387,104.0,287.0,1.0
5388,177.0,52.0,1.0
5389,168.0,127.0,1.0
5390,2.0,138.0,1.0
5391,177.0,71.0,1.0
5392,70.0,5.0,1.0
5393,117.0,195.0,1.0
5394,137.0,103.0,1.0
5395,202.0,496.0,1.0
5396,103.0,547.0,1.0
5397,47.0,317.0,1.0
5398,82.0,482.0,1.0
5399,266.0,177.0,1.0
5400,144.0,116.0,1.0
5401,179.0,385.0,1.0
5402,241.0,39.0,1.0
5403,233.0,275.0,1.0
5404,239.0,227.0,1.0
5405,149.0,82.0,1.0
5406,115.0,66.0,1.0
5407,255.0,345.0,1.0
5408,139.0,284.0,1.0
5409,213.0,120.0,1.0
5410,47.0,313.0,1.0
5411,26.0,129.0,1.0
5412,189.0,33.0,1.0
5413,86.0,185.0,1.0
5414,27.0,253.0,1.0
5415,250.0,509.0,1.0
5416,12.0,312.0,1.0
5417,144.0,380.0,1.0
5418,27.0,103.0,1.0
5419,33.0,208.0,1.0
5420,37.0,80.0,1.0
5421,154.0,47.0,1.0
5422,178.0,382.0,1.0
5423,218.0,180.0,1.0
5424,245.0,186.0,1.0
5425,52.0,79.0,1.0
5426,129.0,411.0,1.0
5427,39.0,51.0,1.0
5428,99.0,112.0,1.0
5429,222.0,83.0,1.0
5430,164.0,492.0,1.0
5431,262.0,109.0,1.0
5432,263.0,355.0,1.0
5433,153.0,382.0,1.0
5434,19.0,80.0,1.0
5435,5.0,193.0,1.0
5436,58.0,184.0,1.0
5437,182.0,193.0,1.0
5438,185.0,181.0,1.0
5439,75.0,245.0,1.0
5440,117.0,116.0,1.0
5441,130.0,226.0,1.0
5442,71.0,147.0,1.0
5443,165.0,272.0,1.0
5444,162.0,570.0,1.0
5445,74.0,185.0,1.0
5446,116.0,359.0,1.0
5447,238.0,481.0,1.0
5448,129.0,58.0,1.0
5449,149.0,202.0,1.0
5450,164.0,168.0,1.0
5451,159.0,216.0,1.0
5452,180.0,97.0,1.0
5453,68.0,554.0,1.0
5454,141.0,116.0,1.0
5455,187.0,400.0,1.0
5456,182.0,246.0,1.0
5457,183.0,202.0,1.0
5458,257.0,225.0,1.0
5459,71.0,568.0,1.0
5460,90.0,141.0,1.0
5461,197.0,83.0,1.0
5462,17.0,222.0,1.0
5463,57.0,45.0,1.0
5464,96.0,214.0,1.0
5465,112.0,10.0,1.0
5466,64.0,66.0,1.0
5467,180.0,150.0,1.0
5468,100.0,219.0,1.0
5469,159.0,383.0,1.0
5470,256.0,190.0,1.0
5471,128.0,44.0,1.0
5472,182.0,247.0,1.0
5473,85.0,226.0,1.0
5474,53.0,374.0,1.0
5475,219.0,39.0,1.0
5476,217.0,116.0,1.0
5477,104.0,506.0,1.0
5478,147.0,130.0,1.0
5479,249.0,58.0,1.0
5480,188.0,100.0,1.0
5481,91.0,466.0,1.0
5482,188.0,146.0,1.0
5483,227.0,499.0,1.0
5484,11.0,157.0,1.0
5485,234.0,190.0,1.0
5486,35.0,36.0,1.0
5487,71.0,100.0,1.0
5488,90.0,77.0,1.0
5489,55.0,484.0,1.0
5490,217.0,141.0,1.0
5491,194.0,326.0,1.0
5492,178.0,389.0,1.0
5493,26.0,319.0,1.0
5494,51.0,276.0,1.0
5495,65.0,221.0,1.0
5496,14.0,118.0,1.0
5497,141.0,95.0,1.0
5498,105.0,571.0,1.0
5499,230.0,81.0,1.0
5500,226.0,81.0,1.0
5501,153.0,218.0,1.0
5502,256.0,181.0,1.0
5503,108.0,294.0,1.0
5504,182.0,365.0,1.0
5505,170.0,24.0,1.0
5506,42.0,215.0,1.0
5507,102.0,77.0,1.0
5508,64.0,209.0,1.0
5509,154.0,111.0,1.0
5510,229.0,10.0,1.0
5511,148.0,394.0,1.0
5512,178.0,209.0,1.0
5513,178.0,77.0,1.0
5514,210.0,0.0,1.0
5515,82.0,400.0,1.0
5516,224.0,81.0,1.0
5517,158.0,47.0,1.0
5518,99.0,12.0,1.0
5519,216.0,150.0,1.0
5520,164.0,114.0,1.0
5521,107.0,262.0,1.0
5522,91.0,583.0,1.0
5523,84.0,559.0,1.0
5524,210.0,10.0,1.0
5525,62.0,480.0,1.0
5526,71.0,104.0,1.0
5527,9.0,59.0,1.0
5528,199.0,484.0,1.0
5529,226.0,333.0,1.0
5530,119.0,222.0,1.0
5531,168.0,12.0,1.0
5532,104.0,337.0,1.0
5533,114.0,10.0,1.0
5534,67.0,239.0,1.0
5535,89.0,7.0,1.0
5536,148.0,409.0,1.0
5537,240.0,127.0,1.0
5538,64.0,161.0,1.0
5539,89.0,410.0,1.0
5540,129.0,84.0,1.0
5541,154.0,92.0,1.0
5542,86.0,221.0,1.0
5543,164.0,266.0,1.0
5544,155.0,575.0,1.0
5545,75.0,57.0,1.0
5546,224.0,111.0,1.0
5547,191.0,565.0,1.0
5548,159.0,205.0,1.0
5549,126.0,119.0,1.0
5550,199.0,544.0,1.0
5551,65.0,195.0,1.0
5552,60.0,207.0,1.0
5553,116.0,419.0,1.0
5554,102.0,121.0,1.0
5555,245.0,415.0,1.0
5556,175.0,254.0,1.0
5557,87.0,258.0,1.0
5558,175.0,28.0,1.0
5559,262.0,24.0,1.0
5560,218.0,209.0,1.0
5561,134.0,10.0,1.0
5562,235.0,10.0,1.0
5563,193.0,524.0,1.0
5564,219.0,382.0,1.0
5565,10.0,273.0,1.0
5566,53.0,181.0,1.0
5567,96.0,190.0,1.0
5568,185.0,186.0,1.0
5569,162.0,304.0,1.0
5570,160.0,354.0,1.0
5571,144.0,390.0,1.0
5572,203.0,80.0,1.0
5573,46.0,378.0,1.0
5574,138.0,124.0,1.0
5575,65.0,190.0,1.0
5576,138.0,11.0,1.0
5577,182.0,407.0,1.0
5578,156.0,204.0,1.0
5579,158.0,35.0,1.0
5580,141.0,167.0,1.0
5581,34.0,36.0,1.0
5582,17.0,394.0,1.0
5583,202.0,178.0,1.0
5584,123.0,126.0,1.0
5585,268.0,186.0,1.0
5586,88.0,317.0,1.0
5587,114.0,306.0,1.0
5588,115.0,112.0,1.0
5589,165.0,141.0,1.0
5590,115.0,49.0,1.0
5591,90.0,211.0,1.0
5592,180.0,61.0,1.0
5593,87.0,166.0,1.0
5594,266.0,231.0,1.0
5595,178.0,104.0,1.0
5596,161.0,112.0,1.0
5597,147.0,407.0,1.0
5598,87.0,100.0,1.0
5599,31.0,126.0,1.0
5600,51.0,515.0,1.0
5601,29.0,297.0,1.0
5602,88.0,219.0,1.0
5603,232.0,302.0,1.0
5604,183.0,321.0,1.0
5605,51.0,184.0,1.0
5606,193.0,427.0,1.0
5607,114.0,74.0,1.0
5608,183.0,463.0,1.0
5609,167.0,36.0,1.0
5610,241.0,236.0,1.0
5611,108.0,95.0,1.0
5612,35.0,44.0,1.0
5613,85.0,80.0,1.0
5614,12.0,324.0,1.0
5615,75.0,135.0,1.0
5616,126.0,409.0,1.0
5617,31.0,60.0,1.0
5618,35.0,444.0,1.0
5619,115.0,109.0,1.0
5620,160.0,179.0,1.0
5621,58.0,228.0,1.0
5622,177.0,497.0,1.0
5623,132.0,191.0,1.0
5624,102.0,583.0,1.0
5625,3.0,129.0,1.0
5626,230.0,11.0,1.0
5627,130.0,281.0,1.0
5628,44.0,434.0,1.0
5629,183.0,11.0,1.0
5630,35.0,308.0,1.0
5631,234.0,39.0,1.0
5632,94.0,116.0,1.0
5633,264.0,28.0,1.0
5634,195.0,527.0,1.0
5635,129.0,374.0,1.0
5636,78.0,504.0,1.0
5637,215.0,164.0,1.0
5638,182.0,175.0,1.0
5639,105.0,280.0,1.0
5640,229.0,57.0,1.0
5641,147.0,60.0,1.0
5642,178.0,326.0,1.0
5643,108.0,374.0,1.0
5644,259.0,138.0,1.0
5645,200.0,302.0,1.0
5646,177.0,282.0,1.0
5647,71.0,231.0,1.0
5648,132.0,104.0,1.0
5649,248.0,111.0,1.0
5650,164.0,191.0,1.0
5651,94.0,563.0,1.0
5652,145.0,117.0,1.0
5653,88.0,223.0,1.0
5654,75.0,251.0,1.0
5655,147.0,337.0,1.0
5656,2.0,99.0,1.0
5657,75.0,241.0,1.0
5658,100.0,47.0,1.0
5659,138.0,50.0,1.0
5660,260.0,273.0,1.0
5661,165.0,6.0,1.0
5662,248.0,223.0,1.0
5663,169.0,36.0,1.0
5664,139.0,103.0,1.0
5665,60.0,40.0,1.0
5666,86.0,1.0,1.0
5667,30.0,44.0,1.0
5668,78.0,10.0,1.0
5669,87.0,364.0,1.0
5670,147.0,206.0,1.0
5671,189.0,45.0,1.0
5672,52.0,505.0,1.0
5673,117.0,415.0,1.0
5674,208.0,27.0,1.0
5675,26.0,97.0,1.0
5676,128.0,332.0,1.0
5677,182.0,144.0,1.0
5678,196.0,59.0,1.0
5679,223.0,7.0,1.0
5680,232.0,51.0,1.0
5681,1.0,83.0,1.0
5682,75.0,54.0,1.0
5683,259.0,393.0,1.0
5684,175.0,530.0,1.0
5685,189.0,52.0,1.0
5686,155.0,502.0,1.0
5687,242.0,25.0,1.0
5688,147.0,141.0,1.0
5689,2.0,113.0,1.0
5690,81.0,379.0,1.0
5691,238.0,367.0,1.0
5692,223.0,18.0,1.0
5693,17.0,0.0,1.0
5694,11.0,87.0,1.0
5695,199.0,550.0,1.0
5696,130.0,450.0,1.0
5697,227.0,100.0,1.0
5698,164.0,103.0,1.0
5699,82.0,50.0,1.0
5700,191.0,61.0,1.0
5701,53.0,266.0,1.0
5702,81.0,130.0,1.0
5703,103.0,438.0,1.0
5704,74.0,236.0,1.0
5705,61.0,57.0,1.0
5706,145.0,310.0,1.0
5707,221.0,205.0,1.0
5708,69.0,516.0,1.0
5709,118.0,310.0,1.0
5710,75.0,0.0,1.0
5711,60.0,7.0,1.0
5712,117.0,66.0,1.0
5713,74.0,529.0,1.0
5714,10.0,175.0,1.0
5715,189.0,91.0,1.0
5716,178.0,11.0,1.0
5717,261.0,151.0,1.0
5718,113.0,159.0,1.0
5719,82.0,20.0,1.0
5720,5.0,185.0,1.0
5721,184.0,164.0,1.0
5722,187.0,417.0,1.0
5723,217.0,4.0,1.0
5724,127.0,141.0,1.0
5725,259.0,377.0,1.0
5726,114.0,130.0,1.0
5727,82.0,202.0,1.0
5728,128.0,91.0,1.0
5729,197.0,151.0,1.0
5730,151.0,12.0,1.0
5731,116.0,46.0,1.0
5732,158.0,89.0,1.0
5733,97.0,190.0,1.0
5734,71.0,195.0,1.0
5735,79.0,330.0,1.0
5736,107.0,194.0,1.0
5737,107.0,215.0,1.0
5738,148.0,337.0,1.0
5739,226.0,510.0,1.0
5740,89.0,135.0,1.0
5741,262.0,70.0,1.0
5742,182.0,233.0,1.0
5743,88.0,81.0,1.0
5744,82.0,254.0,1.0
5745,131.0,496.0,1.0
5746,178.0,13.0,1.0
5747,238.0,385.0,1.0
5748,20.0,111.0,1.0
5749,84.0,258.0,1.0
5750,60.0,300.0,1.0
5751,156.0,39.0,1.0
5752,174.0,539.0,1.0
5753,69.0,257.0,1.0
5754,199.0,181.0,1.0
5755,164.0,400.0,1.0
5756,101.0,510.0,1.0
5757,89.0,453.0,1.0
5758,212.0,195.0,1.0
5759,184.0,349.0,1.0
5760,49.0,357.0,1.0
5761,209.0,147.0,1.0
5762,67.0,413.0,1.0
5763,218.0,111.0,1.0
5764,144.0,184.0,1.0
5765,51.0,392.0,1.0
5766,134.0,150.0,1.0
5767,86.0,145.0,1.0
5768,182.0,431.0,1.0
5769,197.0,42.0,1.0
5770,175.0,577.0,1.0
5771,176.0,127.0,1.0
5772,256.0,282.0,1.0
5773,156.0,209.0,1.0
5774,214.0,111.0,1.0
5775,211.0,39.0,1.0
5776,134.0,508.0,1.0
5777,79.0,121.0,1.0
5778,238.0,348.0,1.0
5779,122.0,103.0,1.0
5780,122.0,186.0,1.0
5781,145.0,533.0,1.0
5782,178.0,47.0,1.0
5783,238.0,7.0,1.0
5784,126.0,223.0,1.0
5785,189.0,112.0,1.0
5786,7.0,47.0,1.0
5787,87.0,304.0,1.0
5788,234.0,205.0,1.0
5789,226.0,147.0,1.0
5790,75.0,174.0,1.0
5791,5.0,190.0,1.0
5792,135.0,45.0,1.0
5793,52.0,262.0,1.0
5794,104.0,389.0,1.0
5795,261.0,251.0,1.0
5796,205.0,463.0,1.0
5797,86.0,479.0,1.0
5798,105.0,59.0,1.0
5799,104.0,113.0,1.0
5800,93.0,522.0,1.0
5801,87.0,316.0,1.0
5802,266.0,96.0,1.0
5803,84.0,344.0,1.0
5804,74.0,190.0,1.0
5805,56.0,240.0,1.0
5806,28.0,35.0,1.0
5807,263.0,149.0,1.0
5808,159.0,38.0,1.0
5809,158.0,121.0,1.0
5810,156.0,222.0,1.0
5811,226.0,244.0,1.0
5812,91.0,66.0,1.0
5813,215.0,292.0,1.0
5814,201.0,586.0,1.0
5815,248.0,40.0,1.0
5816,216.0,186.0,1.0
5817,57.0,509.0,1.0
5818,91.0,326.0,1.0
5819,79.0,9.0,1.0
5820,52.0,351.0,1.0
5821,28.0,281.0,1.0
5822,142.0,223.0,1.0
5823,94.0,137.0,1.0
5824,205.0,55.0,1.0
5825,211.0,286.0,1.0
5826,116.0,67.0,1.0
5827,261.0,101.0,1.0
5828,16.0,245.0,1.0
5829,189.0,58.0,1.0
5830,8.0,202.0,1.0
5831,199.0,211.0,1.0
5832,51.0,11.0,1.0
5833,130.0,421.0,1.0
5834,206.0,205.0,1.0
5835,214.0,32.0,1.0
5836,115.0,8.0,1.0
5837,51.0,84.0,1.0
5838,96.0,509.0,1.0
5839,175.0,256.0,1.0
5840,40.0,323.0,1.0
5841,194.0,223.0,1.0
5842,150.0,388.0,1.0
5843,129.0,89.0,1.0
5844,127.0,367.0,1.0
5845,150.0,12.0,1.0
5846,232.0,269.0,1.0
5847,123.0,272.0,1.0
5848,61.0,166.0,1.0
5849,51.0,89.0,1.0
5850,90.0,245.0,1.0
5851,104.0,239.0,1.0
5852,64.0,207.0,1.0
5853,108.0,410.0,1.0
5854,132.0,39.0,1.0
5855,56.0,208.0,1.0
5856,177.0,452.0,1.0
5857,164.0,506.0,1.0
5858,56.0,47.0,1.0
5859,224.0,75.0,1.0
5860,223.0,19.0,1.0
5861,164.0,8.0,1.0
5862,91.0,45.0,1.0
5863,90.0,350.0,1.0
5864,42.0,131.0,1.0
5865,194.0,518.0,1.0
5866,130.0,253.0,1.0
5867,147.0,170.0,1.0
5868,194.0,27.0,1.0
5869,223.0,186.0,1.0
5870,94.0,521.0,1.0
5871,180.0,219.0,1.0
5872,82.0,368.0,1.0
5873,29.0,162.0,1.0
5874,105.0,251.0,1.0
5875,203.0,291.0,1.0
5876,226.0,189.0,1.0
5877,225.0,59.0,1.0
5878,123.0,145.0,1.0
5879,224.0,465.0,1.0
5880,102.0,66.0,1.0
5881,213.0,349.0,1.0
5882,53.0,447.0,1.0
5883,228.0,404.0,1.0
5884,96.0,382.0,1.0
5885,261.0,330.0,1.0
5886,223.0,135.0,1.0
5887,74.0,91.0,1.0
5888,81.0,131.0,1.0
5889,104.0,143.0,1.0
5890,141.0,178.0,1.0
5891,209.0,544.0,1.0
5892,175.0,111.0,1.0
5893,139.0,400.0,1.0
5894,82.0,77.0,1.0
5895,191.0,158.0,1.0
5896,162.0,328.0,1.0
5897,203.0,99.0,1.0
5898,8.0,31.0,1.0
5899,258.0,144.0,1.0
5900,122.0,478.0,1.0
5901,210.0,426.0,1.0
5902,180.0,236.0,1.0
5903,82.0,244.0,1.0
5904,263.0,337.0,1.0
5905,35.0,13.0,1.0
5906,223.0,89.0,1.0
5907,185.0,201.0,1.0
5908,16.0,130.0,1.0
5909,266.0,396.0,1.0
5910,1.0,36.0,1.0
5911,224.0,325.0,1.0
5912,206.0,386.0,1.0
5913,86.0,499.0,1.0
5914,102.0,429.0,1.0
5915,228.0,65.0,1.0
5916,51.0,354.0,1.0
5917,108.0,332.0,1.0
5918,183.0,284.0,1.0
5919,17.0,401.0,1.0
5920,90.0,256.0,1.0
5921,45.0,398.0,1.0
5922,16.0,215.0,1.0
5923,175.0,578.0,1.0
5924,228.0,106.0,1.0
5925,108.0,261.0,1.0
5926,152.0,369.0,1.0
5927,107.0,407.0,1.0
5928,94.0,209.0,1.0
5929,201.0,412.0,1.0
5930,223.0,209.0,1.0
5931,115.0,10.0,1.0
5932,135.0,256.0,1.0
5933,56.0,12.0,1.0
5934,53.0,239.0,1.0
5935,181.0,408.0,1.0
5936,234.0,223.0,1.0
5937,246.0,183.0,1.0
5938,39.0,398.0,1.0
5939,193.0,251.0,1.0
5940,261.0,561.0,1.0
5941,52.0,180.0,1.0
5942,191.0,378.0,1.0
5943,53.0,197.0,1.0
5944,84.0,579.0,1.0
5945,203.0,204.0,1.0
5946,153.0,369.0,1.0
5947,265.0,79.0,1.0
5948,102.0,79.0,1.0
5949,114.0,85.0,1.0
5950,96.0,523.0,1.0
5951,149.0,442.0,1.0
5952,75.0,9.0,1.0
5953,139.0,404.0,1.0
5954,178.0,38.0,1.0
5955,207.0,305.0,1.0
5956,82.0,330.0,1.0
5957,132.0,69.0,1.0
5958,183.0,486.0,1.0
5959,74.0,423.0,1.0
5960,52.0,136.0,1.0
5961,250.0,36.0,1.0
5962,181.0,36.0,1.0
5963,156.0,465.0,1.0
5964,234.0,141.0,1.0
5965,85.0,119.0,1.0
5966,121.0,78.0,1.0
5967,257.0,124.0,1.0
5968,75.0,37.0,1.0
5969,164.0,95.0,1.0
5970,228.0,75.0,1.0
5971,53.0,126.0,1.0
5972,79.0,26.0,1.0
5973,55.0,194.0,1.0
5974,163.0,110.0,1.0
5975,83.0,81.0,1.0
5976,114.0,146.0,1.0
5977,62.0,560.0,1.0
5978,33.0,124.0,1.0
5979,223.0,61.0,1.0
5980,114.0,585.0,1.0
5981,227.0,252.0,1.0
5982,90.0,78.0,1.0
5983,257.0,77.0,1.0
5984,103.0,191.0,1.0
5985,60.0,467.0,1.0
5986,234.0,26.0,1.0
5987,223.0,173.0,1.0
5988,126.0,135.0,1.0
5989,98.0,501.0,1.0
5990,105.0,459.0,1.0
5991,136.0,280.0,1.0
5992,74.0,398.0,1.0
5993,129.0,407.0,1.0
5994,135.0,91.0,1.0
5995,49.0,20.0,1.0
5996,113.0,35.0,1.0
5997,82.0,83.0,1.0
5998,226.0,511.0,1.0
5999,13.0,335.0,1.0
6000,230.0,207.0,1.0
6001,16.0,371.0,1.0
6002,176.0,100.0,1.0
6003,105.0,454.0,1.0
6004,147.0,502.0,1.0
6005,12.0,128.0,1.0
6006,84.0,28.0,1.0
6007,214.0,122.0,1.0
6008,179.0,92.0,1.0
6009,148.0,408.0,1.0
6010,42.0,284.0,1.0
6011,109.0,86.0,1.0
6012,168.0,118.0,1.0
6013,205.0,201.0,1.0
6014,87.0,283.0,1.0
6015,63.0,415.0,1.0
6016,181.0,134.0,1.0
6017,189.0,310.0,1.0
6018,87.0,209.0,1.0
6019,165.0,167.0,1.0
6020,160.0,81.0,1.0
6021,91.0,462.0,1.0
6022,169.0,241.0,1.0
6023,207.0,346.0,1.0
6024,88.0,195.0,1.0
6025,89.0,466.0,1.0
6026,10.0,113.0,1.0
6027,232.0,39.0,1.0
6028,116.0,553.0,1.0
6029,160.0,103.0,1.0
6030,149.0,336.0,1.0
6031,178.0,256.0,1.0
6032,242.0,35.0,1.0
6033,57.0,439.0,1.0
6034,37.0,50.0,1.0
6035,178.0,5.0,1.0
6036,82.0,104.0,1.0
6037,57.0,91.0,1.0
6038,1.0,42.0,1.0
6039,237.0,150.0,1.0
6040,85.0,304.0,1.0
6041,65.0,5.0,1.0
6042,9.0,58.0,1.0
6043,70.0,12.0,1.0
6044,61.0,286.0,1.0
6045,91.0,273.0,1.0
6046,150.0,32.0,1.0
6047,56.0,420.0,1.0
6048,163.0,242.0,1.0
6049,103.0,194.0,1.0
6050,165.0,326.0,1.0
6051,156.0,496.0,1.0
6052,224.0,19.0,1.0
6053,117.0,238.0,1.0
6054,214.0,206.0,1.0
6055,247.0,44.0,1.0
6056,183.0,507.0,1.0
6057,26.0,181.0,1.0
6058,153.0,204.0,1.0
6059,192.0,244.0,1.0
6060,8.0,244.0,1.0
6061,87.0,77.0,1.0
6062,3.0,140.0,1.0
6063,144.0,148.0,1.0
6064,199.0,491.0,1.0
6065,155.0,118.0,1.0
6066,56.0,125.0,1.0
6067,224.0,27.0,1.0
6068,177.0,350.0,1.0
6069,101.0,195.0,1.0
6070,149.0,72.0,1.0
6071,187.0,286.0,1.0
6072,217.0,241.0,1.0
6073,211.0,191.0,1.0
6074,6.0,7.0,1.0
6075,126.0,221.0,1.0
6076,117.0,289.0,1.0
6077,268.0,100.0,1.0
6078,102.0,259.0,1.0
6079,149.0,418.0,1.0
6080,102.0,115.0,1.0
6081,7.0,103.0,1.0
6082,262.0,57.0,1.0
6083,51.0,429.0,1.0
6084,73.0,113.0,1.0
6085,189.0,203.0,1.0
6086,207.0,146.0,1.0
6087,135.0,575.0,1.0
6088,223.0,197.0,1.0
6089,176.0,504.0,1.0
6090,157.0,126.0,1.0
6091,44.0,107.0,1.0
6092,46.0,498.0,1.0
6093,261.0,116.0,1.0
6094,128.0,147.0,1.0
6095,98.0,145.0,1.0
6096,71.0,394.0,1.0
6097,207.0,321.0,1.0
6098,65.0,138.0,1.0
6099,67.0,576.0,1.0
6100,11.0,295.0,1.0
6101,266.0,130.0,1.0
6102,203.0,88.0,1.0
6103,115.0,597.0,1.0
6104,87.0,191.0,1.0
6105,116.0,10.0,1.0
6106,177.0,196.0,1.0
6107,178.0,169.0,1.0
6108,259.0,314.0,1.0
6109,230.0,216.0,1.0
6110,105.0,465.0,1.0
6111,84.0,62.0,1.0
6112,130.0,273.0,1.0
6113,103.0,103.0,1.0
6114,166.0,399.0,1.0
6115,141.0,120.0,1.0
6116,33.0,113.0,1.0
6117,137.0,35.0,1.0
6118,26.0,208.0,1.0
6119,162.0,243.0,1.0
6120,127.0,260.0,1.0
6121,165.0,239.0,1.0
6122,250.0,111.0,1.0
6123,219.0,191.0,1.0
6124,173.0,524.0,1.0
6125,28.0,34.0,1.0
6126,0.0,15.0,1.0
6127,191.0,314.0,1.0
6128,60.0,125.0,1.0
6129,60.0,113.0,1.0
6130,126.0,185.0,1.0
6131,109.0,226.0,1.0
6132,19.0,114.0,1.0
6133,152.0,44.0,1.0
6134,35.0,20.0,1.0
6135,178.0,457.0,1.0
6136,30.0,120.0,1.0
6137,182.0,316.0,1.0
6138,178.0,208.0,1.0
6139,223.0,571.0,1.0
6140,75.0,191.0,1.0
6141,214.0,240.0,1.0
6142,178.0,407.0,1.0
6143,223.0,309.0,1.0
6144,105.0,351.0,1.0
6145,72.0,121.0,1.0
6146,181.0,404.0,1.0
6147,195.0,195.0,1.0
6148,52.0,245.0,1.0
6149,79.0,492.0,1.0
6150,211.0,157.0,1.0
6151,81.0,473.0,1.0
6152,153.0,199.0,1.0
6153,199.0,236.0,1.0
6154,129.0,191.0,1.0
6155,227.0,61.0,1.0
6156,175.0,50.0,1.0
6157,249.0,90.0,1.0
6158,203.0,0.0,1.0
6159,45.0,206.0,1.0
6160,82.0,117.0,1.0
6161,67.0,321.0,1.0
6162,126.0,47.0,1.0
6163,220.0,201.0,1.0
6164,104.0,313.0,1.0
6165,132.0,223.0,1.0
6166,90.0,196.0,1.0
6167,232.0,178.0,1.0
6168,136.0,32.0,1.0
6169,186.0,0.0,1.0
6170,242.0,398.0,1.0
6171,222.0,122.0,1.0
6172,42.0,214.0,1.0
6173,248.0,2.0,1.0
6174,183.0,181.0,1.0
6175,8.0,74.0,1.0
6176,60.0,24.0,1.0
6177,202.0,63.0,1.0
6178,250.0,464.0,1.0
6179,198.0,61.0,1.0
6180,143.0,567.0,1.0
6181,96.0,226.0,1.0
6182,1.0,34.0,1.0
6183,78.0,205.0,1.0
6184,182.0,199.0,1.0
6185,242.0,103.0,1.0
6186,81.0,471.0,1.0
6187,226.0,463.0,1.0
6188,108.0,62.0,1.0
6189,158.0,202.0,1.0
6190,183.0,97.0,1.0
6191,105.0,410.0,1.0
6192,75.0,356.0,1.0
6193,164.0,145.0,1.0
6194,211.0,319.0,1.0
6195,158.0,10.0,1.0
6196,160.0,147.0,1.0
6197,264.0,128.0,1.0
6198,178.0,398.0,1.0
6199,185.0,563.0,1.0
6200,177.0,68.0,1.0
6201,135.0,327.0,1.0
6202,223.0,337.0,1.0
6203,207.0,512.0,1.0
6204,17.0,219.0,1.0
6205,226.0,146.0,1.0
6206,39.0,146.0,1.0
6207,164.0,583.0,1.0
6208,10.0,296.0,1.0
6209,17.0,309.0,1.0
6210,123.0,226.0,1.0
6211,97.0,124.0,1.0
6212,31.0,201.0,1.0
6213,149.0,380.0,1.0
6214,47.0,120.0,1.0
6215,261.0,272.0,1.0
6216,178.0,216.0,1.0
6217,229.0,47.0,1.0
6218,177.0,427.0,1.0
6219,65.0,80.0,1.0
6220,84.0,365.0,1.0
6221,150.0,506.0,1.0
6222,175.0,180.0,1.0
6223,128.0,276.0,1.0
6224,262.0,300.0,1.0
6225,190.0,409.0,1.0
6226,90.0,40.0,1.0
6227,226.0,520.0,1.0
6228,62.0,282.0,1.0
6229,58.0,314.0,1.0
6230,52.0,496.0,1.0
6231,74.0,51.0,1.0
6232,225.0,343.0,1.0
6233,160.0,291.0,1.0
6234,137.0,11.0,1.0
6235,56.0,247.0,1.0
6236,67.0,74.0,1.0
6237,2.0,97.0,1.0
6238,39.0,118.0,1.0
6239,182.0,50.0,1.0
6240,178.0,185.0,1.0
6241,199.0,36.0,1.0
6242,226.0,308.0,1.0
6243,51.0,149.0,1.0
6244,259.0,143.0,1.0
6245,244.0,420.0,1.0
6246,26.0,252.0,1.0
6247,11.0,315.0,1.0
6248,149.0,216.0,1.0
6249,212.0,379.0,1.0
6250,214.0,21.0,1.0
6251,81.0,230.0,1.0
6252,124.0,83.0,1.0
6253,177.0,441.0,1.0
6254,117.0,532.0,1.0
6255,31.0,230.0,1.0
6256,57.0,57.0,1.0
6257,11.0,136.0,1.0
6258,64.0,326.0,1.0
6259,104.0,510.0,1.0
6260,29.0,52.0,1.0
6261,56.0,223.0,1.0
6262,63.0,393.0,1.0
6263,53.0,138.0,1.0
6264,211.0,311.0,1.0
6265,258.0,243.0,1.0
6266,250.0,39.0,1.0
6267,264.0,356.0,1.0
6268,165.0,100.0,1.0
6269,107.0,216.0,1.0
6270,17.0,91.0,1.0
6271,116.0,118.0,1.0
6272,90.0,89.0,1.0
6273,205.0,532.0,1.0
6274,128.0,246.0,1.0
6275,117.0,564.0,1.0
6276,107.0,59.0,1.0
6277,89.0,177.0,1.0
6278,145.0,221.0,1.0
6279,102.0,293.0,1.0
6280,48.0,146.0,1.0
6281,44.0,454.0,1.0
6282,82.0,426.0,1.0
6283,67.0,51.0,1.0
6284,82.0,493.0,1.0
6285,181.0,556.0,1.0
6286,71.0,18.0,1.0
6287,51.0,203.0,1.0
6288,75.0,80.0,1.0
6289,178.0,96.0,1.0
6290,197.0,380.0,1.0
6291,155.0,503.0,1.0
6292,248.0,446.0,1.0
6293,191.0,226.0,1.0
6294,234.0,57.0,1.0
6295,80.0,47.0,1.0
6296,49.0,89.0,1.0
6297,132.0,344.0,1.0
6298,17.0,379.0,1.0
6299,147.0,182.0,1.0
6300,163.0,100.0,1.0
6301,242.0,299.0,1.0
6302,145.0,116.0,1.0
6303,73.0,218.0,1.0
6304,195.0,119.0,1.0
6305,84.0,509.0,1.0
6306,250.0,42.0,1.0
6307,187.0,378.0,1.0
6308,71.0,398.0,1.0
6309,224.0,219.0,1.0
6310,181.0,471.0,1.0
6311,1.0,30.0,1.0
6312,177.0,236.0,1.0
6313,182.0,133.0,1.0
6314,154.0,553.0,1.0
6315,158.0,257.0,1.0
6316,27.0,59.0,1.0
6317,209.0,119.0,1.0
6318,189.0,10.0,1.0
6319,257.0,48.0,1.0
6320,132.0,50.0,1.0
6321,231.0,449.0,1.0
6322,232.0,44.0,1.0
6323,102.0,93.0,1.0
6324,202.0,95.0,1.0
6325,182.0,172.0,1.0
6326,9.0,279.0,1.0
6327,141.0,298.0,1.0
6328,195.0,220.0,1.0
6329,103.0,59.0,1.0
6330,234.0,309.0,1.0
6331,193.0,532.0,1.0
6332,224.0,129.0,1.0
6333,108.0,315.0,1.0
6334,250.0,43.0,1.0
6335,248.0,17.0,1.0
6336,101.0,77.0,1.0
6337,217.0,314.0,1.0
6338,218.0,153.0,1.0
6339,88.0,368.0,1.0
6340,185.0,70.0,1.0
6341,156.0,505.0,1.0
6342,234.0,224.0,1.0
6343,189.0,68.0,1.0
6344,5.0,212.0,1.0
6345,181.0,10.0,1.0
6346,126.0,206.0,1.0
6347,247.0,47.0,1.0
6348,85.0,591.0,1.0
6349,100.0,209.0,1.0
6350,90.0,282.0,1.0
6351,74.0,133.0,1.0
6352,7.0,58.0,1.0
6353,42.0,12.0,1.0
6354,89.0,252.0,1.0
6355,56.0,136.0,1.0
6356,259.0,191.0,1.0
6357,178.0,32.0,1.0
6358,261.0,167.0,1.0
6359,258.0,484.0,1.0
6360,89.0,10.0,1.0
6361,44.0,59.0,1.0
6362,44.0,150.0,1.0
6363,229.0,120.0,1.0
6364,225.0,313.0,1.0
6365,13.0,35.0,1.0
6366,99.0,437.0,1.0
6367,69.0,399.0,1.0
6368,82.0,245.0,1.0
6369,78.0,148.0,1.0
6370,233.0,397.0,1.0
6371,101.0,10.0,1.0
6372,233.0,93.0,1.0
6373,90.0,374.0,1.0
6374,205.0,164.0,1.0
6375,183.0,146.0,1.0
6376,244.0,133.0,1.0
6377,183.0,38.0,1.0
6378,116.0,103.0,1.0
6379,178.0,371.0,1.0
6380,127.0,172.0,1.0
6381,116.0,96.0,1.0
6382,165.0,45.0,1.0
6383,56.0,386.0,1.0
6384,75.0,43.0,1.0
6385,2.0,133.0,1.0
6386,87.0,64.0,1.0
6387,64.0,58.0,1.0
6388,150.0,245.0,1.0
6389,148.0,251.0,1.0
6390,215.0,482.0,1.0
6391,49.0,223.0,1.0
6392,175.0,303.0,1.0
6393,57.0,107.0,1.0
6394,17.0,304.0,1.0
6395,180.0,253.0,1.0
6396,31.0,50.0,1.0
6397,88.0,128.0,1.0
6398,81.0,86.0,1.0
6399,194.0,100.0,1.0
6400,229.0,66.0,1.0
6401,186.0,421.0,1.0
6402,74.0,36.0,1.0
6403,82.0,230.0,1.0
6404,168.0,52.0,1.0
6405,205.0,236.0,1.0
6406,230.0,576.0,1.0
6407,82.0,321.0,1.0
6408,117.0,280.0,1.0
6409,28.0,27.0,1.0
6410,156.0,412.0,1.0
6411,103.0,10.0,1.0
6412,163.0,47.0,1.0
6413,211.0,428.0,1.0
6414,205.0,527.0,1.0
6415,37.0,458.0,1.0
6416,116.0,357.0,1.0
6417,158.0,557.0,1.0
6418,56.0,544.0,1.0
6419,98.0,456.0,1.0
6420,203.0,432.0,1.0
6421,82.0,168.0,1.0
6422,82.0,146.0,1.0
6423,248.0,275.0,1.0
6424,175.0,147.0,1.0
6425,178.0,363.0,1.0
6426,168.0,109.0,1.0
6427,56.0,413.0,1.0
6428,87.0,271.0,1.0
6429,214.0,24.0,1.0
6430,106.0,240.0,1.0
6431,245.0,0.0,1.0
6432,205.0,69.0,1.0
6433,245.0,195.0,1.0
6434,218.0,169.0,1.0
6435,64.0,247.0,1.0
6436,87.0,419.0,1.0
6437,264.0,20.0,1.0
6438,56.0,437.0,1.0
6439,82.0,317.0,1.0
6440,117.0,471.0,1.0
6441,71.0,409.0,1.0
6442,200.0,34.0,1.0
6443,84.0,326.0,1.0
6444,232.0,88.0,1.0
6445,85.0,388.0,1.0
6446,233.0,495.0,1.0
6447,60.0,31.0,1.0
6448,102.0,370.0,1.0
6449,164.0,27.0,1.0
6450,65.0,511.0,1.0
6451,116.0,37.0,1.0
6452,225.0,248.0,1.0
6453,264.0,297.0,1.0
6454,223.0,222.0,1.0
6455,250.0,59.0,1.0
6456,81.0,310.0,1.0
6457,71.0,111.0,1.0
6458,43.0,44.0,1.0
6459,50.0,508.0,1.0
6460,47.0,499.0,1.0
6461,153.0,399.0,1.0
6462,2.0,123.0,1.0
6463,52.0,0.0,1.0
6464,65.0,251.0,1.0
6465,42.0,195.0,1.0
6466,246.0,252.0,1.0
6467,162.0,322.0,1.0
6468,191.0,47.0,1.0
6469,99.0,39.0,1.0
6470,60.0,365.0,1.0
6471,75.0,230.0,1.0
6472,64.0,318.0,1.0
6473,6.0,232.0,1.0
6474,15.0,59.0,1.0
6475,86.0,89.0,1.0
6476,223.0,34.0,1.0
6477,56.0,482.0,1.0
6478,82.0,324.0,1.0
6479,2.0,132.0,1.0
6480,82.0,38.0,1.0
6481,87.0,395.0,1.0
6482,32.0,121.0,1.0
6483,212.0,202.0,1.0
6484,182.0,594.0,1.0
6485,31.0,147.0,1.0
6486,53.0,92.0,1.0
6487,16.0,120.0,1.0
6488,105.0,258.0,1.0
6489,164.0,436.0,1.0
6490,62.0,351.0,1.0
6491,149.0,485.0,1.0
6492,2.0,135.0,1.0
6493,114.0,84.0,1.0
6494,126.0,1.0,1.0
6495,147.0,448.0,1.0
6496,52.0,516.0,1.0
6497,189.0,92.0,1.0
6498,93.0,117.0,1.0
6499,127.0,47.0,1.0
6500,136.0,433.0,1.0
6501,67.0,50.0,1.0
6502,127.0,64.0,1.0
6503,42.0,216.0,1.0
6504,168.0,250.0,1.0
6505,248.0,102.0,1.0
6506,257.0,514.0,1.0
6507,156.0,398.0,1.0
6508,218.0,37.0,1.0
6509,160.0,236.0,1.0
6510,164.0,53.0,1.0
6511,26.0,313.0,1.0
6512,264.0,35.0,1.0
6513,97.0,406.0,1.0
6514,117.0,230.0,1.0
6515,105.0,499.0,1.0
6516,232.0,274.0,1.0
6517,147.0,230.0,1.0
6518,234.0,218.0,1.0
6519,143.0,125.0,1.0
6520,178.0,352.0,1.0
6521,120.0,207.0,1.0
6522,161.0,334.0,1.0
6523,162.0,293.0,1.0
6524,162.0,339.0,1.0
6525,171.0,378.0,1.0
6526,207.0,66.0,1.0
6527,42.0,138.0,1.0
6528,1.0,50.0,1.0
6529,196.0,118.0,1.0
6530,206.0,425.0,1.0
6531,82.0,272.0,1.0
6532,75.0,179.0,1.0
6533,189.0,245.0,1.0
6534,155.0,226.0,1.0
6535,16.0,357.0,1.0
6536,99.0,542.0,1.0
6537,266.0,0.0,1.0
6538,48.0,261.0,1.0
6539,104.0,496.0,1.0
6540,119.0,206.0,1.0
6541,160.0,498.0,1.0
6542,63.0,59.0,1.0
6543,226.0,58.0,1.0
6544,183.0,594.0,1.0
6545,33.0,66.0,1.0
6546,94.0,45.0,1.0
6547,151.0,111.0,1.0
6548,50.0,395.0,1.0
6549,25.0,103.0,1.0
6550,115.0,100.0,1.0
6551,160.0,220.0,1.0
6552,189.0,104.0,1.0
6553,223.0,565.0,1.0
6554,248.0,95.0,1.0
6555,113.0,59.0,1.0
6556,64.0,566.0,1.0
6557,135.0,382.0,1.0
6558,228.0,22.0,1.0
6559,81.0,206.0,1.0
6560,160.0,164.0,1.0
6561,123.0,112.0,1.0
6562,217.0,100.0,1.0
6563,188.0,262.0,1.0
6564,114.0,54.0,1.0
6565,97.0,195.0,1.0
6566,89.0,121.0,1.0
6567,178.0,157.0,1.0
6568,182.0,51.0,1.0
6569,222.0,550.0,1.0
6570,96.0,62.0,1.0
6571,268.0,90.0,1.0
6572,115.0,467.0,1.0
6573,235.0,28.0,1.0
6574,34.0,116.0,1.0
6575,193.0,45.0,1.0
6576,149.0,365.0,1.0
6577,85.0,50.0,1.0
6578,70.0,382.0,1.0
6579,182.0,474.0,1.0
6580,52.0,305.0,1.0
6581,10.0,228.0,1.0
6582,34.0,300.0,1.0
6583,149.0,66.0,1.0
6584,197.0,178.0,1.0
6585,229.0,77.0,1.0
6586,130.0,420.0,1.0
6587,66.0,544.0,1.0
6588,122.0,337.0,1.0
6589,104.0,424.0,1.0
6590,202.0,50.0,1.0
6591,149.0,457.0,1.0
6592,8.0,146.0,1.0
6593,153.0,234.0,1.0
6594,65.0,125.0,1.0
6595,51.0,247.0,1.0
6596,18.0,134.0,1.0
6597,24.0,253.0,1.0
6598,5.0,68.0,1.0
6599,89.0,534.0,1.0
6600,250.0,547.0,1.0
6601,69.0,170.0,1.0
6602,158.0,320.0,1.0
6603,121.0,119.0,1.0
6604,206.0,116.0,1.0
6605,19.0,239.0,1.0
6606,65.0,192.0,1.0
6607,56.0,97.0,1.0
6608,204.0,179.0,1.0
6609,210.0,66.0,1.0
6610,144.0,87.0,1.0
6611,89.0,257.0,1.0
6612,130.0,194.0,1.0
6613,149.0,547.0,1.0
6614,74.0,534.0,1.0
6615,192.0,156.0,1.0
6616,85.0,594.0,1.0
6617,160.0,378.0,1.0
6618,182.0,146.0,1.0
6619,116.0,269.0,1.0
6620,165.0,205.0,1.0
6621,83.0,120.0,1.0
6622,122.0,263.0,1.0
6623,202.0,136.0,1.0
6624,232.0,58.0,1.0
6625,68.0,443.0,1.0
6626,214.0,216.0,1.0
6627,90.0,36.0,1.0
6628,183.0,147.0,1.0
6629,248.0,202.0,1.0
6630,93.0,87.0,1.0
6631,42.0,219.0,1.0
6632,148.0,22.0,1.0
6633,223.0,543.0,1.0
6634,82.0,470.0,1.0
6635,35.0,60.0,1.0
6636,224.0,501.0,1.0
6637,234.0,588.0,1.0
6638,178.0,566.0,1.0
6639,180.0,326.0,1.0
6640,122.0,27.0,1.0
6641,89.0,116.0,1.0
6642,97.0,466.0,1.0
6643,79.0,157.0,1.0
6644,135.0,219.0,1.0
6645,108.0,561.0,1.0
6646,149.0,341.0,1.0
6647,59.0,190.0,1.0
6648,264.0,595.0,1.0
6649,256.0,372.0,1.0
6650,148.0,527.0,1.0
6651,129.0,14.0,1.0
6652,33.0,120.0,1.0
6653,183.0,245.0,1.0
6654,69.0,512.0,1.0
6655,128.0,18.0,1.0
6656,162.0,241.0,1.0
6657,191.0,36.0,1.0
6658,256.0,225.0,1.0
6659,224.0,143.0,1.0
6660,77.0,58.0,1.0
6661,168.0,218.0,1.0
6662,82.0,246.0,1.0
6663,265.0,10.0,1.0
6664,202.0,93.0,1.0
6665,189.0,47.0,1.0
6666,99.0,117.0,1.0
6667,113.0,146.0,1.0
6668,67.0,104.0,1.0
6669,128.0,378.0,1.0
6670,247.0,70.0,1.0
6671,160.0,272.0,1.0
6672,69.0,230.0,1.0
6673,191.0,213.0,1.0
6674,179.0,185.0,1.0
6675,89.0,214.0,1.0
6676,183.0,308.0,1.0
6677,228.0,409.0,1.0
6678,177.0,346.0,1.0
6679,77.0,117.0,1.0
6680,248.0,366.0,1.0
6681,207.0,61.0,1.0
6682,6.0,230.0,1.0
6683,193.0,394.0,1.0
6684,12.0,120.0,1.0
6685,130.0,254.0,1.0
6686,44.0,47.0,1.0
6687,154.0,9.0,1.0
6688,81.0,241.0,1.0
6689,83.0,70.0,1.0
6690,183.0,300.0,1.0
6691,215.0,80.0,1.0
6692,223.0,564.0,1.0
6693,100.0,91.0,1.0
6694,193.0,541.0,1.0
6695,92.0,20.0,1.0
6696,144.0,5.0,1.0
6697,178.0,527.0,1.0
6698,189.0,118.0,1.0
6699,160.0,482.0,1.0
6700,219.0,207.0,1.0
6701,104.0,178.0,1.0
6702,209.0,35.0,1.0
6703,75.0,459.0,1.0
6704,142.0,209.0,1.0
6705,158.0,107.0,1.0
6706,205.0,257.0,1.0
6707,73.0,116.0,1.0
6708,194.0,195.0,1.0
6709,70.0,255.0,1.0
6710,71.0,14.0,1.0
6711,11.0,314.0,1.0
6712,52.0,282.0,1.0
6713,214.0,523.0,1.0
6714,97.0,223.0,1.0
6715,164.0,138.0,1.0
6716,97.0,398.0,1.0
6717,250.0,343.0,1.0
6718,90.0,120.0,1.0
6719,87.0,358.0,1.0
6720,118.0,214.0,1.0
6721,197.0,214.0,1.0
6722,256.0,224.0,1.0
6723,94.0,146.0,1.0
6724,31.0,265.0,1.0
6725,85.0,595.0,1.0
6726,13.0,86.0,1.0
6727,108.0,146.0,1.0
6728,106.0,506.0,1.0
6729,69.0,260.0,1.0
6730,223.0,510.0,1.0
6731,185.0,228.0,1.0
6732,263.0,27.0,1.0
6733,104.0,282.0,1.0
6734,56.0,116.0,1.0
6735,100.0,44.0,1.0
6736,82.0,207.0,1.0
6737,84.0,589.0,1.0
6738,56.0,271.0,1.0
6739,72.0,292.0,1.0
6740,126.0,200.0,1.0
6741,168.0,260.0,1.0
6742,261.0,39.0,1.0
6743,147.0,346.0,1.0
6744,117.0,146.0,1.0
6745,120.0,1.0,1.0
6746,57.0,421.0,1.0
6747,248.0,282.0,1.0
6748,82.0,354.0,1.0
6749,136.0,47.0,1.0
6750,65.0,411.0,1.0
6751,185.0,39.0,1.0
6752,250.0,87.0,1.0
6753,104.0,347.0,1.0
6754,11.0,36.0,1.0
6755,31.0,35.0,1.0
6756,148.0,81.0,1.0
6757,263.0,161.0,1.0
6758,164.0,314.0,1.0
6759,227.0,95.0,1.0
6760,220.0,323.0,1.0
6761,121.0,179.0,1.0
6762,130.0,54.0,1.0
6763,117.0,120.0,1.0
6764,51.0,520.0,1.0
6765,264.0,252.0,1.0
6766,211.0,266.0,1.0
6767,49.0,379.0,1.0
6768,57.0,47.0,1.0
6769,196.0,328.0,1.0
6770,191.0,120.0,1.0
6771,68.0,146.0,1.0
6772,102.0,27.0,1.0
6773,175.0,161.0,1.0
6774,121.0,351.0,1.0
6775,165.0,237.0,1.0
6776,93.0,191.0,1.0
6777,105.0,420.0,1.0
6778,242.0,191.0,1.0
6779,16.0,49.0,1.0
6780,187.0,202.0,1.0
6781,267.0,21.0,1.0
6782,96.0,262.0,1.0
6783,261.0,59.0,1.0
6784,150.0,191.0,1.0
6785,208.0,199.0,1.0
6786,197.0,570.0,1.0
6787,189.0,121.0,1.0
6788,78.0,534.0,1.0
6789,262.0,318.0,1.0
6790,72.0,222.0,1.0
6791,51.0,190.0,1.0
6792,227.0,392.0,1.0
6793,181.0,26.0,1.0
6794,85.0,194.0,1.0
6795,63.0,417.0,1.0
6796,168.0,197.0,1.0
6797,52.0,77.0,1.0
6798,264.0,120.0,1.0
6799,109.0,261.0,1.0
6800,132.0,109.0,1.0
6801,139.0,0.0,1.0
6802,44.0,469.0,1.0
6803,175.0,259.0,1.0
6804,95.0,233.0,1.0
6805,144.0,566.0,1.0
6806,90.0,346.0,1.0
6807,92.0,524.0,1.0
6808,225.0,80.0,1.0
6809,109.0,44.0,1.0
6810,81.0,401.0,1.0
6811,130.0,367.0,1.0
6812,226.0,64.0,1.0
6813,193.0,194.0,1.0
6814,78.0,117.0,1.0
6815,1.0,54.0,1.0
6816,4.0,172.0,1.0
6817,51.0,83.0,1.0
6818,200.0,336.0,1.0
6819,12.0,320.0,1.0
6820,224.0,149.0,1.0
6821,69.0,146.0,1.0
6822,29.0,194.0,1.0
6823,10.0,44.0,1.0
6824,78.0,342.0,1.0
6825,165.0,47.0,1.0
6826,175.0,222.0,1.0
6827,67.0,424.0,1.0
6828,138.0,333.0,1.0
6829,153.0,438.0,1.0
6830,52.0,12.0,1.0
6831,258.0,104.0,1.0
6832,222.0,38.0,1.0
6833,65.0,89.0,1.0
6834,94.0,523.0,1.0
6835,96.0,153.0,1.0
6836,130.0,18.0,1.0
6837,164.0,37.0,1.0
6838,218.0,39.0,1.0
6839,147.0,521.0,1.0
6840,168.0,487.0,1.0
6841,103.0,509.0,1.0
6842,262.0,500.0,1.0
6843,102.0,420.0,1.0
6844,223.0,558.0,1.0
6845,203.0,66.0,1.0
6846,56.0,408.0,1.0
6847,186.0,159.0,1.0
6848,94.0,89.0,1.0
6849,42.0,179.0,1.0
6850,85.0,279.0,1.0
6851,145.0,414.0,1.0
6852,17.0,5.0,1.0
6853,69.0,44.0,1.0
6854,24.0,428.0,1.0
6855,210.0,358.0,1.0
6856,212.0,267.0,1.0
6857,124.0,287.0,1.0
6858,145.0,470.0,1.0
6859,84.0,36.0,1.0
6860,130.0,282.0,1.0
6861,128.0,527.0,1.0
6862,175.0,352.0,1.0
6863,156.0,266.0,1.0
6864,193.0,399.0,1.0
6865,218.0,35.0,1.0
6866,230.0,32.0,1.0
6867,183.0,73.0,1.0
6868,248.0,64.0,1.0
6869,248.0,59.0,1.0
6870,159.0,382.0,1.0
6871,226.0,27.0,1.0
6872,94.0,511.0,1.0
6873,113.0,126.0,1.0
6874,150.0,404.0,1.0
6875,39.0,315.0,1.0
6876,160.0,315.0,1.0
6877,233.0,85.0,1.0
6878,155.0,19.0,1.0
6879,115.0,205.0,1.0
6880,129.0,201.0,1.0
6881,32.0,12.0,1.0
6882,18.0,155.0,1.0
6883,81.0,321.0,1.0
6884,170.0,213.0,1.0
6885,193.0,388.0,1.0
6886,186.0,31.0,1.0
6887,65.0,191.0,1.0
6888,71.0,467.0,1.0
6889,261.0,138.0,1.0
6890,4.0,173.0,1.0
6891,219.0,216.0,1.0
6892,51.0,153.0,1.0
6893,51.0,121.0,1.0
6894,102.0,140.0,1.0
6895,82.0,334.0,1.0
6896,126.0,189.0,1.0
6897,89.0,47.0,1.0
6898,2.0,26.0,1.0
6899,233.0,118.0,1.0
6900,108.0,177.0,1.0
6901,224.0,184.0,1.0
6902,161.0,92.0,1.0
6903,193.0,50.0,1.0
6904,248.0,104.0,1.0
6905,266.0,310.0,1.0
6906,102.0,356.0,1.0
6907,165.0,251.0,1.0
6908,229.0,81.0,1.0
6909,131.0,177.0,1.0
6910,32.0,262.0,1.0
6911,107.0,7.0,1.0
6912,218.0,593.0,1.0
6913,115.0,398.0,1.0
6914,88.0,103.0,1.0
6915,223.0,131.0,1.0
6916,130.0,556.0,1.0
6917,56.0,534.0,1.0
6918,85.0,345.0,1.0
6919,117.0,130.0,1.0
6920,67.0,11.0,1.0
6921,128.0,554.0,1.0
6922,223.0,251.0,1.0
6923,239.0,10.0,1.0
6924,71.0,402.0,1.0
6925,156.0,12.0,1.0
6926,223.0,527.0,1.0
6927,147.0,241.0,1.0
6928,262.0,457.0,1.0
6929,233.0,120.0,1.0
6930,181.0,143.0,1.0
6931,130.0,491.0,1.0
6932,259.0,583.0,1.0
6933,43.0,126.0,1.0
6934,7.0,36.0,1.0
6935,97.0,66.0,1.0
6936,118.0,10.0,1.0
6937,79.0,407.0,1.0
6938,106.0,320.0,1.0
6939,259.0,87.0,1.0
6940,85.0,164.0,1.0
6941,129.0,131.0,1.0
6942,39.0,12.0,1.0
6943,182.0,150.0,1.0
6944,145.0,109.0,1.0
6945,205.0,272.0,1.0
6946,74.0,583.0,1.0
6947,126.0,516.0,1.0
6948,223.0,416.0,1.0
6949,121.0,73.0,1.0
6950,199.0,260.0,1.0
6951,158.0,400.0,1.0
6952,45.0,190.0,1.0
6953,123.0,31.0,1.0
6954,142.0,202.0,1.0
6955,160.0,211.0,1.0
6956,129.0,223.0,1.0
6957,69.0,3.0,1.0
6958,59.0,406.0,1.0
6959,168.0,494.0,1.0
6960,159.0,47.0,1.0
6961,89.0,22.0,1.0
6962,205.0,196.0,1.0
6963,208.0,252.0,1.0
6964,203.0,583.0,1.0
6965,86.0,223.0,1.0
6966,248.0,269.0,1.0
6967,95.0,84.0,1.0
6968,129.0,377.0,1.0
6969,227.0,343.0,1.0
6970,143.0,234.0,1.0
6971,53.0,125.0,1.0
6972,31.0,275.0,1.0
6973,88.0,202.0,1.0
6974,130.0,576.0,1.0
6975,56.0,146.0,1.0
6976,112.0,218.0,1.0
6977,256.0,416.0,1.0
6978,223.0,411.0,1.0
6979,136.0,89.0,1.0
6980,187.0,203.0,1.0
6981,235.0,571.0,1.0
6982,211.0,50.0,1.0
6983,155.0,51.0,1.0
6984,186.0,47.0,1.0
6985,218.0,438.0,1.0
6986,81.0,22.0,1.0
6987,62.0,257.0,1.0
6988,65.0,384.0,1.0
6989,191.0,583.0,1.0
6990,147.0,181.0,1.0
6991,234.0,434.0,1.0
6992,172.0,120.0,1.0
6993,266.0,379.0,1.0
6994,250.0,251.0,1.0
6995,226.0,111.0,1.0
6996,144.0,558.0,1.0
6997,217.0,36.0,1.0
6998,87.0,27.0,1.0
6999,213.0,411.0,1.0
7000,180.0,367.0,1.0
7001,44.0,351.0,1.0
7002,208.0,99.0,1.0
7003,85.0,10.0,1.0
7004,74.0,302.0,1.0
7005,164.0,31.0,1.0
7006,127.0,138.0,1.0
7007,84.0,306.0,1.0
7008,77.0,78.0,1.0
7009,82.0,519.0,1.0
7010,256.0,10.0,1.0
7011,51.0,127.0,1.0
7012,89.0,113.0,1.0
7013,180.0,532.0,1.0
7014,239.0,121.0,1.0
7015,226.0,595.0,1.0
7016,84.0,15.0,1.0
7017,211.0,59.0,1.0
7018,214.0,330.0,1.0
7019,60.0,472.0,1.0
7020,264.0,568.0,1.0
7021,57.0,58.0,1.0
7022,175.0,116.0,1.0
7023,131.0,424.0,1.0
7024,159.0,111.0,1.0
7025,116.0,550.0,1.0
7026,65.0,169.0,1.0
7027,105.0,93.0,1.0
7028,70.0,236.0,1.0
7029,261.0,128.0,1.0
7030,152.0,31.0,1.0
7031,114.0,545.0,1.0
7032,71.0,103.0,1.0
7033,202.0,52.0,1.0
7034,223.0,103.0,1.0
7035,147.0,550.0,1.0
7036,116.0,441.0,1.0
7037,115.0,374.0,1.0
7038,52.0,280.0,1.0
7039,208.0,229.0,1.0
7040,60.0,515.0,1.0
7041,191.0,240.0,1.0
7042,21.0,120.0,1.0
7043,91.0,305.0,1.0
7044,84.0,556.0,1.0
7045,218.0,89.0,1.0
7046,64.0,260.0,1.0
7047,82.0,105.0,1.0
7048,200.0,172.0,1.0
7049,191.0,293.0,1.0
7050,140.0,218.0,1.0
7051,63.0,35.0,1.0
7052,218.0,113.0,1.0
7053,115.0,136.0,1.0
7054,50.0,66.0,1.0
7055,22.0,288.0,1.0
7056,227.0,226.0,1.0
7057,141.0,9.0,1.0
7058,222.0,241.0,1.0
7059,89.0,74.0,1.0
7060,164.0,117.0,1.0
7061,84.0,288.0,1.0
7062,119.0,48.0,1.0
7063,263.0,113.0,1.0
7064,156.0,185.0,1.0
7065,248.0,51.0,1.0
7066,224.0,191.0,1.0
7067,255.0,236.0,1.0
7068,116.0,246.0,1.0
7069,97.0,150.0,1.0
7070,87.0,439.0,1.0
7071,81.0,405.0,1.0
7072,122.0,165.0,1.0
7073,94.0,505.0,1.0
7074,209.0,179.0,1.0
7075,40.0,293.0,1.0
7076,242.0,375.0,1.0
7077,82.0,412.0,1.0
7078,102.0,41.0,1.0
7079,175.0,9.0,1.0
7080,251.0,23.0,1.0
7081,262.0,572.0,1.0
7082,26.0,204.0,1.0
7083,22.0,47.0,1.0
7084,248.0,589.0,1.0
7085,178.0,39.0,1.0
7086,19.0,146.0,1.0
7087,266.0,569.0,1.0
7088,22.0,321.0,1.0
7089,181.0,111.0,1.0
7090,114.0,492.0,1.0
7091,56.0,533.0,1.0
7092,100.0,112.0,1.0
7093,81.0,467.0,1.0
7094,196.0,155.0,1.0
7095,149.0,333.0,1.0
7096,1.0,76.0,1.0
7097,147.0,301.0,1.0
7098,52.0,202.0,1.0
7099,33.0,334.0,1.0
7100,178.0,192.0,1.0
7101,182.0,274.0,1.0
7102,16.0,157.0,1.0
7103,45.0,490.0,1.0
7104,196.0,186.0,1.0
7105,156.0,143.0,1.0
7106,145.0,100.0,1.0
7107,228.0,68.0,1.0
7108,230.0,323.0,1.0
7109,117.0,223.0,1.0
7110,147.0,64.0,1.0
7111,146.0,532.0,1.0
7112,146.0,1.0,1.0
7113,91.0,100.0,1.0
7114,136.0,104.0,1.0
7115,39.0,83.0,1.0
7116,75.0,220.0,1.0
7117,156.0,107.0,1.0
7118,132.0,230.0,1.0
7119,132.0,379.0,1.0
7120,71.0,66.0,1.0
7121,123.0,256.0,1.0
7122,92.0,529.0,1.0
7123,1.0,57.0,1.0
7124,82.0,6.0,1.0
7125,166.0,117.0,1.0
7126,193.0,135.0,1.0
7127,185.0,266.0,1.0
7128,197.0,515.0,1.0
7129,126.0,386.0,1.0
7130,178.0,573.0,1.0
7131,147.0,69.0,1.0
7132,126.0,45.0,1.0
7133,79.0,47.0,1.0
7134,136.0,229.0,1.0
7135,147.0,20.0,1.0
7136,259.0,153.0,1.0
7137,86.0,59.0,1.0
7138,65.0,196.0,1.0
7139,226.0,18.0,1.0
7140,245.0,404.0,1.0
7141,225.0,259.0,1.0
7142,127.0,496.0,1.0
7143,136.0,311.0,1.0
7144,163.0,31.0,1.0
7145,22.0,156.0,1.0
7146,122.0,205.0,1.0
7147,27.0,1.0,1.0
7148,232.0,252.0,1.0
7149,222.0,313.0,1.0
7150,210.0,413.0,1.0
7151,130.0,15.0,1.0
7152,147.0,29.0,1.0
7153,94.0,36.0,1.0
7154,60.0,186.0,1.0
7155,213.0,424.0,1.0
7156,90.0,39.0,1.0
7157,130.0,202.0,1.0
7158,223.0,511.0,1.0
7159,40.0,468.0,1.0
7160,232.0,85.0,1.0
7161,189.0,185.0,1.0
7162,211.0,31.0,1.0
7163,30.0,447.0,1.0
7164,33.0,90.0,1.0
7165,5.0,206.0,1.0
7166,250.0,228.0,1.0
7167,17.0,411.0,1.0
7168,71.0,416.0,1.0
7169,235.0,47.0,1.0
7170,196.0,22.0,1.0
7171,88.0,382.0,1.0
7172,266.0,416.0,1.0
7173,266.0,229.0,1.0
7174,56.0,348.0,1.0
7175,72.0,327.0,1.0
7176,113.0,66.0,1.0
7177,165.0,58.0,1.0
7178,61.0,50.0,1.0
7179,71.0,208.0,1.0
7180,69.0,185.0,1.0
7181,165.0,273.0,1.0
7182,53.0,525.0,1.0
7183,79.0,49.0,1.0
7184,12.0,317.0,1.0
7185,207.0,269.0,1.0
7186,266.0,393.0,1.0
7187,32.0,118.0,1.0
7188,236.0,243.0,1.0
7189,79.0,464.0,1.0
7190,42.0,77.0,1.0
7191,87.0,275.0,1.0
7192,117.0,206.0,1.0
7193,210.0,412.0,1.0
7194,68.0,80.0,1.0
7195,103.0,439.0,1.0
7196,115.0,388.0,1.0
7197,52.0,47.0,1.0
7198,217.0,287.0,1.0
7199,142.0,66.0,1.0
7200,248.0,261.0,1.0
7201,68.0,215.0,1.0
7202,99.0,472.0,1.0
7203,60.0,217.0,1.0
7204,56.0,44.0,1.0
7205,65.0,319.0,1.0
7206,255.0,70.0,1.0
7207,35.0,120.0,1.0
7208,264.0,166.0,1.0
7209,82.0,260.0,1.0
7210,164.0,146.0,1.0
7211,23.0,251.0,1.0
7212,22.0,347.0,1.0
7213,67.0,179.0,1.0
7214,22.0,311.0,1.0
7215,94.0,91.0,1.0
7216,126.0,216.0,1.0
7217,101.0,434.0,1.0
7218,202.0,452.0,1.0
7219,256.0,189.0,1.0
7220,245.0,375.0,1.0
7221,86.0,467.0,1.0
7222,102.0,219.0,1.0
7223,60.0,92.0,1.0
7224,60.0,229.0,1.0
7225,186.0,430.0,1.0
7226,142.0,100.0,1.0
7227,227.0,309.0,1.0
7228,187.0,491.0,1.0
7229,94.0,512.0,1.0
7230,44.0,201.0,1.0
7231,225.0,58.0,1.0
7232,185.0,112.0,1.0
7233,116.0,145.0,1.0
7234,52.0,31.0,1.0
7235,21.0,424.0,1.0
7236,177.0,181.0,1.0
7237,44.0,309.0,1.0
7238,223.0,404.0,1.0
7239,94.0,25.0,1.0
7240,104.0,20.0,1.0
7241,261.0,168.0,1.0
7242,175.0,169.0,1.0
7243,17.0,89.0,1.0
7244,118.0,464.0,1.0
7245,164.0,235.0,1.0
7246,264.0,162.0,1.0
7247,196.0,204.0,1.0
7248,82.0,532.0,1.0
7249,178.0,135.0,1.0
7250,22.0,31.0,1.0
7251,146.0,269.0,1.0
7252,40.0,316.0,1.0
7253,158.0,141.0,1.0
7254,90.0,172.0,1.0
7255,54.0,261.0,1.0
7256,9.0,37.0,1.0
7257,67.0,138.0,1.0
7258,136.0,274.0,1.0
7259,121.0,331.0,1.0
7260,93.0,45.0,1.0
7261,160.0,9.0,1.0
7262,144.0,534.0,1.0
7263,168.0,106.0,1.0
7264,82.0,247.0,1.0
7265,71.0,218.0,1.0
7266,175.0,326.0,1.0
7267,250.0,282.0,1.0
7268,208.0,305.0,1.0
7269,109.0,65.0,1.0
7270,182.0,81.0,1.0
7271,132.0,351.0,1.0
7272,130.0,484.0,1.0
7273,65.0,435.0,1.0
7274,56.0,250.0,1.0
7275,148.0,385.0,1.0
7276,248.0,92.0,1.0
7277,248.0,301.0,1.0
7278,175.0,199.0,1.0
7279,253.0,263.0,1.0
7280,266.0,407.0,1.0
7281,250.0,121.0,1.0
7282,115.0,410.0,1.0
7283,245.0,112.0,1.0
7284,145.0,126.0,1.0
7285,95.0,252.0,1.0
7286,164.0,190.0,1.0
7287,219.0,150.0,1.0
7288,153.0,31.0,1.0
7289,81.0,205.0,1.0
7290,182.0,584.0,1.0
7291,205.0,235.0,1.0
7292,114.0,73.0,1.0
7293,136.0,0.0,1.0
7294,102.0,65.0,1.0
7295,22.0,168.0,1.0
7296,116.0,437.0,1.0
7297,254.0,415.0,1.0
7298,136.0,92.0,1.0
7299,217.0,404.0,1.0
7300,116.0,121.0,1.0
7301,37.0,120.0,1.0
7302,89.0,202.0,1.0
7303,48.0,305.0,1.0
7304,183.0,517.0,1.0
7305,42.0,59.0,1.0
7306,248.0,69.0,1.0
7307,82.0,453.0,1.0
7308,180.0,215.0,1.0
7309,136.0,501.0,1.0
7310,194.0,193.0,1.0
7311,48.0,502.0,1.0
7312,116.0,111.0,1.0
7313,127.0,89.0,1.0
7314,217.0,156.0,1.0
7315,191.0,153.0,1.0
7316,189.0,280.0,1.0
7317,217.0,12.0,1.0
7318,112.0,147.0,1.0
7319,165.0,114.0,1.0
7320,65.0,146.0,1.0
7321,156.0,456.0,1.0
7322,197.0,6.0,1.0
7323,183.0,51.0,1.0
7324,39.0,229.0,1.0
7325,97.0,220.0,1.0
7326,65.0,66.0,1.0
7327,83.0,143.0,1.0
7328,200.0,365.0,1.0
7329,52.0,197.0,1.0
7330,98.0,126.0,1.0
7331,52.0,257.0,1.0
7332,56.0,438.0,1.0
7333,16.0,64.0,1.0
7334,2.0,93.0,1.0
7335,81.0,26.0,1.0
7336,211.0,161.0,1.0
7337,259.0,124.0,1.0
7338,44.0,491.0,1.0
7339,83.0,48.0,1.0
7340,157.0,129.0,1.0
7341,223.0,419.0,1.0
7342,5.0,117.0,1.0
7343,183.0,305.0,1.0
7344,176.0,204.0,1.0
7345,105.0,398.0,1.0
7346,83.0,116.0,1.0
7347,182.0,379.0,1.0
7348,107.0,132.0,1.0
7349,65.0,569.0,1.0
7350,128.0,164.0,1.0
7351,153.0,310.0,1.0
7352,23.0,253.0,1.0
7353,215.0,204.0,1.0
7354,83.0,245.0,1.0
7355,148.0,38.0,1.0
7356,259.0,557.0,1.0
7357,74.0,222.0,1.0
7358,63.0,416.0,1.0
7359,85.0,326.0,1.0
7360,258.0,58.0,1.0
7361,64.0,337.0,1.0
7362,88.0,401.0,1.0
7363,67.0,414.0,1.0
7364,53.0,537.0,1.0
7365,82.0,328.0,1.0
7366,122.0,447.0,1.0
7367,97.0,433.0,1.0
7368,208.0,274.0,1.0
7369,247.0,72.0,1.0
7370,156.0,0.0,1.0
7371,9.0,35.0,1.0
7372,183.0,222.0,1.0
7373,197.0,310.0,1.0
7374,86.0,44.0,1.0
7375,238.0,52.0,1.0
7376,34.0,47.0,1.0
7377,227.0,20.0,1.0
7378,74.0,518.0,1.0
7379,126.0,420.0,1.0
7380,102.0,75.0,1.0
7381,225.0,10.0,1.0
7382,123.0,392.0,1.0
7383,182.0,89.0,1.0
7384,84.0,69.0,1.0
7385,22.0,426.0,1.0
7386,26.0,66.0,1.0
7387,122.0,197.0,1.0
7388,89.0,227.0,1.0
7389,19.0,36.0,1.0
7390,259.0,69.0,1.0
7391,166.0,357.0,1.0
7392,164.0,121.0,1.0
7393,88.0,414.0,1.0
7394,126.0,49.0,1.0
7395,197.0,216.0,1.0
7396,223.0,235.0,1.0
7397,224.0,141.0,1.0
7398,88.0,1.0,1.0
7399,189.0,247.0,1.0
7400,217.0,232.0,1.0
7401,264.0,132.0,1.0
7402,89.0,80.0,1.0
7403,223.0,191.0,1.0
7404,62.0,454.0,1.0
7405,257.0,33.0,1.0
7406,205.0,203.0,1.0
7407,127.0,369.0,1.0
7408,123.0,395.0,1.0
7409,49.0,221.0,1.0
7410,33.0,129.0,1.0
7411,241.0,33.0,1.0
7412,58.0,168.0,1.0
7413,104.0,150.0,1.0
7414,52.0,33.0,1.0
7415,98.0,133.0,1.0
7416,203.0,116.0,1.0
7417,14.0,31.0,1.0
7418,224.0,204.0,1.0
7419,173.0,413.0,1.0
7420,223.0,310.0,1.0
7421,53.0,39.0,1.0
7422,133.0,241.0,1.0
7423,96.0,378.0,1.0
7424,8.0,150.0,1.0
7425,104.0,126.0,1.0
7426,160.0,227.0,1.0
7427,59.0,451.0,1.0
7428,75.0,232.0,1.0
7429,65.0,236.0,1.0
7430,250.0,8.0,1.0
7431,235.0,235.0,1.0
7432,58.0,4.0,1.0
7433,102.0,302.0,1.0
7434,218.0,296.0,1.0
7435,183.0,201.0,1.0
7436,256.0,475.0,1.0
7437,62.0,59.0,1.0
7438,175.0,575.0,1.0
7439,149.0,43.0,1.0
7440,84.0,595.0,1.0
7441,123.0,279.0,1.0
7442,135.0,362.0,1.0
7443,65.0,81.0,1.0
7444,67.0,64.0,1.0
7445,256.0,418.0,1.0
7446,217.0,227.0,1.0
7447,139.0,377.0,1.0
7448,104.0,11.0,1.0
7449,78.0,193.0,1.0
7450,145.0,393.0,1.0
7451,203.0,420.0,1.0
7452,259.0,416.0,1.0
7453,59.0,214.0,1.0
7454,129.0,415.0,1.0
7455,65.0,320.0,1.0
7456,108.0,15.0,1.0
7457,51.0,518.0,1.0
7458,49.0,392.0,1.0
7459,116.0,254.0,1.0
7460,79.0,587.0,1.0
7461,165.0,233.0,1.0
7462,225.0,282.0,1.0
7463,248.0,72.0,1.0
7464,83.0,367.0,1.0
7465,199.0,146.0,1.0
7466,156.0,534.0,1.0
7467,42.0,385.0,1.0
7468,218.0,161.0,1.0
7469,102.0,99.0,1.0
7470,88.0,62.0,1.0
7471,69.0,66.0,1.0
7472,105.0,157.0,1.0
7473,117.0,330.0,1.0
7474,227.0,103.0,1.0
7475,116.0,44.0,1.0
7476,78.0,413.0,1.0
7477,227.0,89.0,1.0
7478,175.0,26.0,1.0
7479,42.0,474.0,1.0
7480,81.0,125.0,1.0
7481,188.0,136.0,1.0
7482,135.0,315.0,1.0
7483,138.0,89.0,1.0
7484,91.0,59.0,1.0
7485,226.0,46.0,1.0
7486,9.0,70.0,1.0
7487,37.0,164.0,1.0
7488,8.0,168.0,1.0
7489,45.0,35.0,1.0
7490,84.0,91.0,1.0
7491,90.0,150.0,1.0
7492,106.0,86.0,1.0
7493,58.0,432.0,1.0
7494,130.0,48.0,1.0
7495,105.0,400.0,1.0
7496,210.0,180.0,1.0
7497,145.0,230.0,1.0
7498,13.0,256.0,1.0
7499,135.0,216.0,1.0
7500,127.0,116.0,1.0
7501,237.0,243.0,1.0
7502,93.0,92.0,1.0
7503,65.0,11.0,1.0
7504,193.0,429.0,1.0
7505,102.0,443.0,1.0
7506,234.0,197.0,1.0
7507,205.0,67.0,1.0
7508,116.0,65.0,1.0
7509,56.0,490.0,1.0
7510,71.0,26.0,1.0
7511,105.0,396.0,1.0
7512,216.0,66.0,1.0
7513,227.0,96.0,1.0
7514,42.0,205.0,1.0
7515,131.0,284.0,1.0
7516,81.0,411.0,1.0
7517,75.0,246.0,1.0
7518,136.0,137.0,1.0
7519,53.0,217.0,1.0
7520,70.0,127.0,1.0
7521,223.0,332.0,1.0
7522,116.0,36.0,1.0
7523,226.0,283.0,1.0
7524,196.0,411.0,1.0
7525,102.0,17.0,1.0
7526,146.0,138.0,1.0
7527,194.0,222.0,1.0
7528,102.0,282.0,1.0
7529,180.0,58.0,1.0
7530,102.0,37.0,1.0
7531,108.0,175.0,1.0
7532,28.0,20.0,1.0
7533,67.0,97.0,1.0
7534,263.0,305.0,1.0
7535,175.0,17.0,1.0
7536,250.0,133.0,1.0
7537,117.0,530.0,1.0
7538,10.0,90.0,1.0
7539,121.0,160.0,1.0
7540,149.0,351.0,1.0
7541,56.0,98.0,1.0
7542,132.0,103.0,1.0
7543,32.0,415.0,1.0
7544,68.0,400.0,1.0
7545,175.0,97.0,1.0
7546,208.0,168.0,1.0
7547,10.0,291.0,1.0
7548,223.0,49.0,1.0
7549,100.0,205.0,1.0
7550,206.0,382.0,1.0
7551,104.0,589.0,1.0
7552,31.0,451.0,1.0
7553,58.0,50.0,1.0
7554,262.0,102.0,1.0
7555,81.0,386.0,1.0
7556,25.0,27.0,1.0
7557,183.0,95.0,1.0
7558,37.0,66.0,1.0
7559,124.0,111.0,1.0
7560,134.0,89.0,1.0
7561,38.0,161.0,1.0
7562,128.0,350.0,1.0
7563,251.0,45.0,1.0
7564,187.0,204.0,1.0
7565,262.0,89.0,1.0
7566,83.0,474.0,1.0
7567,9.0,17.0,1.0
7568,147.0,548.0,1.0
7569,234.0,282.0,1.0
7570,164.0,533.0,1.0
7571,130.0,170.0,1.0
7572,82.0,15.0,1.0
7573,222.0,121.0,1.0
7574,116.0,236.0,1.0
7575,51.0,367.0,1.0
7576,130.0,111.0,1.0
7577,147.0,488.0,1.0
7578,165.0,222.0,1.0
7579,194.0,246.0,1.0
7580,156.0,504.0,1.0
7581,175.0,95.0,1.0
7582,187.0,389.0,1.0
7583,251.0,100.0,1.0
7584,123.0,597.0,1.0
7585,252.0,60.0,1.0
7586,105.0,239.0,1.0
7587,196.0,131.0,1.0
7588,128.0,67.0,1.0
7589,52.0,10.0,1.0
7590,16.0,45.0,1.0
7591,64.0,27.0,1.0
7592,160.0,79.0,1.0
7593,130.0,11.0,1.0
7594,175.0,57.0,1.0
7595,56.0,540.0,1.0
7596,223.0,190.0,1.0
7597,102.0,55.0,1.0
7598,116.0,60.0,1.0
7599,186.0,445.0,1.0
7600,79.0,126.0,1.0
7601,234.0,230.0,1.0
7602,241.0,175.0,1.0
7603,197.0,478.0,1.0
7604,98.0,45.0,1.0
7605,65.0,513.0,1.0
7606,226.0,10.0,1.0
7607,104.0,172.0,1.0
7608,186.0,347.0,1.0
7609,144.0,351.0,1.0
7610,213.0,226.0,1.0
7611,102.0,591.0,1.0
7612,94.0,356.0,1.0
7613,51.0,36.0,1.0
7614,101.0,125.0,1.0
7615,128.0,135.0,1.0
7616,182.0,349.0,1.0
7617,149.0,85.0,1.0
7618,65.0,460.0,1.0
7619,82.0,251.0,1.0
7620,183.0,190.0,1.0
7621,9.0,77.0,1.0
7622,17.0,389.0,1.0
7623,227.0,246.0,1.0
7624,53.0,470.0,1.0
7625,132.0,227.0,1.0
7626,200.0,103.0,1.0
7627,214.0,453.0,1.0
7628,203.0,106.0,1.0
7629,16.0,97.0,1.0
7630,143.0,413.0,1.0
7631,156.0,199.0,1.0
7632,87.0,44.0,1.0
7633,196.0,104.0,1.0
7634,170.0,384.0,1.0
7635,135.0,66.0,1.0
7636,51.0,119.0,1.0
7637,155.0,61.0,1.0
7638,108.0,61.0,1.0
7639,178.0,530.0,1.0
7640,262.0,191.0,1.0
7641,51.0,21.0,1.0
7642,237.0,160.0,1.0
7643,83.0,311.0,1.0
7644,70.0,469.0,1.0
7645,102.0,122.0,1.0
7646,211.0,91.0,1.0
7647,154.0,100.0,1.0
7648,41.0,297.0,1.0
7649,180.0,1.0,1.0
7650,64.0,35.0,1.0
7651,131.0,31.0,1.0
7652,203.0,90.0,1.0
7653,263.0,445.0,1.0
7654,105.0,388.0,1.0
7655,147.0,356.0,1.0
7656,114.0,120.0,1.0
7657,149.0,156.0,1.0
7658,144.0,191.0,1.0
7659,224.0,7.0,1.0
7660,119.0,373.0,1.0
7661,174.0,10.0,1.0
7662,248.0,63.0,1.0
7663,207.0,222.0,1.0
7664,156.0,243.0,1.0
7665,262.0,243.0,1.0
7666,16.0,363.0,1.0
7667,224.0,286.0,1.0
7668,135.0,152.0,1.0
7669,43.0,111.0,1.0
7670,202.0,439.0,1.0
7671,21.0,241.0,1.0
7672,116.0,119.0,1.0
7673,191.0,430.0,1.0
7674,123.0,181.0,1.0
7675,136.0,223.0,1.0
7676,177.0,66.0,1.0
7677,96.0,94.0,1.0
7678,178.0,111.0,1.0
7679,113.0,12.0,1.0
7680,130.0,190.0,1.0
7681,104.0,38.0,1.0
7682,108.0,229.0,1.0
7683,69.0,40.0,1.0
7684,130.0,436.0,1.0
7685,207.0,237.0,1.0
7686,88.0,12.0,1.0
7687,187.0,5.0,1.0
7688,165.0,420.0,1.0
7689,72.0,408.0,1.0
7690,96.0,461.0,1.0
7691,248.0,300.0,1.0
7692,59.0,95.0,1.0
7693,104.0,342.0,1.0
7694,182.0,181.0,1.0
7695,225.0,26.0,1.0
7696,70.0,582.0,1.0
7697,213.0,47.0,1.0
7698,246.0,39.0,1.0
7699,89.0,57.0,1.0
7700,116.0,361.0,1.0
7701,186.0,166.0,1.0
7702,164.0,273.0,1.0
7703,65.0,68.0,1.0
7704,165.0,125.0,1.0
7705,45.0,495.0,1.0
7706,203.0,158.0,1.0
7707,94.0,93.0,1.0
7708,245.0,10.0,1.0
7709,224.0,136.0,1.0
7710,60.0,42.0,1.0
7711,74.0,282.0,1.0
7712,207.0,555.0,1.0
7713,256.0,49.0,1.0
7714,65.0,564.0,1.0
7715,56.0,281.0,1.0
7716,151.0,596.0,1.0
7717,60.0,391.0,1.0
7718,248.0,500.0,1.0
7719,89.0,232.0,1.0
7720,207.0,162.0,1.0
7721,175.0,146.0,1.0
7722,146.0,113.0,1.0
7723,88.0,216.0,1.0
7724,40.0,469.0,1.0
7725,77.0,295.0,1.0
7726,218.0,592.0,1.0
7727,84.0,523.0,1.0
7728,103.0,196.0,1.0
7729,180.0,179.0,1.0
7730,116.0,95.0,1.0
7731,150.0,144.0,1.0
7732,204.0,239.0,1.0
7733,56.0,459.0,1.0
7734,99.0,132.0,1.0
7735,134.0,66.0,1.0
7736,152.0,296.0,1.0
7737,226.0,203.0,1.0
7738,244.0,514.0,1.0
7739,210.0,277.0,1.0
7740,153.0,343.0,1.0
7741,142.0,117.0,1.0
7742,87.0,260.0,1.0
7743,9.0,273.0,1.0
7744,45.0,375.0,1.0
7745,81.0,543.0,1.0
7746,226.0,264.0,1.0
7747,124.0,168.0,1.0
7748,224.0,118.0,1.0
7749,117.0,10.0,1.0
7750,189.0,195.0,1.0
7751,95.0,112.0,1.0
7752,172.0,352.0,1.0
7753,223.0,200.0,1.0
7754,108.0,565.0,1.0
7755,127.0,106.0,1.0
7756,82.0,569.0,1.0
7757,42.0,63.0,1.0
7758,160.0,491.0,1.0
7759,254.0,516.0,1.0
7760,13.0,332.0,1.0
7761,37.0,145.0,1.0
7762,235.0,517.0,1.0
7763,217.0,194.0,1.0
7764,56.0,304.0,1.0
7765,51.0,256.0,1.0
7766,147.0,11.0,1.0
7767,214.0,384.0,1.0
7768,208.0,130.0,1.0
7769,199.0,156.0,1.0
7770,183.0,287.0,1.0
7771,223.0,198.0,1.0
7772,226.0,258.0,1.0
7773,77.0,17.0,1.0
7774,226.0,259.0,1.0
7775,17.0,321.0,1.0
7776,147.0,135.0,1.0
7777,200.0,342.0,1.0
7778,231.0,343.0,1.0
7779,194.0,99.0,1.0
7780,127.0,294.0,1.0
7781,71.0,378.0,1.0
7782,96.0,89.0,1.0
7783,53.0,411.0,1.0
7784,181.0,398.0,1.0
7785,116.0,295.0,1.0
7786,160.0,97.0,1.0
7787,56.0,290.0,1.0
7788,74.0,0.0,1.0
7789,141.0,288.0,1.0
7790,48.0,113.0,1.0
7791,193.0,145.0,1.0
7792,1.0,85.0,1.0
7793,102.0,51.0,1.0
7794,129.0,241.0,1.0
7795,99.0,315.0,1.0
7796,117.0,106.0,1.0
7797,13.0,337.0,1.0
7798,53.0,326.0,1.0
7799,257.0,241.0,1.0
7800,158.0,411.0,1.0
7801,133.0,97.0,1.0
7802,51.0,40.0,1.0
7803,132.0,100.0,1.0
7804,206.0,95.0,1.0
7805,207.0,191.0,1.0
7806,54.0,271.0,1.0
7807,259.0,464.0,1.0
7808,262.0,36.0,1.0
7809,214.0,367.0,1.0
7810,153.0,547.0,1.0
7811,212.0,407.0,1.0
7812,160.0,12.0,1.0
7813,267.0,38.0,1.0
7814,48.0,255.0,1.0
7815,136.0,351.0,1.0
7816,116.0,392.0,1.0
7817,136.0,192.0,1.0
7818,17.0,116.0,1.0
7819,227.0,68.0,1.0
7820,223.0,157.0,1.0
7821,165.0,395.0,1.0
7822,195.0,223.0,1.0
7823,165.0,312.0,1.0
7824,68.0,66.0,1.0
7825,234.0,571.0,1.0
7826,87.0,204.0,1.0
7827,49.0,185.0,1.0
7828,187.0,95.0,1.0
7829,16.0,289.0,1.0
7830,240.0,149.0,1.0
7831,79.0,112.0,1.0
7832,97.0,525.0,1.0
7833,3.0,130.0,1.0
7834,69.0,62.0,1.0
7835,91.0,27.0,1.0
7836,129.0,347.0,1.0
7837,16.0,46.0,1.0
7838,190.0,191.0,1.0
7839,46.0,45.0,1.0
7840,266.0,69.0,1.0
7841,156.0,190.0,1.0
7842,52.0,216.0,1.0
7843,214.0,219.0,1.0
7844,199.0,39.0,1.0
7845,209.0,343.0,1.0
7846,186.0,475.0,1.0
7847,102.0,500.0,1.0
7848,223.0,10.0,1.0
7849,82.0,564.0,1.0
7850,223.0,539.0,1.0
7851,96.0,10.0,1.0
7852,147.0,125.0,1.0
7853,87.0,595.0,1.0
7854,90.0,485.0,1.0
7855,189.0,22.0,1.0
7856,60.0,230.0,1.0
7857,207.0,52.0,1.0
7858,259.0,116.0,1.0
7859,5.0,200.0,1.0
7860,20.0,250.0,1.0
7861,104.0,140.0,1.0
7862,56.0,126.0,1.0
7863,123.0,302.0,1.0
7864,75.0,266.0,1.0
7865,81.0,353.0,1.0
7866,147.0,208.0,1.0
7867,122.0,521.0,1.0
7868,217.0,195.0,1.0
7869,56.0,323.0,1.0
7870,104.0,22.0,1.0
7871,183.0,482.0,1.0
7872,229.0,36.0,1.0
7873,105.0,244.0,1.0
7874,65.0,208.0,1.0
7875,17.0,310.0,1.0
7876,136.0,174.0,1.0
7877,248.0,274.0,1.0
7878,267.0,100.0,1.0
7879,256.0,86.0,1.0
7880,203.0,52.0,1.0
7881,116.0,102.0,1.0
7882,65.0,220.0,1.0
7883,226.0,246.0,1.0
7884,69.0,218.0,1.0
7885,128.0,452.0,1.0
7886,197.0,26.0,1.0
7887,105.0,331.0,1.0
7888,150.0,168.0,1.0
7889,103.0,520.0,1.0
7890,81.0,8.0,1.0
7891,145.0,566.0,1.0
7892,52.0,93.0,1.0
7893,91.0,73.0,1.0
7894,56.0,360.0,1.0
7895,54.0,118.0,1.0
7896,150.0,129.0,1.0
7897,155.0,91.0,1.0
7898,129.0,412.0,1.0
7899,39.0,465.0,1.0
7900,65.0,143.0,1.0
7901,84.0,147.0,1.0
7902,232.0,52.0,1.0
7903,69.0,202.0,1.0
7904,26.0,45.0,1.0
7905,182.0,224.0,1.0
7906,60.0,555.0,1.0
7907,68.0,136.0,1.0
7908,17.0,103.0,1.0
7909,89.0,218.0,1.0
7910,107.0,348.0,1.0
7911,223.0,182.0,1.0
7912,84.0,39.0,1.0
7913,64.0,52.0,1.0
7914,243.0,451.0,1.0
7915,114.0,253.0,1.0
7916,183.0,59.0,1.0
7917,71.0,496.0,1.0
7918,162.0,431.0,1.0
7919,178.0,117.0,1.0
7920,126.0,413.0,1.0
7921,205.0,289.0,1.0
7922,174.0,476.0,1.0
7923,261.0,141.0,1.0
7924,181.0,97.0,1.0
7925,53.0,375.0,1.0
7926,262.0,573.0,1.0
7927,158.0,96.0,1.0
7928,69.0,163.0,1.0
7929,178.0,387.0,1.0
7930,13.0,330.0,1.0
7931,63.0,7.0,1.0
7932,49.0,506.0,1.0
7933,247.0,141.0,1.0
7934,81.0,201.0,1.0
7935,83.0,450.0,1.0
7936,189.0,120.0,1.0
7937,44.0,317.0,1.0
7938,123.0,282.0,1.0
7939,182.0,334.0,1.0
7940,249.0,45.0,1.0
7941,81.0,510.0,1.0
7942,75.0,62.0,1.0
7943,211.0,12.0,1.0
7944,81.0,132.0,1.0
7945,10.0,102.0,1.0
7946,114.0,362.0,1.0
7947,94.0,44.0,1.0
7948,116.0,51.0,1.0
7949,0.0,8.0,1.0
7950,59.0,416.0,1.0
7951,104.0,154.0,1.0
7952,108.0,311.0,1.0
7953,258.0,69.0,1.0
7954,141.0,356.0,1.0
7955,164.0,498.0,1.0
7956,212.0,47.0,1.0
7957,209.0,491.0,1.0
7958,226.0,509.0,1.0
7959,176.0,259.0,1.0
7960,175.0,125.0,1.0
7961,232.0,424.0,1.0
7962,86.0,378.0,1.0
7963,175.0,203.0,1.0
7964,123.0,9.0,1.0
7965,256.0,396.0,1.0
7966,179.0,10.0,1.0
7967,48.0,115.0,1.0
7968,262.0,226.0,1.0
7969,189.0,455.0,1.0
7970,197.0,229.0,1.0
7971,17.0,186.0,1.0
7972,135.0,193.0,1.0
7973,63.0,103.0,1.0
7974,116.0,150.0,1.0
7975,84.0,19.0,1.0
7976,250.0,241.0,1.0
7977,82.0,427.0,1.0
7978,115.0,145.0,1.0
7979,187.0,534.0,1.0
7980,49.0,434.0,1.0
7981,158.0,66.0,1.0
7982,229.0,206.0,1.0
7983,119.0,382.0,1.0
7984,102.0,597.0,1.0
7985,45.0,494.0,1.0
7986,156.0,129.0,1.0
7987,214.0,92.0,1.0
7988,44.0,118.0,1.0
7989,82.0,218.0,1.0
7990,60.0,44.0,1.0
7991,138.0,67.0,1.0
7992,105.0,78.0,1.0
7993,242.0,241.0,1.0
7994,182.0,113.0,1.0
7995,117.0,234.0,1.0
7996,178.0,241.0,1.0
7997,102.0,24.0,1.0
7998,51.0,526.0,1.0
7999,74.0,70.0,1.0
8000,155.0,335.0,1.0
8001,233.0,51.0,1.0
8002,126.0,120.0,1.0
8003,248.0,442.0,1.0
8004,141.0,321.0,1.0
8005,259.0,44.0,1.0
8006,75.0,92.0,1.0
8007,172.0,8.0,1.0
8008,82.0,530.0,1.0
8009,0.0,4.0,1.0
8010,123.0,234.0,1.0
8011,193.0,18.0,1.0
8012,26.0,160.0,1.0
8013,89.0,200.0,1.0
8014,226.0,281.0,1.0
8015,104.0,92.0,1.0
8016,214.0,100.0,1.0
8017,124.0,449.0,1.0
8018,133.0,560.0,1.0
8019,17.0,127.0,1.0
8020,244.0,156.0,1.0
8021,94.0,130.0,1.0
8022,188.0,334.0,1.0
8023,178.0,568.0,1.0
8024,102.0,78.0,1.0
8025,87.0,313.0,1.0
8026,65.0,326.0,1.0
8027,57.0,123.0,1.0
8028,250.0,1.0,1.0
8029,141.0,459.0,1.0
8030,195.0,64.0,1.0
8031,249.0,91.0,1.0
8032,179.0,388.0,1.0
8033,219.0,214.0,1.0
8034,74.0,253.0,1.0
8035,148.0,143.0,1.0
8036,217.0,207.0,1.0
8037,102.0,161.0,1.0
8038,56.0,294.0,1.0
8039,28.0,88.0,1.0
8040,205.0,122.0,1.0
8041,183.0,66.0,1.0
8042,22.0,153.0,1.0
8043,69.0,436.0,1.0
8044,134.0,115.0,1.0
8045,250.0,422.0,1.0
8046,122.0,89.0,1.0
8047,164.0,104.0,1.0
8048,33.0,322.0,1.0
8049,89.0,122.0,1.0
8050,87.0,426.0,1.0
8051,262.0,321.0,1.0
8052,113.0,459.0,1.0
8053,147.0,32.0,1.0
8054,232.0,65.0,1.0
8055,148.0,120.0,1.0
8056,117.0,44.0,1.0
8057,82.0,39.0,1.0
8058,131.0,74.0,1.0
8059,141.0,126.0,1.0
8060,108.0,120.0,1.0
8061,44.0,490.0,1.0
8062,87.0,159.0,1.0
8063,167.0,136.0,1.0
8064,150.0,58.0,1.0
8065,266.0,206.0,1.0
8066,193.0,221.0,1.0
8067,6.0,92.0,1.0
8068,268.0,414.0,1.0
8069,248.0,85.0,1.0
8070,52.0,384.0,1.0
8071,218.0,275.0,1.0
8072,182.0,121.0,1.0
8073,130.0,85.0,1.0
8074,116.0,356.0,1.0
8075,228.0,23.0,1.0
8076,77.0,245.0,1.0
8077,94.0,245.0,1.0
8078,206.0,311.0,1.0
8079,81.0,231.0,1.0
8080,53.0,136.0,1.0
8081,165.0,236.0,1.0
8082,128.0,123.0,1.0
8083,149.0,476.0,1.0
8084,133.0,253.0,1.0
8085,178.0,377.0,1.0
8086,147.0,221.0,1.0
8087,65.0,63.0,1.0
8088,49.0,416.0,1.0
8089,48.0,44.0,1.0
8090,115.0,47.0,1.0
8091,145.0,141.0,1.0
8092,208.0,380.0,1.0
8093,268.0,136.0,1.0
8094,160.0,39.0,1.0
8095,17.0,112.0,1.0
8096,102.0,81.0,1.0
8097,78.0,99.0,1.0
8098,122.0,256.0,1.0
8099,258.0,500.0,1.0
8100,59.0,189.0,1.0
8101,24.0,66.0,1.0
8102,116.0,137.0,1.0
8103,67.0,241.0,1.0
8104,117.0,542.0,1.0
8105,11.0,220.0,1.0
8106,91.0,337.0,1.0
8107,91.0,565.0,1.0
8108,44.0,253.0,1.0
8109,221.0,3.0,1.0
8110,178.0,360.0,1.0
8111,64.0,565.0,1.0
8112,184.0,315.0,1.0
8113,263.0,594.0,1.0
8114,104.0,423.0,1.0
8115,256.0,12.0,1.0
8116,189.0,131.0,1.0
8117,26.0,40.0,1.0
8118,77.0,203.0,1.0
8119,182.0,410.0,1.0
8120,19.0,134.0,1.0
8121,15.0,1.0,1.0
8122,129.0,534.0,1.0
8123,183.0,39.0,1.0
8124,121.0,89.0,1.0
8125,114.0,540.0,1.0
8126,177.0,359.0,1.0
8127,132.0,400.0,1.0
8128,214.0,317.0,1.0
8129,87.0,69.0,1.0
8130,64.0,167.0,1.0
8131,79.0,81.0,1.0
8132,86.0,92.0,1.0
8133,189.0,26.0,1.0
8134,164.0,2.0,1.0
8135,124.0,128.0,1.0
8136,44.0,81.0,1.0
8137,218.0,58.0,1.0
8138,74.0,445.0,1.0
8139,54.0,91.0,1.0
8140,72.0,49.0,1.0
8141,83.0,50.0,1.0
8142,141.0,573.0,1.0
8143,123.0,178.0,1.0
8144,164.0,41.0,1.0
8145,65.0,342.0,1.0
8146,262.0,9.0,1.0
8147,90.0,164.0,1.0
8148,52.0,48.0,1.0
8149,19.0,45.0,1.0
8150,40.0,57.0,1.0
8151,187.0,8.0,1.0
8152,64.0,44.0,1.0
8153,9.0,76.0,1.0
8154,183.0,367.0,1.0
8155,29.0,281.0,1.0
8156,9.0,223.0,1.0
8157,218.0,53.0,1.0
8158,259.0,310.0,1.0
8159,22.0,295.0,1.0
8160,94.0,21.0,1.0
8161,222.0,130.0,1.0
8162,256.0,205.0,1.0
8163,226.0,248.0,1.0
8164,52.0,91.0,1.0
8165,81.0,223.0,1.0
8166,81.0,416.0,1.0
8167,259.0,168.0,1.0
8168,106.0,142.0,1.0
8169,1.0,37.0,1.0
8170,219.0,411.0,1.0
8171,178.0,41.0,1.0
8172,217.0,22.0,1.0
8173,114.0,62.0,1.0
8174,207.0,74.0,1.0
8175,147.0,151.0,1.0
8176,225.0,263.0,1.0
8177,82.0,394.0,1.0
8178,147.0,171.0,1.0
8179,218.0,87.0,1.0
8180,196.0,161.0,1.0
8181,102.0,101.0,1.0
8182,65.0,209.0,1.0
8183,58.0,97.0,1.0
8184,38.0,102.0,1.0
8185,175.0,505.0,1.0
8186,134.0,143.0,1.0
8187,227.0,255.0,1.0
8188,250.0,398.0,1.0
8189,28.0,254.0,1.0
8190,28.0,297.0,1.0
8191,56.0,496.0,1.0
8192,234.0,33.0,1.0
8193,145.0,485.0,1.0
8194,158.0,451.0,1.0
8195,193.0,156.0,1.0
8196,122.0,10.0,1.0
8197,75.0,186.0,1.0
8198,87.0,282.0,1.0
8199,90.0,66.0,1.0
8200,156.0,356.0,1.0
8201,220.0,554.0,1.0
8202,143.0,39.0,1.0
8203,189.0,384.0,1.0
8204,176.0,411.0,1.0
8205,56.0,453.0,1.0
8206,183.0,479.0,1.0
8207,106.0,520.0,1.0
8208,252.0,350.0,1.0
8209,208.0,17.0,1.0
8210,98.0,330.0,1.0
8211,147.0,496.0,1.0
8212,97.0,45.0,1.0
8213,149.0,277.0,1.0
8214,53.0,148.0,1.0
8215,66.0,559.0,1.0
8216,150.0,91.0,1.0
8217,129.0,320.0,1.0
8218,149.0,69.0,1.0
8219,178.0,357.0,1.0
8220,195.0,186.0,1.0
8221,149.0,121.0,1.0
8222,52.0,529.0,1.0
8223,205.0,567.0,1.0
8224,139.0,464.0,1.0
8225,79.0,382.0,1.0
8226,79.0,38.0,1.0
8227,126.0,310.0,1.0
8228,175.0,117.0,1.0
8229,170.0,205.0,1.0
8230,218.0,304.0,1.0
8231,15.0,353.0,1.0
8232,227.0,146.0,1.0
8233,148.0,134.0,1.0
8234,147.0,451.0,1.0
8235,216.0,235.0,1.0
8236,22.0,226.0,1.0
8237,26.0,350.0,1.0
8238,104.0,168.0,1.0
8239,47.0,500.0,1.0
8240,17.0,381.0,1.0
8241,82.0,169.0,1.0
8242,232.0,150.0,1.0
8243,106.0,112.0,1.0
8244,200.0,210.0,1.0
8245,98.0,94.0,1.0
8246,7.0,117.0,1.0
8247,66.0,97.0,1.0
8248,178.0,327.0,1.0
8249,81.0,262.0,1.0
8250,49.0,116.0,1.0
8251,194.0,429.0,1.0
8252,116.0,474.0,1.0
8253,204.0,450.0,1.0
8254,179.0,471.0,1.0
8255,52.0,534.0,1.0
8256,205.0,256.0,1.0
8257,158.0,356.0,1.0
8258,234.0,38.0,1.0
8259,37.0,220.0,1.0
8260,247.0,572.0,1.0
8261,87.0,508.0,1.0
8262,171.0,159.0,1.0
8263,17.0,10.0,1.0
8264,108.0,305.0,1.0
8265,117.0,504.0,1.0
8266,164.0,206.0,1.0
8267,231.0,170.0,1.0
8268,94.0,31.0,1.0
8269,217.0,224.0,1.0
8270,125.0,272.0,1.0
8271,264.0,150.0,1.0
8272,51.0,62.0,1.0
8273,185.0,262.0,1.0
8274,175.0,400.0,1.0
8275,165.0,277.0,1.0
8276,102.0,147.0,1.0
8277,25.0,54.0,1.0
8278,85.0,430.0,1.0
8279,266.0,282.0,1.0
8280,249.0,21.0,1.0
8281,89.0,259.0,1.0
8282,185.0,597.0,1.0
8283,160.0,549.0,1.0
8284,52.0,394.0,1.0
8285,158.0,122.0,1.0
8286,255.0,22.0,1.0
8287,191.0,432.0,1.0
8288,245.0,232.0,1.0
8289,79.0,507.0,1.0
8290,5.0,210.0,1.0
8291,130.0,2.0,1.0
8292,86.0,411.0,1.0
8293,68.0,306.0,1.0
8294,93.0,223.0,1.0
8295,200.0,100.0,1.0
8296,196.0,381.0,1.0
8297,65.0,213.0,1.0
8298,108.0,122.0,1.0
8299,55.0,143.0,1.0
8300,138.0,462.0,1.0
8301,74.0,368.0,1.0
8302,87.0,71.0,1.0
8303,107.0,334.0,1.0
8304,89.0,382.0,1.0
8305,248.0,194.0,1.0
8306,213.0,147.0,1.0
8307,65.0,218.0,1.0
8308,89.0,194.0,1.0
8309,60.0,525.0,1.0
8310,149.0,562.0,1.0
8311,138.0,72.0,1.0
8312,238.0,146.0,1.0
8313,88.0,347.0,1.0
8314,133.0,416.0,1.0
8315,56.0,249.0,1.0
8316,74.0,194.0,1.0
8317,65.0,201.0,1.0
8318,177.0,40.0,1.0
8319,223.0,504.0,1.0
8320,113.0,363.0,1.0
8321,17.0,80.0,1.0
8322,200.0,303.0,1.0
8323,245.0,221.0,1.0
8324,156.0,427.0,1.0
8325,5.0,207.0,1.0
8326,39.0,217.0,1.0
8327,13.0,331.0,1.0
8328,248.0,16.0,1.0
8329,181.0,127.0,1.0
8330,127.0,247.0,1.0
8331,147.0,146.0,1.0
8332,75.0,130.0,1.0
8333,160.0,109.0,1.0
8334,246.0,180.0,1.0
8335,104.0,160.0,1.0
8336,35.0,70.0,1.0
8337,69.0,525.0,1.0
8338,26.0,305.0,1.0
8339,87.0,540.0,1.0
8340,147.0,51.0,1.0
8341,2.0,148.0,1.0
8342,139.0,25.0,1.0
8343,194.0,103.0,1.0
8344,68.0,331.0,1.0
8345,79.0,471.0,1.0
8346,12.0,156.0,1.0
8347,177.0,77.0,1.0
8348,160.0,253.0,1.0
8349,42.0,310.0,1.0
8350,203.0,165.0,1.0
8351,147.0,540.0,1.0
8352,259.0,434.0,1.0
8353,26.0,379.0,1.0
8354,142.0,309.0,1.0
8355,89.0,311.0,1.0
8356,110.0,242.0,1.0
8357,248.0,57.0,1.0
8358,49.0,69.0,1.0
8359,197.0,43.0,1.0
8360,122.0,77.0,1.0
8361,81.0,112.0,1.0
8362,191.0,178.0,1.0
8363,207.0,428.0,1.0
8364,84.0,40.0,1.0
8365,68.0,8.0,1.0
8366,174.0,109.0,1.0
8367,168.0,120.0,1.0
8368,226.0,15.0,1.0
8369,52.0,133.0,1.0
8370,13.0,77.0,1.0
8371,150.0,320.0,1.0
8372,181.0,47.0,1.0
8373,203.0,59.0,1.0
8374,51.0,33.0,1.0
8375,130.0,218.0,1.0
8376,87.0,407.0,1.0
8377,45.0,159.0,1.0
8378,110.0,27.0,1.0
8379,130.0,342.0,1.0
8380,78.0,126.0,1.0
8381,131.0,60.0,1.0
8382,104.0,292.0,1.0
8383,6.0,222.0,1.0
8384,149.0,270.0,1.0
8385,65.0,258.0,1.0
8386,128.0,549.0,1.0
8387,35.0,45.0,1.0
8388,145.0,196.0,1.0
8389,87.0,253.0,1.0
8390,147.0,191.0,1.0
8391,79.0,411.0,1.0
8392,71.0,391.0,1.0
8393,56.0,469.0,1.0
8394,165.0,168.0,1.0
8395,195.0,190.0,1.0
8396,183.0,443.0,1.0
8397,223.0,180.0,1.0
8398,183.0,494.0,1.0
8399,247.0,293.0,1.0
8400,16.0,36.0,1.0
8401,213.0,294.0,1.0
8402,91.0,191.0,1.0
8403,9.0,53.0,1.0
8404,147.0,507.0,1.0
8405,59.0,207.0,1.0
8406,49.0,232.0,1.0
8407,147.0,510.0,1.0
8408,1.0,29.0,1.0
8409,67.0,226.0,1.0
8410,263.0,65.0,1.0
8411,27.0,241.0,1.0
8412,199.0,546.0,1.0
8413,228.0,207.0,1.0
8414,248.0,35.0,1.0
8415,203.0,175.0,1.0
8416,102.0,64.0,1.0
8417,148.0,342.0,1.0
8418,115.0,227.0,1.0
8419,97.0,201.0,1.0
8420,219.0,379.0,1.0
8421,200.0,326.0,1.0
8422,185.0,342.0,1.0
8423,35.0,147.0,1.0
8424,175.0,284.0,1.0
8425,40.0,146.0,1.0
8426,91.0,240.0,1.0
8427,171.0,91.0,1.0
8428,45.0,197.0,1.0
8429,177.0,413.0,1.0
8430,119.0,387.0,1.0
8431,31.0,150.0,1.0
8432,134.0,47.0,1.0
8433,81.0,11.0,1.0
8434,81.0,118.0,1.0
8435,183.0,337.0,1.0
8436,87.0,393.0,1.0
8437,147.0,96.0,1.0
8438,232.0,104.0,1.0
8439,71.0,460.0,1.0
8440,258.0,195.0,1.0
8441,105.0,84.0,1.0
8442,223.0,225.0,1.0
8443,183.0,596.0,1.0
8444,194.0,581.0,1.0
8445,174.0,31.0,1.0
8446,234.0,368.0,1.0
8447,160.0,379.0,1.0
8448,147.0,327.0,1.0
8449,176.0,465.0,1.0
8450,147.0,573.0,1.0
8451,155.0,149.0,1.0
8452,233.0,247.0,1.0
8453,128.0,484.0,1.0
8454,251.0,316.0,1.0
8455,81.0,267.0,1.0
8456,56.0,337.0,1.0
8457,12.0,277.0,1.0
8458,34.0,313.0,1.0
8459,70.0,47.0,1.0
8460,81.0,394.0,1.0
8461,123.0,93.0,1.0
8462,113.0,45.0,1.0
8463,56.0,177.0,1.0
8464,183.0,43.0,1.0
8465,128.0,241.0,1.0
8466,105.0,479.0,1.0
8467,117.0,507.0,1.0
8468,116.0,21.0,1.0
8469,114.0,1.0,1.0
8470,65.0,357.0,1.0
8471,129.0,474.0,1.0
8472,234.0,337.0,1.0
8473,184.0,379.0,1.0
8474,49.0,10.0,1.0
8475,44.0,196.0,1.0
8476,122.0,538.0,1.0
8477,264.0,283.0,1.0
8478,126.0,466.0,1.0
8479,223.0,223.0,1.0
8480,65.0,202.0,1.0
8481,156.0,400.0,1.0
8482,176.0,247.0,1.0
8483,148.0,112.0,1.0
8484,186.0,550.0,1.0
8485,247.0,228.0,1.0
8486,10.0,122.0,1.0
8487,258.0,358.0,1.0
8488,149.0,211.0,1.0
8489,45.0,424.0,1.0
8490,148.0,556.0,1.0
8491,130.0,255.0,1.0
8492,123.0,194.0,1.0
8493,153.0,47.0,1.0
8494,172.0,519.0,1.0
8495,171.0,202.0,1.0
8496,256.0,126.0,1.0
8497,146.0,10.0,1.0
8498,149.0,570.0,1.0
8499,195.0,352.0,1.0
8500,90.0,57.0,1.0
8501,56.0,96.0,1.0
8502,141.0,51.0,1.0
8503,170.0,45.0,1.0
8504,84.0,356.0,1.0
8505,22.0,139.0,1.0
8506,250.0,11.0,1.0
8507,116.0,208.0,1.0
8508,207.0,294.0,1.0
8509,22.0,239.0,1.0
8510,133.0,574.0,1.0
8511,56.0,539.0,1.0
8512,226.0,20.0,1.0
8513,75.0,369.0,1.0
8514,44.0,247.0,1.0
8515,129.0,47.0,1.0
8516,147.0,80.0,1.0
8517,105.0,111.0,1.0
8518,71.0,516.0,1.0
8519,156.0,343.0,1.0
8520,136.0,194.0,1.0
8521,22.0,54.0,1.0
8522,65.0,355.0,1.0
8523,202.0,508.0,1.0
8524,218.0,397.0,1.0
8525,133.0,59.0,1.0
8526,262.0,139.0,1.0
8527,209.0,266.0,1.0
8528,223.0,207.0,1.0
8529,226.0,219.0,1.0
8530,208.0,63.0,1.0
8531,22.0,21.0,1.0
8532,168.0,216.0,1.0
8533,228.0,46.0,1.0
8534,120.0,32.0,1.0
8535,193.0,142.0,1.0
8536,64.0,156.0,1.0
8537,242.0,356.0,1.0
8538,203.0,153.0,1.0
8539,64.0,562.0,1.0
8540,126.0,408.0,1.0
8541,64.0,12.0,1.0
8542,226.0,306.0,1.0
8543,22.0,292.0,1.0
8544,127.0,255.0,1.0
8545,202.0,191.0,1.0
8546,207.0,113.0,1.0
8547,64.0,567.0,1.0
8548,151.0,138.0,1.0
8549,141.0,111.0,1.0
8550,1.0,48.0,1.0
8551,156.0,410.0,1.0
8552,31.0,289.0,1.0
8553,250.0,24.0,1.0
8554,19.0,106.0,1.0
8555,110.0,96.0,1.0
8556,60.0,223.0,1.0
8557,150.0,400.0,1.0
8558,123.0,245.0,1.0
8559,64.0,125.0,1.0
8560,28.0,146.0,1.0
8561,232.0,71.0,1.0
8562,87.0,201.0,1.0
8563,224.0,378.0,1.0
8564,192.0,204.0,1.0
8565,17.0,74.0,1.0
8566,91.0,441.0,1.0
8567,129.0,229.0,1.0
8568,51.0,382.0,1.0
8569,145.0,138.0,1.0
8570,94.0,429.0,1.0
8571,141.0,533.0,1.0
8572,166.0,492.0,1.0
8573,203.0,117.0,1.0
8574,101.0,91.0,1.0
8575,102.0,395.0,1.0
8576,36.0,159.0,1.0
8577,66.0,485.0,1.0
8578,2.0,144.0,1.0
8579,56.0,350.0,1.0
8580,85.0,32.0,1.0
8581,89.0,189.0,1.0
8582,194.0,111.0,1.0
8583,60.0,552.0,1.0
8584,126.0,81.0,1.0
8585,105.0,113.0,1.0
8586,230.0,10.0,1.0
8587,145.0,376.0,1.0
8588,200.0,427.0,1.0
8589,241.0,343.0,1.0
8590,210.0,168.0,1.0
8591,189.0,43.0,1.0
8592,207.0,59.0,1.0
8593,85.0,64.0,1.0
8594,129.0,22.0,1.0
8595,68.0,150.0,1.0
8596,175.0,174.0,1.0
8597,256.0,202.0,1.0
8598,183.0,219.0,1.0
8599,227.0,194.0,1.0
8600,46.0,24.0,1.0
8601,52.0,268.0,1.0
8602,133.0,431.0,1.0
8603,201.0,116.0,1.0
8604,96.0,272.0,1.0
8605,136.0,97.0,1.0
8606,266.0,217.0,1.0
8607,189.0,201.0,1.0
8608,81.0,476.0,1.0
8609,128.0,73.0,1.0
8610,81.0,7.0,1.0
8611,64.0,176.0,1.0
8612,75.0,3.0,1.0
8613,225.0,50.0,1.0
8614,193.0,523.0,1.0
8615,169.0,9.0,1.0
8616,186.0,66.0,1.0
8617,96.0,110.0,1.0
8618,89.0,505.0,1.0
8619,139.0,391.0,1.0
8620,236.0,362.0,1.0
8621,116.0,85.0,1.0
8622,86.0,138.0,1.0
8623,87.0,153.0,1.0
8624,116.0,265.0,1.0
8625,24.0,354.0,1.0
8626,109.0,40.0,1.0
8627,84.0,513.0,1.0
8628,82.0,277.0,1.0
8629,143.0,253.0,1.0
8630,53.0,186.0,1.0
8631,221.0,147.0,1.0
8632,126.0,136.0,1.0
8633,130.0,247.0,1.0
8634,164.0,375.0,1.0
8635,79.0,482.0,1.0
8636,150.0,24.0,1.0
8637,122.0,281.0,1.0
8638,56.0,440.0,1.0
8639,16.0,70.0,1.0
8640,203.0,270.0,1.0
8641,2.0,110.0,1.0
8642,183.0,341.0,1.0
8643,229.0,103.0,1.0
8644,79.0,207.0,1.0
8645,56.0,144.0,1.0
8646,183.0,478.0,1.0
8647,183.0,93.0,1.0
8648,261.0,154.0,1.0
8649,183.0,185.0,1.0
8650,196.0,235.0,1.0
8651,226.0,518.0,1.0
8652,53.0,81.0,1.0
8653,158.0,50.0,1.0
8654,130.0,440.0,1.0
8655,17.0,416.0,1.0
8656,102.0,496.0,1.0
8657,127.0,8.0,1.0
8658,124.0,179.0,1.0
8659,86.0,410.0,1.0
8660,84.0,435.0,1.0
8661,78.0,466.0,1.0
8662,170.0,133.0,1.0
8663,72.0,521.0,1.0
8664,217.0,95.0,1.0
8665,247.0,456.0,1.0
8666,130.0,20.0,1.0
8667,177.0,179.0,1.0
8668,259.0,64.0,1.0
8669,102.0,67.0,1.0
8670,147.0,33.0,1.0
8671,264.0,137.0,1.0
8672,82.0,24.0,1.0
8673,114.0,577.0,1.0
8674,79.0,39.0,1.0
8675,97.0,320.0,1.0
8676,144.0,120.0,1.0
8677,96.0,136.0,1.0
8678,250.0,364.0,1.0
8679,242.0,62.0,1.0
8680,82.0,399.0,1.0
8681,104.0,196.0,1.0
8682,87.0,356.0,1.0
8683,9.0,283.0,1.0
8684,160.0,64.0,1.0
8685,51.0,228.0,1.0
8686,83.0,578.0,1.0
8687,107.0,542.0,1.0
8688,102.0,285.0,1.0
8689,250.0,125.0,1.0
8690,242.0,81.0,1.0
8691,75.0,122.0,1.0
8692,178.0,10.0,1.0
8693,6.0,191.0,1.0
8694,25.0,61.0,1.0
8695,68.0,268.0,1.0
8696,28.0,149.0,1.0
8697,237.0,58.0,1.0
8698,11.0,116.0,1.0
8699,166.0,191.0,1.0
8700,69.0,45.0,1.0
8701,84.0,35.0,1.0
8702,127.0,111.0,1.0
8703,156.0,145.0,1.0
8704,81.0,66.0,1.0
8705,7.0,128.0,1.0
8706,54.0,306.0,1.0
8707,78.0,398.0,1.0
8708,22.0,427.0,1.0
8709,107.0,554.0,1.0
8710,197.0,147.0,1.0
8711,182.0,591.0,1.0
8712,119.0,402.0,1.0
8713,87.0,202.0,1.0
8714,71.0,470.0,1.0
8715,214.0,45.0,1.0
8716,123.0,460.0,1.0
8717,39.0,314.0,1.0
8718,147.0,100.0,1.0
8719,136.0,70.0,1.0
8720,214.0,125.0,1.0
8721,22.0,375.0,1.0
8722,177.0,203.0,1.0
8723,77.0,483.0,1.0
8724,189.0,348.0,1.0
8725,164.0,252.0,1.0
8726,207.0,468.0,1.0
8727,138.0,343.0,1.0
8728,39.0,7.0,1.0
8729,182.0,517.0,1.0
8730,75.0,282.0,1.0
8731,85.0,236.0,1.0
8732,266.0,126.0,1.0
8733,86.0,186.0,1.0
8734,75.0,36.0,1.0
8735,261.0,147.0,1.0
8736,71.0,232.0,1.0
8737,79.0,190.0,1.0
8738,74.0,86.0,1.0
8739,82.0,95.0,1.0
8740,78.0,218.0,1.0
8741,88.0,100.0,1.0
8742,71.0,399.0,1.0
8743,96.0,35.0,1.0
8744,243.0,196.0,1.0
8745,207.0,246.0,1.0
8746,248.0,222.0,1.0
8747,53.0,358.0,1.0
8748,223.0,95.0,1.0
8749,127.0,26.0,1.0
8750,31.0,73.0,1.0
8751,118.0,382.0,1.0
8752,21.0,52.0,1.0
8753,90.0,3.0,1.0
8754,163.0,126.0,1.0
8755,107.0,388.0,1.0
8756,75.0,210.0,1.0
8757,32.0,142.0,1.0
8758,53.0,534.0,1.0
8759,128.0,282.0,1.0
8760,99.0,227.0,1.0
8761,168.0,112.0,1.0
8762,147.0,72.0,1.0
8763,148.0,287.0,1.0
8764,38.0,113.0,1.0
8765,104.0,153.0,1.0
8766,259.0,415.0,1.0
8767,87.0,487.0,1.0
8768,145.0,233.0,1.0
8769,16.0,264.0,1.0
8770,25.0,435.0,1.0
8771,20.0,45.0,1.0
8772,128.0,36.0,1.0
8773,209.0,438.0,1.0
8774,74.0,202.0,1.0
8775,203.0,115.0,1.0
8776,93.0,504.0,1.0
8777,147.0,368.0,1.0
8778,186.0,213.0,1.0
8779,147.0,534.0,1.0
8780,136.0,347.0,1.0
8781,159.0,378.0,1.0
8782,147.0,255.0,1.0
8783,164.0,175.0,1.0
8784,81.0,126.0,1.0
8785,234.0,528.0,1.0
8786,69.0,486.0,1.0
8787,52.0,221.0,1.0
8788,65.0,1.0,1.0
8789,82.0,115.0,1.0
8790,156.0,122.0,1.0
8791,116.0,281.0,1.0
8792,35.0,154.0,1.0
8793,71.0,353.0,1.0
8794,37.0,462.0,1.0
8795,51.0,69.0,1.0
8796,178.0,7.0,1.0
8797,87.0,226.0,1.0
8798,165.0,196.0,1.0
8799,65.0,47.0,1.0
8800,56.0,172.0,1.0
8801,190.0,403.0,1.0
8802,199.0,130.0,1.0
8803,191.0,130.0,1.0
8804,158.0,198.0,1.0
8805,191.0,268.0,1.0
8806,200.0,53.0,1.0
8807,256.0,253.0,1.0
8808,114.0,462.0,1.0
8809,8.0,254.0,1.0
8810,185.0,190.0,1.0
8811,130.0,160.0,1.0
8812,4.0,68.0,1.0
8813,67.0,77.0,1.0
8814,109.0,246.0,1.0
8815,52.0,416.0,1.0
8816,115.0,589.0,1.0
8817,158.0,205.0,1.0
8818,44.0,143.0,1.0
8819,203.0,143.0,1.0
8820,83.0,95.0,1.0
8821,259.0,391.0,1.0
8822,87.0,52.0,1.0
8823,189.0,492.0,1.0
8824,51.0,522.0,1.0
8825,144.0,92.0,1.0
8826,9.0,265.0,1.0
8827,138.0,22.0,1.0
8828,248.0,280.0,1.0
8829,225.0,446.0,1.0
8830,149.0,70.0,1.0
8831,77.0,555.0,1.0
8832,222.0,515.0,1.0
8833,116.0,259.0,1.0
8834,69.0,175.0,1.0
8835,217.0,66.0,1.0
8836,268.0,141.0,1.0
8837,183.0,270.0,1.0
8838,93.0,145.0,1.0
8839,224.0,25.0,1.0
8840,223.0,287.0,1.0
8841,182.0,9.0,1.0
8842,2.0,90.0,1.0
8843,102.0,149.0,1.0
8844,64.0,251.0,1.0
8845,86.0,191.0,1.0
8846,117.0,7.0,1.0
8847,217.0,214.0,1.0
8848,141.0,478.0,1.0
8849,245.0,348.0,1.0
8850,217.0,117.0,1.0
8851,182.0,59.0,1.0
8852,229.0,67.0,1.0
8853,228.0,203.0,1.0
8854,250.0,210.0,1.0
8855,79.0,415.0,1.0
8856,86.0,504.0,1.0
8857,265.0,116.0,1.0
8858,22.0,36.0,1.0
8859,127.0,166.0,1.0
8860,87.0,7.0,1.0
8861,17.0,126.0,1.0
8862,264.0,82.0,1.0
8863,52.0,403.0,1.0
8864,130.0,51.0,1.0
8865,82.0,193.0,1.0
8866,255.0,77.0,1.0
8867,87.0,37.0,1.0
8868,128.0,574.0,1.0
8869,122.0,573.0,1.0
8870,262.0,143.0,1.0
8871,84.0,267.0,1.0
8872,244.0,323.0,1.0
8873,90.0,81.0,1.0
8874,84.0,287.0,1.0
8875,268.0,152.0,1.0
8876,218.0,313.0,1.0
8877,51.0,49.0,1.0
8878,13.0,59.0,1.0
8879,195.0,25.0,1.0
8880,109.0,369.0,1.0
8881,222.0,175.0,1.0
8882,105.0,16.0,1.0
8883,53.0,62.0,1.0
8884,93.0,190.0,1.0
8885,183.0,137.0,1.0
8886,84.0,127.0,1.0
8887,248.0,56.0,1.0
8888,56.0,264.0,1.0
8889,19.0,305.0,1.0
8890,181.0,377.0,1.0
8891,74.0,245.0,1.0
8892,245.0,201.0,1.0
8893,156.0,449.0,1.0
8894,90.0,354.0,1.0
8895,10.0,307.0,1.0
8896,113.0,370.0,1.0
8897,2.0,122.0,1.0
8898,149.0,280.0,1.0
8899,175.0,490.0,1.0
8900,183.0,85.0,1.0
8901,156.0,100.0,1.0
8902,83.0,343.0,1.0
8903,87.0,196.0,1.0
8904,122.0,115.0,1.0
8905,82.0,190.0,1.0
8906,255.0,145.0,1.0
8907,188.0,127.0,1.0
8908,175.0,241.0,1.0
8909,168.0,138.0,1.0
8910,145.0,0.0,1.0
8911,202.0,392.0,1.0
8912,261.0,178.0,1.0
8913,177.0,38.0,1.0
8914,5.0,39.0,1.0
8915,193.0,177.0,1.0
8916,16.0,343.0,1.0
8917,168.0,474.0,1.0
8918,1.0,51.0,1.0
8919,74.0,214.0,1.0
8920,197.0,496.0,1.0
8921,105.0,131.0,1.0
8922,130.0,30.0,1.0
8923,199.0,154.0,1.0
8924,183.0,325.0,1.0
8925,145.0,423.0,1.0
8926,13.0,146.0,1.0
8927,52.0,434.0,1.0
8928,87.0,58.0,1.0
8929,37.0,124.0,1.0
8930,217.0,398.0,1.0
8931,259.0,417.0,1.0
8932,148.0,307.0,1.0
8933,233.0,274.0,1.0
8934,209.0,175.0,1.0
8935,84.0,37.0,1.0
8936,98.0,513.0,1.0
8937,65.0,470.0,1.0
8938,259.0,229.0,1.0
8939,3.0,90.0,1.0
8940,149.0,172.0,1.0
8941,153.0,429.0,1.0
8942,44.0,289.0,1.0
8943,128.0,318.0,1.0
8944,203.0,252.0,1.0
8945,106.0,127.0,1.0
8946,133.0,394.0,1.0
8947,138.0,147.0,1.0
8948,17.0,47.0,1.0
8949,71.0,205.0,1.0
8950,82.0,205.0,1.0
8951,189.0,399.0,1.0
8952,50.0,420.0,1.0
8953,42.0,207.0,1.0
8954,26.0,359.0,1.0
8955,51.0,181.0,1.0
8956,136.0,257.0,1.0
8957,231.0,203.0,1.0
8958,117.0,356.0,1.0
8959,87.0,381.0,1.0
8960,65.0,216.0,1.0
8961,149.0,39.0,1.0
8962,169.0,459.0,1.0
8963,187.0,92.0,1.0
8964,117.0,228.0,1.0
8965,64.0,379.0,1.0
8966,102.0,28.0,1.0
8967,98.0,66.0,1.0
8968,68.0,430.0,1.0
8969,5.0,196.0,1.0
8970,94.0,242.0,1.0
8971,117.0,251.0,1.0
8972,145.0,31.0,1.0
8973,114.0,223.0,1.0
8974,84.0,340.0,1.0
8975,156.0,536.0,1.0
8976,245.0,588.0,1.0
8977,266.0,35.0,1.0
8978,0.0,5.0,1.0
8979,233.0,459.0,1.0
8980,226.0,99.0,1.0
8981,147.0,50.0,1.0
8982,251.0,47.0,1.0
8983,114.0,111.0,1.0
8984,102.0,565.0,1.0
8985,169.0,124.0,1.0
8986,165.0,240.0,1.0
8987,26.0,95.0,1.0
8988,175.0,467.0,1.0
8989,134.0,459.0,1.0
8990,53.0,10.0,1.0
8991,117.0,224.0,1.0
8992,220.0,180.0,1.0
8993,256.0,320.0,1.0
8994,81.0,89.0,1.0
8995,264.0,309.0,1.0
8996,156.0,112.0,1.0
8997,87.0,122.0,1.0
8998,145.0,58.0,1.0
8999,186.0,176.0,1.0
9000,267.0,273.0,1.0
9001,82.0,456.0,1.0
9002,136.0,436.0,1.0
9003,153.0,26.0,1.0
9004,2.0,124.0,1.0
9005,84.0,197.0,1.0
9006,117.0,408.0,1.0
9007,31.0,9.0,1.0
9008,226.0,367.0,1.0
9009,158.0,8.0,1.0
9010,46.0,496.0,1.0
9011,82.0,81.0,1.0
9012,105.0,148.0,1.0
9013,210.0,81.0,1.0
9014,199.0,208.0,1.0
9015,182.0,397.0,1.0
9016,129.0,3.0,1.0
9017,73.0,191.0,1.0
9018,245.0,103.0,1.0
9019,169.0,427.0,1.0
9020,155.0,161.0,1.0
9021,122.0,217.0,1.0
9022,95.0,438.0,1.0
9023,203.0,213.0,1.0
9024,207.0,130.0,1.0
9025,102.0,256.0,1.0
9026,114.0,259.0,1.0
9027,42.0,227.0,1.0
9028,11.0,294.0,1.0
9029,127.0,593.0,1.0
9030,145.0,146.0,1.0
9031,106.0,81.0,1.0
9032,129.0,36.0,1.0
9033,234.0,404.0,1.0
9034,8.0,240.0,1.0
9035,22.0,171.0,1.0
9036,223.0,185.0,1.0
9037,218.0,19.0,1.0
9038,90.0,533.0,1.0
9039,23.0,10.0,1.0
9040,266.0,185.0,1.0
9041,183.0,365.0,1.0
9042,13.0,327.0,1.0
9043,37.0,159.0,1.0
9044,45.0,426.0,1.0
9045,116.0,411.0,1.0
9046,74.0,120.0,1.0
9047,101.0,12.0,1.0
9048,154.0,509.0,1.0
9049,17.0,377.0,1.0
9050,71.0,262.0,1.0
9051,159.0,81.0,1.0
9052,226.0,377.0,1.0
9053,123.0,66.0,1.0
9054,198.0,70.0,1.0
9055,178.0,210.0,1.0
9056,114.0,40.0,1.0
9057,17.0,376.0,1.0
9058,248.0,53.0,1.0
9059,164.0,301.0,1.0
9060,267.0,120.0,1.0
9061,226.0,556.0,1.0
9062,147.0,184.0,1.0
9063,105.0,460.0,1.0
9064,168.0,521.0,1.0
9065,140.0,282.0,1.0
9066,178.0,46.0,1.0
9067,207.0,436.0,1.0
9068,141.0,226.0,1.0
9069,43.0,91.0,1.0
9070,115.0,498.0,1.0
9071,214.0,251.0,1.0
9072,116.0,81.0,1.0
9073,114.0,50.0,1.0
9074,138.0,178.0,1.0
9075,8.0,98.0,1.0
9076,87.0,459.0,1.0
9077,248.0,33.0,1.0
9078,1.0,19.0,1.0
9079,197.0,257.0,1.0
9080,178.0,231.0,1.0
9081,2.0,100.0,1.0
9082,226.0,594.0,1.0
9083,199.0,554.0,1.0
9084,102.0,301.0,1.0
9085,226.0,230.0,1.0
9086,63.0,0.0,1.0
9087,162.0,37.0,1.0
9088,87.0,541.0,1.0
9089,217.0,251.0,1.0
9090,168.0,126.0,1.0
9091,156.0,596.0,1.0
9092,16.0,27.0,1.0
9093,153.0,207.0,1.0
9094,158.0,383.0,1.0
9095,82.0,93.0,1.0
9096,182.0,103.0,1.0
9097,69.0,413.0,1.0
9098,142.0,451.0,1.0
9099,248.0,50.0,1.0
9100,45.0,59.0,1.0
9101,129.0,470.0,1.0
9102,115.0,92.0,1.0
9103,85.0,219.0,1.0
9104,130.0,424.0,1.0
9105,55.0,441.0,1.0
9106,187.0,492.0,1.0
9107,209.0,146.0,1.0
9108,158.0,227.0,1.0
9109,75.0,261.0,1.0
9110,145.0,315.0,1.0
9111,57.0,255.0,1.0
9112,82.0,407.0,1.0
9113,65.0,474.0,1.0
9114,193.0,503.0,1.0
9115,178.0,368.0,1.0
9116,149.0,548.0,1.0
9117,85.0,252.0,1.0
9118,85.0,91.0,1.0
9119,123.0,223.0,1.0
9120,83.0,496.0,1.0
9121,56.0,254.0,1.0
9122,19.0,147.0,1.0
9123,150.0,216.0,1.0
9124,211.0,337.0,1.0
9125,126.0,202.0,1.0
9126,85.0,70.0,1.0
9127,216.0,116.0,1.0
9128,141.0,379.0,1.0
9129,147.0,3.0,1.0
9130,89.0,213.0,1.0
9131,193.0,434.0,1.0
9132,185.0,24.0,1.0
9133,145.0,124.0,1.0
9134,85.0,76.0,1.0
9135,191.0,159.0,1.0
9136,56.0,457.0,1.0
9137,222.0,178.0,1.0
9138,108.0,445.0,1.0
9139,218.0,60.0,1.0
9140,104.0,226.0,1.0
9141,28.0,130.0,1.0
9142,129.0,307.0,1.0
9143,159.0,65.0,1.0
9144,203.0,159.0,1.0
9145,124.0,277.0,1.0
9146,212.0,416.0,1.0
9147,196.0,32.0,1.0
9148,126.0,147.0,1.0
9149,198.0,141.0,1.0
9150,266.0,222.0,1.0
9151,106.0,70.0,1.0
9152,65.0,111.0,1.0
9153,141.0,113.0,1.0
9154,245.0,66.0,1.0
9155,60.0,58.0,1.0
9156,47.0,464.0,1.0
9157,171.0,556.0,1.0
9158,244.0,434.0,1.0
9159,211.0,126.0,1.0
9160,87.0,306.0,1.0
9161,53.0,123.0,1.0
9162,74.0,47.0,1.0
9163,56.0,28.0,1.0
9164,85.0,510.0,1.0
9165,200.0,211.0,1.0
9166,113.0,81.0,1.0
9167,178.0,284.0,1.0
9168,182.0,143.0,1.0
9169,150.0,225.0,1.0
9170,121.0,527.0,1.0
9171,142.0,423.0,1.0
9172,17.0,218.0,1.0
9173,224.0,577.0,1.0
9174,189.0,225.0,1.0
9175,248.0,233.0,1.0
9176,22.0,50.0,1.0
9177,126.0,287.0,1.0
9178,186.0,146.0,1.0
9179,49.0,222.0,1.0
9180,10.0,288.0,1.0
9181,238.0,395.0,1.0
9182,123.0,459.0,1.0
9183,39.0,207.0,1.0
9184,178.0,59.0,1.0
9185,218.0,319.0,1.0
9186,54.0,71.0,1.0
9187,178.0,173.0,1.0
9188,147.0,45.0,1.0
9189,222.0,458.0,1.0
9190,65.0,356.0,1.0
9191,68.0,77.0,1.0
9192,149.0,220.0,1.0
9193,226.0,37.0,1.0
9194,81.0,219.0,1.0
9195,108.0,162.0,1.0
9196,74.0,415.0,1.0
9197,56.0,39.0,1.0
9198,16.0,259.0,1.0
9199,129.0,10.0,1.0
9200,187.0,217.0,1.0
9201,60.0,553.0,1.0
9202,123.0,42.0,1.0
9203,261.0,120.0,1.0
9204,178.0,533.0,1.0
9205,64.0,175.0,1.0
9206,82.0,86.0,1.0
9207,226.0,17.0,1.0
9208,49.0,391.0,1.0
9209,230.0,133.0,1.0
9210,87.0,279.0,1.0
9211,71.0,216.0,1.0
9212,164.0,147.0,1.0
9213,180.0,223.0,1.0
9214,252.0,170.0,1.0
9215,145.0,219.0,1.0
9216,53.0,250.0,1.0
9217,59.0,460.0,1.0
9218,166.0,10.0,1.0
9219,189.0,394.0,1.0
9220,218.0,326.0,1.0
9221,176.0,352.0,1.0
9222,97.0,70.0,1.0
9223,156.0,124.0,1.0
9224,137.0,190.0,1.0
9225,223.0,261.0,1.0
9226,81.0,199.0,1.0
9227,149.0,71.0,1.0
9228,182.0,327.0,1.0
9229,189.0,80.0,1.0
9230,9.0,24.0,1.0
9231,203.0,425.0,1.0
9232,147.0,9.0,1.0
9233,71.0,201.0,1.0
9234,207.0,572.0,1.0
9235,158.0,410.0,1.0
9236,193.0,51.0,1.0
9237,182.0,535.0,1.0
9238,117.0,138.0,1.0
9239,189.0,226.0,1.0
9240,52.0,146.0,1.0
9241,128.0,493.0,1.0
9242,9.0,29.0,1.0
9243,136.0,582.0,1.0
9244,145.0,115.0,1.0
9245,229.0,164.0,1.0
9246,182.0,295.0,1.0
9247,165.0,214.0,1.0
9248,84.0,308.0,1.0
9249,136.0,103.0,1.0
9250,129.0,360.0,1.0
9251,45.0,97.0,1.0
9252,82.0,523.0,1.0
9253,57.0,130.0,1.0
9254,259.0,78.0,1.0
9255,257.0,11.0,1.0
9256,116.0,247.0,1.0
9257,104.0,115.0,1.0
9258,223.0,99.0,1.0
9259,236.0,45.0,1.0
9260,178.0,427.0,1.0
9261,194.0,92.0,1.0
9262,256.0,558.0,1.0
9263,223.0,125.0,1.0
9264,86.0,224.0,1.0
9265,236.0,100.0,1.0
9266,84.0,95.0,1.0
9267,197.0,38.0,1.0
9268,44.0,282.0,1.0
9269,105.0,100.0,1.0
9270,35.0,457.0,1.0
9271,164.0,233.0,1.0
9272,261.0,110.0,1.0
9273,177.0,172.0,1.0
9274,130.0,459.0,1.0
9275,172.0,91.0,1.0
9276,252.0,289.0,1.0
9277,128.0,453.0,1.0
9278,224.0,371.0,1.0
9279,121.0,241.0,1.0
9280,234.0,11.0,1.0
9281,223.0,480.0,1.0
9282,261.0,113.0,1.0
9283,256.0,122.0,1.0
9284,170.0,10.0,1.0
9285,170.0,91.0,1.0
9286,211.0,113.0,1.0
9287,200.0,215.0,1.0
9288,93.0,523.0,1.0
9289,37.0,147.0,1.0
9290,162.0,349.0,1.0
9291,235.0,12.0,1.0
9292,195.0,460.0,1.0
9293,103.0,122.0,1.0
9294,118.0,191.0,1.0
9295,133.0,150.0,1.0
9296,124.0,208.0,1.0
9297,150.0,429.0,1.0
9298,33.0,156.0,1.0
9299,223.0,314.0,1.0
9300,52.0,126.0,1.0
9301,178.0,168.0,1.0
9302,129.0,32.0,1.0
9303,79.0,117.0,1.0
9304,22.0,432.0,1.0
9305,262.0,1.0,1.0
9306,226.0,8.0,1.0
9307,165.0,74.0,1.0
9308,185.0,58.0,1.0
9309,84.0,585.0,1.0
9310,161.0,10.0,1.0
9311,90.0,408.0,1.0
9312,182.0,47.0,1.0
9313,65.0,46.0,1.0
9314,130.0,143.0,1.0
9315,133.0,220.0,1.0
9316,185.0,207.0,1.0
9317,259.0,588.0,1.0
9318,71.0,527.0,1.0
9319,22.0,57.0,1.0
9320,101.0,147.0,1.0
9321,44.0,208.0,1.0
9322,115.0,571.0,1.0
9323,52.0,147.0,1.0
9324,248.0,146.0,1.0
9325,106.0,10.0,1.0
9326,116.0,89.0,1.0
9327,144.0,273.0,1.0
9328,156.0,543.0,1.0
9329,32.0,348.0,1.0
9330,65.0,147.0,1.0
9331,78.0,12.0,1.0
9332,81.0,504.0,1.0
9333,64.0,493.0,1.0
9334,195.0,205.0,1.0
9335,89.0,438.0,1.0
9336,165.0,498.0,1.0
9337,17.0,38.0,1.0
9338,83.0,400.0,1.0
9339,102.0,253.0,1.0
9340,226.0,270.0,1.0
9341,57.0,494.0,1.0
9342,136.0,228.0,1.0
9343,219.0,391.0,1.0
9344,128.0,327.0,1.0
9345,187.0,454.0,1.0
9346,44.0,175.0,1.0
9347,146.0,573.0,1.0
9348,146.0,577.0,1.0
9349,211.0,223.0,1.0
9350,114.0,46.0,1.0
9351,104.0,148.0,1.0
9352,131.0,9.0,1.0
9353,117.0,0.0,1.0
9354,58.0,289.0,1.0
9355,203.0,485.0,1.0
9356,196.0,425.0,1.0
9357,51.0,206.0,1.0
9358,22.0,106.0,1.0
9359,37.0,70.0,1.0
9360,79.0,351.0,1.0
9361,51.0,251.0,1.0
9362,256.0,7.0,1.0
9363,71.0,386.0,1.0
9364,96.0,563.0,1.0
9365,207.0,51.0,1.0
9366,75.0,259.0,1.0
9367,259.0,157.0,1.0
9368,183.0,83.0,1.0
9369,104.0,111.0,1.0
9370,136.0,79.0,1.0
9371,156.0,453.0,1.0
9372,109.0,73.0,1.0
9373,81.0,119.0,1.0
9374,66.0,10.0,1.0
9375,26.0,122.0,1.0
9376,202.0,48.0,1.0
9377,126.0,95.0,1.0
9378,94.0,222.0,1.0
9379,158.0,91.0,1.0
9380,207.0,475.0,1.0
9381,205.0,298.0,1.0
9382,185.0,242.0,1.0
9383,92.0,208.0,1.0
9384,231.0,184.0,1.0
9385,44.0,277.0,1.0
9386,37.0,89.0,1.0
9387,102.0,62.0,1.0
9388,126.0,180.0,1.0
9389,245.0,222.0,1.0
9390,188.0,137.0,1.0
9391,218.0,105.0,1.0
9392,28.0,442.0,1.0
9393,136.0,120.0,1.0
9394,107.0,43.0,1.0
9395,165.0,21.0,1.0
9396,26.0,36.0,1.0
9397,120.0,146.0,1.0
9398,16.0,44.0,1.0
9399,215.0,146.0,1.0
9400,132.0,31.0,1.0
9401,1.0,89.0,1.0
9402,183.0,10.0,1.0
9403,267.0,106.0,1.0
9404,83.0,91.0,1.0
9405,64.0,429.0,1.0
9406,155.0,271.0,1.0
9407,149.0,478.0,1.0
9408,31.0,196.0,1.0
9409,71.0,505.0,1.0
9410,261.0,255.0,1.0
9411,17.0,375.0,1.0
9412,109.0,363.0,1.0
9413,56.0,259.0,1.0
9414,82.0,100.0,1.0
9415,176.0,111.0,1.0
9416,116.0,59.0,1.0
9417,226.0,14.0,1.0
9418,87.0,372.0,1.0
9419,81.0,277.0,1.0
9420,39.0,401.0,1.0
9421,228.0,45.0,1.0
9422,246.0,92.0,1.0
9423,130.0,31.0,1.0
9424,159.0,536.0,1.0
9425,14.0,9.0,1.0
9426,122.0,141.0,1.0
9427,211.0,384.0,1.0
9428,88.0,207.0,1.0
9429,54.0,522.0,1.0
9430,193.0,25.0,1.0
9431,104.0,419.0,1.0
9432,98.0,25.0,1.0
9433,211.0,317.0,1.0
9434,227.0,105.0,1.0
9435,82.0,434.0,1.0
9436,248.0,60.0,1.0
9437,100.0,12.0,1.0
9438,10.0,89.0,1.0
9439,141.0,426.0,1.0
9440,53.0,144.0,1.0
9441,258.0,100.0,1.0
9442,44.0,146.0,1.0
9443,179.0,378.0,1.0
9444,84.0,214.0,1.0
9445,52.0,26.0,1.0
9446,105.0,31.0,1.0
9447,132.0,62.0,1.0
9448,113.0,127.0,1.0
9449,178.0,64.0,1.0
9450,261.0,143.0,1.0
9451,58.0,179.0,1.0
9452,263.0,483.0,1.0
9453,117.0,392.0,1.0
9454,224.0,90.0,1.0
9455,44.0,147.0,1.0
9456,56.0,278.0,1.0
9457,170.0,474.0,1.0
9458,214.0,284.0,1.0
9459,74.0,472.0,1.0
9460,52.0,377.0,1.0
9461,52.0,368.0,1.0
9462,56.0,156.0,1.0
9463,190.0,206.0,1.0
9464,22.0,291.0,1.0
9465,51.0,512.0,1.0
9466,78.0,113.0,1.0
9467,151.0,50.0,1.0
9468,3.0,154.0,1.0
9469,129.0,404.0,1.0
9470,87.0,447.0,1.0
9471,35.0,178.0,1.0
9472,102.0,423.0,1.0
9473,130.0,438.0,1.0
9474,189.0,11.0,1.0
9475,224.0,190.0,1.0
9476,139.0,197.0,1.0
9477,217.0,527.0,1.0
9478,266.0,232.0,1.0
9479,185.0,434.0,1.0
9480,248.0,456.0,1.0
9481,74.0,394.0,1.0
9482,128.0,425.0,1.0
9483,5.0,203.0,1.0
9484,163.0,413.0,1.0
9485,243.0,127.0,1.0
9486,71.0,492.0,1.0
9487,1.0,65.0,1.0
9488,150.0,194.0,1.0
9489,18.0,111.0,1.0
9490,248.0,360.0,1.0
9491,84.0,305.0,1.0
9492,128.0,196.0,1.0
9493,122.0,357.0,1.0
9494,8.0,243.0,1.0
9495,149.0,33.0,1.0
9496,63.0,378.0,1.0
9497,234.0,470.0,1.0
9498,82.0,142.0,1.0
9499,56.0,194.0,1.0
9500,64.0,138.0,1.0
9501,89.0,205.0,1.0
9502,222.0,312.0,1.0
9503,32.0,304.0,1.0
9504,153.0,192.0,1.0
9505,160.0,336.0,1.0
9506,178.0,351.0,1.0
9507,81.0,177.0,1.0
9508,75.0,146.0,1.0
9509,153.0,216.0,1.0
9510,124.0,84.0,1.0
9511,202.0,490.0,1.0
9512,145.0,326.0,1.0
9513,105.0,546.0,1.0
9514,182.0,177.0,1.0
9515,118.0,394.0,1.0
9516,60.0,190.0,1.0
9517,200.0,35.0,1.0
9518,150.0,273.0,1.0
9519,46.0,233.0,1.0
9520,218.0,36.0,1.0
9521,227.0,578.0,1.0
9522,22.0,167.0,1.0
9523,262.0,129.0,1.0
9524,40.0,304.0,1.0
9525,23.0,122.0,1.0
9526,217.0,135.0,1.0
9527,264.0,168.0,1.0
9528,153.0,492.0,1.0
9529,182.0,204.0,1.0
9530,42.0,223.0,1.0
9531,126.0,534.0,1.0
9532,83.0,77.0,1.0
9533,74.0,92.0,1.0
9534,113.0,535.0,1.0
9535,51.0,365.0,1.0
9536,63.0,48.0,1.0
9537,223.0,8.0,1.0
9538,130.0,120.0,1.0
9539,49.0,309.0,1.0
9540,87.0,308.0,1.0
9541,139.0,117.0,1.0
9542,178.0,250.0,1.0
9543,123.0,120.0,1.0
9544,87.0,535.0,1.0
9545,9.0,48.0,1.0
9546,97.0,219.0,1.0
9547,32.0,47.0,1.0
9548,247.0,19.0,1.0
9549,178.0,230.0,1.0
9550,205.0,103.0,1.0
9551,139.0,398.0,1.0
9552,69.0,150.0,1.0
9553,13.0,51.0,1.0
9554,243.0,91.0,1.0
9555,117.0,464.0,1.0
9556,51.0,22.0,1.0
9557,199.0,225.0,1.0
9558,208.0,204.0,1.0
9559,223.0,32.0,1.0
9560,214.0,556.0,1.0
9561,39.0,414.0,1.0
9562,236.0,10.0,1.0
9563,98.0,409.0,1.0
9564,104.0,35.0,1.0
9565,16.0,146.0,1.0
9566,186.0,296.0,1.0
9567,257.0,97.0,1.0
9568,183.0,22.0,1.0
9569,114.0,44.0,1.0
9570,31.0,103.0,1.0
9571,218.0,278.0,1.0
9572,117.0,513.0,1.0
9573,183.0,96.0,1.0
9574,189.0,9.0,1.0
9575,83.0,38.0,1.0
9576,163.0,400.0,1.0
9577,2.0,84.0,1.0
9578,107.0,219.0,1.0
9579,97.0,192.0,1.0
9580,141.0,315.0,1.0
9581,200.0,39.0,1.0
9582,72.0,201.0,1.0
9583,44.0,24.0,1.0
9584,207.0,205.0,1.0
9585,57.0,157.0,1.0
9586,65.0,261.0,1.0
9587,226.0,65.0,1.0
9588,149.0,223.0,1.0
9589,234.0,386.0,1.0
9590,180.0,452.0,1.0
9591,70.0,253.0,1.0
9592,46.0,10.0,1.0
9593,175.0,156.0,1.0
9594,102.0,160.0,1.0
9595,158.0,148.0,1.0
9596,132.0,378.0,1.0
9597,200.0,225.0,1.0
9598,60.0,310.0,1.0
9599,188.0,199.0,1.0
9600,172.0,227.0,1.0
9601,209.0,497.0,1.0
9602,62.0,89.0,1.0
9603,149.0,92.0,1.0
9604,64.0,426.0,1.0
9605,231.0,229.0,1.0
9606,17.0,221.0,1.0
9607,14.0,112.0,1.0
9608,264.0,9.0,1.0
9609,165.0,465.0,1.0
9610,200.0,10.0,1.0
9611,178.0,36.0,1.0
9612,97.0,32.0,1.0
9613,81.0,266.0,1.0
9614,258.0,194.0,1.0
9615,127.0,130.0,1.0
9616,84.0,554.0,1.0
9617,97.0,382.0,1.0
9618,182.0,561.0,1.0
9619,71.0,267.0,1.0
9620,69.0,434.0,1.0
9621,84.0,321.0,1.0
9622,200.0,64.0,1.0
9623,182.0,228.0,1.0
9624,203.0,448.0,1.0
9625,193.0,581.0,1.0
9626,45.0,223.0,1.0
9627,55.0,50.0,1.0
9628,256.0,81.0,1.0
9629,69.0,279.0,1.0
9630,31.0,143.0,1.0
9631,97.0,394.0,1.0
9632,85.0,241.0,1.0
9633,133.0,255.0,1.0
9634,50.0,21.0,1.0
9635,214.0,66.0,1.0
9636,126.0,143.0,1.0
9637,114.0,420.0,1.0
9638,199.0,256.0,1.0
9639,164.0,353.0,1.0
9640,189.0,25.0,1.0
9641,196.0,138.0,1.0
9642,234.0,35.0,1.0
9643,234.0,411.0,1.0
9644,205.0,68.0,1.0
9645,103.0,460.0,1.0
9646,129.0,100.0,1.0
9647,268.0,114.0,1.0
9648,218.0,55.0,1.0
9649,19.0,168.0,1.0
9650,87.0,10.0,1.0
9651,232.0,462.0,1.0
9652,162.0,142.0,1.0
9653,102.0,63.0,1.0
9654,83.0,282.0,1.0
9655,218.0,70.0,1.0
9656,233.0,252.0,1.0
9657,162.0,58.0,1.0
9658,52.0,388.0,1.0
9659,17.0,92.0,1.0
9660,132.0,91.0,1.0
9661,136.0,186.0,1.0
9662,195.0,10.0,1.0
9663,42.0,391.0,1.0
9664,94.0,106.0,1.0
9665,93.0,262.0,1.0
9666,142.0,398.0,1.0
9667,74.0,400.0,1.0
9668,65.0,48.0,1.0
9669,88.0,413.0,1.0
9670,147.0,85.0,1.0
9671,128.0,57.0,1.0
9672,178.0,374.0,1.0
9673,44.0,489.0,1.0
9674,31.0,23.0,1.0
9675,189.0,556.0,1.0
9676,48.0,264.0,1.0
9677,108.0,191.0,1.0
9678,162.0,251.0,1.0
9679,76.0,256.0,1.0
9680,202.0,44.0,1.0
9681,222.0,6.0,1.0
9682,207.0,570.0,1.0
9683,182.0,114.0,1.0
9684,130.0,350.0,1.0
9685,147.0,219.0,1.0
9686,254.0,388.0,1.0
9687,223.0,367.0,1.0
9688,81.0,352.0,1.0
9689,102.0,349.0,1.0
9690,10.0,241.0,1.0
9691,82.0,217.0,1.0
9692,203.0,304.0,1.0
9693,124.0,256.0,1.0
9694,175.0,225.0,1.0
9695,128.0,512.0,1.0
9696,72.0,447.0,1.0
9697,259.0,309.0,1.0
9698,175.0,538.0,1.0
9699,1.0,84.0,1.0
9700,260.0,213.0,1.0
9701,178.0,220.0,1.0
9702,5.0,215.0,1.0
9703,81.0,372.0,1.0
9704,6.0,186.0,1.0
9705,147.0,81.0,1.0
9706,82.0,212.0,1.0
9707,141.0,451.0,1.0
9708,122.0,512.0,1.0
9709,26.0,147.0,1.0
9710,70.0,59.0,1.0
9711,178.0,529.0,1.0
9712,105.0,193.0,1.0
9713,231.0,369.0,1.0
9714,56.0,20.0,1.0
9715,201.0,95.0,1.0
9716,9.0,45.0,1.0
9717,132.0,420.0,1.0
9718,58.0,485.0,1.0
9719,117.0,583.0,1.0
9720,230.0,342.0,1.0
9721,223.0,203.0,1.0
9722,98.0,89.0,1.0
9723,65.0,533.0,1.0
9724,44.0,436.0,1.0
9725,200.0,268.0,1.0
9726,63.0,5.0,1.0
9727,4.0,146.0,1.0
9728,163.0,84.0,1.0
9729,75.0,527.0,1.0
9730,49.0,38.0,1.0
9731,168.0,238.0,1.0
9732,128.0,24.0,1.0
9733,102.0,82.0,1.0
9734,164.0,250.0,1.0
9735,37.0,461.0,1.0
9736,32.0,103.0,1.0
9737,98.0,70.0,1.0
9738,74.0,136.0,1.0
9739,2.0,141.0,1.0
9740,228.0,341.0,1.0
9741,266.0,49.0,1.0
9742,116.0,262.0,1.0
9743,16.0,65.0,1.0
9744,226.0,332.0,1.0
9745,195.0,92.0,1.0
9746,178.0,337.0,1.0
9747,31.0,454.0,1.0
9748,113.0,328.0,1.0
9749,229.0,345.0,1.0
9750,191.0,298.0,1.0
9751,207.0,275.0,1.0
9752,131.0,143.0,1.0
9753,239.0,197.0,1.0
9754,97.0,379.0,1.0
9755,147.0,358.0,1.0
9756,82.0,505.0,1.0
9757,64.0,31.0,1.0
9758,65.0,461.0,1.0
9759,207.0,357.0,1.0
9760,17.0,202.0,1.0
9761,226.0,202.0,1.0
9762,182.0,299.0,1.0
9763,34.0,31.0,1.0
9764,17.0,100.0,1.0
9765,17.0,372.0,1.0
9766,170.0,106.0,1.0
9767,210.0,147.0,1.0
9768,82.0,329.0,1.0
9769,44.0,479.0,1.0
9770,96.0,95.0,1.0
9771,87.0,365.0,1.0
9772,249.0,146.0,1.0
9773,148.0,48.0,1.0
9774,108.0,53.0,1.0
9775,186.0,200.0,1.0
9776,218.0,277.0,1.0
9777,65.0,18.0,1.0
9778,124.0,204.0,1.0
9779,264.0,272.0,1.0
9780,13.0,201.0,1.0
9781,168.0,129.0,1.0
9782,113.0,337.0,1.0
9783,217.0,111.0,1.0
9784,265.0,253.0,1.0
9785,262.0,194.0,1.0
9786,74.0,1.0,1.0
9787,189.0,135.0,1.0
9788,231.0,89.0,1.0
9789,95.0,58.0,1.0
9790,82.0,388.0,1.0
9791,119.0,205.0,1.0
9792,169.0,147.0,1.0
9793,203.0,269.0,1.0
9794,122.0,419.0,1.0
9795,139.0,230.0,1.0
9796,17.0,374.0,1.0
9797,197.0,495.0,1.0
9798,156.0,5.0,1.0
9799,176.0,47.0,1.0
9800,175.0,422.0,1.0
9801,160.0,43.0,1.0
9802,71.0,305.0,1.0
9803,173.0,263.0,1.0
9804,127.0,576.0,1.0
9805,183.0,272.0,1.0
9806,123.0,493.0,1.0
9807,67.0,59.0,1.0
9808,117.0,457.0,1.0
9809,65.0,451.0,1.0
9810,238.0,223.0,1.0
9811,123.0,45.0,1.0
9812,232.0,84.0,1.0
9813,104.0,482.0,1.0
9814,226.0,30.0,1.0
9815,141.0,175.0,1.0
9816,147.0,359.0,1.0
9817,116.0,579.0,1.0
9818,207.0,78.0,1.0
9819,248.0,54.0,1.0
9820,189.0,194.0,1.0
9821,102.0,136.0,1.0
9822,188.0,156.0,1.0
9823,25.0,105.0,1.0
9824,78.0,190.0,1.0
9825,145.0,130.0,1.0
9826,82.0,294.0,1.0
9827,10.0,306.0,1.0
9828,9.0,62.0,1.0
9829,138.0,242.0,1.0
9830,191.0,114.0,1.0
9831,201.0,531.0,1.0
9832,159.0,190.0,1.0
9833,102.0,247.0,1.0
9834,115.0,320.0,1.0
9835,108.0,475.0,1.0
9836,136.0,388.0,1.0
9837,129.0,51.0,1.0
9838,105.0,147.0,1.0
9839,248.0,302.0,1.0
9840,227.0,58.0,1.0
9841,37.0,59.0,1.0
9842,130.0,100.0,1.0
9843,117.0,191.0,1.0
9844,213.0,101.0,1.0
9845,141.0,425.0,1.0
9846,264.0,47.0,1.0
9847,74.0,77.0,1.0
9848,96.0,191.0,1.0
9849,200.0,37.0,1.0
9850,3.0,11.0,1.0
9851,185.0,135.0,1.0
9852,6.0,224.0,1.0
9853,209.0,226.0,1.0
9854,257.0,111.0,1.0
9855,94.0,1.0,1.0
9856,67.0,388.0,1.0
9857,238.0,486.0,1.0
9858,263.0,17.0,1.0
9859,102.0,593.0,1.0
9860,214.0,420.0,1.0
9861,261.0,460.0,1.0
9862,150.0,147.0,1.0
9863,230.0,91.0,1.0
9864,169.0,120.0,1.0
9865,37.0,313.0,1.0
9866,114.0,271.0,1.0
9867,126.0,191.0,1.0
9868,127.0,337.0,1.0
9869,248.0,255.0,1.0
9870,84.0,160.0,1.0
9871,261.0,282.0,1.0
9872,94.0,145.0,1.0
9873,148.0,59.0,1.0
9874,29.0,225.0,1.0
9875,135.0,125.0,1.0
9876,2.0,96.0,1.0
9877,165.0,126.0,1.0
9878,34.0,103.0,1.0
9879,208.0,553.0,1.0
9880,230.0,215.0,1.0
9881,96.0,501.0,1.0
9882,94.0,420.0,1.0
9883,57.0,460.0,1.0
9884,102.0,200.0,1.0
9885,97.0,360.0,1.0
9886,78.0,125.0,1.0
9887,106.0,233.0,1.0
9888,17.0,189.0,1.0
9889,65.0,198.0,1.0
9890,242.0,59.0,1.0
9891,65.0,388.0,1.0
9892,118.0,216.0,1.0
9893,205.0,550.0,1.0
9894,233.0,594.0,1.0
9895,130.0,238.0,1.0
9896,177.0,118.0,1.0
9897,162.0,113.0,1.0
9898,183.0,361.0,1.0
9899,74.0,229.0,1.0
9900,203.0,539.0,1.0
9901,127.0,36.0,1.0
9902,149.0,236.0,1.0
9903,132.0,10.0,1.0
9904,213.0,327.0,1.0
9905,113.0,22.0,1.0
9906,31.0,351.0,1.0
9907,188.0,1.0,1.0
9908,116.0,147.0,1.0
9909,52.0,533.0,1.0
9910,229.0,113.0,1.0
9911,228.0,57.0,1.0
9912,144.0,66.0,1.0
9913,162.0,141.0,1.0
9914,210.0,193.0,1.0
9915,145.0,59.0,1.0
9916,250.0,215.0,1.0
9917,230.0,219.0,1.0
9918,183.0,317.0,1.0
9919,182.0,580.0,1.0
9920,74.0,201.0,1.0
9921,261.0,424.0,1.0
9922,188.0,257.0,1.0
9923,268.0,140.0,1.0
9924,199.0,241.0,1.0
9925,127.0,595.0,1.0
9926,218.0,356.0,1.0
9927,196.0,480.0,1.0
9928,147.0,88.0,1.0
9929,262.0,294.0,1.0
9930,52.0,62.0,1.0
9931,51.0,118.0,1.0
9932,89.0,21.0,1.0
9933,129.0,409.0,1.0
9934,28.0,54.0,1.0
9935,64.0,103.0,1.0
9936,58.0,150.0,1.0
9937,40.0,168.0,1.0
9938,87.0,183.0,1.0
9939,45.0,392.0,1.0
9940,199.0,4.0,1.0
9941,116.0,580.0,1.0
9942,182.0,216.0,1.0
9943,87.0,498.0,1.0
9944,223.0,217.0,1.0
9945,147.0,267.0,1.0
9946,189.0,434.0,1.0
9947,266.0,95.0,1.0
9948,82.0,43.0,1.0
9949,147.0,57.0,1.0
9950,205.0,216.0,1.0
9951,96.0,539.0,1.0
9952,174.0,290.0,1.0
9953,250.0,489.0,1.0
9954,178.0,501.0,1.0
9955,149.0,477.0,1.0
9956,53.0,119.0,1.0
9957,176.0,90.0,1.0
9958,82.0,185.0,1.0
9959,67.0,287.0,1.0
9960,219.0,218.0,1.0
9961,259.0,62.0,1.0
9962,226.0,274.0,1.0
9963,256.0,409.0,1.0
9964,159.0,202.0,1.0
9965,217.0,466.0,1.0
9966,153.0,116.0,1.0
9967,71.0,563.0,1.0
9968,145.0,181.0,1.0
9969,143.0,59.0,1.0
9970,84.0,66.0,1.0
9971,82.0,243.0,1.0
9972,75.0,400.0,1.0
9973,256.0,23.0,1.0
9974,178.0,378.0,1.0
9975,9.0,51.0,1.0
9976,232.0,37.0,1.0
9977,47.0,266.0,1.0
9978,105.0,374.0,1.0
9979,161.0,59.0,1.0
9980,64.0,378.0,1.0
9981,117.0,314.0,1.0
9982,16.0,60.0,1.0
9983,115.0,434.0,1.0
9984,244.0,150.0,1.0
9985,183.0,106.0,1.0
9986,226.0,303.0,1.0
9987,189.0,108.0,1.0
9988,225.0,281.0,1.0
9989,96.0,103.0,1.0
9990,226.0,252.0,1.0
9991,89.0,493.0,1.0
9992,182.0,442.0,1.0
9993,79.0,3.0,1.0
9994,129.0,224.0,1.0
9995,228.0,93.0,1.0
9996,194.0,541.0,1.0
9997,168.0,92.0,1.0
9998,53.0,238.0,1.0
9999,21.0,349.0,1.0
10000,149.0,454.0,1.0
10001,222.0,120.0,1.0
10002,102.0,146.0,1.0
10003,185.0,45.0,1.0
10004,262.0,122.0,1.0
10005,191.0,167.0,1.0
10006,52.0,229.0,1.0
10007,79.0,227.0,1.0
10008,96.0,36.0,1.0
10009,22.0,27.0,1.0
10010,259.0,383.0,1.0
10011,99.0,530.0,1.0
10012,182.0,427.0,1.0
10013,175.0,568.0,1.0
10014,99.0,222.0,1.0
10015,64.0,113.0,1.0
10016,44.0,268.0,1.0
10017,40.0,66.0,1.0
10018,211.0,284.0,1.0
10019,1.0,44.0,1.0
10020,149.0,489.0,1.0
10021,101.0,126.0,1.0
10022,223.0,399.0,1.0
10023,168.0,453.0,1.0
10024,194.0,39.0,1.0
10025,105.0,103.0,1.0
10026,185.0,580.0,1.0
10027,90.0,204.0,1.0
10028,16.0,34.0,1.0
10029,129.0,378.0,1.0
10030,164.0,417.0,1.0
10031,248.0,525.0,1.0
10032,81.0,195.0,1.0
10033,100.0,420.0,1.0
10034,229.0,412.0,1.0
10035,34.0,99.0,1.0
10036,165.0,455.0,1.0
10037,178.0,438.0,1.0
10038,44.0,194.0,1.0
10039,65.0,119.0,1.0
10040,211.0,4.0,1.0
10041,106.0,409.0,1.0
10042,243.0,253.0,1.0
10043,126.0,138.0,1.0
10044,96.0,207.0,1.0
10045,147.0,366.0,1.0
10046,138.0,349.0,1.0
10047,72.0,146.0,1.0
10048,147.0,537.0,1.0
10049,130.0,510.0,1.0
10050,225.0,57.0,1.0
10051,161.0,111.0,1.0
10052,102.0,113.0,1.0
10053,1.0,47.0,1.0
10054,155.0,281.0,1.0
10055,17.0,117.0,1.0
10056,200.0,440.0,1.0
10057,94.0,330.0,1.0
10058,19.0,292.0,1.0
10059,105.0,74.0,1.0
10060,52.0,116.0,1.0
10061,225.0,246.0,1.0
10062,165.0,421.0,1.0
10063,178.0,346.0,1.0
10064,264.0,546.0,1.0
10065,207.0,256.0,1.0
10066,136.0,248.0,1.0
10067,230.0,97.0,1.0
10068,81.0,417.0,1.0
10069,84.0,493.0,1.0
10070,211.0,103.0,1.0
10071,5.0,124.0,1.0
10072,145.0,279.0,1.0
10073,102.0,388.0,1.0
10074,262.0,349.0,1.0
10075,90.0,233.0,1.0
10076,245.0,131.0,1.0
10077,126.0,471.0,1.0
10078,56.0,161.0,1.0
10079,92.0,39.0,1.0
10080,195.0,27.0,1.0
10081,82.0,382.0,1.0
10082,89.0,404.0,1.0
10083,89.0,284.0,1.0
10084,85.0,238.0,1.0
10085,220.0,211.0,1.0
10086,90.0,37.0,1.0
10087,162.0,450.0,1.0
10088,44.0,441.0,1.0
10089,175.0,363.0,1.0
10090,51.0,431.0,1.0
10091,144.0,570.0,1.0
10092,162.0,47.0,1.0
10093,37.0,153.0,1.0
10094,149.0,86.0,1.0
10095,97.0,214.0,1.0
10096,238.0,136.0,1.0
10097,53.0,278.0,1.0
10098,104.0,112.0,1.0
10099,64.0,366.0,1.0
10100,154.0,1.0,1.0
10101,218.0,294.0,1.0
10102,164.0,453.0,1.0
10103,22.0,293.0,1.0
10104,175.0,204.0,1.0
10105,136.0,569.0,1.0
10106,102.0,45.0,1.0
10107,105.0,570.0,1.0
10108,257.0,44.0,1.0
10109,223.0,194.0,1.0
10110,89.0,417.0,1.0
10111,189.0,357.0,1.0
10112,118.0,400.0,1.0
10113,69.0,513.0,1.0
10114,84.0,229.0,1.0
10115,139.0,202.0,1.0
10116,258.0,233.0,1.0
10117,81.0,221.0,1.0
10118,224.0,263.0,1.0
10119,107.0,571.0,1.0
10120,155.0,468.0,1.0
10121,105.0,104.0,1.0
10122,52.0,106.0,1.0
10123,56.0,176.0,1.0
10124,183.0,242.0,1.0
10125,87.0,90.0,1.0
10126,249.0,97.0,1.0
10127,51.0,524.0,1.0
10128,145.0,144.0,1.0
10129,216.0,82.0,1.0
10130,196.0,227.0,1.0
10131,114.0,53.0,1.0
10132,9.0,269.0,1.0
10133,178.0,226.0,1.0
10134,179.0,383.0,1.0
10135,130.0,107.0,1.0
10136,16.0,308.0,1.0
10137,139.0,407.0,1.0
10138,26.0,226.0,1.0
10139,71.0,214.0,1.0
10140,230.0,181.0,1.0
10141,249.0,251.0,1.0
10142,227.0,295.0,1.0
10143,104.0,90.0,1.0
10144,235.0,138.0,1.0
10145,81.0,81.0,1.0
10146,153.0,257.0,1.0
10147,261.0,455.0,1.0
10148,148.0,219.0,1.0
10149,90.0,130.0,1.0
10150,82.0,560.0,1.0
10151,144.0,219.0,1.0
10152,35.0,220.0,1.0
10153,51.0,164.0,1.0
10154,234.0,221.0,1.0
10155,15.0,113.0,1.0
10156,149.0,50.0,1.0
10157,35.0,43.0,1.0
10158,102.0,70.0,1.0
10159,194.0,143.0,1.0
10160,235.0,92.0,1.0
10161,130.0,313.0,1.0
10162,98.0,410.0,1.0
10163,164.0,226.0,1.0
10164,65.0,223.0,1.0
10165,210.0,213.0,1.0
10166,65.0,117.0,1.0
10167,79.0,4.0,1.0
10168,44.0,427.0,1.0
10169,136.0,218.0,1.0
10170,148.0,96.0,1.0
10171,188.0,429.0,1.0
10172,192.0,580.0,1.0
10173,46.0,92.0,1.0
10174,159.0,59.0,1.0
10175,79.0,383.0,1.0
10176,135.0,117.0,1.0
10177,16.0,73.0,1.0
10178,128.0,111.0,1.0
10179,13.0,341.0,1.0
10180,200.0,269.0,1.0
10181,187.0,272.0,1.0
10182,102.0,295.0,1.0
10183,81.0,280.0,1.0
10184,178.0,463.0,1.0
10185,71.0,189.0,1.0
10186,85.0,266.0,1.0
10187,165.0,545.0,1.0
10188,227.0,347.0,1.0
10189,183.0,78.0,1.0
10190,32.0,120.0,1.0
10191,165.0,36.0,1.0
10192,75.0,524.0,1.0
10193,195.0,0.0,1.0
10194,65.0,180.0,1.0
10195,104.0,70.0,1.0
10196,178.0,410.0,1.0
10197,178.0,124.0,1.0
10198,132.0,492.0,1.0
10199,153.0,417.0,1.0
10200,177.0,170.0,1.0
10201,143.0,496.0,1.0
10202,88.0,66.0,1.0
10203,86.0,262.0,1.0
10204,21.0,89.0,1.0
10205,110.0,122.0,1.0
10206,199.0,18.0,1.0
10207,82.0,379.0,1.0
10208,128.0,351.0,1.0
10209,116.0,234.0,1.0
10210,231.0,430.0,1.0
10211,165.0,206.0,1.0
10212,264.0,61.0,1.0
10213,235.0,146.0,1.0
10214,65.0,206.0,1.0
10215,223.0,467.0,1.0
10216,224.0,334.0,1.0
10217,102.0,31.0,1.0
10218,16.0,118.0,1.0
10219,30.0,263.0,1.0
10220,31.0,62.0,1.0
10221,70.0,81.0,1.0
10222,74.0,530.0,1.0
10223,17.0,393.0,1.0
10224,229.0,229.0,1.0
10225,102.0,23.0,1.0
10226,71.0,406.0,1.0
10227,162.0,513.0,1.0
10228,132.0,157.0,1.0
10229,44.0,488.0,1.0
10230,51.0,136.0,1.0
10231,39.0,216.0,1.0
10232,35.0,143.0,1.0
10233,250.0,135.0,1.0
10234,130.0,155.0,1.0
10235,245.0,206.0,1.0
10236,155.0,241.0,1.0
10237,193.0,104.0,1.0
10238,149.0,124.0,1.0
10239,21.0,57.0,1.0
10240,74.0,20.0,1.0
10241,89.0,315.0,1.0
10242,56.0,241.0,1.0
10243,233.0,45.0,1.0
10244,22.0,316.0,1.0
10245,266.0,112.0,1.0
10246,180.0,146.0,1.0
10247,79.0,408.0,1.0
10248,102.0,222.0,1.0
10249,56.0,45.0,1.0
10250,102.0,474.0,1.0
10251,107.0,197.0,1.0
10252,209.0,581.0,1.0
10253,69.0,423.0,1.0
10254,148.0,92.0,1.0
10255,87.0,207.0,1.0
10256,213.0,126.0,1.0
10257,89.0,62.0,1.0
10258,45.0,294.0,1.0
10259,48.0,9.0,1.0
10260,64.0,50.0,1.0
10261,209.0,392.0,1.0
10262,189.0,522.0,1.0
10263,11.0,269.0,1.0
10264,189.0,191.0,1.0
10265,180.0,361.0,1.0
10266,168.0,133.0,1.0
10267,104.0,23.0,1.0
10268,102.0,154.0,1.0
10269,87.0,437.0,1.0
10270,75.0,559.0,1.0
10271,225.0,33.0,1.0
10272,138.0,296.0,1.0
10273,31.0,66.0,1.0
10274,209.0,430.0,1.0
10275,10.0,225.0,1.0
10276,105.0,242.0,1.0
10277,196.0,562.0,1.0
10278,202.0,272.0,1.0
10279,64.0,4.0,1.0
10280,81.0,91.0,1.0
10281,87.0,116.0,1.0
10282,196.0,191.0,1.0
10283,103.0,456.0,1.0
10284,259.0,227.0,1.0
10285,232.0,76.0,1.0
10286,144.0,413.0,1.0
10287,116.0,273.0,1.0
10288,67.0,10.0,1.0
10289,199.0,485.0,1.0
10290,44.0,156.0,1.0
10291,45.0,282.0,1.0
10292,65.0,410.0,1.0
10293,191.0,113.0,1.0
10294,161.0,282.0,1.0
10295,207.0,44.0,1.0
10296,130.0,165.0,1.0
10297,82.0,180.0,1.0
10298,65.0,137.0,1.0
10299,37.0,45.0,1.0
10300,207.0,73.0,1.0
10301,44.0,356.0,1.0
10302,65.0,234.0,1.0
10303,242.0,567.0,1.0
10304,217.0,460.0,1.0
10305,264.0,315.0,1.0
10306,173.0,259.0,1.0
10307,245.0,5.0,1.0
10308,159.0,130.0,1.0
10309,223.0,220.0,1.0
10310,123.0,146.0,1.0
10311,94.0,111.0,1.0
10312,230.0,186.0,1.0
10313,51.0,154.0,1.0
10314,35.0,456.0,1.0
10315,16.0,362.0,1.0
10316,88.0,310.0,1.0
10317,134.0,118.0,1.0
10318,52.0,69.0,1.0
10319,135.0,564.0,1.0
10320,132.0,234.0,1.0
10321,240.0,21.0,1.0
10322,178.0,202.0,1.0
10323,156.0,75.0,1.0
10324,133.0,153.0,1.0
10325,259.0,247.0,1.0
10326,182.0,439.0,1.0
10327,185.0,127.0,1.0
10328,78.0,186.0,1.0
10329,79.0,374.0,1.0
10330,226.0,408.0,1.0
10331,179.0,399.0,1.0
10332,105.0,494.0,1.0
10333,223.0,566.0,1.0
10334,79.0,206.0,1.0
10335,164.0,352.0,1.0
10336,216.0,419.0,1.0
10337,150.0,90.0,1.0
10338,218.0,183.0,1.0
10339,87.0,125.0,1.0
10340,39.0,1.0,1.0
10341,228.0,330.0,1.0
10342,79.0,569.0,1.0
10343,1.0,26.0,1.0
10344,87.0,26.0,1.0
10345,149.0,517.0,1.0
10346,164.0,55.0,1.0
10347,109.0,20.0,1.0
10348,262.0,66.0,1.0
10349,226.0,102.0,1.0
10350,72.0,539.0,1.0
10351,117.0,378.0,1.0
10352,228.0,343.0,1.0
10353,194.0,3.0,1.0
10354,117.0,100.0,1.0
10355,60.0,15.0,1.0
10356,200.0,253.0,1.0
10357,74.0,192.0,1.0
10358,150.0,434.0,1.0
10359,75.0,477.0,1.0
10360,214.0,106.0,1.0
10361,51.0,156.0,1.0
10362,126.0,205.0,1.0
10363,141.0,561.0,1.0
10364,17.0,405.0,1.0
10365,191.0,289.0,1.0
10366,69.0,99.0,1.0
10367,130.0,481.0,1.0
10368,104.0,137.0,1.0
10369,9.0,56.0,1.0
10370,210.0,378.0,1.0
10371,56.0,220.0,1.0
10372,150.0,384.0,1.0
10373,256.0,425.0,1.0
10374,266.0,426.0,1.0
10375,184.0,213.0,1.0
10376,81.0,120.0,1.0
10377,148.0,327.0,1.0
10378,231.0,147.0,1.0
10379,217.0,229.0,1.0
10380,266.0,219.0,1.0
10381,128.0,210.0,1.0
10382,185.0,103.0,1.0
10383,139.0,378.0,1.0
10384,81.0,12.0,1.0
10385,250.0,44.0,1.0
10386,96.0,98.0,1.0
10387,160.0,226.0,1.0
10388,69.0,113.0,1.0
10389,145.0,337.0,1.0
10390,31.0,379.0,1.0
10391,175.0,36.0,1.0
10392,147.0,562.0,1.0
10393,182.0,74.0,1.0
10394,87.0,453.0,1.0
10395,162.0,208.0,1.0
10396,183.0,580.0,1.0
10397,74.0,126.0,1.0
10398,226.0,460.0,1.0
10399,129.0,277.0,1.0
10400,10.0,294.0,1.0
10401,243.0,100.0,1.0
10402,129.0,33.0,1.0
10403,268.0,89.0,1.0
10404,250.0,32.0,1.0
10405,15.0,61.0,1.0
10406,30.0,210.0,1.0
10407,148.0,76.0,1.0
10408,87.0,66.0,1.0
10409,74.0,39.0,1.0
10410,165.0,134.0,1.0
10411,207.0,88.0,1.0
10412,97.0,135.0,1.0
10413,121.0,201.0,1.0
10414,8.0,86.0,1.0
10415,171.0,219.0,1.0
10416,236.0,21.0,1.0
10417,50.0,143.0,1.0
10418,52.0,196.0,1.0
10419,102.0,445.0,1.0
10420,112.0,111.0,1.0
10421,88.0,168.0,1.0
10422,142.0,120.0,1.0
10423,261.0,300.0,1.0
10424,150.0,277.0,1.0
10425,42.0,473.0,1.0
10426,146.0,423.0,1.0
10427,164.0,1.0,1.0
10428,166.0,148.0,1.0
10429,17.0,135.0,1.0
10430,34.0,191.0,1.0
10431,178.0,120.0,1.0
10432,208.0,119.0,1.0
10433,226.0,47.0,1.0
10434,121.0,103.0,1.0
10435,107.0,434.0,1.0
10436,147.0,554.0,1.0
10437,88.0,423.0,1.0
10438,105.0,124.0,1.0
10439,197.0,251.0,1.0
10440,162.0,166.0,1.0
10441,125.0,143.0,1.0
10442,156.0,498.0,1.0
10443,132.0,459.0,1.0
10444,127.0,183.0,1.0
10445,256.0,391.0,1.0
10446,59.0,186.0,1.0
10447,178.0,103.0,1.0
10448,147.0,574.0,1.0
10449,264.0,294.0,1.0
10450,56.0,66.0,1.0
10451,256.0,100.0,1.0
10452,113.0,287.0,1.0
10453,247.0,290.0,1.0
10454,147.0,482.0,1.0
10455,52.0,80.0,1.0
10456,248.0,284.0,1.0
10457,207.0,31.0,1.0
10458,168.0,195.0,1.0
10459,234.0,216.0,1.0
10460,223.0,17.0,1.0
10461,147.0,277.0,1.0
10462,117.0,89.0,1.0
10463,230.0,118.0,1.0
10464,31.0,359.0,1.0
10465,147.0,259.0,1.0
10466,82.0,415.0,1.0
10467,206.0,214.0,1.0
10468,220.0,97.0,1.0
10469,64.0,401.0,1.0
10470,195.0,286.0,1.0
10471,258.0,231.0,1.0
10472,85.0,146.0,1.0
10473,203.0,293.0,1.0
10474,144.0,75.0,1.0
10475,134.0,481.0,1.0
10476,37.0,316.0,1.0
10477,10.0,208.0,1.0
10478,31.0,341.0,1.0
10479,262.0,388.0,1.0
10480,11.0,113.0,1.0
10481,172.0,518.0,1.0
10482,144.0,95.0,1.0
10483,82.0,186.0,1.0
10484,96.0,202.0,1.0
10485,149.0,491.0,1.0
10486,258.0,5.0,1.0
10487,64.0,456.0,1.0
10488,90.0,9.0,1.0
10489,212.0,205.0,1.0
10490,51.0,177.0,1.0
10491,132.0,7.0,1.0
10492,60.0,407.0,1.0
10493,224.0,145.0,1.0
10494,87.0,12.0,1.0
10495,165.0,59.0,1.0
10496,117.0,287.0,1.0
10497,62.0,536.0,1.0
10498,130.0,293.0,1.0
10499,14.0,72.0,1.0
10500,96.0,133.0,1.0
10501,150.0,153.0,1.0
10502,208.0,517.0,1.0
10503,168.0,143.0,1.0
10504,6.0,208.0,1.0
10505,211.0,116.0,1.0
10506,190.0,581.0,1.0
10507,234.0,401.0,1.0
10508,223.0,305.0,1.0
10509,16.0,35.0,1.0
10510,16.0,358.0,1.0
10511,180.0,147.0,1.0
10512,236.0,107.0,1.0
10513,217.0,113.0,1.0
10514,128.0,159.0,1.0
10515,186.0,463.0,1.0
10516,175.0,100.0,1.0
10517,52.0,219.0,1.0
10518,225.0,77.0,1.0
10519,171.0,192.0,1.0
10520,228.0,196.0,1.0
10521,248.0,65.0,1.0
10522,121.0,181.0,1.0
10523,17.0,64.0,1.0
10524,199.0,226.0,1.0
10525,227.0,72.0,1.0
10526,31.0,171.0,1.0
10527,213.0,282.0,1.0
10528,229.0,354.0,1.0
10529,82.0,501.0,1.0
10530,2.0,115.0,1.0
10531,242.0,22.0,1.0
10532,224.0,126.0,1.0
10533,37.0,241.0,1.0
10534,262.0,456.0,1.0
10535,136.0,400.0,1.0
10536,201.0,392.0,1.0
10537,250.0,91.0,1.0
10538,193.0,170.0,1.0
10539,135.0,204.0,1.0
10540,262.0,142.0,1.0
10541,218.0,456.0,1.0
10542,102.0,244.0,1.0
10543,242.0,248.0,1.0
10544,150.0,272.0,1.0
10545,223.0,400.0,1.0
10546,162.0,84.0,1.0
10547,94.0,96.0,1.0
10548,77.0,207.0,1.0
10549,141.0,239.0,1.0
10550,224.0,66.0,1.0
10551,175.0,153.0,1.0
10552,184.0,411.0,1.0
10553,64.0,302.0,1.0
10554,182.0,441.0,1.0
10555,132.0,356.0,1.0
10556,208.0,116.0,1.0
10557,64.0,298.0,1.0
10558,186.0,100.0,1.0
10559,96.0,156.0,1.0
10560,169.0,164.0,1.0
10561,186.0,193.0,1.0
10562,189.0,148.0,1.0
10563,81.0,202.0,1.0
10564,71.0,447.0,1.0
10565,2.0,137.0,1.0
10566,135.0,413.0,1.0
10567,255.0,327.0,1.0
10568,207.0,226.0,1.0
10569,176.0,91.0,1.0
10570,77.0,27.0,1.0
10571,214.0,31.0,1.0
10572,53.0,15.0,1.0
10573,87.0,359.0,1.0
10574,189.0,530.0,1.0
10575,75.0,574.0,1.0
10576,150.0,494.0,1.0
10577,92.0,179.0,1.0
10578,90.0,49.0,1.0
10579,75.0,104.0,1.0
10580,103.0,51.0,1.0
10581,112.0,42.0,1.0
10582,90.0,123.0,1.0
10583,64.0,204.0,1.0
10584,71.0,207.0,1.0
10585,28.0,215.0,1.0
10586,90.0,170.0,1.0
10587,44.0,388.0,1.0
10588,256.0,377.0,1.0
10589,96.0,57.0,1.0
10590,262.0,242.0,1.0
10591,64.0,470.0,1.0
10592,9.0,26.0,1.0
10593,105.0,429.0,1.0
10594,3.0,153.0,1.0
10595,135.0,186.0,1.0
10596,194.0,120.0,1.0
10597,165.0,325.0,1.0
10598,10.0,308.0,1.0
10599,105.0,36.0,1.0
10600,39.0,416.0,1.0
10601,84.0,136.0,1.0
10602,168.0,66.0,1.0
10603,44.0,342.0,1.0
10604,116.0,162.0,1.0
10605,115.0,400.0,1.0
10606,116.0,45.0,1.0
10607,69.0,14.0,1.0
10608,64.0,561.0,1.0
10609,65.0,59.0,1.0
10610,205.0,526.0,1.0
10611,252.0,344.0,1.0
10612,86.0,119.0,1.0
10613,104.0,36.0,1.0
10614,182.0,215.0,1.0
10615,256.0,401.0,1.0
10616,178.0,219.0,1.0
10617,153.0,95.0,1.0
10618,5.0,10.0,1.0
10619,102.0,59.0,1.0
10620,162.0,320.0,1.0
10621,82.0,464.0,1.0
10622,178.0,69.0,1.0
10623,113.0,103.0,1.0
10624,117.0,586.0,1.0
10625,9.0,83.0,1.0
10626,232.0,62.0,1.0
10627,74.0,482.0,1.0
10628,74.0,81.0,1.0
10629,64.0,105.0,1.0
10630,87.0,561.0,1.0
10631,119.0,219.0,1.0
10632,153.0,209.0,1.0
10633,181.0,586.0,1.0
10634,82.0,31.0,1.0
10635,109.0,19.0,1.0
10636,79.0,249.0,1.0
10637,133.0,516.0,1.0
10638,57.0,34.0,1.0
10639,218.0,445.0,1.0
10640,245.0,202.0,1.0
10641,91.0,265.0,1.0
10642,106.0,254.0,1.0
10643,121.0,146.0,1.0
10644,135.0,81.0,1.0
10645,67.0,397.0,1.0
10646,69.0,222.0,1.0
10647,89.0,197.0,1.0
10648,238.0,156.0,1.0
10649,44.0,14.0,1.0
10650,117.0,337.0,1.0
10651,193.0,384.0,1.0
10652,82.0,130.0,1.0
10653,226.0,532.0,1.0
10654,223.0,120.0,1.0
10655,178.0,358.0,1.0
10656,142.0,374.0,1.0
10657,218.0,242.0,1.0
10658,100.0,245.0,1.0
10659,84.0,120.0,1.0
10660,225.0,9.0,1.0
10661,191.0,60.0,1.0
10662,23.0,433.0,1.0
10663,158.0,222.0,1.0
10664,201.0,216.0,1.0
10665,127.0,191.0,1.0
10666,145.0,204.0,1.0
10667,141.0,559.0,1.0
10668,98.0,518.0,1.0
10669,8.0,126.0,1.0
10670,23.0,434.0,1.0
10671,44.0,350.0,1.0
10672,139.0,10.0,1.0
10673,136.0,126.0,1.0
10674,13.0,47.0,1.0
10675,256.0,393.0,1.0
10676,207.0,511.0,1.0
10677,107.0,368.0,1.0
10678,123.0,190.0,1.0
10679,185.0,25.0,1.0
10680,50.0,10.0,1.0
10681,149.0,549.0,1.0
10682,223.0,307.0,1.0
10683,90.0,435.0,1.0
10684,145.0,95.0,1.0
10685,211.0,13.0,1.0
10686,254.0,125.0,1.0
10687,127.0,400.0,1.0
10688,140.0,226.0,1.0
10689,103.0,9.0,1.0
10690,187.0,474.0,1.0
10691,205.0,370.0,1.0
10692,119.0,186.0,1.0
10693,218.0,566.0,1.0
10694,180.0,259.0,1.0
10695,242.0,95.0,1.0
10696,84.0,215.0,1.0
10697,218.0,485.0,1.0
10698,71.0,226.0,1.0
10699,44.0,92.0,1.0
10700,130.0,135.0,1.0
10701,15.0,89.0,1.0
10702,182.0,578.0,1.0
10703,52.0,326.0,1.0
10704,74.0,382.0,1.0
10705,232.0,261.0,1.0
10706,249.0,152.0,1.0
10707,65.0,14.0,1.0
10708,86.0,12.0,1.0
10709,195.0,156.0,1.0
10710,96.0,519.0,1.0
10711,79.0,7.0,1.0
10712,97.0,20.0,1.0
10713,5.0,12.0,1.0
10714,17.0,157.0,1.0
10715,147.0,491.0,1.0
10716,171.0,429.0,1.0
10717,67.0,554.0,1.0
10718,226.0,255.0,1.0
10719,84.0,45.0,1.0
10720,156.0,447.0,1.0
10721,69.0,27.0,1.0
10722,259.0,293.0,1.0
10723,195.0,143.0,1.0
10724,197.0,95.0,1.0
10725,153.0,378.0,1.0
10726,258.0,38.0,1.0
10727,64.0,295.0,1.0
10728,98.0,106.0,1.0
10729,113.0,78.0,1.0
10730,254.0,317.0,1.0
10731,118.0,399.0,1.0
10732,104.0,69.0,1.0
10733,182.0,393.0,1.0
10734,116.0,266.0,1.0
10735,248.0,394.0,1.0
10736,18.0,147.0,1.0
10737,241.0,81.0,1.0
10738,223.0,460.0,1.0
10739,63.0,202.0,1.0
10740,37.0,349.0,1.0
10741,45.0,107.0,1.0
10742,114.0,499.0,1.0
10743,90.0,344.0,1.0
10744,82.0,153.0,1.0
10745,11.0,90.0,1.0
10746,113.0,221.0,1.0
10747,84.0,177.0,1.0
10748,14.0,348.0,1.0
10749,180.0,568.0,1.0
10750,144.0,70.0,1.0
10751,51.0,467.0,1.0
10752,234.0,417.0,1.0
10753,56.0,424.0,1.0
10754,249.0,253.0,1.0
10755,129.0,504.0,1.0
10756,209.0,236.0,1.0
10757,71.0,145.0,1.0
10758,162.0,190.0,1.0
10759,2.0,106.0,1.0
10760,226.0,524.0,1.0
10761,52.0,232.0,1.0
10762,195.0,146.0,1.0
10763,74.0,395.0,1.0
10764,78.0,464.0,1.0
10765,136.0,587.0,1.0
10766,138.0,47.0,1.0
10767,102.0,548.0,1.0
10768,182.0,503.0,1.0
10769,182.0,20.0,1.0
10770,102.0,127.0,1.0
10771,82.0,320.0,1.0
10772,130.0,186.0,1.0
10773,261.0,92.0,1.0
10774,144.0,525.0,1.0
10775,123.0,541.0,1.0
10776,238.0,302.0,1.0
10777,79.0,384.0,1.0
10778,239.0,91.0,1.0
10779,163.0,317.0,1.0
10780,74.0,150.0,1.0
10781,147.0,18.0,1.0
10782,141.0,36.0,1.0
10783,110.0,374.0,1.0
10784,197.0,112.0,1.0
10785,184.0,59.0,1.0
10786,234.0,195.0,1.0
10787,229.0,459.0,1.0
10788,35.0,35.0,1.0
10789,178.0,174.0,1.0
10790,105.0,168.0,1.0
10791,164.0,205.0,1.0
10792,229.0,245.0,1.0
10793,173.0,484.0,1.0
10794,248.0,541.0,1.0
10795,65.0,116.0,1.0
10796,226.0,444.0,1.0
10797,234.0,111.0,1.0
10798,224.0,205.0,1.0
10799,146.0,75.0,1.0
10800,104.0,457.0,1.0
10801,75.0,35.0,1.0
10802,74.0,226.0,1.0
10803,96.0,33.0,1.0
10804,71.0,186.0,1.0
10805,90.0,190.0,1.0
10806,179.0,353.0,1.0
10807,91.0,36.0,1.0
10808,258.0,204.0,1.0
10809,195.0,206.0,1.0
10810,75.0,512.0,1.0
10811,62.0,24.0,1.0
10812,235.0,420.0,1.0
10813,234.0,525.0,1.0
10814,79.0,145.0,1.0
10815,207.0,552.0,1.0
10816,126.0,48.0,1.0
10817,182.0,546.0,1.0
10818,31.0,30.0,1.0
10819,116.0,58.0,1.0
10820,127.0,112.0,1.0
10821,31.0,247.0,1.0
10822,139.0,201.0,1.0
10823,226.0,352.0,1.0
10824,51.0,260.0,1.0
10825,148.0,241.0,1.0
10826,116.0,222.0,1.0
10827,65.0,188.0,1.0
10828,126.0,394.0,1.0
10829,160.0,20.0,1.0
10830,75.0,327.0,1.0
10831,225.0,161.0,1.0
10832,202.0,309.0,1.0
10833,130.0,365.0,1.0
10834,259.0,398.0,1.0
10835,104.0,134.0,1.0
10836,165.0,121.0,1.0
10837,193.0,39.0,1.0
10838,208.0,61.0,1.0
10839,135.0,47.0,1.0
10840,158.0,427.0,1.0
10841,156.0,44.0,1.0
10842,100.0,194.0,1.0
10843,90.0,194.0,1.0
10844,199.0,203.0,1.0
10845,175.0,313.0,1.0
10846,135.0,391.0,1.0
10847,259.0,504.0,1.0
10848,238.0,310.0,1.0
10849,88.0,278.0,1.0
10850,65.0,51.0,1.0
10851,129.0,119.0,1.0
10852,213.0,69.0,1.0
10853,230.0,241.0,1.0
10854,210.0,488.0,1.0
10855,228.0,301.0,1.0
10856,257.0,434.0,1.0
10857,178.0,395.0,1.0
10858,96.0,327.0,1.0
10859,91.0,55.0,1.0
10860,47.0,10.0,1.0
10861,55.0,485.0,1.0
10862,135.0,378.0,1.0
10863,26.0,318.0,1.0
10864,213.0,143.0,1.0
10865,86.0,196.0,1.0
10866,168.0,325.0,1.0
10867,135.0,103.0,1.0
10868,61.0,532.0,1.0
10869,139.0,403.0,1.0
10870,103.0,62.0,1.0
10871,173.0,120.0,1.0
10872,126.0,337.0,1.0
10873,130.0,43.0,1.0
10874,133.0,226.0,1.0
10875,259.0,396.0,1.0
10876,87.0,252.0,1.0
10877,102.0,463.0,1.0
10878,87.0,216.0,1.0
10879,86.0,112.0,1.0
10880,165.0,92.0,1.0
10881,49.0,36.0,1.0
10882,248.0,429.0,1.0
10883,125.0,99.0,1.0
10884,16.0,29.0,1.0
10885,2.0,129.0,1.0
10886,165.0,40.0,1.0
10887,79.0,466.0,1.0
10888,50.0,128.0,1.0
10889,178.0,182.0,1.0
10890,162.0,316.0,1.0
10891,102.0,213.0,1.0
10892,119.0,409.0,1.0
10893,156.0,136.0,1.0
10894,175.0,64.0,1.0
10895,160.0,150.0,1.0
10896,75.0,85.0,1.0
10897,161.0,126.0,1.0
10898,185.0,384.0,1.0
10899,114.0,364.0,1.0
10900,182.0,191.0,1.0
10901,1.0,23.0,1.0
10902,102.0,204.0,1.0
10903,219.0,290.0,1.0
10904,51.0,349.0,1.0
10905,44.0,485.0,1.0
10906,100.0,398.0,1.0
10907,44.0,179.0,1.0
10908,56.0,77.0,1.0
10909,82.0,378.0,1.0
10910,103.0,40.0,1.0
10911,144.0,232.0,1.0
10912,195.0,287.0,1.0
10913,157.0,219.0,1.0
10914,189.0,125.0,1.0
10915,183.0,119.0,1.0
10916,225.0,81.0,1.0
10917,116.0,252.0,1.0
10918,22.0,420.0,1.0
10919,178.0,310.0,1.0
10920,100.0,213.0,1.0
10921,53.0,213.0,1.0
10922,264.0,178.0,1.0
10923,75.0,77.0,1.0
10924,148.0,256.0,1.0
10925,9.0,255.0,1.0
10926,90.0,241.0,1.0
10927,10.0,143.0,1.0
10928,105.0,433.0,1.0
10929,179.0,191.0,1.0
10930,53.0,188.0,1.0
10931,157.0,230.0,1.0
10932,189.0,221.0,1.0
10933,114.0,11.0,1.0
10934,147.0,1.0,1.0
10935,245.0,11.0,1.0
10936,42.0,33.0,1.0
10937,85.0,522.0,1.0
10938,200.0,537.0,1.0
10939,231.0,143.0,1.0
10940,130.0,17.0,1.0
10941,105.0,377.0,1.0
10942,175.0,310.0,1.0
10943,105.0,118.0,1.0
10944,210.0,337.0,1.0
10945,193.0,343.0,1.0
10946,87.0,54.0,1.0
10947,127.0,535.0,1.0
10948,257.0,574.0,1.0
10949,175.0,376.0,1.0
10950,229.0,361.0,1.0
10951,104.0,93.0,1.0
10952,128.0,220.0,1.0
10953,201.0,393.0,1.0
10954,46.0,425.0,1.0
10955,81.0,157.0,1.0
10956,42.0,7.0,1.0
10957,195.0,256.0,1.0
10958,60.0,244.0,1.0
10959,191.0,147.0,1.0
10960,74.0,221.0,1.0
10961,217.0,504.0,1.0
10962,37.0,460.0,1.0
10963,205.0,449.0,1.0
10964,219.0,267.0,1.0
10965,84.0,92.0,1.0
10966,101.0,384.0,1.0
10967,94.0,156.0,1.0
10968,105.0,24.0,1.0
10969,79.0,148.0,1.0
10970,244.0,561.0,1.0
10971,26.0,141.0,1.0
10972,228.0,50.0,1.0
10973,189.0,205.0,1.0
10974,189.0,233.0,1.0
10975,39.0,191.0,1.0
10976,232.0,265.0,1.0
10977,74.0,205.0,1.0
10978,16.0,23.0,1.0
10979,128.0,83.0,1.0
10980,144.0,189.0,1.0
10981,44.0,10.0,1.0
10982,147.0,34.0,1.0
10983,90.0,386.0,1.0
10984,180.0,220.0,1.0
10985,178.0,50.0,1.0
10986,14.0,316.0,1.0
10987,82.0,42.0,1.0
10988,230.0,220.0,1.0
10989,248.0,529.0,1.0
10990,101.0,100.0,1.0
10991,130.0,22.0,1.0
10992,163.0,145.0,1.0
10993,122.0,445.0,1.0
10994,135.0,205.0,1.0
10995,70.0,122.0,1.0
10996,79.0,310.0,1.0
10997,67.0,208.0,1.0
10998,160.0,177.0,1.0
10999,136.0,260.0,1.0
11000,172.0,43.0,1.0
11001,225.0,456.0,1.0
11002,3.0,156.0,1.0
11003,102.0,132.0,1.0
11004,0.0,11.0,1.0
11005,120.0,125.0,1.0
11006,60.0,12.0,1.0
11007,212.0,378.0,1.0
11008,234.0,400.0,1.0
11009,6.0,227.0,1.0
11010,94.0,282.0,1.0
11011,148.0,189.0,1.0
11012,218.0,182.0,1.0
11013,102.0,518.0,1.0
11014,65.0,570.0,1.0
11015,169.0,202.0,1.0
11016,147.0,118.0,1.0
11017,166.0,368.0,1.0
11018,193.0,190.0,1.0
11019,158.0,534.0,1.0
11020,11.0,98.0,1.0
11021,119.0,310.0,1.0
11022,135.0,410.0,1.0
11023,155.0,20.0,1.0
11024,145.0,10.0,1.0
11025,111.0,555.0,1.0
11026,113.0,171.0,1.0
11027,120.0,95.0,1.0
11028,228.0,100.0,1.0
11029,214.0,415.0,1.0
11030,47.0,309.0,1.0
11031,191.0,296.0,1.0
11032,51.0,245.0,1.0
11033,87.0,431.0,1.0
11034,211.0,43.0,1.0
11035,268.0,84.0,1.0
11036,158.0,360.0,1.0
11037,149.0,99.0,1.0
11038,30.0,35.0,1.0
11039,108.0,19.0,1.0
11040,68.0,120.0,1.0
11041,61.0,47.0,1.0
11042,234.0,543.0,1.0
11043,87.0,394.0,1.0
11044,103.0,367.0,1.0
11045,199.0,177.0,1.0
11046,105.0,107.0,1.0
11047,261.0,140.0,1.0
11048,177.0,18.0,1.0
11049,177.0,135.0,1.0
11050,59.0,185.0,1.0
11051,44.0,122.0,1.0
11052,226.0,62.0,1.0
11053,226.0,593.0,1.0
11054,211.0,84.0,1.0
11055,257.0,343.0,1.0
11056,56.0,170.0,1.0
11057,0.0,14.0,1.0
11058,248.0,370.0,1.0
11059,256.0,146.0,1.0
11060,51.0,44.0,1.0
11061,98.0,280.0,1.0
11062,90.0,236.0,1.0
11063,226.0,271.0,1.0
11064,129.0,280.0,1.0
11065,108.0,447.0,1.0
11066,107.0,202.0,1.0
11067,224.0,179.0,1.0
11068,136.0,497.0,1.0
11069,108.0,157.0,1.0
11070,211.0,111.0,1.0
11071,117.0,385.0,1.0
11072,257.0,113.0,1.0
11073,156.0,47.0,1.0
11074,183.0,591.0,1.0
11075,185.0,154.0,1.0
11076,95.0,80.0,1.0
11077,105.0,92.0,1.0
11078,37.0,293.0,1.0
11079,102.0,44.0,1.0
11080,57.0,286.0,1.0
11081,97.0,409.0,1.0
11082,12.0,59.0,1.0
11083,193.0,96.0,1.0
11084,123.0,588.0,1.0
11085,10.0,178.0,1.0
11086,63.0,224.0,1.0
11087,17.0,408.0,1.0
11088,96.0,291.0,1.0
11089,203.0,352.0,1.0
11090,219.0,229.0,1.0
11091,89.0,400.0,1.0
11092,54.0,35.0,1.0
11093,231.0,142.0,1.0
11094,217.0,39.0,1.0
11095,83.0,61.0,1.0
11096,169.0,196.0,1.0
11097,256.0,124.0,1.0
11098,182.0,39.0,1.0
11099,189.0,109.0,1.0
11100,247.0,538.0,1.0
11101,22.0,220.0,1.0
11102,97.0,204.0,1.0
11103,28.0,300.0,1.0
11104,195.0,40.0,1.0
11105,82.0,231.0,1.0
11106,103.0,0.0,1.0
11107,132.0,412.0,1.0
11108,29.0,60.0,1.0
11109,82.0,134.0,1.0
11110,245.0,191.0,1.0
11111,52.0,277.0,1.0
11112,226.0,89.0,1.0
11113,56.0,248.0,1.0
11114,10.0,9.0,1.0
11115,187.0,433.0,1.0
11116,85.0,153.0,1.0
11117,19.0,423.0,1.0
11118,60.0,225.0,1.0
11119,203.0,415.0,1.0
11120,158.0,12.0,1.0
11121,126.0,0.0,1.0
11122,57.0,548.0,1.0
11123,108.0,116.0,1.0
11124,89.0,209.0,1.0
11125,218.0,61.0,1.0
11126,156.0,7.0,1.0
11127,71.0,1.0,1.0
11128,109.0,239.0,1.0
11129,245.0,374.0,1.0
11130,196.0,515.0,1.0
11131,132.0,120.0,1.0
11132,164.0,67.0,1.0
11133,119.0,214.0,1.0
11134,87.0,33.0,1.0
11135,37.0,343.0,1.0
11136,108.0,326.0,1.0
11137,160.0,487.0,1.0
11138,241.0,218.0,1.0
11139,145.0,191.0,1.0
11140,77.0,247.0,1.0
11141,17.0,39.0,1.0
11142,162.0,287.0,1.0
11143,0.0,0.0,1.0
11144,106.0,426.0,1.0
11145,127.0,591.0,1.0
11146,143.0,122.0,1.0
11147,264.0,275.0,1.0
11148,239.0,501.0,1.0
11149,130.0,146.0,1.0
11150,183.0,40.0,1.0
11151,171.0,127.0,1.0
11152,97.0,39.0,1.0
11153,53.0,141.0,1.0
11154,259.0,343.0,1.0
11155,87.0,35.0,1.0
11156,51.0,187.0,1.0
11157,223.0,464.0,1.0
11158,210.0,557.0,1.0
11159,82.0,413.0,1.0
11160,73.0,432.0,1.0
11161,262.0,58.0,1.0
11162,258.0,409.0,1.0
11163,68.0,577.0,1.0
11164,217.0,310.0,1.0
11165,247.0,590.0,1.0
11166,232.0,23.0,1.0
11167,203.0,95.0,1.0
11168,117.0,186.0,1.0
11169,44.0,115.0,1.0
11170,78.0,415.0,1.0
11171,226.0,356.0,1.0
11172,85.0,137.0,1.0
11173,226.0,502.0,1.0
11174,24.0,121.0,1.0
11175,211.0,81.0,1.0
11176,32.0,130.0,1.0
11177,49.0,388.0,1.0
11178,108.0,133.0,1.0
11179,104.0,224.0,1.0
11180,74.0,121.0,1.0
11181,248.0,1.0,1.0
11182,126.0,374.0,1.0
11183,59.0,398.0,1.0
11184,142.0,213.0,1.0
11185,15.0,128.0,1.0
11186,122.0,143.0,1.0
11187,248.0,38.0,1.0
11188,75.0,581.0,1.0
11189,180.0,321.0,1.0
11190,60.0,111.0,1.0
11191,48.0,268.0,1.0
11192,147.0,595.0,1.0
11193,175.0,226.0,1.0
11194,263.0,120.0,1.0
11195,238.0,104.0,1.0
11196,117.0,221.0,1.0
11197,84.0,364.0,1.0
11198,211.0,62.0,1.0
11199,202.0,140.0,1.0
11200,209.0,81.0,1.0
11201,33.0,84.0,1.0
11202,18.0,136.0,1.0
11203,53.0,99.0,1.0
11204,207.0,516.0,1.0
11205,199.0,515.0,1.0
11206,118.0,117.0,1.0
11207,228.0,83.0,1.0
11208,115.0,120.0,1.0
11209,236.0,328.0,1.0
11210,259.0,405.0,1.0
11211,194.0,251.0,1.0
11212,97.0,376.0,1.0
11213,171.0,216.0,1.0
11214,257.0,38.0,1.0
11215,129.0,156.0,1.0
11216,87.0,172.0,1.0
11217,139.0,224.0,1.0
11218,38.0,88.0,1.0
11219,261.0,313.0,1.0
11220,172.0,148.0,1.0
11221,81.0,33.0,1.0
11222,17.0,414.0,1.0
11223,189.0,87.0,1.0
11224,75.0,8.0,1.0
11225,60.0,416.0,1.0
11226,29.0,441.0,1.0
11227,83.0,85.0,1.0
11228,135.0,379.0,1.0
11229,52.0,409.0,1.0
11230,183.0,228.0,1.0
11231,126.0,7.0,1.0
11232,222.0,114.0,1.0
11233,248.0,109.0,1.0
11234,93.0,284.0,1.0
11235,8.0,18.0,1.0
11236,203.0,154.0,1.0
11237,255.0,326.0,1.0
11238,148.0,20.0,1.0
11239,154.0,410.0,1.0
11240,163.0,410.0,1.0
11241,24.0,320.0,1.0
11242,211.0,147.0,1.0
11243,14.0,11.0,1.0
11244,42.0,204.0,1.0
11245,200.0,319.0,1.0
11246,223.0,143.0,1.0
11247,261.0,320.0,1.0
11248,82.0,237.0,1.0
11249,37.0,311.0,1.0
11250,224.0,223.0,1.0
11251,9.0,23.0,1.0
11252,49.0,22.0,1.0
11253,22.0,240.0,1.0
11254,196.0,382.0,1.0
11255,220.0,11.0,1.0
11256,214.0,59.0,1.0
11257,248.0,136.0,1.0
11258,67.0,118.0,1.0
11259,129.0,216.0,1.0
11260,218.0,478.0,1.0
11261,178.0,179.0,1.0
11262,71.0,382.0,1.0
11263,99.0,388.0,1.0
11264,197.0,143.0,1.0
11265,114.0,147.0,1.0
11266,147.0,17.0,1.0
11267,165.0,243.0,1.0
11268,107.0,85.0,1.0
11269,81.0,138.0,1.0
11270,128.0,59.0,1.0
11271,91.0,74.0,1.0
11272,108.0,385.0,1.0
11273,116.0,446.0,1.0
11274,144.0,282.0,1.0
11275,14.0,22.0,1.0
11276,228.0,44.0,1.0
11277,103.0,513.0,1.0
11278,259.0,150.0,1.0
11279,167.0,273.0,1.0
11280,57.0,114.0,1.0
11281,78.0,121.0,1.0
11282,129.0,104.0,1.0
11283,147.0,183.0,1.0
11284,148.0,119.0,1.0
11285,89.0,558.0,1.0
11286,33.0,58.0,1.0
11287,141.0,332.0,1.0
11288,105.0,252.0,1.0
11289,223.0,189.0,1.0
11290,156.0,202.0,1.0
11291,142.0,95.0,1.0
11292,234.0,186.0,1.0
11293,209.0,256.0,1.0
11294,182.0,154.0,1.0
11295,197.0,237.0,1.0
11296,87.0,336.0,1.0
11297,49.0,411.0,1.0
11298,223.0,282.0,1.0
11299,248.0,10.0,1.0
11300,94.0,61.0,1.0
11301,82.0,223.0,1.0
11302,89.0,464.0,1.0
11303,84.0,179.0,1.0
11304,118.0,536.0,1.0
11305,250.0,10.0,1.0
11306,84.0,88.0,1.0
11307,149.0,106.0,1.0
11308,262.0,252.0,1.0
11309,93.0,407.0,1.0
11310,168.0,382.0,1.0
11311,140.0,35.0,1.0
11312,201.0,470.0,1.0
11313,82.0,225.0,1.0
11314,84.0,319.0,1.0
11315,53.0,382.0,1.0
11316,183.0,0.0,1.0
11317,108.0,66.0,1.0
11318,69.0,332.0,1.0
11319,57.0,419.0,1.0
11320,226.0,78.0,1.0
11321,10.0,154.0,1.0
11322,200.0,486.0,1.0
11323,135.0,531.0,1.0
11324,194.0,34.0,1.0
11325,56.0,78.0,1.0
11326,81.0,457.0,1.0
11327,126.0,227.0,1.0
11328,84.0,51.0,1.0
11329,44.0,286.0,1.0
11330,230.0,400.0,1.0
11331,213.0,515.0,1.0
11332,113.0,38.0,1.0
11333,52.0,222.0,1.0
11334,191.0,204.0,1.0
11335,194.0,256.0,1.0
11336,251.0,106.0,1.0
11337,195.0,12.0,1.0
11338,223.0,79.0,1.0
11339,49.0,505.0,1.0
11340,207.0,251.0,1.0
11341,87.0,38.0,1.0
11342,107.0,117.0,1.0
11343,70.0,120.0,1.0
11344,60.0,247.0,1.0
11345,217.0,0.0,1.0
11346,225.0,48.0,1.0
11347,92.0,196.0,1.0
11348,183.0,45.0,1.0
11349,124.0,201.0,1.0
11350,135.0,547.0,1.0
11351,130.0,303.0,1.0
11352,141.0,354.0,1.0
11353,126.0,231.0,1.0
11354,4.0,180.0,1.0
11355,155.0,594.0,1.0
11356,72.0,477.0,1.0
11357,102.0,245.0,1.0
11358,63.0,92.0,1.0
11359,49.0,186.0,1.0
11360,219.0,219.0,1.0
11361,248.0,499.0,1.0
11362,51.0,527.0,1.0
11363,80.0,156.0,1.0
11364,130.0,428.0,1.0
11365,107.0,24.0,1.0
11366,168.0,103.0,1.0
11367,89.0,111.0,1.0
11368,42.0,398.0,1.0
11369,24.0,324.0,1.0
11370,146.0,313.0,1.0
11371,210.0,113.0,1.0
11372,39.0,195.0,1.0
11373,113.0,191.0,1.0
11374,2.0,127.0,1.0
11375,102.0,11.0,1.0
11376,52.0,186.0,1.0
11377,112.0,541.0,1.0
11378,90.0,201.0,1.0
11379,90.0,169.0,1.0
11380,232.0,369.0,1.0
11381,14.0,275.0,1.0
11382,30.0,106.0,1.0
11383,156.0,284.0,1.0
11384,207.0,50.0,1.0
11385,110.0,196.0,1.0
11386,186.0,488.0,1.0
11387,44.0,9.0,1.0
11388,264.0,299.0,1.0
11389,149.0,119.0,1.0
11390,26.0,50.0,1.0
11391,161.0,498.0,1.0
11392,83.0,35.0,1.0
11393,1.0,41.0,1.0
11394,145.0,227.0,1.0
11395,1.0,78.0,1.0
11396,81.0,474.0,1.0
11397,259.0,222.0,1.0
11398,186.0,32.0,1.0
11399,32.0,84.0,1.0
11400,37.0,156.0,1.0
11401,33.0,144.0,1.0
11402,129.0,386.0,1.0
11403,224.0,133.0,1.0
11404,82.0,485.0,1.0
11405,243.0,433.0,1.0
11406,147.0,35.0,1.0
11407,234.0,352.0,1.0
11408,37.0,252.0,1.0
11409,193.0,126.0,1.0
11410,97.0,368.0,1.0
11411,203.0,6.0,1.0
11412,89.0,440.0,1.0
11413,163.0,104.0,1.0
11414,129.0,262.0,1.0
11415,82.0,455.0,1.0
11416,89.0,378.0,1.0
11417,179.0,416.0,1.0
11418,196.0,546.0,1.0
11419,45.0,438.0,1.0
11420,169.0,487.0,1.0
11421,163.0,294.0,1.0
11422,259.0,216.0,1.0
11423,59.0,217.0,1.0
11424,194.0,147.0,1.0
11425,209.0,83.0,1.0
11426,60.0,103.0,1.0
11427,158.0,81.0,1.0
11428,17.0,66.0,1.0
11429,238.0,66.0,1.0
11430,189.0,232.0,1.0
11431,87.0,157.0,1.0
11432,150.0,140.0,1.0
11433,249.0,181.0,1.0
11434,200.0,534.0,1.0
11435,82.0,5.0,1.0
11436,158.0,219.0,1.0
11437,79.0,69.0,1.0
11438,58.0,22.0,1.0
11439,62.0,36.0,1.0
11440,158.0,284.0,1.0
11441,51.0,438.0,1.0
11442,104.0,181.0,1.0
11443,255.0,551.0,1.0
11444,17.0,380.0,1.0
11445,113.0,298.0,1.0
11446,256.0,464.0,1.0
11447,45.0,95.0,1.0
11448,39.0,378.0,1.0
11449,82.0,213.0,1.0
11450,87.0,113.0,1.0
11451,62.0,14.0,1.0
11452,212.0,146.0,1.0
11453,248.0,339.0,1.0
11454,119.0,185.0,1.0
11455,59.0,12.0,1.0
11456,147.0,276.0,1.0
11457,29.0,263.0,1.0
11458,223.0,236.0,1.0
11459,229.0,91.0,1.0
11460,103.0,89.0,1.0
11461,189.0,597.0,1.0
11462,189.0,79.0,1.0
11463,163.0,159.0,1.0
11464,10.0,29.0,1.0
11465,116.0,91.0,1.0
11466,256.0,245.0,1.0
11467,74.0,348.0,1.0
11468,223.0,169.0,1.0
11469,126.0,388.0,1.0
11470,249.0,328.0,1.0
11471,150.0,100.0,1.0
11472,72.0,482.0,1.0
11473,1.0,45.0,1.0
11474,130.0,70.0,1.0
11475,71.0,376.0,1.0
11476,164.0,126.0,1.0
11477,98.0,279.0,1.0
11478,164.0,12.0,1.0
11479,130.0,193.0,1.0
11480,218.0,303.0,1.0
11481,105.0,434.0,1.0
11482,214.0,325.0,1.0
11483,52.0,348.0,1.0
11484,116.0,369.0,1.0
11485,82.0,129.0,1.0
11486,145.0,53.0,1.0
11487,134.0,32.0,1.0
11488,126.0,117.0,1.0
11489,116.0,367.0,1.0
11490,49.0,100.0,1.0
11491,81.0,48.0,1.0
11492,42.0,471.0,1.0
11493,61.0,164.0,1.0
11494,185.0,357.0,1.0
11495,216.0,212.0,1.0
11496,148.0,110.0,1.0
11497,225.0,593.0,1.0
11498,126.0,278.0,1.0
11499,4.0,182.0,1.0
11500,161.0,343.0,1.0
11501,172.0,126.0,1.0
11502,2.0,98.0,1.0
11503,114.0,335.0,1.0
11504,52.0,117.0,1.0
11505,179.0,205.0,1.0
11506,156.0,22.0,1.0
11507,88.0,146.0,1.0
11508,217.0,146.0,1.0
11509,167.0,10.0,1.0
11510,159.0,191.0,1.0
11511,57.0,547.0,1.0
11512,147.0,312.0,1.0
11513,185.0,133.0,1.0
11514,122.0,50.0,1.0
11515,130.0,540.0,1.0
11516,158.0,104.0,1.0
11517,60.0,81.0,1.0
11518,8.0,242.0,1.0
11519,139.0,368.0,1.0
11520,197.0,84.0,1.0
11521,178.0,197.0,1.0
11522,162.0,89.0,1.0
11523,127.0,308.0,1.0
11524,1.0,52.0,1.0
11525,207.0,265.0,1.0
11526,232.0,459.0,1.0
11527,183.0,345.0,1.0
11528,73.0,52.0,1.0
11529,203.0,17.0,1.0
11530,264.0,58.0,1.0
11531,51.0,332.0,1.0
11532,218.0,409.0,1.0
11533,104.0,497.0,1.0
11534,56.0,29.0,1.0
11535,219.0,394.0,1.0
11536,69.0,495.0,1.0
11537,52.0,111.0,1.0
11538,147.0,261.0,1.0
11539,224.0,94.0,1.0
11540,62.0,191.0,1.0
11541,145.0,45.0,1.0
11542,5.0,122.0,1.0
11543,214.0,126.0,1.0
11544,224.0,233.0,1.0
11545,102.0,50.0,1.0
11546,240.0,38.0,1.0
11547,182.0,340.0,1.0
11548,19.0,155.0,1.0
11549,138.0,456.0,1.0
11550,2.0,94.0,1.0
11551,19.0,111.0,1.0
11552,23.0,175.0,1.0
11553,3.0,134.0,1.0
11554,56.0,59.0,1.0
11555,184.0,544.0,1.0
11556,84.0,50.0,1.0
11557,248.0,296.0,1.0
11558,90.0,86.0,1.0
11559,162.0,155.0,1.0
11560,165.0,479.0,1.0
11561,56.0,10.0,1.0
11562,200.0,556.0,1.0
11563,81.0,10.0,1.0
11564,65.0,103.0,1.0
11565,103.0,461.0,1.0
11566,232.0,149.0,1.0
11567,87.0,463.0,1.0
11568,264.0,124.0,1.0
11569,183.0,81.0,1.0
11570,116.0,243.0,1.0
11571,28.0,41.0,1.0
11572,82.0,342.0,1.0
11573,74.0,424.0,1.0
11574,189.0,400.0,1.0
11575,87.0,444.0,1.0
11576,52.0,382.0,1.0
11577,43.0,47.0,1.0
11578,74.0,341.0,1.0
11579,89.0,222.0,1.0
11580,82.0,507.0,1.0
11581,97.0,55.0,1.0
11582,172.0,496.0,1.0
11583,8.0,51.0,1.0
11584,235.0,389.0,1.0
11585,75.0,517.0,1.0
11586,132.0,199.0,1.0
11587,222.0,220.0,1.0
11588,156.0,424.0,1.0
11589,170.0,326.0,1.0
11590,223.0,219.0,1.0
11591,255.0,39.0,1.0
11592,249.0,94.0,1.0
11593,56.0,115.0,1.0
11594,107.0,544.0,1.0
11595,186.0,86.0,1.0
11596,172.0,10.0,1.0
11597,234.0,192.0,1.0
11598,198.0,14.0,1.0
11599,103.0,48.0,1.0
11600,29.0,367.0,1.0
11601,150.0,243.0,1.0
11602,150.0,122.0,1.0
11603,156.0,227.0,1.0
11604,205.0,321.0,1.0
11605,156.0,84.0,1.0
11606,214.0,252.0,1.0
11607,107.0,319.0,1.0
11608,1.0,88.0,1.0
11609,177.0,62.0,1.0
11610,160.0,70.0,1.0
11611,130.0,201.0,1.0
11612,261.0,94.0,1.0
11613,130.0,21.0,1.0
11614,226.0,311.0,1.0
11615,69.0,94.0,1.0
11616,82.0,509.0,1.0
11617,10.0,22.0,1.0
11618,200.0,77.0,1.0
11619,230.0,70.0,1.0
11620,220.0,50.0,1.0
11621,238.0,282.0,1.0
11622,87.0,123.0,1.0
11623,178.0,148.0,1.0
11624,254.0,434.0,1.0
11625,150.0,124.0,1.0
11626,136.0,279.0,1.0
11627,65.0,228.0,1.0
11628,22.0,428.0,1.0
11629,145.0,133.0,1.0
11630,82.0,410.0,1.0
11631,31.0,255.0,1.0
11632,115.0,151.0,1.0
11633,133.0,208.0,1.0
11634,48.0,196.0,1.0
11635,183.0,211.0,1.0
11636,17.0,24.0,1.0
11637,1.0,56.0,1.0
11638,97.0,59.0,1.0
11639,178.0,275.0,1.0
11640,226.0,301.0,1.0
11641,68.0,520.0,1.0
11642,148.0,178.0,1.0
11643,185.0,143.0,1.0
11644,149.0,57.0,1.0
11645,42.0,353.0,1.0
11646,194.0,124.0,1.0
11647,54.0,40.0,1.0
11648,61.0,455.0,1.0
11649,256.0,114.0,1.0
11650,126.0,62.0,1.0
11651,130.0,287.0,1.0
11652,74.0,12.0,1.0
11653,254.0,251.0,1.0
11654,71.0,62.0,1.0
11655,155.0,463.0,1.0
11656,69.0,568.0,1.0
11657,201.0,411.0,1.0
11658,84.0,460.0,1.0
11659,138.0,208.0,1.0
11660,144.0,229.0,1.0
11661,93.0,15.0,1.0
11662,82.0,141.0,1.0
11663,104.0,326.0,1.0
11664,56.0,148.0,1.0
11665,102.0,345.0,1.0
11666,71.0,405.0,1.0
11667,78.0,100.0,1.0
11668,1.0,74.0,1.0
11669,90.0,336.0,1.0
11670,173.0,485.0,1.0
11671,114.0,285.0,1.0
11672,97.0,267.0,1.0
11673,223.0,321.0,1.0
11674,135.0,100.0,1.0
11675,81.0,220.0,1.0
11676,95.0,103.0,1.0
11677,52.0,473.0,1.0
11678,97.0,122.0,1.0
11679,81.0,93.0,1.0
11680,98.0,143.0,1.0
11681,211.0,209.0,1.0
11682,180.0,336.0,1.0
11683,119.0,111.0,1.0
11684,172.0,70.0,1.0
11685,100.0,120.0,1.0
11686,97.0,391.0,1.0
11687,11.0,312.0,1.0
11688,14.0,347.0,1.0
11689,259.0,394.0,1.0
11690,144.0,492.0,1.0
11691,26.0,436.0,1.0
11692,81.0,466.0,1.0
11693,181.0,205.0,1.0
11694,119.0,49.0,1.0
11695,242.0,223.0,1.0
11696,185.0,216.0,1.0
11697,196.0,92.0,1.0
11698,28.0,441.0,1.0
11699,153.0,190.0,1.0
11700,185.0,57.0,1.0
11701,225.0,273.0,1.0
11702,196.0,467.0,1.0
11703,56.0,120.0,1.0
11704,250.0,223.0,1.0
11705,4.0,177.0,1.0
11706,232.0,111.0,1.0
11707,159.0,503.0,1.0
11708,60.0,45.0,1.0
11709,207.0,116.0,1.0
11710,123.0,135.0,1.0
11711,264.0,152.0,1.0
11712,228.0,38.0,1.0
11713,147.0,422.0,1.0
11714,234.0,138.0,1.0
11715,31.0,425.0,1.0
11716,64.0,558.0,1.0
11717,162.0,114.0,1.0
11718,1.0,62.0,1.0
11719,224.0,385.0,1.0
11720,256.0,229.0,1.0
11721,106.0,107.0,1.0
11722,180.0,241.0,1.0
11723,230.0,544.0,1.0
11724,26.0,58.0,1.0
11725,116.0,327.0,1.0
11726,261.0,163.0,1.0
11727,78.0,337.0,1.0
11728,79.0,504.0,1.0
11729,216.0,327.0,1.0
11730,234.0,91.0,1.0
11731,173.0,215.0,1.0
11732,173.0,447.0,1.0
11733,262.0,311.0,1.0
11734,12.0,321.0,1.0
11735,216.0,147.0,1.0
11736,128.0,9.0,1.0
11737,228.0,134.0,1.0
11738,224.0,89.0,1.0
11739,147.0,339.0,1.0
11740,223.0,413.0,1.0
11741,53.0,532.0,1.0
11742,113.0,552.0,1.0
11743,147.0,306.0,1.0
11744,102.0,270.0,1.0
11745,57.0,75.0,1.0
11746,194.0,10.0,1.0
11747,178.0,467.0,1.0
11748,144.0,138.0,1.0
11749,223.0,109.0,1.0
11750,229.0,233.0,1.0
11751,128.0,66.0,1.0
11752,49.0,47.0,1.0
11753,245.0,197.0,1.0
11754,147.0,262.0,1.0
11755,229.0,351.0,1.0
11756,53.0,191.0,1.0
11757,10.0,298.0,1.0
11758,223.0,254.0,1.0
11759,164.0,412.0,1.0
11760,136.0,529.0,1.0
11761,45.0,286.0,1.0
11762,82.0,216.0,1.0
11763,48.0,484.0,1.0
11764,261.0,159.0,1.0
11765,81.0,194.0,1.0
11766,173.0,175.0,1.0
11767,258.0,107.0,1.0
11768,31.0,204.0,1.0
11769,149.0,290.0,1.0
11770,267.0,127.0,1.0
11771,49.0,105.0,1.0
11772,114.0,233.0,1.0
11773,44.0,269.0,1.0
11774,183.0,155.0,1.0
11775,178.0,194.0,1.0
11776,197.0,103.0,1.0
11777,89.0,1.0,1.0
11778,186.0,138.0,1.0
11779,97.0,148.0,1.0
11780,178.0,4.0,1.0
11781,189.0,320.0,1.0
11782,224.0,203.0,1.0
11783,108.0,73.0,1.0
11784,178.0,225.0,1.0
11785,178.0,147.0,1.0
11786,51.0,130.0,1.0
11787,127.0,81.0,1.0
11788,97.0,227.0,1.0
11789,93.0,219.0,1.0
11790,125.0,50.0,1.0
11791,199.0,580.0,1.0
11792,102.0,69.0,1.0
11793,150.0,47.0,1.0
11794,156.0,186.0,1.0
11795,124.0,50.0,1.0
11796,228.0,230.0,1.0
11797,228.0,222.0,1.0
11798,87.0,495.0,1.0
11799,109.0,89.0,1.0
11800,88.0,204.0,1.0
11801,90.0,255.0,1.0
11802,111.0,17.0,1.0
11803,185.0,518.0,1.0
11804,82.0,282.0,1.0
11805,71.0,133.0,1.0
11806,102.0,106.0,1.0
11807,16.0,368.0,1.0
11808,82.0,558.0,1.0
11809,132.0,423.0,1.0
11810,53.0,298.0,1.0
11811,160.0,409.0,1.0
11812,65.0,38.0,1.0
11813,2.0,111.0,1.0
11814,87.0,107.0,1.0
11815,124.0,120.0,1.0
11816,194.0,145.0,1.0
11817,124.0,388.0,1.0
11818,114.0,248.0,1.0
11819,259.0,126.0,1.0
11820,241.0,105.0,1.0
11821,164.0,66.0,1.0
11822,132.0,190.0,1.0
11823,9.0,103.0,1.0
11824,153.0,148.0,1.0
11825,228.0,266.0,1.0
11826,45.0,84.0,1.0
11827,56.0,356.0,1.0
11828,145.0,266.0,1.0
11829,130.0,318.0,1.0
11830,242.0,72.0,1.0
11831,175.0,5.0,1.0
11832,84.0,451.0,1.0
11833,223.0,512.0,1.0
11834,238.0,60.0,1.0
11835,103.0,116.0,1.0
11836,198.0,203.0,1.0
11837,136.0,375.0,1.0
11838,52.0,70.0,1.0
11839,65.0,203.0,1.0
11840,116.0,330.0,1.0
11841,138.0,460.0,1.0
11842,183.0,196.0,1.0
11843,60.0,153.0,1.0
11844,127.0,310.0,1.0
11845,86.0,384.0,1.0
11846,164.0,10.0,1.0
11847,239.0,151.0,1.0
11848,183.0,19.0,1.0
11849,126.0,412.0,1.0
11850,49.0,117.0,1.0
11851,17.0,111.0,1.0
11852,197.0,256.0,1.0
11853,222.0,156.0,1.0
11854,39.0,111.0,1.0
11855,10.0,297.0,1.0
11856,185.0,119.0,1.0
11857,42.0,5.0,1.0
11858,186.0,318.0,1.0
11859,218.0,127.0,1.0
11860,145.0,69.0,1.0
11861,223.0,50.0,1.0
11862,81.0,530.0,1.0
11863,149.0,400.0,1.0
11864,169.0,253.0,1.0
11865,175.0,194.0,1.0
11866,117.0,11.0,1.0
11867,120.0,467.0,1.0
11868,143.0,310.0,1.0
11869,144.0,477.0,1.0
11870,105.0,277.0,1.0
11871,14.0,297.0,1.0
11872,147.0,97.0,1.0
11873,136.0,277.0,1.0
11874,135.0,356.0,1.0
11875,263.0,73.0,1.0
11876,202.0,156.0,1.0
11877,1.0,31.0,1.0
11878,65.0,106.0,1.0
11879,19.0,290.0,1.0
11880,42.0,409.0,1.0
11881,116.0,133.0,1.0
11882,65.0,193.0,1.0
11883,31.0,86.0,1.0
11884,172.0,123.0,1.0
11885,153.0,453.0,1.0
11886,133.0,83.0,1.0
11887,208.0,382.0,1.0
11888,207.0,120.0,1.0
11889,93.0,10.0,1.0
11890,81.0,407.0,1.0
11891,134.0,484.0,1.0
11892,64.0,388.0,1.0
11893,16.0,366.0,1.0
11894,56.0,43.0,1.0
11895,2.0,120.0,1.0
11896,115.0,408.0,1.0
11897,114.0,263.0,1.0
11898,82.0,195.0,1.0
11899,96.0,135.0,1.0
11900,177.0,39.0,1.0
11901,217.0,373.0,1.0
11902,130.0,546.0,1.0
11903,90.0,337.0,1.0
11904,62.0,125.0,1.0
11905,245.0,309.0,1.0
11906,83.0,147.0,1.0
11907,192.0,18.0,1.0
11908,150.0,44.0,1.0
11909,237.0,273.0,1.0
11910,130.0,269.0,1.0
11911,38.0,281.0,1.0
11912,67.0,156.0,1.0
11913,246.0,423.0,1.0
11914,126.0,390.0,1.0
11915,164.0,224.0,1.0
11916,73.0,130.0,1.0
11917,182.0,264.0,1.0
11918,251.0,90.0,1.0
11919,96.0,242.0,1.0
11920,87.0,456.0,1.0
11921,211.0,16.0,1.0
11922,52.0,122.0,1.0
11923,189.0,7.0,1.0
11924,115.0,277.0,1.0
11925,17.0,95.0,1.0
11926,127.0,343.0,1.0
11927,65.0,535.0,1.0
11928,44.0,51.0,1.0
11929,101.0,146.0,1.0
11930,105.0,253.0,1.0
11931,144.0,121.0,1.0
11932,164.0,80.0,1.0
11933,85.0,77.0,1.0
11934,30.0,60.0,1.0
11935,97.0,482.0,1.0
11936,207.0,295.0,1.0
11937,175.0,105.0,1.0
11938,248.0,540.0,1.0
11939,51.0,58.0,1.0
11940,127.0,71.0,1.0
11941,16.0,276.0,1.0
11942,8.0,11.0,1.0
11943,91.0,294.0,1.0
11944,233.0,36.0,1.0
11945,133.0,204.0,1.0
11946,165.0,185.0,1.0
11947,31.0,17.0,1.0
11948,98.0,91.0,1.0
11949,226.0,28.0,1.0
11950,122.0,9.0,1.0
11951,256.0,240.0,1.0
11952,79.0,218.0,1.0
11953,224.0,434.0,1.0
11954,8.0,237.0,1.0
11955,65.0,525.0,1.0
11956,196.0,214.0,1.0
11957,164.0,350.0,1.0
11958,182.0,100.0,1.0
11959,182.0,75.0,1.0
11960,105.0,250.0,1.0
11961,26.0,143.0,1.0
11962,74.0,145.0,1.0
11963,74.0,96.0,1.0
11964,26.0,168.0,1.0
11965,129.0,31.0,1.0
11966,102.0,304.0,1.0
11967,128.0,115.0,1.0
11968,108.0,127.0,1.0
11969,31.0,40.0,1.0
11970,145.0,93.0,1.0
11971,82.0,504.0,1.0
11972,162.0,225.0,1.0
11973,47.0,111.0,1.0
11974,155.0,24.0,1.0
11975,250.0,100.0,1.0
11976,178.0,214.0,1.0
11977,230.0,564.0,1.0
11978,183.0,236.0,1.0
11979,91.0,552.0,1.0
11980,83.0,230.0,1.0
11981,183.0,587.0,1.0
11982,156.0,282.0,1.0
11983,135.0,232.0,1.0
11984,259.0,36.0,1.0
11985,250.0,394.0,1.0
11986,224.0,10.0,1.0
11987,256.0,231.0,1.0
11988,71.0,118.0,1.0
11989,86.0,434.0,1.0
11990,91.0,178.0,1.0
11991,51.0,461.0,1.0
11992,71.0,329.0,1.0
11993,16.0,111.0,1.0
11994,218.0,147.0,1.0
11995,168.0,597.0,1.0
11996,239.0,522.0,1.0
11997,65.0,338.0,1.0
11998,182.0,592.0,1.0
11999,82.0,267.0,1.0
12000,178.0,9.0,1.0
12001,130.0,294.0,1.0
12002,148.0,352.0,1.0
12003,227.0,44.0,1.0
12004,266.0,48.0,1.0
12005,160.0,196.0,1.0
12006,108.0,168.0,1.0
12007,88.0,7.0,1.0
12008,64.0,3.0,1.0
12009,149.0,539.0,1.0
12010,15.0,343.0,1.0
12011,58.0,339.0,1.0
12012,238.0,179.0,1.0
12013,200.0,322.0,1.0
12014,108.0,10.0,1.0
12015,56.0,253.0,1.0
12016,3.0,45.0,1.0
12017,147.0,47.0,1.0
12018,115.0,257.0,1.0
12019,71.0,137.0,1.0
12020,97.0,417.0,1.0
12021,178.0,473.0,1.0
12022,7.0,143.0,1.0
12023,104.0,59.0,1.0
12024,82.0,80.0,1.0
12025,71.0,7.0,1.0
12026,202.0,155.0,1.0
12027,78.0,131.0,1.0
12028,86.0,133.0,1.0
12029,213.0,209.0,1.0
12030,228.0,223.0,1.0
12031,51.0,478.0,1.0
12032,164.0,328.0,1.0
12033,98.0,206.0,1.0
12034,126.0,91.0,1.0
12035,14.0,59.0,1.0
12036,235.0,65.0,1.0
12037,180.0,527.0,1.0
12038,102.0,277.0,1.0
12039,226.0,32.0,1.0
12040,180.0,9.0,1.0
12041,185.0,97.0,1.0
12042,266.0,103.0,1.0
12043,129.0,232.0,1.0
12044,259.0,10.0,1.0
12045,147.0,461.0,1.0
12046,113.0,241.0,1.0
12047,227.0,66.0,1.0
12048,168.0,154.0,1.0
12049,194.0,127.0,1.0
12050,3.0,147.0,1.0
12051,223.0,59.0,1.0
12052,153.0,10.0,1.0
12053,103.0,175.0,1.0
12054,142.0,12.0,1.0
12055,123.0,284.0,1.0
12056,84.0,520.0,1.0
12057,234.0,382.0,1.0
12058,102.0,39.0,1.0
12059,34.0,455.0,1.0
12060,219.0,231.0,1.0
12061,52.0,205.0,1.0
12062,17.0,156.0,1.0
12063,178.0,12.0,1.0
12064,178.0,84.0,1.0
12065,134.0,395.0,1.0
12066,72.0,208.0,1.0
12067,126.0,416.0,1.0
12068,39.0,334.0,1.0
12069,102.0,1.0,1.0
12070,236.0,111.0,1.0
12071,9.0,87.0,1.0
12072,211.0,188.0,1.0
12073,186.0,62.0,1.0
12074,149.0,157.0,1.0
12075,116.0,62.0,1.0
12076,135.0,412.0,1.0
12077,213.0,10.0,1.0
12078,94.0,522.0,1.0
12079,148.0,146.0,1.0
12080,230.0,218.0,1.0
12081,217.0,230.0,1.0
12082,68.0,46.0,1.0
12083,80.0,289.0,1.0
12084,178.0,569.0,1.0
12085,109.0,31.0,1.0
12086,160.0,320.0,1.0
12087,245.0,188.0,1.0
12088,48.0,491.0,1.0
12089,130.0,493.0,1.0
12090,147.0,37.0,1.0
12091,167.0,378.0,1.0
12092,116.0,490.0,1.0
12093,129.0,466.0,1.0
12094,13.0,156.0,1.0
12095,148.0,153.0,1.0
12096,60.0,185.0,1.0
12097,156.0,33.0,1.0
12098,88.0,10.0,1.0
12099,149.0,272.0,1.0
12100,234.0,69.0,1.0
12101,164.0,470.0,1.0
12102,256.0,386.0,1.0
12103,82.0,8.0,1.0
12104,17.0,214.0,1.0
12105,71.0,379.0,1.0
12106,212.0,117.0,1.0
12107,223.0,335.0,1.0
12108,87.0,592.0,1.0
12109,31.0,191.0,1.0
12110,45.0,493.0,1.0
12111,175.0,4.0,1.0
12112,113.0,483.0,1.0
12113,58.0,153.0,1.0
12114,203.0,89.0,1.0
12115,134.0,387.0,1.0
12116,110.0,243.0,1.0
12117,63.0,223.0,1.0
12118,182.0,324.0,1.0
12119,129.0,126.0,1.0
12120,37.0,259.0,1.0
12121,81.0,400.0,1.0
12122,147.0,281.0,1.0
12123,9.0,139.0,1.0
12124,136.0,91.0,1.0
12125,250.0,146.0,1.0
12126,160.0,490.0,1.0
12127,253.0,52.0,1.0
12128,116.0,556.0,1.0
12129,90.0,11.0,1.0
12130,248.0,88.0,1.0
12131,164.0,216.0,1.0
12132,249.0,290.0,1.0
12133,113.0,247.0,1.0
12134,225.0,85.0,1.0
12135,89.0,220.0,1.0
12136,263.0,54.0,1.0
12137,179.0,391.0,1.0
12138,105.0,81.0,1.0
12139,183.0,154.0,1.0
12140,82.0,19.0,1.0
12141,197.0,64.0,1.0
12142,202.0,118.0,1.0
12143,53.0,111.0,1.0
12144,257.0,69.0,1.0
12145,20.0,153.0,1.0
12146,258.0,413.0,1.0
12147,145.0,84.0,1.0
12148,149.0,135.0,1.0
12149,89.0,3.0,1.0
12150,51.0,7.0,1.0
12151,256.0,13.0,1.0
12152,226.0,589.0,1.0
12153,15.0,35.0,1.0
12154,131.0,122.0,1.0
12155,197.0,224.0,1.0
12156,91.0,483.0,1.0
12157,129.0,48.0,1.0
12158,141.0,320.0,1.0
12159,84.0,100.0,1.0
12160,223.0,47.0,1.0
12161,150.0,201.0,1.0
12162,248.0,157.0,1.0
12163,264.0,422.0,1.0
12164,209.0,103.0,1.0
12165,179.0,55.0,1.0
12166,121.0,97.0,1.0
12167,255.0,81.0,1.0
12168,136.0,222.0,1.0
12169,257.0,208.0,1.0
12170,239.0,126.0,1.0
12171,116.0,61.0,1.0
12172,124.0,291.0,1.0
12173,62.0,225.0,1.0
12174,51.0,397.0,1.0
12175,33.0,9.0,1.0
12176,71.0,498.0,1.0
12177,156.0,116.0,1.0
12178,126.0,92.0,1.0
12179,68.0,60.0,1.0
12180,149.0,118.0,1.0
12181,165.0,413.0,1.0
12182,176.0,7.0,1.0
12183,68.0,68.0,1.0
12184,128.0,354.0,1.0
12185,223.0,36.0,1.0
12186,248.0,252.0,1.0
12187,127.0,150.0,1.0
12188,156.0,117.0,1.0
12189,53.0,116.0,1.0
12190,186.0,358.0,1.0
12191,135.0,195.0,1.0
12192,257.0,81.0,1.0
12193,8.0,64.0,1.0
12194,208.0,73.0,1.0
12195,224.0,124.0,1.0
12196,195.0,179.0,1.0
12197,158.0,168.0,1.0
12198,178.0,553.0,1.0
12199,224.0,127.0,1.0
12200,26.0,11.0,1.0
12201,129.0,217.0,1.0
12202,71.0,227.0,1.0
12203,268.0,134.0,1.0
12204,102.0,440.0,1.0
12205,182.0,94.0,1.0
12206,82.0,111.0,1.0
12207,90.0,220.0,1.0
12208,97.0,202.0,1.0
12209,218.0,119.0,1.0
12210,224.0,343.0,1.0
12211,47.0,126.0,1.0
12212,211.0,38.0,1.0
12213,209.0,204.0,1.0
12214,184.0,115.0,1.0
12215,242.0,310.0,1.0
12216,193.0,147.0,1.0
12217,81.0,412.0,1.0
12218,1.0,82.0,1.0
12219,22.0,90.0,1.0
12220,136.0,190.0,1.0
12221,220.0,582.0,1.0
12222,224.0,33.0,1.0
12223,214.0,38.0,1.0
12224,162.0,95.0,1.0
12225,206.0,10.0,1.0
12226,85.0,154.0,1.0
12227,48.0,259.0,1.0
12228,106.0,69.0,1.0
12229,113.0,17.0,1.0
12230,117.0,95.0,1.0
12231,16.0,71.0,1.0
12232,165.0,511.0,1.0
12233,31.0,452.0,1.0
12234,77.0,10.0,1.0
12235,162.0,240.0,1.0
12236,51.0,357.0,1.0
12237,117.0,584.0,1.0
12238,164.0,91.0,1.0
12239,184.0,367.0,1.0
12240,23.0,133.0,1.0
12241,39.0,434.0,1.0
12242,100.0,416.0,1.0
12243,52.0,132.0,1.0
12244,53.0,1.0,1.0
12245,45.0,407.0,1.0
12246,75.0,216.0,1.0
12247,26.0,408.0,1.0
12248,104.0,358.0,1.0
12249,218.0,487.0,1.0
12250,26.0,92.0,1.0
12251,86.0,377.0,1.0
12252,207.0,441.0,1.0
12253,259.0,38.0,1.0
12254,240.0,241.0,1.0
12255,135.0,548.0,1.0
12256,155.0,459.0,1.0
12257,165.0,249.0,1.0
12258,105.0,77.0,1.0
12259,17.0,12.0,1.0
12260,262.0,124.0,1.0
12261,123.0,152.0,1.0
12262,53.0,189.0,1.0
12263,219.0,416.0,1.0
12264,147.0,571.0,1.0
12265,34.0,150.0,1.0
12266,128.0,50.0,1.0
12267,203.0,347.0,1.0
12268,82.0,386.0,1.0
12269,219.0,0.0,1.0
12270,9.0,66.0,1.0
12271,187.0,322.0,1.0
12272,10.0,289.0,1.0
12273,234.0,464.0,1.0
12274,81.0,9.0,1.0
12275,158.0,464.0,1.0
12276,180.0,66.0,1.0
12277,242.0,532.0,1.0
12278,155.0,92.0,1.0
12279,87.0,213.0,1.0
12280,55.0,104.0,1.0
12281,1.0,27.0,1.0
12282,102.0,367.0,1.0
12283,191.0,73.0,1.0
12284,224.0,266.0,1.0
12285,149.0,3.0,1.0
12286,16.0,247.0,1.0
12287,135.0,214.0,1.0
12288,105.0,273.0,1.0
12289,189.0,523.0,1.0
12290,151.0,146.0,1.0
12291,98.0,429.0,1.0
12292,87.0,131.0,1.0
12293,135.0,310.0,1.0
12294,147.0,508.0,1.0
12295,129.0,0.0,1.0
12296,234.0,61.0,1.0
12297,132.0,429.0,1.0
12298,266.0,202.0,1.0
12299,64.0,507.0,1.0
12300,227.0,478.0,1.0
12301,194.0,532.0,1.0
12302,102.0,118.0,1.0
12303,47.0,110.0,1.0
12304,33.0,293.0,1.0
12305,178.0,247.0,1.0
12306,193.0,91.0,1.0
12307,65.0,133.0,1.0
12308,60.0,66.0,1.0
12309,200.0,36.0,1.0
12310,203.0,314.0,1.0
12311,180.0,289.0,1.0
12312,200.0,220.0,1.0
12313,234.0,501.0,1.0
12314,9.0,276.0,1.0
12315,34.0,415.0,1.0
12316,232.0,77.0,1.0
12317,264.0,2.0,1.0
12318,253.0,86.0,1.0
12319,32.0,139.0,1.0
12320,78.0,3.0,1.0
12321,103.0,27.0,1.0
12322,178.0,146.0,1.0
12323,175.0,391.0,1.0
12324,77.0,230.0,1.0
12325,132.0,38.0,1.0
12326,266.0,3.0,1.0
12327,188.0,216.0,1.0
12328,229.0,160.0,1.0
12329,10.0,83.0,1.0
12330,234.0,81.0,1.0
12331,268.0,50.0,1.0
12332,51.0,108.0,1.0
12333,191.0,35.0,1.0
12334,185.0,332.0,1.0
12335,113.0,175.0,1.0
12336,200.0,264.0,1.0
12337,256.0,69.0,1.0
12338,53.0,464.0,1.0
12339,266.0,588.0,1.0
12340,71.0,74.0,1.0
12341,116.0,263.0,1.0
12342,108.0,136.0,1.0
12343,89.0,596.0,1.0
12344,127.0,95.0,1.0
12345,178.0,423.0,1.0
12346,205.0,172.0,1.0
12347,207.0,219.0,1.0
12348,78.0,424.0,1.0
12349,183.0,44.0,1.0
12350,149.0,496.0,1.0
12351,144.0,251.0,1.0
12352,267.0,245.0,1.0
12353,200.0,354.0,1.0
12354,74.0,429.0,1.0
12355,175.0,294.0,1.0
12356,218.0,145.0,1.0
12357,113.0,445.0,1.0
12358,133.0,121.0,1.0
12359,89.0,104.0,1.0
12360,9.0,27.0,1.0
12361,2.0,128.0,1.0
12362,82.0,389.0,1.0
12363,126.0,15.0,1.0
12364,246.0,79.0,1.0
12365,247.0,31.0,1.0
12366,63.0,382.0,1.0
12367,102.0,313.0,1.0
12368,60.0,227.0,1.0
12369,113.0,475.0,1.0
12370,49.0,399.0,1.0
12371,91.0,193.0,1.0
12372,123.0,36.0,1.0
12373,177.0,294.0,1.0
12374,266.0,40.0,1.0
12375,186.0,349.0,1.0
12376,230.0,190.0,1.0
12377,113.0,230.0,1.0
12378,129.0,230.0,1.0
12379,234.0,202.0,1.0
12380,135.0,411.0,1.0
12381,211.0,227.0,1.0
12382,182.0,332.0,1.0
12383,211.0,498.0,1.0
12384,81.0,399.0,1.0
12385,130.0,204.0,1.0
12386,203.0,178.0,1.0
12387,102.0,326.0,1.0
12388,195.0,128.0,1.0
12389,128.0,255.0,1.0
12390,48.0,76.0,1.0
12391,148.0,567.0,1.0
12392,100.0,196.0,1.0
12393,150.0,403.0,1.0
12394,125.0,424.0,1.0
12395,178.0,270.0,1.0
12396,264.0,364.0,1.0
12397,95.0,320.0,1.0
12398,209.0,225.0,1.0
12399,255.0,169.0,1.0
12400,75.0,177.0,1.0
12401,85.0,308.0,1.0
12402,249.0,120.0,1.0
12403,149.0,364.0,1.0
12404,82.0,529.0,1.0
12405,78.0,224.0,1.0
12406,87.0,545.0,1.0
12407,262.0,341.0,1.0
12408,129.0,394.0,1.0
12409,250.0,0.0,1.0
12410,78.0,394.0,1.0
12411,37.0,129.0,1.0
12412,264.0,313.0,1.0
12413,126.0,415.0,1.0
12414,155.0,274.0,1.0
12415,91.0,161.0,1.0
12416,227.0,112.0,1.0
12417,156.0,92.0,1.0
12418,108.0,296.0,1.0
12419,239.0,249.0,1.0
12420,42.0,69.0,1.0
12421,133.0,10.0,1.0
12422,47.0,3.0,1.0
12423,52.0,21.0,1.0
12424,152.0,148.0,1.0
12425,145.0,394.0,1.0
12426,42.0,11.0,1.0
12427,11.0,58.0,1.0
12428,65.0,530.0,1.0
12429,17.0,396.0,1.0
12430,212.0,368.0,1.0
12431,91.0,182.0,1.0
12432,128.0,79.0,1.0
12433,218.0,251.0,1.0
12434,142.0,205.0,1.0
12435,248.0,518.0,1.0
12436,71.0,91.0,1.0
12437,259.0,185.0,1.0
12438,130.0,147.0,1.0
12439,123.0,103.0,1.0
12440,218.0,495.0,1.0
12441,150.0,145.0,1.0
12442,127.0,426.0,1.0
12443,79.0,1.0,1.0
12444,136.0,8.0,1.0
12445,31.0,263.0,1.0
12446,79.0,380.0,1.0
12447,92.0,203.0,1.0
12448,71.0,47.0,1.0
12449,189.0,164.0,1.0
12450,123.0,49.0,1.0
12451,142.0,382.0,1.0
12452,138.0,362.0,1.0
12453,52.0,125.0,1.0
12454,82.0,25.0,1.0
12455,32.0,238.0,1.0
12456,197.0,402.0,1.0
12457,147.0,226.0,1.0
12458,182.0,203.0,1.0
12459,242.0,11.0,1.0
12460,116.0,261.0,1.0
12461,28.0,77.0,1.0
12462,218.0,30.0,1.0
12463,185.0,92.0,1.0
12464,189.0,541.0,1.0
12465,172.0,213.0,1.0
12466,71.0,127.0,1.0
12467,90.0,171.0,1.0
12468,52.0,456.0,1.0
12469,218.0,173.0,1.0
12470,78.0,326.0,1.0
12471,135.0,569.0,1.0
12472,81.0,38.0,1.0
12473,245.0,12.0,1.0
12474,194.0,529.0,1.0
12475,56.0,268.0,1.0
12476,261.0,58.0,1.0
12477,86.0,289.0,1.0
12478,164.0,209.0,1.0
12479,261.0,291.0,1.0
12480,60.0,191.0,1.0
12481,117.0,414.0,1.0
12482,79.0,360.0,1.0
12483,262.0,146.0,1.0
12484,227.0,285.0,1.0
12485,44.0,7.0,1.0
12486,35.0,169.0,1.0
12487,201.0,47.0,1.0
12488,153.0,185.0,1.0
12489,211.0,514.0,1.0
12490,30.0,448.0,1.0
12491,104.0,562.0,1.0
12492,52.0,400.0,1.0
12493,91.0,146.0,1.0
12494,162.0,36.0,1.0
12495,109.0,74.0,1.0
12496,98.0,434.0,1.0
12497,138.0,9.0,1.0
12498,171.0,135.0,1.0
12499,122.0,578.0,1.0
12500,130.0,321.0,1.0
12501,185.0,104.0,1.0
12502,190.0,79.0,1.0
12503,135.0,59.0,1.0
12504,129.0,528.0,1.0
12505,122.0,90.0,1.0
12506,97.0,10.0,1.0
12507,88.0,232.0,1.0
12508,185.0,89.0,1.0
12509,84.0,247.0,1.0
12510,103.0,226.0,1.0
12511,128.0,11.0,1.0
12512,225.0,28.0,1.0
12513,217.0,596.0,1.0
12514,97.0,111.0,1.0
12515,223.0,415.0,1.0
12516,168.0,239.0,1.0
12517,232.0,69.0,1.0
12518,207.0,117.0,1.0
12519,178.0,44.0,1.0
12520,162.0,9.0,1.0
12521,91.0,52.0,1.0
12522,182.0,494.0,1.0
12523,239.0,111.0,1.0
12524,42.0,186.0,1.0
12525,221.0,310.0,1.0
12526,202.0,257.0,1.0
12527,187.0,382.0,1.0
12528,160.0,100.0,1.0
12529,89.0,8.0,1.0
12530,136.0,230.0,1.0
12531,148.0,95.0,1.0
12532,29.0,130.0,1.0
12533,237.0,47.0,1.0
12534,189.0,315.0,1.0
12535,115.0,59.0,1.0
12536,9.0,44.0,1.0
12537,117.0,150.0,1.0
12538,87.0,317.0,1.0
12539,81.0,410.0,1.0
12540,223.0,124.0,1.0
12541,105.0,532.0,1.0
12542,153.0,59.0,1.0
12543,262.0,216.0,1.0
12544,144.0,89.0,1.0
12545,153.0,249.0,1.0
12546,141.0,296.0,1.0
12547,126.0,402.0,1.0
12548,84.0,72.0,1.0
12549,135.0,504.0,1.0
12550,96.0,92.0,1.0
12551,22.0,149.0,1.0
12552,33.0,147.0,1.0
12553,115.0,111.0,1.0
12554,132.0,224.0,1.0
12555,261.0,109.0,1.0
12556,104.0,362.0,1.0
12557,182.0,310.0,1.0
12558,178.0,223.0,1.0
12559,3.0,115.0,1.0
12560,229.0,111.0,1.0
12561,195.0,272.0,1.0
12562,199.0,44.0,1.0
12563,51.0,463.0,1.0
12564,243.0,234.0,1.0
12565,224.0,79.0,1.0
12566,175.0,39.0,1.0
12567,145.0,185.0,1.0
12568,102.0,155.0,1.0
12569,127.0,73.0,1.0
12570,206.0,120.0,1.0
12571,244.0,146.0,1.0
12572,208.0,138.0,1.0
12573,13.0,342.0,1.0
12574,203.0,62.0,1.0
12575,225.0,242.0,1.0
12576,183.0,310.0,1.0
12577,62.0,10.0,1.0
12578,145.0,87.0,1.0
12579,164.0,195.0,1.0
12580,159.0,62.0,1.0
12581,148.0,245.0,1.0
12582,22.0,116.0,1.0
12583,144.0,385.0,1.0
12584,249.0,47.0,1.0
12585,100.0,434.0,1.0
12586,106.0,310.0,1.0
12587,127.0,517.0,1.0
12588,16.0,269.0,1.0
12589,82.0,150.0,1.0
12590,56.0,546.0,1.0
12591,6.0,220.0,1.0
12592,224.0,528.0,1.0
12593,235.0,385.0,1.0
12594,160.0,172.0,1.0
12595,223.0,306.0,1.0
12596,202.0,10.0,1.0
12597,99.0,81.0,1.0
12598,130.0,310.0,1.0
12599,187.0,12.0,1.0
12600,27.0,122.0,1.0
12601,88.0,241.0,1.0
12602,56.0,372.0,1.0
12603,261.0,146.0,1.0
12604,141.0,480.0,1.0
12605,44.0,284.0,1.0
12606,108.0,221.0,1.0
12607,48.0,40.0,1.0
12608,222.0,208.0,1.0
12609,226.0,21.0,1.0
12610,58.0,142.0,1.0
12611,100.0,204.0,1.0
12612,264.0,293.0,1.0
12613,182.0,436.0,1.0
12614,56.0,252.0,1.0
12615,219.0,49.0,1.0
12616,191.0,295.0,1.0
12617,202.0,134.0,1.0
12618,205.0,350.0,1.0
12619,114.0,67.0,1.0
12620,74.0,127.0,1.0
12621,136.0,66.0,1.0
12622,198.0,103.0,1.0
12623,138.0,115.0,1.0
12624,59.0,399.0,1.0
12625,257.0,62.0,1.0
12626,141.0,60.0,1.0
12627,160.0,181.0,1.0
12628,87.0,92.0,1.0
12629,260.0,382.0,1.0
12630,105.0,66.0,1.0
12631,121.0,66.0,1.0
12632,224.0,44.0,1.0
12633,156.0,10.0,1.0
12634,154.0,497.0,1.0
12635,136.0,236.0,1.0
12636,225.0,65.0,1.0
12637,225.0,559.0,1.0
12638,69.0,111.0,1.0
12639,87.0,579.0,1.0
12640,226.0,575.0,1.0
12641,249.0,150.0,1.0
12642,219.0,91.0,1.0
12643,183.0,172.0,1.0
12644,130.0,354.0,1.0
12645,9.0,120.0,1.0
12646,168.0,85.0,1.0
12647,141.0,0.0,1.0
12648,188.0,388.0,1.0
12649,107.0,223.0,1.0
12650,84.0,83.0,1.0
12651,186.0,228.0,1.0
12652,165.0,339.0,1.0
12653,136.0,151.0,1.0
12654,162.0,367.0,1.0
12655,65.0,572.0,1.0
12656,53.0,277.0,1.0
12657,189.0,116.0,1.0
12658,19.0,153.0,1.0
12659,130.0,92.0,1.0
12660,128.0,487.0,1.0
12661,149.0,10.0,1.0
12662,74.0,331.0,1.0
12663,177.0,241.0,1.0
12664,45.0,204.0,1.0
12665,90.0,212.0,1.0
12666,259.0,354.0,1.0
12667,133.0,378.0,1.0
12668,89.0,144.0,1.0
12669,224.0,103.0,1.0
12670,148.0,223.0,1.0
12671,176.0,229.0,1.0
12672,59.0,92.0,1.0
12673,217.0,220.0,1.0
12674,64.0,320.0,1.0
12675,149.0,274.0,1.0
12676,73.0,120.0,1.0
12677,93.0,25.0,1.0
12678,16.0,37.0,1.0
12679,268.0,47.0,1.0
12680,150.0,133.0,1.0
12681,88.0,221.0,1.0
12682,261.0,106.0,1.0
12683,183.0,532.0,1.0
12684,56.0,147.0,1.0
12685,102.0,38.0,1.0
12686,82.0,285.0,1.0
12687,10.0,304.0,1.0
12688,65.0,27.0,1.0
12689,37.0,177.0,1.0
12690,65.0,77.0,1.0
12691,145.0,47.0,1.0
12692,134.0,220.0,1.0
12693,102.0,89.0,1.0
12694,211.0,474.0,1.0
12695,206.0,92.0,1.0
12696,39.0,393.0,1.0
12697,53.0,396.0,1.0
12698,232.0,55.0,1.0
12699,89.0,221.0,1.0
12700,226.0,529.0,1.0
12701,45.0,219.0,1.0
12702,81.0,382.0,1.0
12703,89.0,66.0,1.0
12704,164.0,61.0,1.0
12705,82.0,9.0,1.0
12706,32.0,312.0,1.0
12707,64.0,455.0,1.0
12708,10.0,98.0,1.0
12709,206.0,146.0,1.0
12710,218.0,282.0,1.0
12711,203.0,463.0,1.0
12712,181.0,202.0,1.0
12713,44.0,31.0,1.0
12714,105.0,64.0,1.0
12715,88.0,222.0,1.0
12716,230.0,438.0,1.0
12717,81.0,315.0,1.0
12718,34.0,24.0,1.0
12719,82.0,381.0,1.0
12720,148.0,156.0,1.0
12721,245.0,207.0,1.0
12722,224.0,4.0,1.0
12723,159.0,22.0,1.0
12724,115.0,33.0,1.0
12725,44.0,255.0,1.0
12726,262.0,164.0,1.0
12727,147.0,227.0,1.0
12728,122.0,1.0,1.0
12729,240.0,388.0,1.0
12730,189.0,514.0,1.0
12731,59.0,10.0,1.0
12732,117.0,125.0,1.0
12733,147.0,70.0,1.0
12734,216.0,170.0,1.0
12735,191.0,109.0,1.0
12736,144.0,54.0,1.0
12737,85.0,448.0,1.0
12738,68.0,62.0,1.0
12739,256.0,571.0,1.0
12740,147.0,143.0,1.0
12741,21.0,343.0,1.0
12742,217.0,475.0,1.0
12743,268.0,313.0,1.0
12744,258.0,191.0,1.0
12745,200.0,300.0,1.0
12746,229.0,181.0,1.0
12747,200.0,83.0,1.0
12748,257.0,234.0,1.0
12749,175.0,11.0,1.0
12750,203.0,93.0,1.0
12751,233.0,388.0,1.0
12752,129.0,429.0,1.0
12753,162.0,306.0,1.0
12754,175.0,210.0,1.0
12755,89.0,81.0,1.0
12756,125.0,84.0,1.0
12757,141.0,10.0,1.0
12758,62.0,204.0,1.0
12759,226.0,204.0,1.0
12760,82.0,119.0,1.0
12761,89.0,138.0,1.0
12762,34.0,45.0,1.0
12763,244.0,410.0,1.0
12764,183.0,49.0,1.0
12765,237.0,45.0,1.0
12766,266.0,415.0,1.0
12767,34.0,134.0,1.0
12768,205.0,115.0,1.0
12769,9.0,65.0,1.0
12770,200.0,458.0,1.0
12771,24.0,12.0,1.0
12772,114.0,70.0,1.0
12773,207.0,263.0,1.0
12774,58.0,203.0,1.0
12775,266.0,114.0,1.0
12776,105.0,132.0,1.0
12777,263.0,294.0,1.0
12778,130.0,59.0,1.0
12779,84.0,582.0,1.0
12780,149.0,544.0,1.0
12781,29.0,56.0,1.0
12782,132.0,277.0,1.0
12783,182.0,35.0,1.0
12784,49.0,130.0,1.0
12785,262.0,134.0,1.0
12786,242.0,126.0,1.0
12787,149.0,219.0,1.0
12788,164.0,388.0,1.0
12789,236.0,134.0,1.0
12790,69.0,192.0,1.0
12791,116.0,491.0,1.0
12792,262.0,60.0,1.0
12793,220.0,194.0,1.0
12794,158.0,199.0,1.0
12795,142.0,122.0,1.0
12796,89.0,216.0,1.0
12797,194.0,282.0,1.0
12798,116.0,69.0,1.0
12799,195.0,552.0,1.0
12800,56.0,319.0,1.0
12801,133.0,22.0,1.0
12802,203.0,111.0,1.0
12803,69.0,135.0,1.0
12804,121.0,214.0,1.0
12805,165.0,69.0,1.0
12806,264.0,57.0,1.0
12807,256.0,92.0,1.0
12808,234.0,206.0,1.0
12809,175.0,317.0,1.0
12810,225.0,266.0,1.0
12811,226.0,540.0,1.0
12812,71.0,477.0,1.0
12813,86.0,474.0,1.0
12814,8.0,250.0,1.0
12815,28.0,431.0,1.0
12816,150.0,279.0,1.0
12817,96.0,146.0,1.0
12818,185.0,91.0,1.0
12819,234.0,191.0,1.0
12820,11.0,225.0,1.0
12821,102.0,214.0,1.0
12822,147.0,264.0,1.0
12823,96.0,148.0,1.0
12824,87.0,141.0,1.0
12825,181.0,571.0,1.0
12826,69.0,133.0,1.0
12827,150.0,127.0,1.0
12828,85.0,61.0,1.0
12829,51.0,400.0,1.0
12830,150.0,150.0,1.0
12831,30.0,147.0,1.0
12832,42.0,386.0,1.0
12833,178.0,161.0,1.0
12834,205.0,39.0,1.0
12835,44.0,159.0,1.0
12836,52.0,412.0,1.0
12837,104.0,291.0,1.0
12838,251.0,103.0,1.0
12839,263.0,326.0,1.0
12840,101.0,224.0,1.0
12841,122.0,328.0,1.0
12842,138.0,228.0,1.0
12843,127.0,104.0,1.0
12844,45.0,253.0,1.0
12845,126.0,132.0,1.0
12846,182.0,119.0,1.0
12847,82.0,143.0,1.0
12848,34.0,388.0,1.0
12849,242.0,327.0,1.0
12850,17.0,407.0,1.0
12851,58.0,290.0,1.0
12852,133.0,579.0,1.0
12853,123.0,89.0,1.0
12854,102.0,74.0,1.0
12855,81.0,44.0,1.0
12856,74.0,511.0,1.0
12857,203.0,47.0,1.0
12858,188.0,384.0,1.0
12859,117.0,207.0,1.0
12860,195.0,253.0,1.0
12861,196.0,58.0,1.0
12862,183.0,334.0,1.0
12863,178.0,20.0,1.0
12864,26.0,146.0,1.0
12865,75.0,215.0,1.0
12866,57.0,397.0,1.0
12867,52.0,131.0,1.0
12868,82.0,179.0,1.0
12869,189.0,94.0,1.0
12870,98.0,146.0,1.0
12871,29.0,11.0,1.0
12872,145.0,15.0,1.0
12873,102.0,478.0,1.0
12874,199.0,147.0,1.0
12875,17.0,229.0,1.0
12876,74.0,216.0,1.0
12877,256.0,36.0,1.0
12878,102.0,33.0,1.0
12879,62.0,381.0,1.0
12880,128.0,252.0,1.0
12881,189.0,129.0,1.0
12882,116.0,87.0,1.0
12883,126.0,193.0,1.0
12884,65.0,534.0,1.0
12885,60.0,195.0,1.0
12886,10.0,156.0,1.0
12887,75.0,344.0,1.0
12888,218.0,301.0,1.0
12889,72.0,226.0,1.0
12890,141.0,223.0,1.0
12891,128.0,584.0,1.0
12892,32.0,57.0,1.0
12893,185.0,111.0,1.0
12894,124.0,194.0,1.0
12895,16.0,38.0,1.0
12896,167.0,90.0,1.0
12897,147.0,568.0,1.0
12898,214.0,107.0,1.0
12899,34.0,272.0,1.0
12900,144.0,387.0,1.0
12901,71.0,403.0,1.0
12902,230.0,40.0,1.0
12903,153.0,44.0,1.0
12904,77.0,86.0,1.0
12905,51.0,501.0,1.0
12906,156.0,151.0,1.0
12907,87.0,205.0,1.0
12908,165.0,84.0,1.0
12909,104.0,187.0,1.0
12910,168.0,58.0,1.0
12911,248.0,42.0,1.0
12912,71.0,92.0,1.0
12913,65.0,100.0,1.0
12914,32.0,73.0,1.0
12915,238.0,54.0,1.0
12916,87.0,114.0,1.0
12917,159.0,92.0,1.0
12918,145.0,32.0,1.0
12919,100.0,536.0,1.0
12920,224.0,257.0,1.0
12921,63.0,473.0,1.0
12922,146.0,203.0,1.0
12923,74.0,156.0,1.0
12924,175.0,209.0,1.0
12925,106.0,352.0,1.0
12926,172.0,569.0,1.0
12927,251.0,38.0,1.0
12928,56.0,499.0,1.0
12929,116.0,239.0,1.0
12930,224.0,0.0,1.0
12931,84.0,511.0,1.0
12932,249.0,115.0,1.0
12933,200.0,69.0,1.0
12934,259.0,403.0,1.0
12935,267.0,434.0,1.0
12936,247.0,208.0,1.0
12937,37.0,47.0,1.0
12938,89.0,186.0,1.0
12939,242.0,208.0,1.0
12940,94.0,384.0,1.0
12941,84.0,463.0,1.0
12942,56.0,239.0,1.0
12943,178.0,133.0,1.0
12944,75.0,438.0,1.0
12945,188.0,126.0,1.0
12946,257.0,348.0,1.0
12947,216.0,11.0,1.0
12948,160.0,493.0,1.0
12949,82.0,233.0,1.0
12950,258.0,113.0,1.0
12951,96.0,120.0,1.0
12952,233.0,22.0,1.0
12953,183.0,496.0,1.0
12954,116.0,182.0,1.0
12955,210.0,197.0,1.0
12956,89.0,217.0,1.0
12957,147.0,75.0,1.0
12958,223.0,9.0,1.0
12959,183.0,157.0,1.0
12960,165.0,24.0,1.0
12961,177.0,485.0,1.0
12962,224.0,272.0,1.0
12963,1.0,21.0,1.0
12964,42.0,320.0,1.0
12965,200.0,546.0,1.0
12966,98.0,287.0,1.0
12967,136.0,504.0,1.0
12968,95.0,273.0,1.0
12969,79.0,352.0,1.0
12970,148.0,194.0,1.0
12971,135.0,199.0,1.0
12972,149.0,398.0,1.0
12973,150.0,134.0,1.0
12974,136.0,81.0,1.0
12975,264.0,442.0,1.0
12976,207.0,320.0,1.0
12977,84.0,282.0,1.0
12978,228.0,186.0,1.0
12979,245.0,409.0,1.0
12980,51.0,280.0,1.0
12981,132.0,95.0,1.0
12982,197.0,320.0,1.0
12983,261.0,90.0,1.0
12984,191.0,161.0,1.0
12985,53.0,471.0,1.0
12986,3.0,136.0,1.0
12987,147.0,173.0,1.0
12988,127.0,420.0,1.0
12989,112.0,282.0,1.0
12990,137.0,10.0,1.0
12991,144.0,496.0,1.0
12992,208.0,441.0,1.0
12993,86.0,190.0,1.0
12994,218.0,122.0,1.0
12995,2.0,121.0,1.0
12996,104.0,104.0,1.0
12997,64.0,9.0,1.0
12998,115.0,3.0,1.0
12999,14.0,346.0,1.0
13000,177.0,9.0,1.0
13001,108.0,555.0,1.0
13002,82.0,44.0,1.0
13003,128.0,253.0,1.0
13004,69.0,195.0,1.0
13005,82.0,240.0,1.0
13006,149.0,342.0,1.0
13007,113.0,52.0,1.0
13008,168.0,136.0,1.0
13009,64.0,153.0,1.0
13010,75.0,201.0,1.0
13011,87.0,4.0,1.0
13012,189.0,146.0,1.0
13013,213.0,50.0,1.0
13014,91.0,572.0,1.0
13015,39.0,305.0,1.0
13016,145.0,168.0,1.0
13017,63.0,117.0,1.0
13018,44.0,103.0,1.0
13019,53.0,93.0,1.0
13020,65.0,182.0,1.0
13021,249.0,143.0,1.0
13022,110.0,445.0,1.0
13023,178.0,190.0,1.0
13024,98.0,10.0,1.0
13025,8.0,249.0,1.0
13026,1.0,32.0,1.0
13027,233.0,266.0,1.0
13028,203.0,157.0,1.0
13029,116.0,223.0,1.0
13030,239.0,104.0,1.0
13031,175.0,558.0,1.0
13032,180.0,354.0,1.0
13033,64.0,130.0,1.0
13034,173.0,253.0,1.0
13035,167.0,257.0,1.0
13036,92.0,103.0,1.0
13037,6.0,156.0,1.0
13038,136.0,533.0,1.0
13039,231.0,556.0,1.0
13040,130.0,39.0,1.0
13041,205.0,57.0,1.0
13042,129.0,205.0,1.0
13043,84.0,64.0,1.0
13044,201.0,311.0,1.0
13045,11.0,305.0,1.0
13046,238.0,103.0,1.0
13047,200.0,299.0,1.0
13048,71.0,8.0,1.0
13049,64.0,301.0,1.0
13050,180.0,436.0,1.0
13051,36.0,36.0,1.0
13052,105.0,319.0,1.0
13053,183.0,247.0,1.0
13054,173.0,47.0,1.0
13055,147.0,180.0,1.0
13056,210.0,504.0,1.0
13057,172.0,127.0,1.0
13058,116.0,358.0,1.0
13059,102.0,537.0,1.0
13060,71.0,520.0,1.0
13061,148.0,39.0,1.0
13062,145.0,238.0,1.0
13063,82.0,26.0,1.0
13064,39.0,241.0,1.0
13065,167.0,130.0,1.0
13066,54.0,146.0,1.0
13067,136.0,3.0,1.0
13068,64.0,126.0,1.0
13069,241.0,100.0,1.0
13070,244.0,127.0,1.0
13071,159.0,309.0,1.0
13072,147.0,215.0,1.0
13073,249.0,129.0,1.0
13074,195.0,332.0,1.0
13075,116.0,537.0,1.0
13076,51.0,125.0,1.0
13077,12.0,322.0,1.0
13078,226.0,49.0,1.0
13079,48.0,427.0,1.0
13080,132.0,222.0,1.0
13081,98.0,24.0,1.0
13082,230.0,379.0,1.0
13083,236.0,103.0,1.0
13084,129.0,213.0,1.0
13085,155.0,44.0,1.0
13086,81.0,375.0,1.0
13087,114.0,61.0,1.0
13088,169.0,560.0,1.0
13089,156.0,180.0,1.0
13090,128.0,420.0,1.0
13091,102.0,92.0,1.0
13092,189.0,420.0,1.0
13093,117.0,117.0,1.0
13094,91.0,320.0,1.0
13095,186.0,380.0,1.0
13096,132.0,14.0,1.0
13097,138.0,125.0,1.0
13098,82.0,109.0,1.0
13099,52.0,278.0,1.0
13100,182.0,485.0,1.0
13101,135.0,185.0,1.0
13102,139.0,100.0,1.0
13103,189.0,277.0,1.0
13104,219.0,378.0,1.0
13105,163.0,250.0,1.0
13106,259.0,448.0,1.0
13107,82.0,113.0,1.0
13108,55.0,120.0,1.0
13109,149.0,127.0,1.0
13110,250.0,77.0,1.0
13111,86.0,146.0,1.0
13112,97.0,100.0,1.0
13113,150.0,556.0,1.0
13114,185.0,202.0,1.0
13115,214.0,40.0,1.0
13116,225.0,270.0,1.0
13117,16.0,255.0,1.0
13118,225.0,64.0,1.0
13119,260.0,120.0,1.0
13120,102.0,319.0,1.0
13121,74.0,10.0,1.0
13122,50.0,113.0,1.0
13123,210.0,92.0,1.0
13124,12.0,208.0,1.0
13125,11.0,310.0,1.0
13126,261.0,111.0,1.0
13127,85.0,261.0,1.0
13128,134.0,437.0,1.0
13129,130.0,60.0,1.0
13130,71.0,327.0,1.0
13131,107.0,81.0,1.0
13132,58.0,242.0,1.0
13133,223.0,265.0,1.0
13134,44.0,13.0,1.0
13135,31.0,10.0,1.0
13136,81.0,343.0,1.0
13137,145.0,465.0,1.0
13138,89.0,402.0,1.0
13139,259.0,209.0,1.0
13140,171.0,97.0,1.0
13141,224.0,523.0,1.0
13142,71.0,290.0,1.0
13143,31.0,220.0,1.0
13144,9.0,39.0,1.0
13145,248.0,19.0,1.0
13146,233.0,64.0,1.0
13147,214.0,194.0,1.0
13148,13.0,105.0,1.0
13149,31.0,208.0,1.0
13150,46.0,266.0,1.0
13151,170.0,426.0,1.0
13152,16.0,369.0,1.0
13153,230.0,177.0,1.0
13154,163.0,168.0,1.0
13155,81.0,378.0,1.0
13156,125.0,141.0,1.0
13157,48.0,158.0,1.0
13158,141.0,20.0,1.0
13159,51.0,268.0,1.0
13160,211.0,410.0,1.0
13161,129.0,50.0,1.0
13162,125.0,147.0,1.0
13163,153.0,100.0,1.0
13164,65.0,488.0,1.0
13165,238.0,281.0,1.0
13166,45.0,284.0,1.0
13167,33.0,143.0,1.0
13168,218.0,179.0,1.0
13169,211.0,499.0,1.0
13170,189.0,16.0,1.0
13171,116.0,34.0,1.0
13172,199.0,179.0,1.0
13173,153.0,138.0,1.0
13174,65.0,39.0,1.0
13175,101.0,81.0,1.0
13176,234.0,117.0,1.0
13177,232.0,64.0,1.0
13178,253.0,555.0,1.0
13179,129.0,279.0,1.0
13180,199.0,12.0,1.0
13181,229.0,147.0,1.0
13182,248.0,362.0,1.0
13183,75.0,71.0,1.0
13184,10.0,168.0,1.0
13185,102.0,297.0,1.0
13186,199.0,11.0,1.0
13187,137.0,62.0,1.0
13188,147.0,542.0,1.0
13189,206.0,111.0,1.0
13190,245.0,97.0,1.0
13191,64.0,505.0,1.0
13192,61.0,420.0,1.0
13193,169.0,10.0,1.0
13194,162.0,81.0,1.0
13195,266.0,11.0,1.0
13196,90.0,122.0,1.0
13197,225.0,66.0,1.0
13198,157.0,94.0,1.0
13199,126.0,437.0,1.0
13200,245.0,388.0,1.0
13201,22.0,425.0,1.0
13202,37.0,246.0,1.0
13203,28.0,97.0,1.0
13204,89.0,126.0,1.0
13205,81.0,143.0,1.0
13206,126.0,99.0,1.0
13207,136.0,58.0,1.0
13208,155.0,308.0,1.0
13209,39.0,202.0,1.0
13210,194.0,68.0,1.0
13211,143.0,18.0,1.0
13212,182.0,64.0,1.0
13213,149.0,58.0,1.0
13214,213.0,116.0,1.0
13215,119.0,391.0,1.0
13216,65.0,519.0,1.0
13217,64.0,39.0,1.0
13218,156.0,451.0,1.0
13219,117.0,49.0,1.0
13220,236.0,36.0,1.0
13221,102.0,595.0,1.0
13222,145.0,220.0,1.0
13223,135.0,209.0,1.0
13224,84.0,1.0,1.0
13225,87.0,506.0,1.0
13226,138.0,69.0,1.0
13227,257.0,190.0,1.0
13228,191.0,67.0,1.0
13229,130.0,10.0,1.0
13230,200.0,143.0,1.0
13231,178.0,269.0,1.0
13232,214.0,513.0,1.0
13233,58.0,31.0,1.0
13234,28.0,296.0,1.0
13235,56.0,487.0,1.0
13236,22.0,204.0,1.0
13237,177.0,354.0,1.0
13238,94.0,418.0,1.0
13239,237.0,31.0,1.0
13240,261.0,155.0,1.0
13241,179.0,219.0,1.0
13242,119.0,126.0,1.0
13243,246.0,362.0,1.0
13244,78.0,111.0,1.0
13245,69.0,156.0,1.0
13246,75.0,394.0,1.0
13247,130.0,110.0,1.0
13248,64.0,243.0,1.0
13249,191.0,175.0,1.0
13250,69.0,533.0,1.0
13251,228.0,52.0,1.0
13252,105.0,194.0,1.0
13253,205.0,343.0,1.0
13254,266.0,138.0,1.0
13255,78.0,409.0,1.0
13256,176.0,120.0,1.0
13257,141.0,84.0,1.0
13258,96.0,145.0,1.0
13259,196.0,111.0,1.0
13260,81.0,168.0,1.0
13261,244.0,122.0,1.0
13262,56.0,526.0,1.0
13263,230.0,156.0,1.0
13264,259.0,74.0,1.0
13265,35.0,183.0,1.0
13266,195.0,486.0,1.0
13267,165.0,7.0,1.0
13268,82.0,266.0,1.0
13269,126.0,127.0,1.0
13270,156.0,93.0,1.0
13271,233.0,585.0,1.0
13272,162.0,157.0,1.0
13273,82.0,12.0,1.0
13274,51.0,82.0,1.0
13275,189.0,24.0,1.0
13276,193.0,256.0,1.0
13277,117.0,492.0,1.0
13278,84.0,156.0,1.0
13279,116.0,497.0,1.0
13280,198.0,478.0,1.0
13281,228.0,27.0,1.0
13282,11.0,139.0,1.0
13283,45.0,222.0,1.0
13284,234.0,5.0,1.0
13285,75.0,554.0,1.0
13286,259.0,459.0,1.0
13287,82.0,421.0,1.0
13288,108.0,269.0,1.0
13289,123.0,43.0,1.0
13290,133.0,173.0,1.0
13291,8.0,194.0,1.0
13292,97.0,467.0,1.0
13293,78.0,286.0,1.0
13294,228.0,130.0,1.0
13295,158.0,138.0,1.0
13296,207.0,125.0,1.0
13297,58.0,120.0,1.0
13298,50.0,147.0,1.0
13299,52.0,120.0,1.0
13300,78.0,63.0,1.0
13301,149.0,363.0,1.0
13302,191.0,329.0,1.0
13303,84.0,161.0,1.0
13304,69.0,420.0,1.0
13305,232.0,27.0,1.0
13306,164.0,337.0,1.0
13307,228.0,156.0,1.0
13308,44.0,398.0,1.0
13309,179.0,413.0,1.0
13310,99.0,185.0,1.0
13311,122.0,173.0,1.0
13312,229.0,35.0,1.0
13313,126.0,89.0,1.0
13314,158.0,492.0,1.0
13315,177.0,424.0,1.0
13316,30.0,81.0,1.0
13317,147.0,201.0,1.0
13318,64.0,419.0,1.0
13319,56.0,322.0,1.0
13320,44.0,111.0,1.0
13321,82.0,393.0,1.0
13322,234.0,413.0,1.0
13323,32.0,206.0,1.0
13324,229.0,172.0,1.0
13325,145.0,207.0,1.0
13326,129.0,384.0,1.0
13327,175.0,175.0,1.0
13328,223.0,532.0,1.0
13329,251.0,112.0,1.0
13330,125.0,485.0,1.0
13331,143.0,512.0,1.0
13332,44.0,324.0,1.0
13333,126.0,251.0,1.0
13334,201.0,186.0,1.0
13335,238.0,441.0,1.0
13336,214.0,223.0,1.0
13337,104.0,118.0,1.0
13338,11.0,14.0,1.0
13339,126.0,504.0,1.0
13340,213.0,156.0,1.0
13341,70.0,433.0,1.0
13342,130.0,196.0,1.0
13343,228.0,111.0,1.0
13344,161.0,374.0,1.0
13345,159.0,584.0,1.0
13346,117.0,475.0,1.0
13347,261.0,164.0,1.0
13348,82.0,89.0,1.0
13349,226.0,400.0,1.0
13350,82.0,262.0,1.0
13351,158.0,111.0,1.0
13352,149.0,465.0,1.0
13353,226.0,67.0,1.0
13354,185.0,287.0,1.0
13355,16.0,69.0,1.0
13356,17.0,224.0,1.0
13357,77.0,282.0,1.0
13358,106.0,144.0,1.0
13359,158.0,449.0,1.0
13360,32.0,320.0,1.0
13361,245.0,7.0,1.0
13362,62.0,12.0,1.0
13363,78.0,309.0,1.0
13364,129.0,188.0,1.0
13365,60.0,233.0,1.0
13366,149.0,123.0,1.0
13367,35.0,146.0,1.0
13368,122.0,191.0,1.0
13369,82.0,419.0,1.0
13370,242.0,100.0,1.0
13371,115.0,360.0,1.0
13372,173.0,147.0,1.0
13373,158.0,531.0,1.0
13374,136.0,310.0,1.0
13375,153.0,89.0,1.0
13376,96.0,479.0,1.0
13377,74.0,143.0,1.0
13378,102.0,22.0,1.0
13379,18.0,114.0,1.0
13380,148.0,208.0,1.0
13381,200.0,46.0,1.0
13382,114.0,270.0,1.0
13383,182.0,220.0,1.0
13384,105.0,325.0,1.0
13385,122.0,105.0,1.0
13386,51.0,135.0,1.0
13387,81.0,95.0,1.0
13388,202.0,35.0,1.0
13389,50.0,264.0,1.0
13390,182.0,444.0,1.0
13391,22.0,134.0,1.0
13392,87.0,193.0,1.0
13393,211.0,60.0,1.0
13394,211.0,48.0,1.0
13395,30.0,136.0,1.0
13396,126.0,353.0,1.0
13397,224.0,416.0,1.0
13398,193.0,112.0,1.0
13399,96.0,84.0,1.0
13400,185.0,164.0,1.0
13401,78.0,410.0,1.0
13402,229.0,171.0,1.0
13403,182.0,342.0,1.0
13404,67.0,575.0,1.0
13405,104.0,135.0,1.0
13406,162.0,100.0,1.0
13407,136.0,543.0,1.0
13408,38.0,201.0,1.0
13409,147.0,329.0,1.0
13410,156.0,201.0,1.0
13411,33.0,10.0,1.0
13412,44.0,386.0,1.0
13413,181.0,138.0,1.0
13414,177.0,103.0,1.0
13415,36.0,447.0,1.0
13416,87.0,22.0,1.0
13417,130.0,53.0,1.0
13418,229.0,39.0,1.0
13419,85.0,247.0,1.0
13420,129.0,57.0,1.0
13421,52.0,36.0,1.0
13422,223.0,395.0,1.0
13423,6.0,231.0,1.0
13424,183.0,484.0,1.0
13425,133.0,40.0,1.0
13426,13.0,39.0,1.0
13427,90.0,10.0,1.0
13428,194.0,245.0,1.0
13429,255.0,340.0,1.0
13430,149.0,420.0,1.0
13431,123.0,358.0,1.0
13432,189.0,44.0,1.0
13433,183.0,285.0,1.0
13434,187.0,147.0,1.0
13435,73.0,156.0,1.0
13436,44.0,252.0,1.0
13437,113.0,237.0,1.0
13438,194.0,18.0,1.0
13439,262.0,478.0,1.0
13440,150.0,93.0,1.0
13441,226.0,260.0,1.0
13442,136.0,184.0,1.0
13443,64.0,205.0,1.0
13444,17.0,413.0,1.0
13445,242.0,175.0,1.0
13446,147.0,65.0,1.0
13447,156.0,558.0,1.0
13448,49.0,311.0,1.0
13449,17.0,158.0,1.0
13450,77.0,373.0,1.0
13451,60.0,206.0,1.0
13452,83.0,261.0,1.0
13453,140.0,3.0,1.0
13454,89.0,379.0,1.0
13455,184.0,194.0,1.0
13456,232.0,89.0,1.0
13457,165.0,112.0,1.0
13458,130.0,355.0,1.0
13459,230.0,312.0,1.0
13460,156.0,379.0,1.0
13461,144.0,285.0,1.0
13462,242.0,7.0,1.0
13463,132.0,195.0,1.0
13464,223.0,29.0,1.0
13465,126.0,414.0,1.0
13466,9.0,281.0,1.0
13467,191.0,256.0,1.0
13468,89.0,196.0,1.0
13469,114.0,366.0,1.0
13470,147.0,308.0,1.0
13471,205.0,226.0,1.0
13472,182.0,455.0,1.0
13473,259.0,81.0,1.0
13474,168.0,420.0,1.0
13475,117.0,382.0,1.0
13476,144.0,427.0,1.0
13477,19.0,175.0,1.0
13478,91.0,209.0,1.0
13479,196.0,7.0,1.0
13480,157.0,280.0,1.0
13481,123.0,143.0,1.0
13482,102.0,94.0,1.0
13483,69.0,468.0,1.0
13484,147.0,419.0,1.0
13485,64.0,84.0,1.0
13486,228.0,338.0,1.0
13487,22.0,14.0,1.0
13488,13.0,180.0,1.0
13489,208.0,159.0,1.0
13490,106.0,21.0,1.0
13491,214.0,0.0,1.0
13492,129.0,202.0,1.0
13493,161.0,351.0,1.0
13494,29.0,220.0,1.0
13495,155.0,76.0,1.0
13496,162.0,443.0,1.0
13497,176.0,50.0,1.0
13498,39.0,189.0,1.0
13499,91.0,61.0,1.0
13500,86.0,63.0,1.0
13501,228.0,505.0,1.0
13502,164.0,135.0,1.0
13503,133.0,219.0,1.0
13504,66.0,492.0,1.0
13505,203.0,349.0,1.0
13506,58.0,114.0,1.0
13507,141.0,538.0,1.0
13508,171.0,106.0,1.0
13509,208.0,52.0,1.0
13510,119.0,100.0,1.0
13511,60.0,380.0,1.0
13512,171.0,111.0,1.0
13513,186.0,560.0,1.0
13514,141.0,146.0,1.0
13515,65.0,386.0,1.0
13516,126.0,133.0,1.0
13517,129.0,66.0,1.0
13518,207.0,495.0,1.0
13519,180.0,331.0,1.0
13520,102.0,358.0,1.0
13521,247.0,304.0,1.0
13522,68.0,371.0,1.0
13523,117.0,22.0,1.0
13524,205.0,281.0,1.0
13525,195.0,145.0,1.0
13526,247.0,147.0,1.0
13527,130.0,419.0,1.0
13528,57.0,337.0,1.0
13529,205.0,327.0,1.0
13530,164.0,131.0,1.0
13531,52.0,402.0,1.0
13532,87.0,544.0,1.0
13533,145.0,525.0,1.0
13534,141.0,73.0,1.0
13535,200.0,9.0,1.0
13536,36.0,292.0,1.0
13537,182.0,305.0,1.0
13538,153.0,231.0,1.0
13539,162.0,476.0,1.0
13540,245.0,564.0,1.0
13541,217.0,189.0,1.0
13542,195.0,202.0,1.0
13543,59.0,191.0,1.0
13544,82.0,116.0,1.0
13545,25.0,166.0,1.0
13546,117.0,240.0,1.0
13547,248.0,545.0,1.0
13548,19.0,167.0,1.0
13549,53.0,179.0,1.0
13550,74.0,241.0,1.0
13551,178.0,525.0,1.0
13552,164.0,81.0,1.0
13553,129.0,127.0,1.0
13554,122.0,61.0,1.0
13555,46.0,352.0,1.0
13556,164.0,430.0,1.0
13557,180.0,424.0,1.0
13558,155.0,264.0,1.0
13559,145.0,410.0,1.0
13560,52.0,527.0,1.0
13561,102.0,408.0,1.0
13562,81.0,365.0,1.0
13563,32.0,106.0,1.0
13564,113.0,84.0,1.0
13565,1.0,49.0,1.0
13566,262.0,491.0,1.0
13567,163.0,150.0,1.0
13568,158.0,204.0,1.0
13569,72.0,338.0,1.0
13570,16.0,321.0,1.0
13571,113.0,375.0,1.0
13572,229.0,168.0,1.0
13573,100.0,104.0,1.0
13574,16.0,19.0,1.0
13575,246.0,276.0,1.0
13576,160.0,170.0,1.0
13577,78.0,66.0,1.0
13578,242.0,37.0,1.0
13579,205.0,161.0,1.0
13580,84.0,294.0,1.0
13581,223.0,48.0,1.0
13582,65.0,230.0,1.0
13583,202.0,103.0,1.0
13584,194.0,43.0,1.0
13585,258.0,23.0,1.0
13586,205.0,90.0,1.0
13587,268.0,58.0,1.0
13588,78.0,310.0,1.0
13589,142.0,146.0,1.0
13590,167.0,80.0,1.0
13591,18.0,305.0,1.0
13592,156.0,128.0,1.0
13593,65.0,253.0,1.0
13594,51.0,525.0,1.0
13595,60.0,93.0,1.0
13596,90.0,147.0,1.0
13597,122.0,46.0,1.0
13598,108.0,193.0,1.0
13599,123.0,141.0,1.0
13600,224.0,59.0,1.0
13601,48.0,459.0,1.0
13602,15.0,284.0,1.0
13603,58.0,124.0,1.0
13604,32.0,215.0,1.0
13605,39.0,394.0,1.0
13606,144.0,368.0,1.0
13607,147.0,28.0,1.0
13608,49.0,351.0,1.0
13609,52.0,148.0,1.0
13610,180.0,350.0,1.0
13611,181.0,219.0,1.0
13612,117.0,40.0,1.0
13613,199.0,487.0,1.0
13614,128.0,546.0,1.0
13615,210.0,116.0,1.0
13616,117.0,406.0,1.0
13617,199.0,332.0,1.0
13618,75.0,576.0,1.0
13619,75.0,436.0,1.0
13620,84.0,271.0,1.0
13621,121.0,538.0,1.0
13622,164.0,204.0,1.0
13623,93.0,111.0,1.0
13624,105.0,453.0,1.0
13625,178.0,496.0,1.0
13626,182.0,341.0,1.0
13627,182.0,147.0,1.0
13628,165.0,97.0,1.0
13629,52.0,455.0,1.0
13630,180.0,172.0,1.0
13631,101.0,0.0,1.0
13632,132.0,127.0,1.0
13633,223.0,386.0,1.0
13634,164.0,496.0,1.0
13635,248.0,43.0,1.0
13636,257.0,47.0,1.0
13637,65.0,333.0,1.0
13638,102.0,8.0,1.0
13639,107.0,211.0,1.0
13640,87.0,128.0,1.0
13641,157.0,91.0,1.0
13642,150.0,107.0,1.0
13643,207.0,463.0,1.0
13644,226.0,420.0,1.0
13645,78.0,33.0,1.0
13646,85.0,511.0,1.0
13647,147.0,235.0,1.0
13648,75.0,103.0,1.0
13649,226.0,340.0,1.0
13650,199.0,449.0,1.0
13651,81.0,114.0,1.0
13652,85.0,443.0,1.0
13653,114.0,77.0,1.0
13654,207.0,58.0,1.0
13655,259.0,408.0,1.0
13656,178.0,531.0,1.0
13657,136.0,460.0,1.0
13658,44.0,320.0,1.0
13659,74.0,130.0,1.0
13660,99.0,127.0,1.0
13661,246.0,36.0,1.0
13662,129.0,434.0,1.0
13663,141.0,117.0,1.0
13664,9.0,215.0,1.0
13665,71.0,86.0,1.0
13666,116.0,463.0,1.0
13667,75.0,218.0,1.0
13668,94.0,213.0,1.0
13669,91.0,187.0,1.0
13670,89.0,467.0,1.0
13671,182.0,343.0,1.0
13672,116.0,237.0,1.0
13673,142.0,116.0,1.0
13674,178.0,356.0,1.0
13675,44.0,235.0,1.0
13676,97.0,530.0,1.0
13677,53.0,254.0,1.0
13678,69.0,10.0,1.0
13679,182.0,590.0,1.0
13680,64.0,0.0,1.0
13681,248.0,445.0,1.0
13682,205.0,59.0,1.0
13683,117.0,35.0,1.0
13684,115.0,496.0,1.0
13685,250.0,202.0,1.0
13686,228.0,135.0,1.0
13687,123.0,91.0,1.0
13688,228.0,66.0,1.0
13689,82.0,99.0,1.0
13690,144.0,400.0,1.0
13691,234.0,472.0,1.0
13692,247.0,89.0,1.0
13693,255.0,54.0,1.0
13694,261.0,11.0,1.0
13695,105.0,255.0,1.0
13696,256.0,505.0,1.0
13697,264.0,113.0,1.0
13698,135.0,222.0,1.0
13699,130.0,395.0,1.0
13700,180.0,154.0,1.0
13701,228.0,99.0,1.0
13702,225.0,156.0,1.0
13703,65.0,512.0,1.0
13704,212.0,191.0,1.0
13705,59.0,352.0,1.0
13706,209.0,439.0,1.0
13707,156.0,360.0,1.0
13708,94.0,493.0,1.0
13709,52.0,45.0,1.0
13710,230.0,460.0,1.0
13711,49.0,412.0,1.0
13712,226.0,263.0,1.0
13713,135.0,223.0,1.0
13714,83.0,47.0,1.0
13715,196.0,99.0,1.0
13716,244.0,55.0,1.0
13717,126.0,116.0,1.0
13718,88.0,284.0,1.0
13719,138.0,304.0,1.0
13720,65.0,280.0,1.0
13721,95.0,21.0,1.0
13722,17.0,188.0,1.0
13723,194.0,126.0,1.0
13724,29.0,306.0,1.0
13725,217.0,23.0,1.0
13726,263.0,289.0,1.0
13727,29.0,76.0,1.0
13728,223.0,525.0,1.0
13729,238.0,145.0,1.0
13730,130.0,164.0,1.0
13731,165.0,224.0,1.0
13732,159.0,557.0,1.0
13733,78.0,232.0,1.0
13734,95.0,456.0,1.0
13735,128.0,312.0,1.0
13736,58.0,539.0,1.0
13737,150.0,45.0,1.0
13738,166.0,205.0,1.0
13739,182.0,335.0,1.0
13740,182.0,532.0,1.0
13741,256.0,83.0,1.0
13742,56.0,357.0,1.0
13743,101.0,343.0,1.0
13744,19.0,120.0,1.0
13745,116.0,533.0,1.0
13746,39.0,410.0,1.0
13747,62.0,413.0,1.0
13748,249.0,291.0,1.0
13749,203.0,180.0,1.0
13750,148.0,49.0,1.0
13751,223.0,156.0,1.0
13752,33.0,57.0,1.0
13753,56.0,276.0,1.0
13754,128.0,326.0,1.0
13755,127.0,317.0,1.0
13756,230.0,287.0,1.0
13757,209.0,181.0,1.0
13758,135.0,251.0,1.0
13759,186.0,372.0,1.0
13760,264.0,155.0,1.0
13761,64.0,441.0,1.0
13762,90.0,50.0,1.0
13763,80.0,146.0,1.0
13764,64.0,264.0,1.0
13765,148.0,407.0,1.0
13766,217.0,352.0,1.0
13767,164.0,292.0,1.0
13768,226.0,36.0,1.0
13769,127.0,285.0,1.0
13770,235.0,130.0,1.0
13771,65.0,266.0,1.0
13772,225.0,27.0,1.0
13773,132.0,543.0,1.0
13774,149.0,143.0,1.0
13775,232.0,145.0,1.0
13776,165.0,156.0,1.0
13777,234.0,516.0,1.0
13778,207.0,415.0,1.0
13779,203.0,290.0,1.0
13780,105.0,266.0,1.0
13781,203.0,128.0,1.0
13782,186.0,70.0,1.0
13783,189.0,516.0,1.0
13784,44.0,310.0,1.0
13785,42.0,404.0,1.0
13786,155.0,81.0,1.0
13787,149.0,428.0,1.0
13788,97.0,51.0,1.0
13789,182.0,306.0,1.0
13790,183.0,323.0,1.0
13791,97.0,231.0,1.0
13792,19.0,152.0,1.0
13793,207.0,370.0,1.0
13794,67.0,574.0,1.0
13795,57.0,66.0,1.0
13796,52.0,413.0,1.0
13797,63.0,39.0,1.0
13798,155.0,196.0,1.0
13799,60.0,91.0,1.0
13800,79.0,219.0,1.0
13801,90.0,546.0,1.0
13802,17.0,33.0,1.0
13803,178.0,71.0,1.0
13804,183.0,36.0,1.0
13805,102.0,35.0,1.0
13806,5.0,209.0,1.0
13807,125.0,124.0,1.0
13808,58.0,518.0,1.0
13809,106.0,237.0,1.0
13810,27.0,81.0,1.0
13811,113.0,131.0,1.0
13812,205.0,211.0,1.0
13813,56.0,230.0,1.0
13814,85.0,120.0,1.0
13815,193.0,14.0,1.0
13816,185.0,120.0,1.0
13817,39.0,290.0,1.0
13818,9.0,278.0,1.0
13819,198.0,320.0,1.0
13820,128.0,359.0,1.0
13821,5.0,146.0,1.0
13822,218.0,14.0,1.0
13823,18.0,272.0,1.0
13824,249.0,196.0,1.0
13825,187.0,121.0,1.0
13826,9.0,25.0,1.0
13827,128.0,365.0,1.0
13828,96.0,494.0,1.0
13829,101.0,111.0,1.0
13830,102.0,130.0,1.0
13831,149.0,59.0,1.0
13832,189.0,266.0,1.0
13833,209.0,488.0,1.0
13834,256.0,460.0,1.0
13835,221.0,581.0,1.0
13836,193.0,461.0,1.0
13837,156.0,257.0,1.0
13838,150.0,553.0,1.0
13839,135.0,230.0,1.0
13840,51.0,434.0,1.0
13841,45.0,38.0,1.0
13842,138.0,316.0,1.0
13843,121.0,147.0,1.0
13844,109.0,36.0,1.0
13845,232.0,259.0,1.0
13846,130.0,77.0,1.0
13847,178.0,143.0,1.0
13848,69.0,352.0,1.0
13849,104.0,203.0,1.0
13850,13.0,19.0,1.0
13851,0.0,7.0,1.0
13852,44.0,124.0,1.0
13853,262.0,325.0,1.0
13854,225.0,352.0,1.0
13855,165.0,253.0,1.0
13856,171.0,394.0,1.0
13857,242.0,534.0,1.0
13858,45.0,68.0,1.0
13859,45.0,116.0,1.0
13860,248.0,592.0,1.0
13861,105.0,21.0,1.0
13862,17.0,195.0,1.0
13863,185.0,18.0,1.0
13864,4.0,174.0,1.0
13865,175.0,176.0,1.0
13866,31.0,58.0,1.0
13867,223.0,423.0,1.0
13868,127.0,258.0,1.0
13869,181.0,204.0,1.0
13870,75.0,497.0,1.0
13871,148.0,214.0,1.0
13872,64.0,311.0,1.0
13873,243.0,149.0,1.0
13874,259.0,89.0,1.0
13875,136.0,262.0,1.0
13876,52.0,519.0,1.0
13877,200.0,122.0,1.0
13878,71.0,70.0,1.0
13879,208.0,464.0,1.0
13880,164.0,547.0,1.0
13881,149.0,344.0,1.0
13882,237.0,136.0,1.0
13883,156.0,423.0,1.0
13884,28.0,73.0,1.0
13885,14.0,10.0,1.0
13886,147.0,197.0,1.0
13887,90.0,22.0,1.0
13888,84.0,532.0,1.0
13889,122.0,180.0,1.0
13890,143.0,77.0,1.0
13891,226.0,422.0,1.0
13892,248.0,55.0,1.0
13893,174.0,482.0,1.0
13894,248.0,315.0,1.0
13895,183.0,173.0,1.0
13896,141.0,19.0,1.0
13897,99.0,59.0,1.0
13898,34.0,163.0,1.0
13899,146.0,225.0,1.0
13900,45.0,195.0,1.0
13901,108.0,213.0,1.0
13902,206.0,492.0,1.0
13903,164.0,305.0,1.0
13904,259.0,111.0,1.0
13905,193.0,332.0,1.0
13906,122.0,100.0,1.0
13907,175.0,423.0,1.0
13908,146.0,217.0,1.0
13909,75.0,211.0,1.0
13910,99.0,552.0,1.0
13911,53.0,0.0,1.0
13912,14.0,45.0,1.0
13913,64.0,250.0,1.0
13914,169.0,177.0,1.0
13915,218.0,261.0,1.0
13916,71.0,202.0,1.0
13917,74.0,97.0,1.0
13918,81.0,146.0,1.0
13919,60.0,141.0,1.0
13920,67.0,130.0,1.0
13921,39.0,231.0,1.0
13922,82.0,554.0,1.0
13923,59.0,221.0,1.0
13924,180.0,113.0,1.0
13925,223.0,69.0,1.0
13926,115.0,392.0,1.0
13927,38.0,17.0,1.0
13928,218.0,86.0,1.0
13929,199.0,527.0,1.0
13930,89.0,52.0,1.0
13931,135.0,368.0,1.0
13932,172.0,121.0,1.0
13933,135.0,7.0,1.0
13934,82.0,132.0,1.0
13935,91.0,78.0,1.0
13936,51.0,10.0,1.0
13937,187.0,39.0,1.0
13938,74.0,552.0,1.0
13939,175.0,493.0,1.0
13940,102.0,143.0,1.0
13941,141.0,50.0,1.0
13942,42.0,464.0,1.0
13943,34.0,140.0,1.0
13944,226.0,33.0,1.0
13945,257.0,388.0,1.0
13946,246.0,113.0,1.0
13947,84.0,230.0,1.0
13948,56.0,441.0,1.0
13949,258.0,119.0,1.0
13950,129.0,581.0,1.0
13951,123.0,427.0,1.0
13952,207.0,55.0,1.0
13953,183.0,450.0,1.0
13954,87.0,331.0,1.0
13955,117.0,409.0,1.0
13956,84.0,447.0,1.0
13957,71.0,187.0,1.0
13958,146.0,309.0,1.0
13959,202.0,420.0,1.0
13960,149.0,116.0,1.0
13961,105.0,137.0,1.0
13962,119.0,570.0,1.0
13963,187.0,7.0,1.0
13964,171.0,112.0,1.0
13965,142.0,216.0,1.0
13966,175.0,46.0,1.0
13967,114.0,28.0,1.0
13968,74.0,546.0,1.0
13969,208.0,296.0,1.0
13970,175.0,201.0,1.0
13971,44.0,426.0,1.0
13972,89.0,295.0,1.0
13973,234.0,24.0,1.0
13974,97.0,103.0,1.0
13975,164.0,219.0,1.0
13976,208.0,310.0,1.0
13977,86.0,17.0,1.0
13978,122.0,226.0,1.0
13979,130.0,441.0,1.0
13980,185.0,388.0,1.0
13981,178.0,505.0,1.0
13982,137.0,36.0,1.0
13983,195.0,104.0,1.0
13984,165.0,358.0,1.0
13985,165.0,424.0,1.0
13986,183.0,290.0,1.0
13987,58.0,293.0,1.0
13988,147.0,68.0,1.0
13989,94.0,262.0,1.0
13990,122.0,236.0,1.0
13991,153.0,111.0,1.0
13992,42.0,23.0,1.0
13993,242.0,451.0,1.0
13994,204.0,50.0,1.0
13995,128.0,477.0,1.0
13996,189.0,159.0,1.0
13997,178.0,116.0,1.0
13998,147.0,120.0,1.0
13999,130.0,514.0,1.0
14000,178.0,388.0,1.0
14001,222.0,287.0,1.0
14002,91.0,103.0,1.0
14003,144.0,133.0,1.0
14004,96.0,47.0,1.0
14005,26.0,128.0,1.0
14006,232.0,594.0,1.0
14007,5.0,217.0,1.0
14008,159.0,89.0,1.0
14009,36.0,113.0,1.0
14010,168.0,213.0,1.0
14011,191.0,106.0,1.0
14012,124.0,136.0,1.0
14013,43.0,133.0,1.0
14014,209.0,192.0,1.0
14015,82.0,255.0,1.0
14016,85.0,111.0,1.0
14017,136.0,384.0,1.0
14018,117.0,181.0,1.0
14019,145.0,282.0,1.0
14020,124.0,107.0,1.0
14021,74.0,284.0,1.0
14022,164.0,118.0,1.0
14023,79.0,222.0,1.0
14024,123.0,247.0,1.0
14025,130.0,9.0,1.0
14026,143.0,111.0,1.0
14027,178.0,189.0,1.0
14028,222.0,449.0,1.0
14029,229.0,204.0,1.0
14030,175.0,592.0,1.0
14031,78.0,202.0,1.0
14032,228.0,486.0,1.0
14033,197.0,430.0,1.0
14034,86.0,388.0,1.0
14035,193.0,210.0,1.0
14036,108.0,58.0,1.0
14037,84.0,465.0,1.0
14038,92.0,487.0,1.0
14039,147.0,46.0,1.0
14040,191.0,247.0,1.0
14041,11.0,289.0,1.0
14042,164.0,380.0,1.0
14043,199.0,424.0,1.0
14044,230.0,334.0,1.0
14045,53.0,124.0,1.0
14046,226.0,410.0,1.0
14047,156.0,50.0,1.0
14048,19.0,151.0,1.0
14049,82.0,518.0,1.0
14050,126.0,425.0,1.0
14051,44.0,326.0,1.0
14052,60.0,5.0,1.0
14053,71.0,417.0,1.0
14054,164.0,161.0,1.0
14055,207.0,244.0,1.0
14056,75.0,79.0,1.0
14057,74.0,62.0,1.0
14058,19.0,112.0,1.0
14059,58.0,343.0,1.0
14060,162.0,578.0,1.0
14061,178.0,429.0,1.0
14062,162.0,57.0,1.0
14063,153.0,130.0,1.0
14064,159.0,282.0,1.0
14065,52.0,204.0,1.0
14066,104.0,37.0,1.0
14067,56.0,149.0,1.0
14068,209.0,241.0,1.0
14069,180.0,70.0,1.0
14070,259.0,39.0,1.0
14071,197.0,92.0,1.0
14072,158.0,133.0,1.0
14073,138.0,201.0,1.0
14074,17.0,251.0,1.0
14075,53.0,410.0,1.0
14076,49.0,23.0,1.0
14077,10.0,303.0,1.0
14078,139.0,379.0,1.0
14079,268.0,178.0,1.0
14080,116.0,73.0,1.0
14081,242.0,236.0,1.0
14082,56.0,175.0,1.0
14083,102.0,209.0,1.0
14084,156.0,411.0,1.0
14085,155.0,59.0,1.0
14086,20.0,47.0,1.0
14087,145.0,186.0,1.0
14088,264.0,164.0,1.0
14089,230.0,135.0,1.0
14090,126.0,564.0,1.0
14091,29.0,446.0,1.0
14092,88.0,125.0,1.0
14093,205.0,10.0,1.0
14094,65.0,58.0,1.0
14095,103.0,72.0,1.0
14096,24.0,146.0,1.0
14097,162.0,70.0,1.0
14098,8.0,24.0,1.0
14099,207.0,175.0,1.0
14100,45.0,177.0,1.0
14101,51.0,519.0,1.0
14102,124.0,292.0,1.0
14103,223.0,426.0,1.0
14104,150.0,36.0,1.0
14105,51.0,103.0,1.0
14106,71.0,388.0,1.0
14107,237.0,36.0,1.0
14108,147.0,234.0,1.0
14109,56.0,326.0,1.0
14110,182.0,225.0,1.0
14111,62.0,66.0,1.0
14112,259.0,133.0,1.0
14113,91.0,263.0,1.0
14114,255.0,174.0,1.0
14115,242.0,156.0,1.0
14116,150.0,126.0,1.0
14117,242.0,69.0,1.0
14118,64.0,484.0,1.0
14119,184.0,146.0,1.0
14120,89.0,230.0,1.0
14121,247.0,349.0,1.0
14122,202.0,510.0,1.0
14123,185.0,329.0,1.0
14124,266.0,91.0,1.0
14125,248.0,204.0,1.0
14126,153.0,245.0,1.0
14127,191.0,9.0,1.0
14128,52.0,374.0,1.0
14129,58.0,130.0,1.0
14130,133.0,66.0,1.0
14131,155.0,559.0,1.0
14132,199.0,222.0,1.0
14133,84.0,53.0,1.0
14134,194.0,64.0,1.0
14135,11.0,293.0,1.0
14136,228.0,577.0,1.0
14137,144.0,277.0,1.0
14138,20.0,134.0,1.0
14139,90.0,58.0,1.0
14140,265.0,168.0,1.0
14141,149.0,81.0,1.0
14142,135.0,505.0,1.0
14143,6.0,225.0,1.0
14144,245.0,399.0,1.0
14145,145.0,358.0,1.0
14146,189.0,382.0,1.0
14147,83.0,356.0,1.0
14148,126.0,77.0,1.0
14149,87.0,208.0,1.0
14150,211.0,124.0,1.0
14151,204.0,58.0,1.0
14152,116.0,57.0,1.0
14153,136.0,240.0,1.0
14154,44.0,331.0,1.0
14155,226.0,19.0,1.0
14156,108.0,295.0,1.0
14157,89.0,223.0,1.0
14158,134.0,11.0,1.0
14159,18.0,150.0,1.0
14160,223.0,360.0,1.0
14161,187.0,190.0,1.0
14162,32.0,45.0,1.0
14163,11.0,166.0,1.0
14164,242.0,83.0,1.0
14165,129.0,146.0,1.0
14166,44.0,135.0,1.0
14167,234.0,22.0,1.0
14168,158.0,100.0,1.0
14169,17.0,386.0,1.0
14170,230.0,35.0,1.0
14171,127.0,224.0,1.0
14172,72.0,47.0,1.0
14173,21.0,124.0,1.0
14174,176.0,219.0,1.0
14175,236.0,153.0,1.0
14176,45.0,81.0,1.0
14177,108.0,99.0,1.0
14178,86.0,206.0,1.0
14179,168.0,147.0,1.0
14180,51.0,93.0,1.0
14181,87.0,130.0,1.0
14182,87.0,507.0,1.0
14183,188.0,91.0,1.0
14184,65.0,324.0,1.0
14185,180.0,287.0,1.0
14186,197.0,113.0,1.0
14187,30.0,153.0,1.0
14188,102.0,18.0,1.0
14189,191.0,52.0,1.0
14190,182.0,122.0,1.0
14191,116.0,173.0,1.0
14192,207.0,448.0,1.0
14193,71.0,114.0,1.0
14194,135.0,503.0,1.0
14195,13.0,203.0,1.0
14196,11.0,28.0,1.0
14197,218.0,32.0,1.0
14198,143.0,374.0,1.0
14199,224.0,128.0,1.0
14200,117.0,214.0,1.0
14201,242.0,230.0,1.0
14202,150.0,156.0,1.0
14203,192.0,106.0,1.0
14204,228.0,12.0,1.0
14205,193.0,40.0,1.0
14206,189.0,69.0,1.0
14207,8.0,120.0,1.0
14208,113.0,455.0,1.0
14209,201.0,379.0,1.0
14210,165.0,190.0,1.0
14211,11.0,158.0,1.0
14212,10.0,295.0,1.0
14213,105.0,184.0,1.0
14214,92.0,11.0,1.0
14215,158.0,311.0,1.0
14216,242.0,221.0,1.0
14217,1.0,60.0,1.0
14218,188.0,268.0,1.0
14219,156.0,407.0,1.0
14220,102.0,150.0,1.0
14221,81.0,117.0,1.0
14222,245.0,464.0,1.0
14223,97.0,126.0,1.0
14224,104.0,12.0,1.0
14225,182.0,11.0,1.0
14226,80.0,540.0,1.0
14227,129.0,91.0,1.0
14228,82.0,356.0,1.0
14229,126.0,511.0,1.0
14230,48.0,68.0,1.0
14231,117.0,236.0,1.0
14232,203.0,9.0,1.0
14233,108.0,204.0,1.0
14234,200.0,474.0,1.0
14235,47.0,118.0,1.0
14236,85.0,88.0,1.0
14237,147.0,74.0,1.0
14238,130.0,153.0,1.0
14239,218.0,337.0,1.0
14240,197.0,66.0,1.0
14241,127.0,35.0,1.0
14242,75.0,70.0,1.0
14243,153.0,392.0,1.0
14244,257.0,70.0,1.0
14245,225.0,87.0,1.0
14246,58.0,70.0,1.0
14247,141.0,92.0,1.0
14248,76.0,89.0,1.0
14249,248.0,215.0,1.0
14250,87.0,410.0,1.0
14251,195.0,385.0,1.0
14252,175.0,32.0,1.0
14253,81.0,185.0,1.0
14254,79.0,217.0,1.0
14255,89.0,36.0,1.0
14256,229.0,247.0,1.0
14257,17.0,62.0,1.0
14258,141.0,313.0,1.0
14259,45.0,320.0,1.0
14260,207.0,352.0,1.0
14261,242.0,213.0,1.0
14262,243.0,137.0,1.0
14263,149.0,179.0,1.0
14264,237.0,147.0,1.0
14265,141.0,311.0,1.0
14266,114.0,58.0,1.0
14267,176.0,112.0,1.0
14268,224.0,202.0,1.0
14269,177.0,120.0,1.0
14270,116.0,116.0,1.0
14271,50.0,253.0,1.0
14272,45.0,22.0,1.0
14273,49.0,189.0,1.0
14274,183.0,449.0,1.0
14275,16.0,102.0,1.0
14276,203.0,179.0,1.0
14277,196.0,379.0,1.0
14278,100.0,62.0,1.0
14279,259.0,48.0,1.0
14280,162.0,215.0,1.0
14281,259.0,190.0,1.0
14282,109.0,150.0,1.0
14283,22.0,166.0,1.0
14284,82.0,463.0,1.0
14285,186.0,483.0,1.0
14286,84.0,219.0,1.0
14287,82.0,475.0,1.0
14288,132.0,498.0,1.0
14289,117.0,12.0,1.0
14290,147.0,59.0,1.0
14291,226.0,371.0,1.0
14292,123.0,238.0,1.0
14293,180.0,327.0,1.0
14294,199.0,293.0,1.0
14295,127.0,356.0,1.0
14296,246.0,326.0,1.0
14297,154.0,38.0,1.0
14298,262.0,161.0,1.0
14299,189.0,387.0,1.0
14300,203.0,395.0,1.0
14301,208.0,12.0,1.0
14302,94.0,136.0,1.0
14303,82.0,353.0,1.0
14304,117.0,161.0,1.0
14305,147.0,153.0,1.0
14306,132.0,59.0,1.0
14307,134.0,317.0,1.0
14308,5.0,220.0,1.0
14309,263.0,116.0,1.0
14310,175.0,62.0,1.0
14311,84.0,526.0,1.0
14312,199.0,69.0,1.0
14313,144.0,399.0,1.0
14314,156.0,70.0,1.0
14315,148.0,145.0,1.0
14316,193.0,420.0,1.0
14317,123.0,420.0,1.0
14318,41.0,23.0,1.0
14319,32.0,50.0,1.0
14320,61.0,204.0,1.0
14321,147.0,102.0,1.0
14322,82.0,499.0,1.0
14323,17.0,406.0,1.0
14324,126.0,207.0,1.0
14325,96.0,388.0,1.0
14326,128.0,216.0,1.0
14327,175.0,269.0,1.0
14328,87.0,53.0,1.0
14329,153.0,398.0,1.0
14330,87.0,278.0,1.0
14331,96.0,66.0,1.0
14332,51.0,510.0,1.0
14333,56.0,24.0,1.0
14334,214.0,53.0,1.0
14335,256.0,375.0,1.0
14336,65.0,52.0,1.0
14337,248.0,20.0,1.0
14338,202.0,143.0,1.0
14339,147.0,343.0,1.0
14340,216.0,179.0,1.0
14341,218.0,590.0,1.0
14342,90.0,487.0,1.0
14343,260.0,200.0,1.0
14344,184.0,4.0,1.0
14345,162.0,567.0,1.0
14346,245.0,393.0,1.0
14347,136.0,123.0,1.0
14348,180.0,491.0,1.0
14349,153.0,232.0,1.0
14350,50.0,272.0,1.0
14351,114.0,274.0,1.0
14352,122.0,47.0,1.0
14353,74.0,385.0,1.0
14354,259.0,382.0,1.0
14355,60.0,43.0,1.0
14356,225.0,60.0,1.0
14357,218.0,66.0,1.0
14358,64.0,382.0,1.0
14359,72.0,48.0,1.0
14360,183.0,168.0,1.0
14361,248.0,433.0,1.0
14362,63.0,399.0,1.0
14363,172.0,143.0,1.0
14364,203.0,478.0,1.0
14365,238.0,214.0,1.0
14366,264.0,106.0,1.0
14367,223.0,351.0,1.0
14368,262.0,239.0,1.0
14369,249.0,110.0,1.0
14370,186.0,91.0,1.0
14371,162.0,220.0,1.0
14372,87.0,146.0,1.0
14373,129.0,12.0,1.0
14374,203.0,140.0,1.0
14375,92.0,201.0,1.0
14376,114.0,281.0,1.0
14377,185.0,400.0,1.0
14378,259.0,5.0,1.0
14379,2.0,91.0,1.0
14380,85.0,565.0,1.0
14381,210.0,95.0,1.0
14382,87.0,333.0,1.0
14383,128.0,485.0,1.0
14384,165.0,152.0,1.0
14385,136.0,57.0,1.0
14386,148.0,12.0,1.0
14387,89.0,408.0,1.0
14388,256.0,66.0,1.0
14389,168.0,414.0,1.0
14390,251.0,136.0,1.0
14391,104.0,84.0,1.0
14392,22.0,328.0,1.0
14393,259.0,100.0,1.0
14394,69.0,374.0,1.0
14395,126.0,411.0,1.0
14396,145.0,507.0,1.0
14397,5.0,216.0,1.0
14398,132.0,257.0,1.0
14399,112.0,143.0,1.0
14400,168.0,104.0,1.0
14401,185.0,279.0,1.0
14402,265.0,533.0,1.0
14403,134.0,36.0,1.0
14404,171.0,21.0,1.0
14405,165.0,44.0,1.0
14406,217.0,384.0,1.0
14407,35.0,388.0,1.0
14408,121.0,50.0,1.0
14409,74.0,521.0,1.0
14410,230.0,44.0,1.0
14411,79.0,12.0,1.0
14412,259.0,552.0,1.0
14413,95.0,242.0,1.0
14414,102.0,164.0,1.0
14415,11.0,259.0,1.0
14416,51.0,286.0,1.0
14417,87.0,126.0,1.0
14418,189.0,117.0,1.0
14419,170.0,311.0,1.0
14420,164.0,29.0,1.0
14421,18.0,45.0,1.0
14422,115.0,454.0,1.0
14423,224.0,279.0,1.0
14424,81.0,251.0,1.0
14425,156.0,103.0,1.0
14426,194.0,520.0,1.0
14427,136.0,71.0,1.0
14428,52.0,389.0,1.0
14429,205.0,484.0,1.0
14430,18.0,47.0,1.0
14431,38.0,35.0,1.0
14432,226.0,268.0,1.0
14433,176.0,126.0,1.0
14434,245.0,185.0,1.0
14435,158.0,272.0,1.0
14436,96.0,134.0,1.0
14437,107.0,124.0,1.0
14438,147.0,10.0,1.0
14439,50.0,288.0,1.0
14440,31.0,331.0,1.0
14441,185.0,338.0,1.0
14442,168.0,297.0,1.0
14443,49.0,49.0,1.0
14444,170.0,496.0,1.0
14445,29.0,161.0,1.0
14446,205.0,70.0,1.0
14447,253.0,545.0,1.0
14448,74.0,32.0,1.0
14449,149.0,111.0,1.0
14450,181.0,137.0,1.0
14451,232.0,38.0,1.0
14452,232.0,270.0,1.0
14453,84.0,254.0,1.0
14454,116.0,50.0,1.0
14455,250.0,47.0,1.0
14456,81.0,47.0,1.0
14457,49.0,12.0,1.0
14458,250.0,156.0,1.0
14459,78.0,230.0,1.0
14460,228.0,416.0,1.0
14461,223.0,114.0,1.0
14462,84.0,61.0,1.0
14463,108.0,114.0,1.0
14464,150.0,119.0,1.0
14465,11.0,300.0,1.0
14466,53.0,199.0,1.0
14467,231.0,316.0,1.0
14468,159.0,66.0,1.0
14469,104.0,151.0,1.0
14470,224.0,206.0,1.0
14471,124.0,146.0,1.0
14472,143.0,97.0,1.0
14473,49.0,125.0,1.0
14474,239.0,100.0,1.0
14475,199.0,193.0,1.0
14476,163.0,90.0,1.0
14477,239.0,266.0,1.0
14478,145.0,570.0,1.0
14479,82.0,248.0,1.0
14480,101.0,256.0,1.0
14481,31.0,238.0,1.0
14482,26.0,106.0,1.0
14483,182.0,52.0,1.0
14484,17.0,373.0,1.0
14485,76.0,420.0,1.0
14486,171.0,84.0,1.0
14487,122.0,302.0,1.0
14488,116.0,233.0,1.0
14489,69.0,190.0,1.0
14490,261.0,1.0,1.0
14491,248.0,174.0,1.0
14492,54.0,76.0,1.0
14493,127.0,91.0,1.0
14494,211.0,10.0,1.0
14495,147.0,497.0,1.0
14496,153.0,66.0,1.0
14497,234.0,348.0,1.0
14498,156.0,40.0,1.0
14499,98.0,226.0,1.0
14500,251.0,150.0,1.0
14501,51.0,104.0,1.0
14502,130.0,177.0,1.0
14503,234.0,125.0,1.0
14504,94.0,190.0,1.0
14505,136.0,145.0,1.0
14506,150.0,80.0,1.0
14507,138.0,527.0,1.0
14508,135.0,20.0,1.0
14509,160.0,5.0,1.0
14510,150.0,190.0,1.0
14511,78.0,284.0,1.0
14512,46.0,206.0,1.0
14513,222.0,226.0,1.0
14514,166.0,543.0,1.0
14515,17.0,138.0,1.0
14516,64.0,97.0,1.0
14517,217.0,320.0,1.0
14518,17.0,368.0,1.0
14519,220.0,143.0,1.0
14520,210.0,216.0,1.0
14521,242.0,371.0,1.0
14522,85.0,474.0,1.0
14523,100.0,10.0,1.0
14524,158.0,377.0,1.0
14525,168.0,455.0,1.0
14526,130.0,382.0,1.0
14527,266.0,132.0,1.0
14528,223.0,111.0,1.0
14529,183.0,76.0,1.0
14530,90.0,62.0,1.0
14531,223.0,213.0,1.0
14532,196.0,50.0,1.0
14533,138.0,375.0,1.0
14534,182.0,101.0,1.0
14535,223.0,256.0,1.0
14536,51.0,150.0,1.0
14537,1.0,80.0,1.0
14538,144.0,398.0,1.0
14539,177.0,28.0,1.0
14540,84.0,359.0,1.0
14541,226.0,43.0,1.0
14542,109.0,111.0,1.0
14543,202.0,9.0,1.0
14544,160.0,89.0,1.0
14545,38.0,40.0,1.0
14546,182.0,459.0,1.0
14547,138.0,146.0,1.0
14548,102.0,336.0,1.0
14549,129.0,93.0,1.0
14550,175.0,19.0,1.0
14551,65.0,571.0,1.0
14552,248.0,58.0,1.0
14553,129.0,586.0,1.0
14554,183.0,52.0,1.0
14555,186.0,313.0,1.0
14556,130.0,97.0,1.0
14557,123.0,407.0,1.0
14558,57.0,260.0,1.0
14559,250.0,218.0,1.0
14560,82.0,64.0,1.0
14561,147.0,299.0,1.0
14562,192.0,365.0,1.0
14563,142.0,235.0,1.0
14564,256.0,105.0,1.0
14565,130.0,259.0,1.0
14566,177.0,146.0,1.0
14567,100.0,382.0,1.0
14568,148.0,343.0,1.0
14569,180.0,226.0,1.0
14570,197.0,521.0,1.0
14571,28.0,269.0,1.0
14572,103.0,251.0,1.0
14573,81.0,293.0,1.0
14574,56.0,151.0,1.0
14575,44.0,226.0,1.0
14576,1.0,55.0,1.0
14577,86.0,373.0,1.0
14578,149.0,24.0,1.0
14579,49.0,343.0,1.0
14580,259.0,316.0,1.0
14581,81.0,5.0,1.0
14582,84.0,335.0,1.0
14583,34.0,242.0,1.0
14584,74.0,218.0,1.0
14585,78.0,59.0,1.0
14586,152.0,255.0,1.0
14587,218.0,443.0,1.0
14588,261.0,112.0,1.0
14589,228.0,497.0,1.0
14590,82.0,147.0,1.0
14591,252.0,36.0,1.0
14592,161.0,496.0,1.0
14593,44.0,178.0,1.0
14594,141.0,122.0,1.0
14595,98.0,58.0,1.0
14596,87.0,190.0,1.0
14597,191.0,345.0,1.0
14598,268.0,9.0,1.0
14599,99.0,66.0,1.0
14600,165.0,11.0,1.0
14601,113.0,399.0,1.0
14602,229.0,128.0,1.0
14603,211.0,218.0,1.0
14604,94.0,191.0,1.0
14605,182.0,256.0,1.0
14606,62.0,505.0,1.0
14607,97.0,248.0,1.0
14608,194.0,456.0,1.0
14609,51.0,132.0,1.0
14610,122.0,367.0,1.0
14611,47.0,219.0,1.0
14612,211.0,509.0,1.0
14613,143.0,467.0,1.0
14614,147.0,178.0,1.0
14615,56.0,152.0,1.0
14616,232.0,408.0,1.0
14617,104.0,141.0,1.0
14618,26.0,230.0,1.0
14619,132.0,481.0,1.0
14620,34.0,118.0,1.0
14621,102.0,359.0,1.0
14622,182.0,124.0,1.0
14623,52.0,189.0,1.0
14624,50.0,218.0,1.0
14625,205.0,156.0,1.0
14626,148.0,196.0,1.0
14627,82.0,250.0,1.0
14628,127.0,551.0,1.0
14629,82.0,423.0,1.0
14630,65.0,69.0,1.0
14631,158.0,126.0,1.0
14632,92.0,40.0,1.0
14633,121.0,348.0,1.0
14634,175.0,188.0,1.0
14635,224.0,151.0,1.0
14636,64.0,25.0,1.0
14637,249.0,11.0,1.0
14638,69.0,172.0,1.0
14639,199.0,582.0,1.0
14640,189.0,222.0,1.0
14641,90.0,63.0,1.0
14642,71.0,188.0,1.0
14643,129.0,204.0,1.0
14644,136.0,454.0,1.0
14645,200.0,208.0,1.0
14646,243.0,66.0,1.0
14647,200.0,578.0,1.0
14648,86.0,103.0,1.0
14649,218.0,204.0,1.0
14650,32.0,59.0,1.0
14651,222.0,289.0,1.0
14652,217.0,396.0,1.0
14653,156.0,241.0,1.0
14654,227.0,197.0,1.0
14655,160.0,95.0,1.0
14656,178.0,218.0,1.0
14657,29.0,233.0,1.0
14658,214.0,387.0,1.0
14659,266.0,320.0,1.0
14660,140.0,100.0,1.0
14661,82.0,239.0,1.0
14662,128.0,239.0,1.0
14663,87.0,438.0,1.0
14664,28.0,439.0,1.0
14665,129.0,588.0,1.0
14666,189.0,217.0,1.0
14667,28.0,106.0,1.0
14668,208.0,243.0,1.0
14669,143.0,274.0,1.0
14670,79.0,0.0,1.0
14671,248.0,566.0,1.0
14672,65.0,248.0,1.0
14673,158.0,282.0,1.0
14674,17.0,175.0,1.0
14675,79.0,501.0,1.0
14676,102.0,508.0,1.0
14677,264.0,349.0,1.0
14678,51.0,384.0,1.0
14679,84.0,226.0,1.0
14680,227.0,513.0,1.0
14681,51.0,516.0,1.0
14682,39.0,287.0,1.0
14683,85.0,45.0,1.0
14684,175.0,218.0,1.0
14685,218.0,561.0,1.0
14686,79.0,400.0,1.0
14687,152.0,71.0,1.0
14688,3.0,152.0,1.0
14689,50.0,97.0,1.0
14690,233.0,592.0,1.0
14691,13.0,9.0,1.0
14692,249.0,111.0,1.0
14693,208.0,66.0,1.0
14694,96.0,522.0,1.0
14695,117.0,202.0,1.0
14696,126.0,467.0,1.0
14697,163.0,33.0,1.0
14698,223.0,339.0,1.0
14699,141.0,235.0,1.0
14700,45.0,11.0,1.0
14701,264.0,157.0,1.0
14702,128.0,2.0,1.0
14703,32.0,161.0,1.0
14704,239.0,7.0,1.0
14705,56.0,256.0,1.0
14706,49.0,40.0,1.0
14707,216.0,268.0,1.0
14708,257.0,146.0,1.0
14709,45.0,400.0,1.0
14710,117.0,248.0,1.0
14711,224.0,421.0,1.0
14712,230.0,327.0,1.0
14713,9.0,271.0,1.0
14714,67.0,35.0,1.0
14715,89.0,304.0,1.0
14716,56.0,488.0,1.0
14717,81.0,335.0,1.0
14718,214.0,112.0,1.0
14719,224.0,84.0,1.0
14720,158.0,239.0,1.0
14721,10.0,157.0,1.0
14722,19.0,24.0,1.0
14723,11.0,120.0,1.0
14724,114.0,17.0,1.0
14725,162.0,411.0,1.0
14726,60.0,315.0,1.0
14727,53.0,390.0,1.0
14728,22.0,277.0,1.0
14729,56.0,421.0,1.0
14730,5.0,100.0,1.0
14731,68.0,70.0,1.0
14732,202.0,31.0,1.0
14733,254.0,472.0,0.0
14734,179.0,143.0,0.0
14735,77.0,56.0,0.0
14736,131.0,136.0,0.0
14737,11.0,515.0,0.0
14738,228.0,144.0,0.0
14739,148.0,140.0,0.0
14740,8.0,1.0,0.0
14741,189.0,376.0,0.0
14742,225.0,422.0,0.0
14743,212.0,16.0,0.0
14744,59.0,462.0,0.0
14745,39.0,86.0,0.0
14746,68.0,531.0,0.0
14747,206.0,422.0,0.0
14748,74.0,53.0,0.0
14749,26.0,61.0,0.0
14750,142.0,397.0,0.0
14751,118.0,594.0,0.0
14752,236.0,304.0,0.0
14753,180.0,159.0,0.0
14754,238.0,226.0,0.0
14755,194.0,358.0,0.0
14756,182.0,482.0,0.0
14757,39.0,90.0,0.0
14758,127.0,394.0,0.0
14759,161.0,350.0,0.0
14760,136.0,472.0,0.0
14761,186.0,326.0,0.0
14762,159.0,302.0,0.0
14763,85.0,494.0,0.0
14764,38.0,149.0,0.0
14765,88.0,43.0,0.0
14766,208.0,183.0,0.0
14767,249.0,32.0,0.0
14768,136.0,128.0,0.0
14769,267.0,2.0,0.0
14770,41.0,462.0,0.0
14771,124.0,496.0,0.0
14772,24.0,314.0,0.0
14773,38.0,52.0,0.0
14774,95.0,393.0,0.0
14775,71.0,453.0,0.0
14776,129.0,18.0,0.0
14777,17.0,525.0,0.0
14778,42.0,169.0,0.0
14779,195.0,309.0,0.0
14780,165.0,65.0,0.0
14781,235.0,457.0,0.0
14782,175.0,432.0,0.0
14783,236.0,94.0,0.0
14784,163.0,342.0,0.0
14785,27.0,282.0,0.0
14786,81.0,594.0,0.0
14787,92.0,276.0,0.0
14788,244.0,549.0,0.0
14789,3.0,310.0,0.0
14790,8.0,565.0,0.0
14791,266.0,319.0,0.0
14792,23.0,300.0,0.0
14793,55.0,260.0,0.0
14794,53.0,592.0,0.0
14795,61.0,281.0,0.0
14796,37.0,215.0,0.0
14797,209.0,252.0,0.0
14798,128.0,152.0,0.0
14799,236.0,170.0,0.0
14800,49.0,515.0,0.0
14801,54.0,413.0,0.0
14802,219.0,147.0,0.0
14803,248.0,498.0,0.0
14804,133.0,540.0,0.0
14805,85.0,133.0,0.0
14806,18.0,413.0,0.0
14807,82.0,241.0,0.0
14808,204.0,177.0,0.0
14809,240.0,498.0,0.0
14810,114.0,442.0,0.0
14811,211.0,413.0,0.0
14812,56.0,297.0,0.0
14813,26.0,314.0,0.0
14814,216.0,34.0,0.0
14815,112.0,66.0,0.0
14816,173.0,349.0,0.0
14817,137.0,40.0,0.0
14818,161.0,309.0,0.0
14819,215.0,7.0,0.0
14820,161.0,447.0,0.0
14821,267.0,512.0,0.0
14822,1.0,340.0,0.0
14823,116.0,131.0,0.0
14824,237.0,416.0,0.0
14825,37.0,581.0,0.0
14826,213.0,397.0,0.0
14827,168.0,263.0,0.0
14828,245.0,500.0,0.0
14829,9.0,113.0,0.0
14830,227.0,340.0,0.0
14831,242.0,63.0,0.0
14832,218.0,415.0,0.0
14833,55.0,283.0,0.0
14834,120.0,460.0,0.0
14835,142.0,236.0,0.0
14836,30.0,497.0,0.0
14837,149.0,355.0,0.0
14838,97.0,377.0,0.0
14839,226.0,462.0,0.0
14840,68.0,304.0,0.0
14841,120.0,30.0,0.0
14842,92.0,299.0,0.0
14843,12.0,596.0,0.0
14844,113.0,218.0,0.0
14845,248.0,134.0,0.0
14846,75.0,398.0,0.0
14847,119.0,175.0,0.0
14848,158.0,329.0,0.0
14849,154.0,187.0,0.0
14850,153.0,502.0,0.0
14851,129.0,260.0,0.0
14852,157.0,582.0,0.0
14853,3.0,543.0,0.0
14854,192.0,482.0,0.0
14855,216.0,578.0,0.0
14856,225.0,129.0,0.0
14857,177.0,526.0,0.0
14858,153.0,87.0,0.0
14859,259.0,397.0,0.0
14860,239.0,299.0,0.0
14861,50.0,455.0,0.0
14862,201.0,304.0,0.0
14863,220.0,472.0,0.0
14864,93.0,529.0,0.0
14865,118.0,494.0,0.0
14866,137.0,339.0,0.0
14867,23.0,440.0,0.0
14868,224.0,592.0,0.0
14869,150.0,296.0,0.0
14870,0.0,232.0,0.0
14871,53.0,406.0,0.0
14872,151.0,167.0,0.0
14873,225.0,136.0,0.0
14874,154.0,398.0,0.0
14875,208.0,50.0,0.0
14876,262.0,309.0,0.0
14877,189.0,212.0,0.0
14878,135.0,280.0,0.0
14879,222.0,186.0,0.0
14880,71.0,60.0,0.0
14881,142.0,596.0,0.0
14882,178.0,138.0,0.0
14883,176.0,495.0,0.0
14884,85.0,158.0,0.0
14885,131.0,265.0,0.0
14886,4.0,593.0,0.0
14887,118.0,108.0,0.0
14888,116.0,334.0,0.0
14889,19.0,537.0,0.0
14890,25.0,165.0,0.0
14891,74.0,293.0,0.0
14892,23.0,427.0,0.0
14893,119.0,565.0,0.0
14894,83.0,355.0,0.0
14895,153.0,295.0,0.0
14896,231.0,82.0,0.0
14897,183.0,368.0,0.0
14898,203.0,579.0,0.0
14899,165.0,466.0,0.0
14900,72.0,480.0,0.0
14901,53.0,76.0,0.0
14902,111.0,461.0,0.0
14903,32.0,100.0,0.0
14904,253.0,129.0,0.0
14905,217.0,188.0,0.0
14906,54.0,166.0,0.0
14907,93.0,525.0,0.0
14908,216.0,292.0,0.0
14909,103.0,200.0,0.0
14910,173.0,209.0,0.0
14911,147.0,200.0,0.0
14912,57.0,444.0,0.0
14913,81.0,169.0,0.0
14914,164.0,52.0,0.0
14915,68.0,239.0,0.0
14916,222.0,378.0,0.0
14917,148.0,84.0,0.0
14918,71.0,422.0,0.0
14919,208.0,222.0,0.0
14920,2.0,542.0,0.0
14921,89.0,132.0,0.0
14922,108.0,392.0,0.0
14923,188.0,498.0,0.0
14924,222.0,3.0,0.0
14925,202.0,463.0,0.0
14926,73.0,295.0,0.0
14927,250.0,430.0,0.0
14928,58.0,445.0,0.0
14929,148.0,403.0,0.0
14930,99.0,38.0,0.0
14931,88.0,332.0,0.0
14932,205.0,415.0,0.0
14933,215.0,97.0,0.0
14934,26.0,478.0,0.0
14935,248.0,464.0,0.0
14936,203.0,542.0,0.0
14937,46.0,358.0,0.0
14938,174.0,300.0,0.0
14939,195.0,323.0,0.0
14940,85.0,106.0,0.0
14941,206.0,449.0,0.0
14942,4.0,111.0,0.0
14943,166.0,388.0,0.0
14944,173.0,589.0,0.0
14945,261.0,166.0,0.0
14946,240.0,119.0,0.0
14947,61.0,273.0,0.0
14948,192.0,4.0,0.0
14949,120.0,230.0,0.0
14950,111.0,433.0,0.0
14951,254.0,159.0,0.0
14952,208.0,124.0,0.0
14953,106.0,17.0,0.0
14954,266.0,167.0,0.0
14955,218.0,96.0,0.0
14956,128.0,325.0,0.0
14957,265.0,129.0,0.0
14958,228.0,346.0,0.0
14959,19.0,358.0,0.0
14960,232.0,267.0,0.0
14961,187.0,516.0,0.0
14962,246.0,233.0,0.0
14963,66.0,447.0,0.0
14964,149.0,208.0,0.0
14965,109.0,371.0,0.0
14966,237.0,358.0,0.0
14967,225.0,581.0,0.0
14968,18.0,245.0,0.0
14969,23.0,271.0,0.0
14970,257.0,537.0,0.0
14971,21.0,157.0,0.0
14972,196.0,309.0,0.0
14973,71.0,238.0,0.0
14974,212.0,15.0,0.0
14975,36.0,38.0,0.0
14976,137.0,503.0,0.0
14977,183.0,101.0,0.0
14978,21.0,504.0,0.0
14979,162.0,483.0,0.0
14980,3.0,108.0,0.0
14981,241.0,459.0,0.0
14982,149.0,571.0,0.0
14983,213.0,320.0,0.0
14984,183.0,553.0,0.0
14985,192.0,454.0,0.0
14986,182.0,566.0,0.0
14987,216.0,210.0,0.0
14988,19.0,14.0,0.0
14989,259.0,24.0,0.0
14990,172.0,375.0,0.0
14991,207.0,307.0,0.0
14992,123.0,569.0,0.0
14993,176.0,344.0,0.0
14994,230.0,31.0,0.0
14995,258.0,226.0,0.0
14996,210.0,37.0,0.0
14997,216.0,155.0,0.0
14998,127.0,178.0,0.0
14999,2.0,217.0,0.0
15000,1.0,144.0,0.0
15001,95.0,181.0,0.0
15002,120.0,272.0,0.0
15003,113.0,105.0,0.0
15004,17.0,579.0,0.0
15005,34.0,318.0,0.0
15006,22.0,37.0,0.0
15007,60.0,56.0,0.0
15008,28.0,391.0,0.0
15009,8.0,364.0,0.0
15010,7.0,200.0,0.0
15011,193.0,64.0,0.0
15012,157.0,105.0,0.0
15013,239.0,512.0,0.0
15014,189.0,119.0,0.0
15015,90.0,153.0,0.0
15016,248.0,563.0,0.0
15017,225.0,435.0,0.0
15018,247.0,303.0,0.0
15019,102.0,211.0,0.0
15020,101.0,337.0,0.0
15021,181.0,431.0,0.0
15022,155.0,316.0,0.0
15023,9.0,237.0,0.0
15024,84.0,2.0,0.0
15025,146.0,261.0,0.0
15026,109.0,290.0,0.0
15027,209.0,547.0,0.0
15028,251.0,556.0,0.0
15029,25.0,207.0,0.0
15030,76.0,542.0,0.0
15031,211.0,90.0,0.0
15032,170.0,393.0,0.0
15033,138.0,184.0,0.0
15034,20.0,233.0,0.0
15035,79.0,567.0,0.0
15036,179.0,131.0,0.0
15037,207.0,129.0,0.0
15038,232.0,402.0,0.0
15039,248.0,422.0,0.0
15040,96.0,106.0,0.0
15041,8.0,456.0,0.0
15042,215.0,286.0,0.0
15043,190.0,3.0,0.0
15044,102.0,104.0,0.0
15045,80.0,147.0,0.0
15046,212.0,556.0,0.0
15047,19.0,159.0,0.0
15048,17.0,483.0,0.0
15049,218.0,166.0,0.0
15050,176.0,85.0,0.0
15051,36.0,92.0,0.0
15052,2.0,185.0,0.0
15053,39.0,141.0,0.0
15054,245.0,458.0,0.0
15055,241.0,82.0,0.0
15056,113.0,62.0,0.0
15057,222.0,33.0,0.0
15058,202.0,189.0,0.0
15059,30.0,313.0,0.0
15060,47.0,215.0,0.0
15061,118.0,183.0,0.0
15062,217.0,258.0,0.0
15063,160.0,551.0,0.0
15064,168.0,167.0,0.0
15065,268.0,466.0,0.0
15066,50.0,421.0,0.0
15067,90.0,267.0,0.0
15068,68.0,138.0,0.0
15069,79.0,97.0,0.0
15070,122.0,73.0,0.0
15071,156.0,405.0,0.0
15072,195.0,177.0,0.0
15073,193.0,43.0,0.0
15074,187.0,55.0,0.0
15075,91.0,469.0,0.0
15076,102.0,570.0,0.0
15077,237.0,303.0,0.0
15078,138.0,466.0,0.0
15079,199.0,111.0,0.0
15080,233.0,111.0,0.0
15081,95.0,79.0,0.0
15082,158.0,441.0,0.0
15083,186.0,177.0,0.0
15084,71.0,338.0,0.0
15085,231.0,294.0,0.0
15086,79.0,244.0,0.0
15087,6.0,549.0,0.0
15088,254.0,464.0,0.0
15089,218.0,274.0,0.0
15090,126.0,462.0,0.0
15091,198.0,446.0,0.0
15092,108.0,214.0,0.0
15093,100.0,309.0,0.0
15094,64.0,288.0,0.0
15095,143.0,369.0,0.0
15096,237.0,368.0,0.0
15097,242.0,477.0,0.0
15098,263.0,37.0,0.0
15099,226.0,342.0,0.0
15100,43.0,76.0,0.0
15101,139.0,477.0,0.0
15102,230.0,109.0,0.0
15103,185.0,96.0,0.0
15104,24.0,56.0,0.0
15105,23.0,142.0,0.0
15106,116.0,210.0,0.0
15107,240.0,520.0,0.0
15108,211.0,100.0,0.0
15109,235.0,302.0,0.0
15110,18.0,365.0,0.0
15111,252.0,70.0,0.0
15112,175.0,476.0,0.0
15113,225.0,525.0,0.0
15114,173.0,69.0,0.0
15115,257.0,497.0,0.0
15116,221.0,366.0,0.0
15117,227.0,64.0,0.0
15118,168.0,583.0,0.0
15119,114.0,136.0,0.0
15120,49.0,204.0,0.0
15121,23.0,528.0,0.0
15122,184.0,151.0,0.0
15123,224.0,236.0,0.0
15124,236.0,252.0,0.0
15125,225.0,115.0,0.0
15126,129.0,336.0,0.0
15127,171.0,140.0,0.0
15128,141.0,134.0,0.0
15129,206.0,147.0,0.0
15130,219.0,113.0,0.0
15131,100.0,296.0,0.0
15132,177.0,342.0,0.0
15133,119.0,505.0,0.0
15134,161.0,318.0,0.0
15135,172.0,72.0,0.0
15136,66.0,414.0,0.0
15137,96.0,82.0,0.0
15138,187.0,503.0,0.0
15139,26.0,442.0,0.0
15140,44.0,96.0,0.0
15141,268.0,534.0,0.0
15142,243.0,423.0,0.0
15143,38.0,434.0,0.0
15144,179.0,305.0,0.0
15145,260.0,180.0,0.0
15146,167.0,394.0,0.0
15147,55.0,341.0,0.0
15148,128.0,442.0,0.0
15149,233.0,100.0,0.0
15150,123.0,25.0,0.0
15151,114.0,486.0,0.0
15152,266.0,321.0,0.0
15153,127.0,556.0,0.0
15154,231.0,118.0,0.0
15155,160.0,130.0,0.0
15156,221.0,74.0,0.0
15157,46.0,94.0,0.0
15158,1.0,105.0,0.0
15159,106.0,149.0,0.0
15160,204.0,95.0,0.0
15161,187.0,313.0,0.0
15162,70.0,392.0,0.0
15163,198.0,43.0,0.0
15164,250.0,425.0,0.0
15165,112.0,78.0,0.0
15166,115.0,269.0,0.0
15167,107.0,56.0,0.0
15168,130.0,138.0,0.0
15169,71.0,221.0,0.0
15170,16.0,68.0,0.0
15171,135.0,539.0,0.0
15172,192.0,137.0,0.0
15173,111.0,210.0,0.0
15174,35.0,52.0,0.0
15175,25.0,279.0,0.0
15176,126.0,17.0,0.0
15177,204.0,79.0,0.0
15178,8.0,555.0,0.0
15179,232.0,125.0,0.0
15180,31.0,483.0,0.0
15181,40.0,510.0,0.0
15182,135.0,320.0,0.0
15183,143.0,192.0,0.0
15184,79.0,186.0,0.0
15185,25.0,457.0,0.0
15186,59.0,362.0,0.0
15187,63.0,112.0,0.0
15188,163.0,574.0,0.0
15189,19.0,393.0,0.0
15190,194.0,155.0,0.0
15191,92.0,581.0,0.0
15192,141.0,185.0,0.0
15193,97.0,338.0,0.0
15194,266.0,87.0,0.0
15195,185.0,591.0,0.0
15196,144.0,353.0,0.0
15197,131.0,111.0,0.0
15198,118.0,489.0,0.0
15199,183.0,248.0,0.0
15200,252.0,121.0,0.0
15201,191.0,267.0,0.0
15202,225.0,480.0,0.0
15203,111.0,21.0,0.0
15204,174.0,366.0,0.0
15205,130.0,376.0,0.0
15206,64.0,526.0,0.0
15207,96.0,294.0,0.0
15208,66.0,597.0,0.0
15209,227.0,472.0,0.0
15210,10.0,523.0,0.0
15211,107.0,65.0,0.0
15212,237.0,505.0,0.0
15213,236.0,238.0,0.0
15214,173.0,518.0,0.0
15215,222.0,529.0,0.0
15216,49.0,591.0,0.0
15217,162.0,106.0,0.0
15218,263.0,307.0,0.0
15219,42.0,547.0,0.0
15220,228.0,179.0,0.0
15221,161.0,372.0,0.0
15222,91.0,511.0,0.0
15223,43.0,72.0,0.0
15224,133.0,577.0,0.0
15225,139.0,594.0,0.0
15226,242.0,397.0,0.0
15227,219.0,535.0,0.0
15228,17.0,242.0,0.0
15229,15.0,159.0,0.0
15230,243.0,392.0,0.0
15231,241.0,594.0,0.0
15232,107.0,168.0,0.0
15233,74.0,313.0,0.0
15234,102.0,390.0,0.0
15235,136.0,414.0,0.0
15236,132.0,6.0,0.0
15237,221.0,171.0,0.0
15238,250.0,237.0,0.0
15239,96.0,415.0,0.0
15240,153.0,490.0,0.0
15241,150.0,40.0,0.0
15242,96.0,299.0,0.0
15243,60.0,355.0,0.0
15244,145.0,247.0,0.0
15245,209.0,250.0,0.0
15246,98.0,487.0,0.0
15247,59.0,143.0,0.0
15248,222.0,16.0,0.0
15249,112.0,370.0,0.0
15250,63.0,389.0,0.0
15251,204.0,248.0,0.0
15252,176.0,494.0,0.0
15253,201.0,578.0,0.0
15254,41.0,425.0,0.0
15255,40.0,199.0,0.0
15256,123.0,159.0,0.0
15257,69.0,589.0,0.0
15258,250.0,443.0,0.0
15259,262.0,172.0,0.0
15260,263.0,255.0,0.0
15261,256.0,148.0,0.0
15262,173.0,85.0,0.0
15263,157.0,527.0,0.0
15264,60.0,549.0,0.0
15265,255.0,308.0,0.0
15266,161.0,506.0,0.0
15267,217.0,233.0,0.0
15268,203.0,580.0,0.0
15269,245.0,163.0,0.0
15270,5.0,491.0,0.0
15271,50.0,154.0,0.0
15272,186.0,519.0,0.0
15273,151.0,584.0,0.0
15274,202.0,328.0,0.0
15275,201.0,576.0,0.0
15276,91.0,373.0,0.0
15277,40.0,50.0,0.0
15278,31.0,402.0,0.0
15279,203.0,534.0,0.0
15280,95.0,568.0,0.0
15281,85.0,393.0,0.0
15282,66.0,178.0,0.0
15283,99.0,365.0,0.0
15284,160.0,554.0,0.0
15285,260.0,78.0,0.0
15286,245.0,540.0,0.0
15287,203.0,217.0,0.0
15288,136.0,295.0,0.0
15289,18.0,25.0,0.0
15290,47.0,302.0,0.0
15291,128.0,274.0,0.0
15292,16.0,569.0,0.0
15293,172.0,538.0,0.0
15294,188.0,421.0,0.0
15295,31.0,397.0,0.0
15296,54.0,577.0,0.0
15297,14.0,225.0,0.0
15298,39.0,307.0,0.0
15299,242.0,457.0,0.0
15300,89.0,153.0,0.0
15301,9.0,346.0,0.0
15302,198.0,278.0,0.0
15303,110.0,244.0,0.0
15304,7.0,494.0,0.0
15305,240.0,552.0,0.0
15306,158.0,504.0,0.0
15307,116.0,141.0,0.0
15308,23.0,482.0,0.0
15309,176.0,423.0,0.0
15310,133.0,174.0,0.0
15311,171.0,87.0,0.0
15312,111.0,271.0,0.0
15313,81.0,509.0,0.0
15314,188.0,272.0,0.0
15315,18.0,237.0,0.0
15316,263.0,384.0,0.0
15317,64.0,527.0,0.0
15318,217.0,581.0,0.0
15319,4.0,203.0,0.0
15320,30.0,427.0,0.0
15321,197.0,244.0,0.0
15322,228.0,279.0,0.0
15323,134.0,79.0,0.0
15324,83.0,203.0,0.0
15325,41.0,112.0,0.0
15326,121.0,221.0,0.0
15327,20.0,590.0,0.0
15328,116.0,516.0,0.0
15329,46.0,486.0,0.0
15330,171.0,368.0,0.0
15331,233.0,587.0,0.0
15332,247.0,313.0,0.0
15333,120.0,283.0,0.0
15334,86.0,528.0,0.0
15335,120.0,265.0,0.0
15336,82.0,289.0,0.0
15337,113.0,433.0,0.0
15338,251.0,572.0,0.0
15339,169.0,389.0,0.0
15340,139.0,365.0,0.0
15341,43.0,480.0,0.0
15342,247.0,3.0,0.0
15343,22.0,278.0,0.0
15344,175.0,386.0,0.0
15345,211.0,346.0,0.0
15346,103.0,126.0,0.0
15347,78.0,278.0,0.0
15348,76.0,342.0,0.0
15349,11.0,505.0,0.0
15350,228.0,488.0,0.0
15351,172.0,476.0,0.0
15352,16.0,188.0,0.0
15353,215.0,242.0,0.0
15354,164.0,477.0,0.0
15355,51.0,95.0,0.0
15356,73.0,223.0,0.0
15357,165.0,25.0,0.0
15358,242.0,468.0,0.0
15359,171.0,190.0,0.0
15360,149.0,508.0,0.0
15361,17.0,262.0,0.0
15362,150.0,52.0,0.0
15363,20.0,597.0,0.0
15364,153.0,413.0,0.0
15365,101.0,25.0,0.0
15366,260.0,276.0,0.0
15367,215.0,376.0,0.0
15368,18.0,224.0,0.0
15369,116.0,591.0,0.0
15370,256.0,541.0,0.0
15371,65.0,481.0,0.0
15372,187.0,593.0,0.0
15373,194.0,265.0,0.0
15374,217.0,594.0,0.0
15375,15.0,6.0,0.0
15376,176.0,42.0,0.0
15377,23.0,97.0,0.0
15378,137.0,242.0,0.0
15379,169.0,486.0,0.0
15380,10.0,568.0,0.0
15381,18.0,246.0,0.0
15382,199.0,66.0,0.0
15383,20.0,455.0,0.0
15384,115.0,401.0,0.0
15385,164.0,473.0,0.0
15386,174.0,96.0,0.0
15387,227.0,421.0,0.0
15388,151.0,301.0,0.0
15389,21.0,384.0,0.0
15390,262.0,295.0,0.0
15391,246.0,229.0,0.0
15392,188.0,84.0,0.0
15393,79.0,131.0,0.0
15394,73.0,547.0,0.0
15395,9.0,389.0,0.0
15396,51.0,171.0,0.0
15397,39.0,76.0,0.0
15398,49.0,321.0,0.0
15399,142.0,140.0,0.0
15400,188.0,170.0,0.0
15401,198.0,557.0,0.0
15402,235.0,432.0,0.0
15403,204.0,395.0,0.0
15404,13.0,494.0,0.0
15405,92.0,38.0,0.0
15406,48.0,325.0,0.0
15407,241.0,195.0,0.0
15408,173.0,167.0,0.0
15409,143.0,500.0,0.0
15410,61.0,132.0,0.0
15411,92.0,231.0,0.0
15412,166.0,332.0,0.0
15413,104.0,323.0,0.0
15414,219.0,454.0,0.0
15415,130.0,429.0,0.0
15416,31.0,343.0,0.0
15417,26.0,102.0,0.0
15418,62.0,460.0,0.0
15419,199.0,178.0,0.0
15420,265.0,16.0,0.0
15421,74.0,107.0,0.0
15422,232.0,541.0,0.0
15423,43.0,344.0,0.0
15424,169.0,363.0,0.0
15425,126.0,322.0,0.0
15426,252.0,283.0,0.0
15427,171.0,377.0,0.0
15428,1.0,195.0,0.0
15429,153.0,447.0,0.0
15430,103.0,209.0,0.0
15431,57.0,142.0,0.0
15432,124.0,33.0,0.0
15433,58.0,325.0,0.0
15434,72.0,417.0,0.0
15435,40.0,389.0,0.0
15436,197.0,141.0,0.0
15437,80.0,16.0,0.0
15438,136.0,468.0,0.0
15439,95.0,530.0,0.0
15440,133.0,386.0,0.0
15441,171.0,56.0,0.0
15442,121.0,485.0,0.0
15443,166.0,247.0,0.0
15444,66.0,321.0,0.0
15445,143.0,416.0,0.0
15446,267.0,230.0,0.0
15447,121.0,203.0,0.0
15448,49.0,569.0,0.0
15449,190.0,516.0,0.0
15450,238.0,389.0,0.0
15451,242.0,405.0,0.0
15452,121.0,47.0,0.0
15453,3.0,494.0,0.0
15454,260.0,583.0,0.0
15455,151.0,542.0,0.0
15456,61.0,30.0,0.0
15457,34.0,497.0,0.0
15458,97.0,139.0,0.0
15459,181.0,226.0,0.0
15460,30.0,402.0,0.0
15461,117.0,121.0,0.0
15462,210.0,468.0,0.0
15463,205.0,87.0,0.0
15464,60.0,564.0,0.0
15465,8.0,138.0,0.0
15466,215.0,131.0,0.0
15467,108.0,361.0,0.0
15468,116.0,408.0,0.0
15469,99.0,248.0,0.0
15470,142.0,474.0,0.0
15471,225.0,318.0,0.0
15472,267.0,115.0,0.0
15473,42.0,275.0,0.0
15474,250.0,281.0,0.0
15475,146.0,64.0,0.0
15476,27.0,154.0,0.0
15477,164.0,278.0,0.0
15478,146.0,375.0,0.0
15479,147.0,479.0,0.0
15480,101.0,364.0,0.0
15481,54.0,290.0,0.0
15482,191.0,353.0,0.0
15483,159.0,233.0,0.0
15484,52.0,451.0,0.0
15485,153.0,269.0,0.0
15486,202.0,127.0,0.0
15487,158.0,439.0,0.0
15488,247.0,145.0,0.0
15489,95.0,452.0,0.0
15490,196.0,391.0,0.0
15491,21.0,181.0,0.0
15492,237.0,80.0,0.0
15493,238.0,144.0,0.0
15494,29.0,337.0,0.0
15495,18.0,417.0,0.0
15496,202.0,536.0,0.0
15497,68.0,318.0,0.0
15498,127.0,306.0,0.0
15499,115.0,587.0,0.0
15500,135.0,448.0,0.0
15501,125.0,83.0,0.0
15502,162.0,301.0,0.0
15503,150.0,597.0,0.0
15504,263.0,14.0,0.0
15505,142.0,81.0,0.0
15506,3.0,245.0,0.0
15507,264.0,114.0,0.0
15508,73.0,591.0,0.0
15509,66.0,378.0,0.0
15510,37.0,412.0,0.0
15511,207.0,143.0,0.0
15512,192.0,262.0,0.0
15513,54.0,420.0,0.0
15514,192.0,589.0,0.0
15515,202.0,203.0,0.0
15516,22.0,408.0,0.0
15517,148.0,593.0,0.0
15518,19.0,191.0,0.0
15519,7.0,29.0,0.0
15520,47.0,229.0,0.0
15521,239.0,216.0,0.0
15522,161.0,369.0,0.0
15523,175.0,414.0,0.0
15524,186.0,331.0,0.0
15525,156.0,244.0,0.0
15526,167.0,389.0,0.0
15527,110.0,528.0,0.0
15528,246.0,494.0,0.0
15529,250.0,495.0,0.0
15530,160.0,303.0,0.0
15531,105.0,222.0,0.0
15532,30.0,200.0,0.0
15533,263.0,476.0,0.0
15534,84.0,137.0,0.0
15535,5.0,587.0,0.0
15536,236.0,226.0,0.0
15537,76.0,261.0,0.0
15538,101.0,234.0,0.0
15539,113.0,397.0,0.0
15540,9.0,292.0,0.0
15541,77.0,530.0,0.0
15542,72.0,360.0,0.0
15543,64.0,370.0,0.0
15544,83.0,314.0,0.0
15545,14.0,412.0,0.0
15546,32.0,176.0,0.0
15547,55.0,98.0,0.0
15548,233.0,551.0,0.0
15549,224.0,482.0,0.0
15550,40.0,330.0,0.0
15551,209.0,450.0,0.0
15552,184.0,271.0,0.0
15553,239.0,290.0,0.0
15554,218.0,110.0,0.0
15555,94.0,301.0,0.0
15556,22.0,536.0,0.0
15557,134.0,468.0,0.0
15558,205.0,473.0,0.0
15559,4.0,229.0,0.0
15560,114.0,325.0,0.0
15561,202.0,568.0,0.0
15562,78.0,288.0,0.0
15563,137.0,211.0,0.0
15564,95.0,40.0,0.0
15565,247.0,429.0,0.0
15566,245.0,338.0,0.0
15567,19.0,241.0,0.0
15568,76.0,398.0,0.0
15569,92.0,87.0,0.0
15570,155.0,237.0,0.0
15571,241.0,306.0,0.0
15572,154.0,484.0,0.0
15573,109.0,147.0,0.0
15574,140.0,511.0,0.0
15575,114.0,218.0,0.0
15576,25.0,496.0,0.0
15577,267.0,136.0,0.0
15578,6.0,168.0,0.0
15579,69.0,131.0,0.0
15580,215.0,30.0,0.0
15581,108.0,560.0,0.0
15582,54.0,260.0,0.0
15583,54.0,421.0,0.0
15584,103.0,348.0,0.0
15585,106.0,219.0,0.0
15586,212.0,316.0,0.0
15587,205.0,477.0,0.0
15588,248.0,520.0,0.0
15589,113.0,140.0,0.0
15590,118.0,1.0,0.0
15591,171.0,427.0,0.0
15592,4.0,509.0,0.0
15593,127.0,449.0,0.0
15594,92.0,597.0,0.0
15595,159.0,488.0,0.0
15596,82.0,594.0,0.0
15597,227.0,121.0,0.0
15598,23.0,144.0,0.0
15599,147.0,369.0,0.0
15600,60.0,327.0,0.0
15601,268.0,221.0,0.0
15602,251.0,256.0,0.0
15603,247.0,361.0,0.0
15604,235.0,586.0,0.0
15605,14.0,448.0,0.0
15606,91.0,354.0,0.0
15607,95.0,573.0,0.0
15608,215.0,54.0,0.0
15609,143.0,141.0,0.0
15610,172.0,232.0,0.0
15611,227.0,365.0,0.0
15612,23.0,533.0,0.0
15613,182.0,109.0,0.0
15614,33.0,319.0,0.0
15615,31.0,584.0,0.0
15616,207.0,76.0,0.0
15617,44.0,177.0,0.0
15618,267.0,238.0,0.0
15619,167.0,342.0,0.0
15620,32.0,395.0,0.0
15621,39.0,385.0,0.0
15622,58.0,529.0,0.0
15623,39.0,468.0,0.0
15624,75.0,347.0,0.0
15625,130.0,145.0,0.0
15626,7.0,404.0,0.0
15627,87.0,297.0,0.0
15628,244.0,103.0,0.0
15629,115.0,184.0,0.0
15630,28.0,137.0,0.0
15631,230.0,597.0,0.0
15632,27.0,487.0,0.0
15633,179.0,449.0,0.0
15634,220.0,376.0,0.0
15635,46.0,100.0,0.0
15636,134.0,166.0,0.0
15637,36.0,477.0,0.0
15638,52.0,164.0,0.0
15639,109.0,524.0,0.0
15640,143.0,172.0,0.0
15641,24.0,87.0,0.0
15642,180.0,244.0,0.0
15643,47.0,226.0,0.0
15644,184.0,125.0,0.0
15645,59.0,405.0,0.0
15646,210.0,431.0,0.0
15647,71.0,96.0,0.0
15648,213.0,284.0,0.0
15649,199.0,345.0,0.0
15650,143.0,19.0,0.0
15651,27.0,110.0,0.0
15652,212.0,483.0,0.0
15653,137.0,173.0,0.0
15654,52.0,2.0,0.0
15655,102.0,267.0,0.0
15656,158.0,586.0,0.0
15657,9.0,140.0,0.0
15658,161.0,308.0,0.0
15659,143.0,21.0,0.0
15660,33.0,146.0,0.0
15661,195.0,97.0,0.0
15662,136.0,72.0,0.0
15663,56.0,269.0,0.0
15664,252.0,541.0,0.0
15665,133.0,179.0,0.0
15666,81.0,486.0,0.0
15667,18.0,425.0,0.0
15668,239.0,577.0,0.0
15669,214.0,222.0,0.0
15670,86.0,236.0,0.0
15671,140.0,117.0,0.0
15672,182.0,255.0,0.0
15673,74.0,370.0,0.0
15674,161.0,213.0,0.0
15675,193.0,412.0,0.0
15676,207.0,501.0,0.0
15677,177.0,558.0,0.0
15678,74.0,549.0,0.0
15679,125.0,168.0,0.0
15680,53.0,541.0,0.0
15681,180.0,181.0,0.0
15682,104.0,520.0,0.0
15683,37.0,36.0,0.0
15684,157.0,242.0,0.0
15685,164.0,38.0,0.0
15686,248.0,487.0,0.0
15687,221.0,15.0,0.0
15688,199.0,352.0,0.0
15689,21.0,519.0,0.0
15690,241.0,586.0,0.0
15691,245.0,286.0,0.0
15692,267.0,7.0,0.0
15693,184.0,408.0,0.0
15694,178.0,217.0,0.0
15695,35.0,319.0,0.0
15696,204.0,20.0,0.0
15697,75.0,136.0,0.0
15698,88.0,134.0,0.0
15699,106.0,344.0,0.0
15700,158.0,137.0,0.0
15701,56.0,450.0,0.0
15702,112.0,180.0,0.0
15703,70.0,402.0,0.0
15704,157.0,203.0,0.0
15705,75.0,383.0,0.0
15706,34.0,576.0,0.0
15707,25.0,284.0,0.0
15708,61.0,380.0,0.0
15709,170.0,340.0,0.0
15710,21.0,562.0,0.0
15711,182.0,272.0,0.0
15712,151.0,5.0,0.0
15713,141.0,591.0,0.0
15714,176.0,132.0,0.0
15715,29.0,327.0,0.0
15716,251.0,295.0,0.0
15717,3.0,196.0,0.0
15718,113.0,514.0,0.0
15719,66.0,512.0,0.0
15720,87.0,164.0,0.0
15721,50.0,552.0,0.0
15722,96.0,116.0,0.0
15723,73.0,595.0,0.0
15724,41.0,507.0,0.0
15725,15.0,428.0,0.0
15726,237.0,376.0,0.0
15727,184.0,520.0,0.0
15728,254.0,546.0,0.0
15729,31.0,273.0,0.0
15730,180.0,86.0,0.0
15731,178.0,413.0,0.0
15732,243.0,317.0,0.0
15733,159.0,255.0,0.0
15734,190.0,6.0,0.0
15735,34.0,569.0,0.0
15736,50.0,330.0,0.0
15737,176.0,450.0,0.0
15738,20.0,366.0,0.0
15739,142.0,546.0,0.0
15740,71.0,435.0,0.0
15741,15.0,245.0,0.0
15742,220.0,30.0,0.0
15743,212.0,76.0,0.0
15744,232.0,524.0,0.0
15745,168.0,343.0,0.0
15746,6.0,294.0,0.0
15747,59.0,363.0,0.0
15748,219.0,24.0,0.0
15749,125.0,179.0,0.0
15750,194.0,351.0,0.0
15751,57.0,254.0,0.0
15752,168.0,596.0,0.0
15753,137.0,547.0,0.0
15754,248.0,313.0,0.0
15755,43.0,587.0,0.0
15756,83.0,206.0,0.0
15757,66.0,557.0,0.0
15758,129.0,178.0,0.0
15759,73.0,530.0,0.0
15760,154.0,108.0,0.0
15761,67.0,190.0,0.0
15762,100.0,252.0,0.0
15763,167.0,543.0,0.0
15764,13.0,518.0,0.0
15765,135.0,141.0,0.0
15766,263.0,119.0,0.0
15767,188.0,366.0,0.0
15768,199.0,264.0,0.0
15769,237.0,344.0,0.0
15770,50.0,77.0,0.0
15771,73.0,219.0,0.0
15772,92.0,169.0,0.0
15773,251.0,520.0,0.0
15774,24.0,325.0,0.0
15775,60.0,317.0,0.0
15776,87.0,589.0,0.0
15777,17.0,27.0,0.0
15778,48.0,214.0,0.0
15779,34.0,294.0,0.0
15780,6.0,145.0,0.0
15781,122.0,459.0,0.0
15782,206.0,139.0,0.0
15783,134.0,386.0,0.0
15784,194.0,69.0,0.0
15785,70.0,545.0,0.0
15786,120.0,242.0,0.0
15787,65.0,507.0,0.0
15788,55.0,537.0,0.0
15789,129.0,225.0,0.0
15790,165.0,2.0,0.0
15791,126.0,84.0,0.0
15792,96.0,429.0,0.0
15793,18.0,344.0,0.0
15794,140.0,448.0,0.0
15795,43.0,261.0,0.0
15796,221.0,529.0,0.0
15797,27.0,36.0,0.0
15798,73.0,92.0,0.0
15799,116.0,12.0,0.0
15800,174.0,504.0,0.0
15801,244.0,479.0,0.0
15802,73.0,529.0,0.0
15803,91.0,414.0,0.0
15804,260.0,249.0,0.0
15805,193.0,6.0,0.0
15806,36.0,546.0,0.0
15807,22.0,521.0,0.0
15808,1.0,404.0,0.0
15809,179.0,595.0,0.0
15810,158.0,503.0,0.0
15811,50.0,153.0,0.0
15812,232.0,113.0,0.0
15813,18.0,271.0,0.0
15814,163.0,72.0,0.0
15815,161.0,283.0,0.0
15816,245.0,475.0,0.0
15817,37.0,186.0,0.0
15818,116.0,170.0,0.0
15819,244.0,464.0,0.0
15820,84.0,399.0,0.0
15821,122.0,387.0,0.0
15822,53.0,104.0,0.0
15823,40.0,471.0,0.0
15824,84.0,441.0,0.0
15825,231.0,220.0,0.0
15826,81.0,323.0,0.0
15827,36.0,201.0,0.0
15828,35.0,367.0,0.0
15829,43.0,580.0,0.0
15830,167.0,505.0,0.0
15831,180.0,504.0,0.0
15832,264.0,133.0,0.0
15833,1.0,584.0,0.0
15834,78.0,343.0,0.0
15835,210.0,164.0,0.0
15836,213.0,72.0,0.0
15837,199.0,524.0,0.0
15838,6.0,596.0,0.0
15839,96.0,433.0,0.0
15840,128.0,521.0,0.0
15841,201.0,490.0,0.0
15842,209.0,352.0,0.0
15843,95.0,29.0,0.0
15844,173.0,271.0,0.0
15845,95.0,328.0,0.0
15846,169.0,208.0,0.0
15847,100.0,95.0,0.0
15848,66.0,245.0,0.0
15849,203.0,188.0,0.0
15850,181.0,270.0,0.0
15851,100.0,470.0,0.0
15852,246.0,530.0,0.0
15853,115.0,482.0,0.0
15854,253.0,139.0,0.0
15855,177.0,176.0,0.0
15856,253.0,100.0,0.0
15857,52.0,215.0,0.0
15858,169.0,60.0,0.0
15859,106.0,106.0,0.0
15860,66.0,312.0,0.0
15861,97.0,476.0,0.0
15862,194.0,244.0,0.0
15863,22.0,120.0,0.0
15864,99.0,441.0,0.0
15865,199.0,171.0,0.0
15866,163.0,241.0,0.0
15867,10.0,480.0,0.0
15868,126.0,477.0,0.0
15869,236.0,29.0,0.0
15870,86.0,128.0,0.0
15871,153.0,177.0,0.0
15872,30.0,249.0,0.0
15873,56.0,35.0,0.0
15874,225.0,288.0,0.0
15875,131.0,345.0,0.0
15876,171.0,558.0,0.0
15877,246.0,593.0,0.0
15878,215.0,17.0,0.0
15879,167.0,132.0,0.0
15880,27.0,25.0,0.0
15881,137.0,445.0,0.0
15882,140.0,383.0,0.0
15883,199.0,151.0,0.0
15884,135.0,596.0,0.0
15885,66.0,463.0,0.0
15886,100.0,568.0,0.0
15887,240.0,222.0,0.0
15888,157.0,204.0,0.0
15889,245.0,424.0,0.0
15890,198.0,587.0,0.0
15891,186.0,593.0,0.0
15892,42.0,534.0,0.0
15893,265.0,564.0,0.0
15894,15.0,361.0,0.0
15895,198.0,94.0,0.0
15896,85.0,433.0,0.0
15897,109.0,137.0,0.0
15898,214.0,129.0,0.0
15899,0.0,184.0,0.0
15900,137.0,335.0,0.0
15901,119.0,47.0,0.0
15902,129.0,565.0,0.0
15903,51.0,274.0,0.0
15904,88.0,287.0,0.0
15905,238.0,242.0,0.0
15906,7.0,6.0,0.0
15907,57.0,322.0,0.0
15908,15.0,498.0,0.0
15909,112.0,205.0,0.0
15910,70.0,493.0,0.0
15911,217.0,236.0,0.0
15912,263.0,393.0,0.0
15913,48.0,445.0,0.0
15914,217.0,173.0,0.0
15915,129.0,24.0,0.0
15916,203.0,75.0,0.0
15917,112.0,33.0,0.0
15918,134.0,127.0,0.0
15919,7.0,238.0,0.0
15920,120.0,348.0,0.0
15921,55.0,279.0,0.0
15922,184.0,236.0,0.0
15923,177.0,593.0,0.0
15924,230.0,174.0,0.0
15925,232.0,187.0,0.0
15926,78.0,196.0,0.0
15927,68.0,12.0,0.0
15928,174.0,199.0,0.0
15929,25.0,364.0,0.0
15930,90.0,513.0,0.0
15931,121.0,233.0,0.0
15932,268.0,336.0,0.0
15933,226.0,61.0,0.0
15934,233.0,214.0,0.0
15935,96.0,107.0,0.0
15936,135.0,597.0,0.0
15937,231.0,42.0,0.0
15938,49.0,276.0,0.0
15939,180.0,263.0,0.0
15940,229.0,430.0,0.0
15941,192.0,83.0,0.0
15942,259.0,123.0,0.0
15943,77.0,335.0,0.0
15944,260.0,118.0,0.0
15945,103.0,585.0,0.0
15946,259.0,373.0,0.0
15947,221.0,516.0,0.0
15948,217.0,406.0,0.0
15949,78.0,239.0,0.0
15950,131.0,518.0,0.0
15951,254.0,200.0,0.0
15952,201.0,555.0,0.0
15953,240.0,478.0,0.0
15954,77.0,563.0,0.0
15955,233.0,313.0,0.0
15956,100.0,516.0,0.0
15957,22.0,333.0,0.0
15958,38.0,572.0,0.0
15959,147.0,577.0,0.0
15960,85.0,303.0,0.0
15961,162.0,85.0,0.0
15962,122.0,71.0,0.0
15963,222.0,362.0,0.0
15964,119.0,522.0,0.0
15965,110.0,510.0,0.0
15966,255.0,79.0,0.0
15967,11.0,535.0,0.0
15968,122.0,336.0,0.0
15969,15.0,471.0,0.0
15970,34.0,289.0,0.0
15971,69.0,250.0,0.0
15972,216.0,555.0,0.0
15973,263.0,322.0,0.0
15974,249.0,149.0,0.0
15975,40.0,513.0,0.0
15976,163.0,313.0,0.0
15977,83.0,338.0,0.0
15978,256.0,197.0,0.0
15979,111.0,113.0,0.0
15980,145.0,98.0,0.0
15981,140.0,180.0,0.0
15982,174.0,60.0,0.0
15983,154.0,441.0,0.0
15984,228.0,357.0,0.0
15985,116.0,299.0,0.0
15986,12.0,289.0,0.0
15987,47.0,36.0,0.0
15988,217.0,370.0,0.0
15989,209.0,242.0,0.0
15990,33.0,516.0,0.0
15991,236.0,4.0,0.0
15992,257.0,544.0,0.0
15993,216.0,475.0,0.0
15994,232.0,185.0,0.0
15995,245.0,6.0,0.0
15996,141.0,392.0,0.0
15997,118.0,269.0,0.0
15998,129.0,164.0,0.0
15999,100.0,576.0,0.0
16000,137.0,328.0,0.0
16001,188.0,343.0,0.0
16002,37.0,530.0,0.0
16003,186.0,516.0,0.0
16004,52.0,51.0,0.0
16005,97.0,545.0,0.0
16006,263.0,580.0,0.0
16007,62.0,363.0,0.0
16008,109.0,161.0,0.0
16009,52.0,321.0,0.0
16010,209.0,197.0,0.0
16011,164.0,455.0,0.0
16012,248.0,534.0,0.0
16013,17.0,9.0,0.0
16014,127.0,87.0,0.0
16015,165.0,422.0,0.0
16016,33.0,395.0,0.0
16017,198.0,18.0,0.0
16018,117.0,412.0,0.0
16019,149.0,276.0,0.0
16020,191.0,164.0,0.0
16021,177.0,401.0,0.0
16022,9.0,401.0,0.0
16023,180.0,106.0,0.0
16024,200.0,423.0,0.0
16025,78.0,564.0,0.0
16026,171.0,137.0,0.0
16027,32.0,239.0,0.0
16028,7.0,68.0,0.0
16029,52.0,444.0,0.0
16030,260.0,495.0,0.0
16031,22.0,496.0,0.0
16032,217.0,349.0,0.0
16033,186.0,7.0,0.0
16034,140.0,183.0,0.0
16035,6.0,338.0,0.0
16036,92.0,142.0,0.0
16037,215.0,108.0,0.0
16038,36.0,593.0,0.0
16039,249.0,531.0,0.0
16040,144.0,456.0,0.0
16041,228.0,436.0,0.0
16042,10.0,479.0,0.0
16043,102.0,123.0,0.0
16044,153.0,507.0,0.0
16045,86.0,404.0,0.0
16046,108.0,384.0,0.0
16047,11.0,411.0,0.0
16048,231.0,400.0,0.0
16049,105.0,48.0,0.0
16050,8.0,314.0,0.0
16051,142.0,357.0,0.0
16052,250.0,472.0,0.0
16053,7.0,114.0,0.0
16054,137.0,518.0,0.0
16055,107.0,467.0,0.0
16056,190.0,452.0,0.0
16057,23.0,303.0,0.0
16058,80.0,100.0,0.0
16059,69.0,223.0,0.0
16060,26.0,157.0,0.0
16061,209.0,31.0,0.0
16062,93.0,57.0,0.0
16063,254.0,160.0,0.0
16064,198.0,297.0,0.0
16065,12.0,80.0,0.0
16066,249.0,392.0,0.0
16067,214.0,395.0,0.0
16068,165.0,314.0,0.0
16069,50.0,262.0,0.0
16070,61.0,137.0,0.0
16071,111.0,425.0,0.0
16072,26.0,325.0,0.0
16073,87.0,301.0,0.0
16074,170.0,148.0,0.0
16075,149.0,191.0,0.0
16076,112.0,477.0,0.0
16077,38.0,456.0,0.0
16078,180.0,22.0,0.0
16079,213.0,360.0,0.0
16080,223.0,548.0,0.0
16081,3.0,388.0,0.0
16082,259.0,445.0,0.0
16083,140.0,509.0,0.0
16084,265.0,417.0,0.0
16085,249.0,306.0,0.0
16086,14.0,68.0,0.0
16087,185.0,408.0,0.0
16088,65.0,172.0,0.0
16089,112.0,272.0,0.0
16090,133.0,447.0,0.0
16091,138.0,341.0,0.0
16092,171.0,290.0,0.0
16093,67.0,251.0,0.0
16094,177.0,48.0,0.0
16095,80.0,150.0,0.0
16096,254.0,509.0,0.0
16097,210.0,360.0,0.0
16098,58.0,567.0,0.0
16099,213.0,423.0,0.0
16100,225.0,23.0,0.0
16101,18.0,218.0,0.0
16102,192.0,305.0,0.0
16103,93.0,512.0,0.0
16104,139.0,101.0,0.0
16105,192.0,202.0,0.0
16106,141.0,4.0,0.0
16107,160.0,580.0,0.0
16108,49.0,64.0,0.0
16109,149.0,84.0,0.0
16110,218.0,220.0,0.0
16111,90.0,129.0,0.0
16112,43.0,187.0,0.0
16113,107.0,69.0,0.0
16114,164.0,549.0,0.0
16115,4.0,16.0,0.0
16116,260.0,414.0,0.0
16117,263.0,317.0,0.0
16118,76.0,96.0,0.0
16119,250.0,567.0,0.0
16120,231.0,498.0,0.0
16121,177.0,395.0,0.0
16122,77.0,480.0,0.0
16123,33.0,219.0,0.0
16124,204.0,463.0,0.0
16125,233.0,191.0,0.0
16126,129.0,195.0,0.0
16127,53.0,439.0,0.0
16128,140.0,257.0,0.0
16129,209.0,190.0,0.0
16130,256.0,533.0,0.0
16131,5.0,511.0,0.0
16132,107.0,48.0,0.0
16133,28.0,538.0,0.0
16134,16.0,330.0,0.0
16135,126.0,439.0,0.0
16136,61.0,90.0,0.0
16137,197.0,539.0,0.0
16138,121.0,202.0,0.0
16139,7.0,252.0,0.0
16140,135.0,383.0,0.0
16141,183.0,547.0,0.0
16142,30.0,454.0,0.0
16143,145.0,317.0,0.0
16144,52.0,346.0,0.0
16145,146.0,253.0,0.0
16146,126.0,421.0,0.0
16147,197.0,174.0,0.0
16148,165.0,216.0,0.0
16149,58.0,256.0,0.0
16150,155.0,375.0,0.0
16151,48.0,8.0,0.0
16152,84.0,355.0,0.0
16153,137.0,9.0,0.0
16154,102.0,409.0,0.0
16155,183.0,475.0,0.0
16156,34.0,386.0,0.0
16157,55.0,330.0,0.0
16158,215.0,1.0,0.0
16159,170.0,75.0,0.0
16160,96.0,565.0,0.0
16161,33.0,122.0,0.0
16162,135.0,444.0,0.0
16163,99.0,83.0,0.0
16164,134.0,413.0,0.0
16165,197.0,223.0,0.0
16166,1.0,178.0,0.0
16167,267.0,557.0,0.0
16168,113.0,245.0,0.0
16169,144.0,482.0,0.0
16170,258.0,192.0,0.0
16171,257.0,246.0,0.0
16172,127.0,539.0,0.0
16173,133.0,331.0,0.0
16174,255.0,143.0,0.0
16175,168.0,15.0,0.0
16176,124.0,48.0,0.0
16177,255.0,291.0,0.0
16178,212.0,215.0,0.0
16179,207.0,144.0,0.0
16180,89.0,34.0,0.0
16181,211.0,558.0,0.0
16182,50.0,357.0,0.0
16183,74.0,575.0,0.0
16184,195.0,571.0,0.0
16185,138.0,334.0,0.0
16186,47.0,168.0,0.0
16187,121.0,315.0,0.0
16188,79.0,462.0,0.0
16189,80.0,337.0,0.0
16190,27.0,340.0,0.0
16191,171.0,328.0,0.0
16192,47.0,117.0,0.0
16193,89.0,188.0,0.0
16194,65.0,353.0,0.0
16195,160.0,510.0,0.0
16196,129.0,258.0,0.0
16197,254.0,12.0,0.0
16198,153.0,367.0,0.0
16199,130.0,184.0,0.0
16200,188.0,473.0,0.0
16201,244.0,69.0,0.0
16202,211.0,380.0,0.0
16203,40.0,503.0,0.0
16204,194.0,253.0,0.0
16205,191.0,53.0,0.0
16206,108.0,484.0,0.0
16207,158.0,548.0,0.0
16208,51.0,532.0,0.0
16209,1.0,481.0,0.0
16210,210.0,502.0,0.0
16211,136.0,278.0,0.0
16212,209.0,113.0,0.0
16213,263.0,593.0,0.0
16214,139.0,299.0,0.0
16215,198.0,0.0,0.0
16216,131.0,262.0,0.0
16217,201.0,574.0,0.0
16218,210.0,573.0,0.0
16219,180.0,5.0,0.0
16220,159.0,372.0,0.0
16221,98.0,180.0,0.0
16222,110.0,372.0,0.0
16223,240.0,483.0,0.0
16224,265.0,260.0,0.0
16225,118.0,349.0,0.0
16226,35.0,270.0,0.0
16227,40.0,280.0,0.0
16228,85.0,512.0,0.0
16229,207.0,449.0,0.0
16230,18.0,35.0,0.0
16231,167.0,51.0,0.0
16232,23.0,265.0,0.0
16233,96.0,155.0,0.0
16234,182.0,206.0,0.0
16235,52.0,328.0,0.0
16236,219.0,99.0,0.0
16237,92.0,595.0,0.0
16238,245.0,127.0,0.0
16239,36.0,461.0,0.0
16240,60.0,119.0,0.0
16241,144.0,329.0,0.0
16242,229.0,162.0,0.0
16243,131.0,298.0,0.0
16244,217.0,268.0,0.0
16245,43.0,530.0,0.0
16246,173.0,44.0,0.0
16247,225.0,125.0,0.0
16248,57.0,243.0,0.0
16249,210.0,21.0,0.0
16250,122.0,473.0,0.0
16251,16.0,585.0,0.0
16252,93.0,480.0,0.0
16253,66.0,469.0,0.0
16254,36.0,69.0,0.0
16255,157.0,332.0,0.0
16256,15.0,337.0,0.0
16257,135.0,121.0,0.0
16258,132.0,536.0,0.0
16259,152.0,392.0,0.0
16260,223.0,92.0,0.0
16261,195.0,376.0,0.0
16262,39.0,126.0,0.0
16263,196.0,582.0,0.0
16264,253.0,353.0,0.0
16265,266.0,316.0,0.0
16266,64.0,573.0,0.0
16267,39.0,250.0,0.0
16268,156.0,195.0,0.0
16269,114.0,383.0,0.0
16270,179.0,285.0,0.0
16271,220.0,31.0,0.0
16272,225.0,295.0,0.0
16273,76.0,328.0,0.0
16274,91.0,482.0,0.0
16275,228.0,569.0,0.0
16276,168.0,114.0,0.0
16277,235.0,468.0,0.0
16278,79.0,64.0,0.0
16279,25.0,110.0,0.0
16280,202.0,75.0,0.0
16281,2.0,286.0,0.0
16282,142.0,206.0,0.0
16283,110.0,274.0,0.0
16284,201.0,174.0,0.0
16285,183.0,375.0,0.0
16286,29.0,512.0,0.0
16287,102.0,413.0,0.0
16288,175.0,211.0,0.0
16289,78.0,43.0,0.0
16290,71.0,263.0,0.0
16291,39.0,297.0,0.0
16292,168.0,11.0,0.0
16293,206.0,347.0,0.0
16294,36.0,162.0,0.0
16295,54.0,240.0,0.0
16296,263.0,178.0,0.0
16297,184.0,305.0,0.0
16298,237.0,234.0,0.0
16299,220.0,214.0,0.0
16300,110.0,329.0,0.0
16301,164.0,550.0,0.0
16302,25.0,422.0,0.0
16303,171.0,563.0,0.0
16304,140.0,449.0,0.0
16305,5.0,449.0,0.0
16306,57.0,490.0,0.0
16307,240.0,352.0,0.0
16308,59.0,9.0,0.0
16309,160.0,63.0,0.0
16310,17.0,511.0,0.0
16311,72.0,312.0,0.0
16312,246.0,304.0,0.0
16313,80.0,326.0,0.0
16314,225.0,531.0,0.0
16315,75.0,116.0,0.0
16316,156.0,385.0,0.0
16317,85.0,357.0,0.0
16318,61.0,511.0,0.0
16319,98.0,214.0,0.0
16320,26.0,309.0,0.0
16321,192.0,37.0,0.0
16322,106.0,431.0,0.0
16323,126.0,234.0,0.0
16324,207.0,277.0,0.0
16325,20.0,581.0,0.0
16326,46.0,115.0,0.0
16327,212.0,71.0,0.0
16328,45.0,194.0,0.0
16329,63.0,326.0,0.0
16330,267.0,460.0,0.0
16331,141.0,560.0,0.0
16332,59.0,316.0,0.0
16333,10.0,461.0,0.0
16334,60.0,441.0,0.0
16335,58.0,372.0,0.0
16336,17.0,51.0,0.0
16337,23.0,50.0,0.0
16338,97.0,343.0,0.0
16339,30.0,460.0,0.0
16340,80.0,203.0,0.0
16341,93.0,292.0,0.0
16342,222.0,388.0,0.0
16343,182.0,558.0,0.0
16344,74.0,198.0,0.0
16345,134.0,305.0,0.0
16346,267.0,528.0,0.0
16347,93.0,454.0,0.0
16348,144.0,36.0,0.0
16349,154.0,451.0,0.0
16350,174.0,30.0,0.0
16351,44.0,19.0,0.0
16352,2.0,156.0,0.0
16353,123.0,268.0,0.0
16354,167.0,1.0,0.0
16355,21.0,430.0,0.0
16356,118.0,42.0,0.0
16357,267.0,84.0,0.0
16358,77.0,189.0,0.0
16359,242.0,473.0,0.0
16360,80.0,227.0,0.0
16361,15.0,501.0,0.0
16362,139.0,98.0,0.0
16363,33.0,46.0,0.0
16364,266.0,213.0,0.0
16365,7.0,531.0,0.0
16366,21.0,175.0,0.0
16367,89.0,262.0,0.0
16368,7.0,425.0,0.0
16369,39.0,196.0,0.0
16370,34.0,540.0,0.0
16371,181.0,417.0,0.0
16372,169.0,135.0,0.0
16373,90.0,580.0,0.0
16374,95.0,304.0,0.0
16375,28.0,62.0,0.0
16376,173.0,123.0,0.0
16377,124.0,202.0,0.0
16378,260.0,130.0,0.0
16379,19.0,363.0,0.0
16380,173.0,34.0,0.0
16381,44.0,190.0,0.0
16382,136.0,331.0,0.0
16383,108.0,30.0,0.0
16384,200.0,466.0,0.0
16385,46.0,457.0,0.0
16386,62.0,322.0,0.0
16387,265.0,440.0,0.0
16388,21.0,109.0,0.0
16389,164.0,478.0,0.0
16390,267.0,219.0,0.0
16391,71.0,590.0,0.0
16392,49.0,438.0,0.0
16393,19.0,428.0,0.0
16394,153.0,481.0,0.0
16395,151.0,266.0,0.0
16396,129.0,541.0,0.0
16397,117.0,377.0,0.0
16398,56.0,493.0,0.0
16399,41.0,311.0,0.0
16400,50.0,215.0,0.0
16401,18.0,510.0,0.0
16402,167.0,414.0,0.0
16403,130.0,511.0,0.0
16404,14.0,474.0,0.0
16405,57.0,232.0,0.0
16406,256.0,102.0,0.0
16407,228.0,258.0,0.0
16408,55.0,458.0,0.0
16409,121.0,521.0,0.0
16410,87.0,251.0,0.0
16411,203.0,281.0,0.0
16412,108.0,26.0,0.0
16413,25.0,13.0,0.0
16414,156.0,276.0,0.0
16415,171.0,233.0,0.0
16416,72.0,535.0,0.0
16417,80.0,12.0,0.0
16418,176.0,468.0,0.0
16419,110.0,2.0,0.0
16420,27.0,461.0,0.0
16421,218.0,101.0,0.0
16422,71.0,365.0,0.0
16423,238.0,48.0,0.0
16424,108.0,45.0,0.0
16425,81.0,32.0,0.0
16426,224.0,267.0,0.0
16427,258.0,586.0,0.0
16428,31.0,337.0,0.0
16429,107.0,154.0,0.0
16430,144.0,242.0,0.0
16431,141.0,486.0,0.0
16432,168.0,222.0,0.0
16433,201.0,31.0,0.0
16434,137.0,392.0,0.0
16435,171.0,393.0,0.0
16436,261.0,309.0,0.0
16437,85.0,568.0,0.0
16438,12.0,451.0,0.0
16439,250.0,445.0,0.0
16440,165.0,566.0,0.0
16441,200.0,271.0,0.0
16442,178.0,243.0,0.0
16443,256.0,250.0,0.0
16444,233.0,24.0,0.0
16445,202.0,356.0,0.0
16446,45.0,203.0,0.0
16447,138.0,222.0,0.0
16448,75.0,254.0,0.0
16449,181.0,141.0,0.0
16450,180.0,376.0,0.0
16451,14.0,209.0,0.0
16452,81.0,164.0,0.0
16453,219.0,549.0,0.0
16454,157.0,446.0,0.0
16455,13.0,28.0,0.0
16456,228.0,587.0,0.0
16457,56.0,112.0,0.0
16458,108.0,564.0,0.0
16459,1.0,302.0,0.0
16460,75.0,541.0,0.0
16461,136.0,435.0,0.0
16462,123.0,158.0,0.0
16463,44.0,184.0,0.0
16464,268.0,11.0,0.0
16465,100.0,247.0,0.0
16466,187.0,292.0,0.0
16467,78.0,330.0,0.0
16468,117.0,574.0,0.0
16469,192.0,537.0,0.0
16470,267.0,344.0,0.0
16471,244.0,578.0,0.0
16472,24.0,491.0,0.0
16473,201.0,461.0,0.0
16474,232.0,271.0,0.0
16475,22.0,117.0,0.0
16476,117.0,347.0,0.0
16477,202.0,194.0,0.0
16478,219.0,276.0,0.0
16479,154.0,390.0,0.0
16480,27.0,210.0,0.0
16481,101.0,395.0,0.0
16482,78.0,341.0,0.0
16483,214.0,209.0,0.0
16484,229.0,581.0,0.0
16485,69.0,292.0,0.0
16486,229.0,446.0,0.0
16487,186.0,115.0,0.0
16488,90.0,315.0,0.0
16489,120.0,341.0,0.0
16490,187.0,135.0,0.0
16491,234.0,555.0,0.0
16492,164.0,295.0,0.0
16493,91.0,367.0,0.0
16494,265.0,469.0,0.0
16495,62.0,334.0,0.0
16496,125.0,553.0,0.0
16497,8.0,448.0,0.0
16498,165.0,41.0,0.0
16499,254.0,18.0,0.0
16500,18.0,376.0,0.0
16501,134.0,173.0,0.0
16502,14.0,172.0,0.0
16503,105.0,75.0,0.0
16504,30.0,337.0,0.0
16505,56.0,594.0,0.0
16506,84.0,375.0,0.0
16507,156.0,551.0,0.0
16508,65.0,452.0,0.0
16509,196.0,213.0,0.0
16510,7.0,220.0,0.0
16511,123.0,474.0,0.0
16512,155.0,157.0,0.0
16513,195.0,87.0,0.0
16514,235.0,147.0,0.0
16515,227.0,336.0,0.0
16516,101.0,559.0,0.0
16517,30.0,143.0,0.0
16518,207.0,405.0,0.0
16519,230.0,545.0,0.0
16520,267.0,41.0,0.0
16521,80.0,255.0,0.0
16522,154.0,174.0,0.0
16523,192.0,252.0,0.0
16524,66.0,225.0,0.0
16525,128.0,551.0,0.0
16526,103.0,450.0,0.0
16527,79.0,578.0,0.0
16528,210.0,302.0,0.0
16529,265.0,92.0,0.0
16530,55.0,139.0,0.0
16531,1.0,572.0,0.0
16532,92.0,144.0,0.0
16533,7.0,211.0,0.0
16534,73.0,394.0,0.0
16535,227.0,556.0,0.0
16536,263.0,0.0,0.0
16537,13.0,381.0,0.0
16538,217.0,323.0,0.0
16539,144.0,25.0,0.0
16540,38.0,66.0,0.0
16541,173.0,261.0,0.0
16542,43.0,246.0,0.0
16543,83.0,129.0,0.0
16544,182.0,577.0,0.0
16545,12.0,577.0,0.0
16546,38.0,137.0,0.0
16547,39.0,351.0,0.0
16548,11.0,297.0,0.0
16549,84.0,557.0,0.0
16550,22.0,494.0,0.0
16551,215.0,585.0,0.0
16552,1.0,474.0,0.0
16553,60.0,330.0,0.0
16554,28.0,239.0,0.0
16555,182.0,173.0,0.0
16556,265.0,346.0,0.0
16557,73.0,397.0,0.0
16558,104.0,341.0,0.0
16559,174.0,63.0,0.0
16560,68.0,528.0,0.0
16561,101.0,292.0,0.0
16562,136.0,461.0,0.0
16563,196.0,449.0,0.0
16564,224.0,176.0,0.0
16565,150.0,324.0,0.0
16566,106.0,476.0,0.0
16567,227.0,287.0,0.0
16568,220.0,185.0,0.0
16569,258.0,581.0,0.0
16570,98.0,358.0,0.0
16571,249.0,517.0,0.0
16572,59.0,577.0,0.0
16573,243.0,404.0,0.0
16574,229.0,63.0,0.0
16575,111.0,87.0,0.0
16576,24.0,398.0,0.0
16577,37.0,139.0,0.0
16578,103.0,17.0,0.0
16579,189.0,508.0,0.0
16580,265.0,61.0,0.0
16581,117.0,284.0,0.0
16582,98.0,82.0,0.0
16583,263.0,217.0,0.0
16584,108.0,485.0,0.0
16585,234.0,325.0,0.0
16586,119.0,345.0,0.0
16587,18.0,12.0,0.0
16588,147.0,579.0,0.0
16589,37.0,301.0,0.0
16590,235.0,462.0,0.0
16591,157.0,93.0,0.0
16592,63.0,515.0,0.0
16593,62.0,91.0,0.0
16594,12.0,486.0,0.0
16595,174.0,155.0,0.0
16596,241.0,387.0,0.0
16597,263.0,490.0,0.0
16598,73.0,415.0,0.0
16599,199.0,393.0,0.0
16600,187.0,59.0,0.0
16601,220.0,568.0,0.0
16602,78.0,271.0,0.0
16603,143.0,126.0,0.0
16604,241.0,245.0,0.0
16605,216.0,339.0,0.0
16606,14.0,468.0,0.0
16607,94.0,437.0,0.0
16608,66.0,373.0,0.0
16609,223.0,262.0,0.0
16610,111.0,162.0,0.0
16611,177.0,544.0,0.0
16612,52.0,345.0,0.0
16613,241.0,541.0,0.0
16614,46.0,178.0,0.0
16615,43.0,139.0,0.0
16616,219.0,458.0,0.0
16617,224.0,327.0,0.0
16618,35.0,453.0,0.0
16619,131.0,57.0,0.0
16620,17.0,333.0,0.0
16621,231.0,41.0,0.0
16622,145.0,66.0,0.0
16623,218.0,292.0,0.0
16624,196.0,229.0,0.0
16625,4.0,153.0,0.0
16626,173.0,325.0,0.0
16627,102.0,523.0,0.0
16628,62.0,108.0,0.0
16629,160.0,282.0,0.0
16630,212.0,352.0,0.0
16631,17.0,271.0,0.0
16632,152.0,92.0,0.0
16633,47.0,442.0,0.0
16634,244.0,491.0,0.0
16635,144.0,524.0,0.0
16636,268.0,335.0,0.0
16637,111.0,579.0,0.0
16638,121.0,465.0,0.0
16639,128.0,555.0,0.0
16640,228.0,105.0,0.0
16641,119.0,408.0,0.0
16642,204.0,542.0,0.0
16643,138.0,156.0,0.0
16644,53.0,403.0,0.0
16645,75.0,262.0,0.0
16646,93.0,471.0,0.0
16647,247.0,169.0,0.0
16648,179.0,339.0,0.0
16649,177.0,520.0,0.0
16650,112.0,161.0,0.0
16651,39.0,26.0,0.0
16652,111.0,124.0,0.0
16653,102.0,339.0,0.0
16654,173.0,104.0,0.0
16655,188.0,484.0,0.0
16656,162.0,150.0,0.0
16657,193.0,471.0,0.0
16658,202.0,173.0,0.0
16659,248.0,582.0,0.0
16660,163.0,472.0,0.0
16661,211.0,529.0,0.0
16662,188.0,138.0,0.0
16663,27.0,508.0,0.0
16664,264.0,193.0,0.0
16665,75.0,353.0,0.0
16666,259.0,340.0,0.0
16667,130.0,205.0,0.0
16668,144.0,208.0,0.0
16669,90.0,484.0,0.0
16670,116.0,267.0,0.0
16671,243.0,545.0,0.0
16672,212.0,36.0,0.0
16673,28.0,302.0,0.0
16674,124.0,327.0,0.0
16675,54.0,34.0,0.0
16676,94.0,516.0,0.0
16677,200.0,398.0,0.0
16678,268.0,132.0,0.0
16679,111.0,117.0,0.0
16680,152.0,138.0,0.0
16681,191.0,370.0,0.0
16682,198.0,548.0,0.0
16683,13.0,321.0,0.0
16684,225.0,319.0,0.0
16685,233.0,69.0,0.0
16686,73.0,97.0,0.0
16687,201.0,400.0,0.0
16688,177.0,73.0,0.0
16689,110.0,357.0,0.0
16690,28.0,140.0,0.0
16691,205.0,394.0,0.0
16692,110.0,595.0,0.0
16693,168.0,246.0,0.0
16694,113.0,70.0,0.0
16695,127.0,205.0,0.0
16696,260.0,588.0,0.0
16697,21.0,35.0,0.0
16698,49.0,551.0,0.0
16699,73.0,133.0,0.0
16700,216.0,590.0,0.0
16701,31.0,408.0,0.0
16702,228.0,402.0,0.0
16703,235.0,364.0,0.0
16704,216.0,349.0,0.0
16705,260.0,488.0,0.0
16706,59.0,420.0,0.0
16707,40.0,550.0,0.0
16708,242.0,593.0,0.0
16709,61.0,370.0,0.0
16710,72.0,562.0,0.0
16711,88.0,110.0,0.0
16712,63.0,314.0,0.0
16713,40.0,18.0,0.0
16714,189.0,500.0,0.0
16715,71.0,480.0,0.0
16716,248.0,21.0,0.0
16717,59.0,154.0,0.0
16718,218.0,460.0,0.0
16719,265.0,410.0,0.0
16720,84.0,408.0,0.0
16721,79.0,35.0,0.0
16722,179.0,513.0,0.0
16723,33.0,402.0,0.0
16724,94.0,324.0,0.0
16725,65.0,341.0,0.0
16726,108.0,211.0,0.0
16727,48.0,521.0,0.0
16728,93.0,356.0,0.0
16729,110.0,59.0,0.0
16730,6.0,243.0,0.0
16731,168.0,225.0,0.0
16732,100.0,43.0,0.0
16733,180.0,428.0,0.0
16734,195.0,488.0,0.0
16735,96.0,557.0,0.0
16736,266.0,326.0,0.0
16737,26.0,526.0,0.0
16738,258.0,277.0,0.0
16739,98.0,269.0,0.0
16740,252.0,317.0,0.0
16741,184.0,263.0,0.0
16742,14.0,571.0,0.0
16743,221.0,133.0,0.0
16744,160.0,372.0,0.0
16745,51.0,285.0,0.0
16746,131.0,392.0,0.0
16747,260.0,562.0,0.0
16748,160.0,353.0,0.0
16749,184.0,591.0,0.0
16750,60.0,528.0,0.0
16751,264.0,173.0,0.0
16752,37.0,29.0,0.0
16753,121.0,197.0,0.0
16754,174.0,339.0,0.0
16755,218.0,413.0,0.0
16756,233.0,396.0,0.0
16757,3.0,511.0,0.0
16758,206.0,223.0,0.0
16759,69.0,161.0,0.0
16760,0.0,209.0,0.0
16761,166.0,242.0,0.0
16762,77.0,572.0,0.0
16763,19.0,531.0,0.0
16764,118.0,75.0,0.0
16765,235.0,181.0,0.0
16766,210.0,325.0,0.0
16767,80.0,301.0,0.0
16768,246.0,435.0,0.0
16769,244.0,138.0,0.0
16770,39.0,397.0,0.0
16771,151.0,229.0,0.0
16772,64.0,357.0,0.0
16773,219.0,143.0,0.0
16774,140.0,239.0,0.0
16775,33.0,186.0,0.0
16776,230.0,364.0,0.0
16777,194.0,574.0,0.0
16778,105.0,181.0,0.0
16779,135.0,283.0,0.0
16780,51.0,553.0,0.0
16781,266.0,210.0,0.0
16782,176.0,523.0,0.0
16783,37.0,21.0,0.0
16784,130.0,502.0,0.0
16785,142.0,50.0,0.0
16786,121.0,317.0,0.0
16787,55.0,367.0,0.0
16788,28.0,426.0,0.0
16789,232.0,523.0,0.0
16790,184.0,384.0,0.0
16791,117.0,278.0,0.0
16792,18.0,287.0,0.0
16793,255.0,186.0,0.0
16794,148.0,559.0,0.0
16795,240.0,31.0,0.0
16796,209.0,19.0,0.0
16797,32.0,256.0,0.0
16798,207.0,314.0,0.0
16799,208.0,585.0,0.0
16800,8.0,174.0,0.0
16801,181.0,301.0,0.0
16802,46.0,53.0,0.0
16803,196.0,446.0,0.0
16804,212.0,585.0,0.0
16805,206.0,395.0,0.0
16806,216.0,497.0,0.0
16807,19.0,52.0,0.0
16808,184.0,1.0,0.0
16809,95.0,562.0,0.0
16810,61.0,521.0,0.0
16811,39.0,267.0,0.0
16812,67.0,14.0,0.0
16813,123.0,542.0,0.0
16814,240.0,90.0,0.0
16815,253.0,540.0,0.0
16816,221.0,532.0,0.0
16817,157.0,526.0,0.0
16818,246.0,347.0,0.0
16819,106.0,141.0,0.0
16820,114.0,128.0,0.0
16821,258.0,410.0,0.0
16822,202.0,79.0,0.0
16823,40.0,302.0,0.0
16824,219.0,524.0,0.0
16825,197.0,404.0,0.0
16826,116.0,196.0,0.0
16827,164.0,591.0,0.0
16828,6.0,332.0,0.0
16829,137.0,271.0,0.0
16830,230.0,391.0,0.0
16831,144.0,554.0,0.0
16832,97.0,479.0,0.0
16833,72.0,573.0,0.0
16834,31.0,435.0,0.0
16835,64.0,517.0,0.0
16836,138.0,164.0,0.0
16837,163.0,133.0,0.0
16838,141.0,255.0,0.0
16839,196.0,366.0,0.0
16840,182.0,559.0,0.0
16841,181.0,120.0,0.0
16842,265.0,75.0,0.0
16843,62.0,486.0,0.0
16844,72.0,547.0,0.0
16845,69.0,402.0,0.0
16846,23.0,185.0,0.0
16847,102.0,469.0,0.0
16848,261.0,299.0,0.0
16849,165.0,515.0,0.0
16850,246.0,312.0,0.0
16851,192.0,558.0,0.0
16852,146.0,23.0,0.0
16853,169.0,136.0,0.0
16854,248.0,537.0,0.0
16855,103.0,137.0,0.0
16856,53.0,256.0,0.0
16857,12.0,414.0,0.0
16858,59.0,470.0,0.0
16859,28.0,228.0,0.0
16860,56.0,353.0,0.0
16861,41.0,126.0,0.0
16862,107.0,104.0,0.0
16863,78.0,431.0,0.0
16864,249.0,148.0,0.0
16865,263.0,402.0,0.0
16866,144.0,101.0,0.0
16867,133.0,578.0,0.0
16868,107.0,472.0,0.0
16869,215.0,263.0,0.0
16870,92.0,490.0,0.0
16871,247.0,459.0,0.0
16872,10.0,379.0,0.0
16873,91.0,290.0,0.0
16874,227.0,429.0,0.0
16875,182.0,263.0,0.0
16876,227.0,414.0,0.0
16877,173.0,515.0,0.0
16878,157.0,542.0,0.0
16879,195.0,41.0,0.0
16880,226.0,242.0,0.0
16881,234.0,329.0,0.0
16882,93.0,275.0,0.0
16883,107.0,51.0,0.0
16884,242.0,258.0,0.0
16885,166.0,15.0,0.0
16886,190.0,252.0,0.0
16887,113.0,575.0,0.0
16888,36.0,153.0,0.0
16889,58.0,511.0,0.0
16890,263.0,102.0,0.0
16891,124.0,473.0,0.0
16892,120.0,385.0,0.0
16893,91.0,299.0,0.0
16894,139.0,324.0,0.0
16895,80.0,281.0,0.0
16896,84.0,580.0,0.0
16897,189.0,462.0,0.0
16898,83.0,341.0,0.0
16899,252.0,382.0,0.0
16900,113.0,491.0,0.0
16901,179.0,211.0,0.0
16902,8.0,568.0,0.0
16903,116.0,398.0,0.0
16904,51.0,293.0,0.0
16905,216.0,337.0,0.0
16906,75.0,161.0,0.0
16907,239.0,449.0,0.0
16908,182.0,258.0,0.0
16909,121.0,416.0,0.0
16910,137.0,434.0,0.0
16911,90.0,486.0,0.0
16912,245.0,76.0,0.0
16913,12.0,523.0,0.0
16914,55.0,516.0,0.0
16915,172.0,239.0,0.0
16916,153.0,273.0,0.0
16917,70.0,237.0,0.0
16918,218.0,521.0,0.0
16919,71.0,456.0,0.0
16920,202.0,60.0,0.0
16921,19.0,86.0,0.0
16922,26.0,25.0,0.0
16923,157.0,560.0,0.0
16924,42.0,109.0,0.0
16925,168.0,245.0,0.0
16926,96.0,357.0,0.0
16927,219.0,527.0,0.0
16928,22.0,266.0,0.0
16929,266.0,39.0,0.0
16930,172.0,378.0,0.0
16931,4.0,564.0,0.0
16932,238.0,209.0,0.0
16933,232.0,421.0,0.0
16934,252.0,534.0,0.0
16935,111.0,130.0,0.0
16936,254.0,256.0,0.0
16937,68.0,31.0,0.0
16938,131.0,549.0,0.0
16939,167.0,221.0,0.0
16940,267.0,358.0,0.0
16941,76.0,4.0,0.0
16942,144.0,267.0,0.0
16943,34.0,159.0,0.0
16944,20.0,529.0,0.0
16945,230.0,29.0,0.0
16946,243.0,195.0,0.0
16947,265.0,446.0,0.0
16948,240.0,142.0,0.0
16949,244.0,588.0,0.0
16950,5.0,178.0,0.0
16951,174.0,362.0,0.0
16952,124.0,294.0,0.0
16953,209.0,428.0,0.0
16954,177.0,94.0,0.0
16955,72.0,22.0,0.0
16956,256.0,412.0,0.0
16957,200.0,443.0,0.0
16958,219.0,172.0,0.0
16959,4.0,75.0,0.0
16960,50.0,5.0,0.0
16961,56.0,571.0,0.0
16962,77.0,591.0,0.0
16963,190.0,253.0,0.0
16964,114.0,554.0,0.0
16965,122.0,359.0,0.0
16966,72.0,570.0,0.0
16967,164.0,347.0,0.0
16968,151.0,204.0,0.0
16969,167.0,489.0,0.0
16970,153.0,436.0,0.0
16971,172.0,0.0,0.0
16972,171.0,552.0,0.0
16973,145.0,468.0,0.0
16974,266.0,409.0,0.0
16975,81.0,52.0,0.0
16976,35.0,63.0,0.0
16977,67.0,191.0,0.0
16978,70.0,39.0,0.0
16979,156.0,19.0,0.0
16980,203.0,194.0,0.0
16981,93.0,181.0,0.0
16982,137.0,572.0,0.0
16983,94.0,325.0,0.0
16984,110.0,168.0,0.0
16985,144.0,145.0,0.0
16986,179.0,130.0,0.0
16987,122.0,333.0,0.0
16988,251.0,253.0,0.0
16989,260.0,167.0,0.0
16990,31.0,520.0,0.0
16991,14.0,418.0,0.0
16992,250.0,520.0,0.0
16993,72.0,510.0,0.0
16994,180.0,377.0,0.0
16995,38.0,150.0,0.0
16996,244.0,503.0,0.0
16997,31.0,232.0,0.0
16998,167.0,282.0,0.0
16999,111.0,1.0,0.0
17000,95.0,14.0,0.0
17001,19.0,422.0,0.0
17002,253.0,483.0,0.0
17003,4.0,500.0,0.0
17004,26.0,246.0,0.0
17005,127.0,409.0,0.0
17006,139.0,558.0,0.0
17007,91.0,19.0,0.0
17008,174.0,513.0,0.0
17009,166.0,487.0,0.0
17010,150.0,234.0,0.0
17011,79.0,559.0,0.0
17012,139.0,238.0,0.0
17013,205.0,433.0,0.0
17014,92.0,134.0,0.0
17015,139.0,332.0,0.0
17016,81.0,461.0,0.0
17017,170.0,297.0,0.0
17018,258.0,582.0,0.0
17019,46.0,65.0,0.0
17020,195.0,567.0,0.0
17021,161.0,521.0,0.0
17022,183.0,452.0,0.0
17023,244.0,527.0,0.0
17024,137.0,85.0,0.0
17025,69.0,465.0,0.0
17026,73.0,553.0,0.0
17027,117.0,345.0,0.0
17028,215.0,57.0,0.0
17029,18.0,135.0,0.0
17030,245.0,265.0,0.0
17031,217.0,210.0,0.0
17032,75.0,560.0,0.0
17033,212.0,455.0,0.0
17034,203.0,28.0,0.0
17035,53.0,548.0,0.0
17036,122.0,280.0,0.0
17037,246.0,72.0,0.0
17038,163.0,330.0,0.0
17039,85.0,391.0,0.0
17040,51.0,205.0,0.0
17041,268.0,238.0,0.0
17042,66.0,76.0,0.0
17043,258.0,146.0,0.0
17044,47.0,415.0,0.0
17045,16.0,594.0,0.0
17046,83.0,74.0,0.0
17047,69.0,291.0,0.0
17048,177.0,160.0,0.0
17049,216.0,344.0,0.0
17050,245.0,83.0,0.0
17051,187.0,405.0,0.0
17052,227.0,232.0,0.0
17053,170.0,549.0,0.0
17054,61.0,359.0,0.0
17055,44.0,383.0,0.0
17056,267.0,492.0,0.0
17057,173.0,446.0,0.0
17058,20.0,433.0,0.0
17059,112.0,21.0,0.0
17060,115.0,405.0,0.0
17061,132.0,160.0,0.0
17062,219.0,241.0,0.0
17063,16.0,323.0,0.0
17064,90.0,572.0,0.0
17065,159.0,386.0,0.0
17066,93.0,273.0,0.0
17067,253.0,75.0,0.0
17068,153.0,221.0,0.0
17069,63.0,243.0,0.0
17070,203.0,266.0,0.0
17071,109.0,320.0,0.0
17072,244.0,46.0,0.0
17073,27.0,217.0,0.0
17074,253.0,106.0,0.0
17075,203.0,36.0,0.0
17076,11.0,129.0,0.0
17077,43.0,338.0,0.0
17078,21.0,428.0,0.0
17079,77.0,431.0,0.0
17080,113.0,450.0,0.0
17081,105.0,364.0,0.0
17082,112.0,401.0,0.0
17083,153.0,53.0,0.0
17084,267.0,203.0,0.0
17085,50.0,19.0,0.0
17086,201.0,388.0,0.0
17087,64.0,255.0,0.0
17088,129.0,278.0,0.0
17089,234.0,574.0,0.0
17090,28.0,183.0,0.0
17091,258.0,4.0,0.0
17092,79.0,331.0,0.0
17093,107.0,234.0,0.0
17094,70.0,383.0,0.0
17095,185.0,531.0,0.0
17096,35.0,90.0,0.0
17097,157.0,545.0,0.0
17098,265.0,77.0,0.0
17099,156.0,348.0,0.0
17100,34.0,506.0,0.0
17101,153.0,520.0,0.0
17102,194.0,299.0,0.0
17103,45.0,405.0,0.0
17104,224.0,31.0,0.0
17105,239.0,208.0,0.0
17106,99.0,9.0,0.0
17107,131.0,373.0,0.0
17108,127.0,195.0,0.0
17109,151.0,439.0,0.0
17110,36.0,99.0,0.0
17111,42.0,513.0,0.0
17112,13.0,563.0,0.0
17113,208.0,167.0,0.0
17114,96.0,548.0,0.0
17115,156.0,268.0,0.0
17116,237.0,78.0,0.0
17117,88.0,352.0,0.0
17118,247.0,458.0,0.0
17119,110.0,416.0,0.0
17120,117.0,34.0,0.0
17121,128.0,269.0,0.0
17122,42.0,89.0,0.0
17123,215.0,462.0,0.0
17124,207.0,57.0,0.0
17125,181.0,3.0,0.0
17126,146.0,518.0,0.0
17127,124.0,415.0,0.0
17128,214.0,198.0,0.0
17129,259.0,46.0,0.0
17130,70.0,90.0,0.0
17131,247.0,467.0,0.0
17132,249.0,394.0,0.0
17133,260.0,39.0,0.0
17134,253.0,55.0,0.0
17135,6.0,572.0,0.0
17136,18.0,221.0,0.0
17137,220.0,25.0,0.0
17138,87.0,492.0,0.0
17139,53.0,265.0,0.0
17140,117.0,67.0,0.0
17141,8.0,378.0,0.0
17142,50.0,39.0,0.0
17143,113.0,574.0,0.0
17144,87.0,382.0,0.0
17145,197.0,122.0,0.0
17146,107.0,471.0,0.0
17147,54.0,470.0,0.0
17148,114.0,546.0,0.0
17149,33.0,302.0,0.0
17150,170.0,551.0,0.0
17151,161.0,337.0,0.0
17152,82.0,22.0,0.0
17153,196.0,194.0,0.0
17154,218.0,391.0,0.0
17155,18.0,521.0,0.0
17156,188.0,235.0,0.0
17157,85.0,243.0,0.0
17158,219.0,38.0,0.0
17159,192.0,570.0,0.0
17160,208.0,280.0,0.0
17161,126.0,282.0,0.0
17162,188.0,161.0,0.0
17163,3.0,142.0,0.0
17164,140.0,214.0,0.0
17165,175.0,359.0,0.0
17166,168.0,562.0,0.0
17167,118.0,103.0,0.0
17168,111.0,228.0,0.0
17169,93.0,382.0,0.0
17170,10.0,551.0,0.0
17171,136.0,315.0,0.0
17172,96.0,534.0,0.0
17173,151.0,279.0,0.0
17174,235.0,70.0,0.0
17175,191.0,546.0,0.0
17176,5.0,410.0,0.0
17177,12.0,378.0,0.0
17178,70.0,234.0,0.0
17179,121.0,457.0,0.0
17180,235.0,27.0,0.0
17181,117.0,144.0,0.0
17182,37.0,513.0,0.0
17183,151.0,364.0,0.0
17184,60.0,368.0,0.0
17185,175.0,341.0,0.0
17186,80.0,40.0,0.0
17187,82.0,395.0,0.0
17188,96.0,193.0,0.0
17189,108.0,344.0,0.0
17190,101.0,179.0,0.0
17191,248.0,398.0,0.0
17192,142.0,520.0,0.0
17193,110.0,434.0,0.0
17194,118.0,488.0,0.0
17195,1.0,476.0,0.0
17196,173.0,336.0,0.0
17197,71.0,343.0,0.0
17198,36.0,428.0,0.0
17199,104.0,328.0,0.0
17200,85.0,42.0,0.0
17201,233.0,123.0,0.0
17202,187.0,367.0,0.0
17203,193.0,595.0,0.0
17204,212.0,449.0,0.0
17205,230.0,282.0,0.0
17206,77.0,310.0,0.0
17207,1.0,141.0,0.0
17208,180.0,475.0,0.0
17209,142.0,297.0,0.0
17210,265.0,123.0,0.0
17211,252.0,565.0,0.0
17212,65.0,9.0,0.0
17213,161.0,472.0,0.0
17214,46.0,451.0,0.0
17215,57.0,138.0,0.0
17216,66.0,6.0,0.0
17217,106.0,571.0,0.0
17218,8.0,379.0,0.0
17219,180.0,292.0,0.0
17220,192.0,530.0,0.0
17221,39.0,295.0,0.0
17222,186.0,162.0,0.0
17223,76.0,395.0,0.0
17224,199.0,451.0,0.0
17225,207.0,351.0,0.0
17226,53.0,77.0,0.0
17227,20.0,152.0,0.0
17228,131.0,511.0,0.0
17229,176.0,482.0,0.0
17230,100.0,235.0,0.0
17231,159.0,531.0,0.0
17232,56.0,458.0,0.0
17233,112.0,46.0,0.0
17234,213.0,384.0,0.0
17235,156.0,312.0,0.0
17236,193.0,594.0,0.0
17237,222.0,129.0,0.0
17238,174.0,342.0,0.0
17239,15.0,196.0,0.0
17240,226.0,156.0,0.0
17241,32.0,230.0,0.0
17242,31.0,443.0,0.0
17243,247.0,577.0,0.0
17244,72.0,471.0,0.0
17245,209.0,169.0,0.0
17246,230.0,584.0,0.0
17247,228.0,312.0,0.0
17248,254.0,519.0,0.0
17249,59.0,260.0,0.0
17250,123.0,51.0,0.0
17251,180.0,370.0,0.0
17252,15.0,567.0,0.0
17253,160.0,28.0,0.0
17254,251.0,165.0,0.0
17255,50.0,368.0,0.0
17256,60.0,224.0,0.0
17257,180.0,73.0,0.0
17258,168.0,244.0,0.0
17259,188.0,192.0,0.0
17260,190.0,266.0,0.0
17261,27.0,352.0,0.0
17262,250.0,142.0,0.0
17263,260.0,327.0,0.0
17264,8.0,515.0,0.0
17265,35.0,472.0,0.0
17266,97.0,296.0,0.0
17267,70.0,17.0,0.0
17268,12.0,58.0,0.0
17269,111.0,512.0,0.0
17270,220.0,346.0,0.0
17271,69.0,438.0,0.0
17272,253.0,272.0,0.0
17273,255.0,403.0,0.0
17274,166.0,504.0,0.0
17275,180.0,429.0,0.0
17276,174.0,570.0,0.0
17277,69.0,219.0,0.0
17278,268.0,35.0,0.0
17279,206.0,327.0,0.0
17280,4.0,55.0,0.0
17281,158.0,333.0,0.0
17282,178.0,252.0,0.0
17283,248.0,490.0,0.0
17284,146.0,304.0,0.0
17285,69.0,188.0,0.0
17286,2.0,387.0,0.0
17287,179.0,300.0,0.0
17288,203.0,240.0,0.0
17289,39.0,30.0,0.0
17290,21.0,98.0,0.0
17291,185.0,153.0,0.0
17292,212.0,22.0,0.0
17293,92.0,341.0,0.0
17294,208.0,163.0,0.0
17295,124.0,513.0,0.0
17296,60.0,258.0,0.0
17297,202.0,299.0,0.0
17298,74.0,485.0,0.0
17299,201.0,274.0,0.0
17300,237.0,533.0,0.0
17301,181.0,8.0,0.0
17302,152.0,103.0,0.0
17303,78.0,422.0,0.0
17304,65.0,98.0,0.0
17305,172.0,347.0,0.0
17306,76.0,214.0,0.0
17307,146.0,390.0,0.0
17308,168.0,512.0,0.0
17309,77.0,150.0,0.0
17310,85.0,553.0,0.0
17311,88.0,82.0,0.0
17312,52.0,249.0,0.0
17313,245.0,580.0,0.0
17314,96.0,199.0,0.0
17315,234.0,465.0,0.0
17316,1.0,225.0,0.0
17317,73.0,399.0,0.0
17318,221.0,322.0,0.0
17319,266.0,93.0,0.0
17320,159.0,299.0,0.0
17321,26.0,304.0,0.0
17322,222.0,343.0,0.0
17323,249.0,572.0,0.0
17324,180.0,520.0,0.0
17325,144.0,161.0,0.0
17326,157.0,179.0,0.0
17327,243.0,83.0,0.0
17328,95.0,502.0,0.0
17329,173.0,230.0,0.0
17330,179.0,210.0,0.0
17331,249.0,42.0,0.0
17332,25.0,540.0,0.0
17333,88.0,335.0,0.0
17334,98.0,181.0,0.0
17335,98.0,353.0,0.0
17336,210.0,137.0,0.0
17337,257.0,30.0,0.0
17338,1.0,10.0,0.0
17339,126.0,184.0,0.0
17340,260.0,195.0,0.0
17341,257.0,207.0,0.0
17342,84.0,483.0,0.0
17343,246.0,167.0,0.0
17344,37.0,281.0,0.0
17345,170.0,76.0,0.0
17346,205.0,436.0,0.0
17347,130.0,13.0,0.0
17348,3.0,175.0,0.0
17349,79.0,120.0,0.0
17350,116.0,14.0,0.0
17351,57.0,280.0,0.0
17352,138.0,472.0,0.0
17353,220.0,547.0,0.0
17354,104.0,352.0,0.0
17355,151.0,331.0,0.0
17356,228.0,28.0,0.0
17357,127.0,513.0,0.0
17358,68.0,474.0,0.0
17359,99.0,72.0,0.0
17360,4.0,140.0,0.0
17361,78.0,213.0,0.0
17362,207.0,347.0,0.0
17363,32.0,179.0,0.0
17364,191.0,44.0,0.0
17365,200.0,351.0,0.0
17366,243.0,80.0,0.0
17367,267.0,387.0,0.0
17368,122.0,319.0,0.0
17369,13.0,587.0,0.0
17370,160.0,479.0,0.0
17371,250.0,357.0,0.0
17372,177.0,193.0,0.0
17373,204.0,364.0,0.0
17374,49.0,107.0,0.0
17375,253.0,63.0,0.0
17376,29.0,379.0,0.0
17377,261.0,510.0,0.0
17378,112.0,109.0,0.0
17379,207.0,85.0,0.0
17380,252.0,235.0,0.0
17381,18.0,289.0,0.0
17382,52.0,220.0,0.0
17383,134.0,208.0,0.0
17384,169.0,235.0,0.0
17385,254.0,308.0,0.0
17386,188.0,585.0,0.0
17387,125.0,381.0,0.0
17388,139.0,143.0,0.0
17389,251.0,445.0,0.0
17390,211.0,348.0,0.0
17391,64.0,86.0,0.0
17392,61.0,475.0,0.0
17393,152.0,416.0,0.0
17394,230.0,531.0,0.0
17395,145.0,7.0,0.0
17396,81.0,440.0,0.0
17397,20.0,63.0,0.0
17398,104.0,26.0,0.0
17399,183.0,263.0,0.0
17400,228.0,314.0,0.0
17401,62.0,99.0,0.0
17402,15.0,15.0,0.0
17403,160.0,489.0,0.0
17404,34.0,274.0,0.0
17405,1.0,260.0,0.0
17406,183.0,80.0,0.0
17407,19.0,431.0,0.0
17408,73.0,273.0,0.0
17409,103.0,238.0,0.0
17410,209.0,347.0,0.0
17411,148.0,52.0,0.0
17412,40.0,544.0,0.0
17413,226.0,404.0,0.0
17414,203.0,31.0,0.0
17415,227.0,475.0,0.0
17416,27.0,377.0,0.0
17417,5.0,29.0,0.0
17418,254.0,558.0,0.0
17419,200.0,514.0,0.0
17420,249.0,363.0,0.0
17421,41.0,455.0,0.0
17422,73.0,298.0,0.0
17423,181.0,488.0,0.0
17424,57.0,15.0,0.0
17425,199.0,505.0,0.0
17426,66.0,202.0,0.0
17427,18.0,388.0,0.0
17428,155.0,453.0,0.0
17429,150.0,325.0,0.0
17430,109.0,553.0,0.0
17431,190.0,208.0,0.0
17432,252.0,202.0,0.0
17433,260.0,189.0,0.0
17434,198.0,366.0,0.0
17435,254.0,448.0,0.0
17436,44.0,504.0,0.0
17437,253.0,35.0,0.0
17438,61.0,422.0,0.0
17439,165.0,398.0,0.0
17440,266.0,52.0,0.0
17441,232.0,216.0,0.0
17442,26.0,564.0,0.0
17443,42.0,242.0,0.0
17444,235.0,426.0,0.0
17445,31.0,529.0,0.0
17446,220.0,172.0,0.0
17447,212.0,423.0,0.0
17448,228.0,425.0,0.0
17449,47.0,494.0,0.0
17450,34.0,582.0,0.0
17451,38.0,409.0,0.0
17452,75.0,421.0,0.0
17453,251.0,83.0,0.0
17454,81.0,508.0,0.0
17455,66.0,250.0,0.0
17456,72.0,425.0,0.0
17457,16.0,78.0,0.0
17458,231.0,193.0,0.0
17459,34.0,302.0,0.0
17460,191.0,499.0,0.0
17461,236.0,437.0,0.0
17462,77.0,486.0,0.0
17463,188.0,546.0,0.0
17464,90.0,318.0,0.0
17465,46.0,263.0,0.0
17466,249.0,314.0,0.0
17467,161.0,123.0,0.0
17468,5.0,425.0,0.0
17469,20.0,241.0,0.0
17470,79.0,555.0,0.0
17471,54.0,2.0,0.0
17472,209.0,447.0,0.0
17473,14.0,215.0,0.0
17474,219.0,371.0,0.0
17475,89.0,377.0,0.0
17476,265.0,492.0,0.0
17477,244.0,144.0,0.0
17478,216.0,560.0,0.0
17479,153.0,176.0,0.0
17480,115.0,197.0,0.0
17481,242.0,134.0,0.0
17482,193.0,494.0,0.0
17483,212.0,84.0,0.0
17484,214.0,83.0,0.0
17485,6.0,429.0,0.0
17486,149.0,550.0,0.0
17487,191.0,537.0,0.0
17488,111.0,522.0,0.0
17489,67.0,62.0,0.0
17490,70.0,21.0,0.0
17491,205.0,421.0,0.0
17492,106.0,109.0,0.0
17493,32.0,410.0,0.0
17494,39.0,251.0,0.0
17495,135.0,42.0,0.0
17496,91.0,270.0,0.0
17497,211.0,439.0,0.0
17498,109.0,374.0,0.0
17499,35.0,125.0,0.0
17500,226.0,436.0,0.0
17501,193.0,73.0,0.0
17502,11.0,390.0,0.0
17503,6.0,339.0,0.0
17504,227.0,528.0,0.0
17505,171.0,346.0,0.0
17506,191.0,273.0,0.0
17507,122.0,248.0,0.0
17508,42.0,122.0,0.0
17509,103.0,550.0,0.0
17510,120.0,378.0,0.0
17511,97.0,290.0,0.0
17512,259.0,84.0,0.0
17513,71.0,264.0,0.0
17514,115.0,176.0,0.0
17515,107.0,0.0,0.0
17516,241.0,532.0,0.0
17517,224.0,289.0,0.0
17518,226.0,288.0,0.0
17519,120.0,168.0,0.0
17520,232.0,571.0,0.0
17521,188.0,318.0,0.0
17522,208.0,180.0,0.0
17523,121.0,150.0,0.0
17524,186.0,77.0,0.0
17525,237.0,460.0,0.0
17526,117.0,194.0,0.0
17527,190.0,347.0,0.0
17528,211.0,352.0,0.0
17529,200.0,277.0,0.0
17530,148.0,397.0,0.0
17531,116.0,424.0,0.0
17532,19.0,97.0,0.0
17533,125.0,397.0,0.0
17534,125.0,467.0,0.0
17535,180.0,471.0,0.0
17536,117.0,588.0,0.0
17537,251.0,518.0,0.0
17538,141.0,539.0,0.0
17539,144.0,523.0,0.0
17540,237.0,134.0,0.0
17541,25.0,298.0,0.0
17542,187.0,48.0,0.0
17543,25.0,40.0,0.0
17544,90.0,8.0,0.0
17545,83.0,522.0,0.0
17546,116.0,559.0,0.0
17547,220.0,386.0,0.0
17548,36.0,234.0,0.0
17549,26.0,469.0,0.0
17550,33.0,357.0,0.0
17551,250.0,442.0,0.0
17552,227.0,535.0,0.0
17553,210.0,541.0,0.0
17554,81.0,452.0,0.0
17555,25.0,575.0,0.0
17556,45.0,419.0,0.0
17557,37.0,564.0,0.0
17558,223.0,455.0,0.0
17559,238.0,448.0,0.0
17560,11.0,484.0,0.0
17561,193.0,317.0,0.0
17562,230.0,325.0,0.0
17563,154.0,439.0,0.0
17564,73.0,302.0,0.0
17565,40.0,110.0,0.0
17566,165.0,310.0,0.0
17567,54.0,318.0,0.0
17568,80.0,533.0,0.0
17569,55.0,387.0,0.0
17570,6.0,458.0,0.0
17571,224.0,474.0,0.0
17572,263.0,261.0,0.0
17573,203.0,567.0,0.0
17574,111.0,431.0,0.0
17575,48.0,230.0,0.0
17576,221.0,377.0,0.0
17577,8.0,589.0,0.0
17578,196.0,74.0,0.0
17579,139.0,115.0,0.0
17580,204.0,383.0,0.0
17581,148.0,55.0,0.0
17582,141.0,540.0,0.0
17583,200.0,494.0,0.0
17584,33.0,597.0,0.0
17585,218.0,342.0,0.0
17586,208.0,185.0,0.0
17587,35.0,134.0,0.0
17588,47.0,543.0,0.0
17589,124.0,351.0,0.0
17590,47.0,163.0,0.0
17591,12.0,516.0,0.0
17592,219.0,53.0,0.0
17593,246.0,122.0,0.0
17594,54.0,55.0,0.0
17595,70.0,28.0,0.0
17596,25.0,98.0,0.0
17597,171.0,78.0,0.0
17598,127.0,492.0,0.0
17599,74.0,474.0,0.0
17600,32.0,354.0,0.0
17601,230.0,106.0,0.0
17602,202.0,117.0,0.0
17603,125.0,19.0,0.0
17604,53.0,496.0,0.0
17605,166.0,317.0,0.0
17606,59.0,500.0,0.0
17607,35.0,434.0,0.0
17608,58.0,90.0,0.0
17609,80.0,218.0,0.0
17610,50.0,94.0,0.0
17611,216.0,240.0,0.0
17612,80.0,78.0,0.0
17613,236.0,310.0,0.0
17614,114.0,437.0,0.0
17615,40.0,34.0,0.0
17616,154.0,227.0,0.0
17617,158.0,226.0,0.0
17618,162.0,308.0,0.0
17619,150.0,189.0,0.0
17620,208.0,383.0,0.0
17621,132.0,567.0,0.0
17622,252.0,159.0,0.0
17623,4.0,594.0,0.0
17624,249.0,556.0,0.0
17625,60.0,8.0,0.0
17626,105.0,530.0,0.0
17627,67.0,581.0,0.0
17628,215.0,197.0,0.0
17629,213.0,112.0,0.0
17630,267.0,319.0,0.0
17631,222.0,371.0,0.0
17632,177.0,388.0,0.0
17633,52.0,458.0,0.0
17634,96.0,356.0,0.0
17635,91.0,528.0,0.0
17636,181.0,58.0,0.0
17637,32.0,380.0,0.0
17638,162.0,226.0,0.0
17639,244.0,558.0,0.0
17640,108.0,346.0,0.0
17641,23.0,81.0,0.0
17642,151.0,388.0,0.0
17643,268.0,179.0,0.0
17644,140.0,516.0,0.0
17645,110.0,462.0,0.0
17646,176.0,395.0,0.0
17647,67.0,407.0,0.0
17648,22.0,373.0,0.0
17649,62.0,383.0,0.0
17650,258.0,313.0,0.0
17651,205.0,21.0,0.0
17652,172.0,344.0,0.0
17653,133.0,523.0,0.0
17654,117.0,84.0,0.0
17655,268.0,3.0,0.0
17656,7.0,433.0,0.0
17657,59.0,81.0,0.0
17658,210.0,388.0,0.0
17659,52.0,295.0,0.0
17660,59.0,351.0,0.0
17661,125.0,243.0,0.0
17662,79.0,247.0,0.0
17663,50.0,34.0,0.0
17664,25.0,411.0,0.0
17665,85.0,86.0,0.0
17666,213.0,262.0,0.0
17667,61.0,342.0,0.0
17668,252.0,6.0,0.0
17669,231.0,514.0,0.0
17670,12.0,460.0,0.0
17671,125.0,596.0,0.0
17672,239.0,358.0,0.0
17673,76.0,88.0,0.0
17674,170.0,580.0,0.0
17675,61.0,28.0,0.0
17676,214.0,315.0,0.0
17677,8.0,8.0,0.0
17678,32.0,273.0,0.0
17679,95.0,458.0,0.0
17680,220.0,591.0,0.0
17681,15.0,298.0,0.0
17682,139.0,42.0,0.0
17683,253.0,485.0,0.0
17684,96.0,220.0,0.0
17685,138.0,10.0,0.0
17686,45.0,335.0,0.0
17687,119.0,87.0,0.0
17688,184.0,6.0,0.0
17689,123.0,264.0,0.0
17690,70.0,587.0,0.0
17691,216.0,101.0,0.0
17692,199.0,533.0,0.0
17693,94.0,155.0,0.0
17694,218.0,395.0,0.0
17695,31.0,311.0,0.0
17696,204.0,3.0,0.0
17697,36.0,121.0,0.0
17698,201.0,525.0,0.0
17699,88.0,429.0,0.0
17700,159.0,198.0,0.0
17701,54.0,264.0,0.0
17702,62.0,77.0,0.0
17703,161.0,290.0,0.0
17704,265.0,332.0,0.0
17705,205.0,492.0,0.0
17706,146.0,234.0,0.0
17707,265.0,140.0,0.0
17708,175.0,529.0,0.0
17709,151.0,103.0,0.0
17710,121.0,586.0,0.0
17711,40.0,279.0,0.0
17712,207.0,419.0,0.0
17713,29.0,176.0,0.0
17714,115.0,302.0,0.0
17715,162.0,551.0,0.0
17716,156.0,157.0,0.0
17717,203.0,148.0,0.0
17718,64.0,236.0,0.0
17719,234.0,390.0,0.0
17720,42.0,189.0,0.0
17721,153.0,40.0,0.0
17722,27.0,143.0,0.0
17723,54.0,586.0,0.0
17724,198.0,463.0,0.0
17725,212.0,444.0,0.0
17726,86.0,109.0,0.0
17727,225.0,409.0,0.0
17728,159.0,149.0,0.0
17729,151.0,389.0,0.0
17730,99.0,456.0,0.0
17731,151.0,53.0,0.0
17732,95.0,315.0,0.0
17733,132.0,568.0,0.0
17734,197.0,285.0,0.0
17735,240.0,323.0,0.0
17736,133.0,356.0,0.0
17737,266.0,33.0,0.0
17738,173.0,542.0,0.0
17739,219.0,395.0,0.0
17740,229.0,555.0,0.0
17741,153.0,300.0,0.0
17742,46.0,163.0,0.0
17743,42.0,290.0,0.0
17744,37.0,467.0,0.0
17745,6.0,202.0,0.0
17746,56.0,62.0,0.0
17747,248.0,401.0,0.0
17748,36.0,126.0,0.0
17749,149.0,585.0,0.0
17750,4.0,280.0,0.0
17751,207.0,38.0,0.0
17752,143.0,347.0,0.0
17753,72.0,90.0,0.0
17754,227.0,579.0,0.0
17755,1.0,432.0,0.0
17756,11.0,360.0,0.0
17757,139.0,262.0,0.0
17758,151.0,288.0,0.0
17759,86.0,230.0,0.0
17760,131.0,352.0,0.0
17761,84.0,549.0,0.0
17762,225.0,108.0,0.0
17763,230.0,73.0,0.0
17764,207.0,402.0,0.0
17765,64.0,122.0,0.0
17766,140.0,60.0,0.0
17767,211.0,425.0,0.0
17768,186.0,39.0,0.0
17769,13.0,40.0,0.0
17770,32.0,358.0,0.0
17771,116.0,172.0,0.0
17772,132.0,466.0,0.0
17773,100.0,383.0,0.0
17774,173.0,575.0,0.0
17775,156.0,354.0,0.0
17776,38.0,121.0,0.0
17777,69.0,588.0,0.0
17778,89.0,294.0,0.0
17779,188.0,378.0,0.0
17780,45.0,5.0,0.0
17781,85.0,596.0,0.0
17782,200.0,185.0,0.0
17783,188.0,323.0,0.0
17784,41.0,65.0,0.0
17785,53.0,274.0,0.0
17786,171.0,524.0,0.0
17787,151.0,244.0,0.0
17788,73.0,357.0,0.0
17789,98.0,361.0,0.0
17790,55.0,226.0,0.0
17791,219.0,455.0,0.0
17792,235.0,60.0,0.0
17793,219.0,105.0,0.0
17794,14.0,162.0,0.0
17795,5.0,558.0,0.0
17796,229.0,341.0,0.0
17797,191.0,238.0,0.0
17798,177.0,168.0,0.0
17799,114.0,231.0,0.0
17800,173.0,258.0,0.0
17801,139.0,590.0,0.0
17802,185.0,540.0,0.0
17803,199.0,21.0,0.0
17804,124.0,183.0,0.0
17805,32.0,561.0,0.0
17806,3.0,173.0,0.0
17807,44.0,566.0,0.0
17808,56.0,179.0,0.0
17809,131.0,166.0,0.0
17810,230.0,0.0,0.0
17811,238.0,57.0,0.0
17812,268.0,272.0,0.0
17813,36.0,273.0,0.0
17814,200.0,82.0,0.0
17815,70.0,244.0,0.0
17816,156.0,517.0,0.0
17817,255.0,331.0,0.0
17818,131.0,586.0,0.0
17819,64.0,539.0,0.0
17820,115.0,276.0,0.0
17821,24.0,221.0,0.0
17822,217.0,46.0,0.0
17823,10.0,3.0,0.0
17824,122.0,384.0,0.0
17825,120.0,554.0,0.0
17826,114.0,258.0,0.0
17827,77.0,419.0,0.0
17828,159.0,232.0,0.0
17829,200.0,232.0,0.0
17830,61.0,523.0,0.0
17831,4.0,492.0,0.0
17832,256.0,159.0,0.0
17833,2.0,274.0,0.0
17834,112.0,124.0,0.0
17835,178.0,82.0,0.0
17836,103.0,542.0,0.0
17837,93.0,294.0,0.0
17838,152.0,62.0,0.0
17839,76.0,27.0,0.0
17840,132.0,357.0,0.0
17841,6.0,40.0,0.0
17842,148.0,436.0,0.0
17843,216.0,498.0,0.0
17844,201.0,96.0,0.0
17845,5.0,283.0,0.0
17846,12.0,44.0,0.0
17847,100.0,426.0,0.0
17848,43.0,125.0,0.0
17849,73.0,459.0,0.0
17850,263.0,227.0,0.0
17851,208.0,481.0,0.0
17852,44.0,403.0,0.0
17853,62.0,54.0,0.0
17854,57.0,371.0,0.0
17855,57.0,320.0,0.0
17856,71.0,476.0,0.0
17857,255.0,56.0,0.0
17858,166.0,194.0,0.0
17859,72.0,308.0,0.0
17860,181.0,361.0,0.0
17861,265.0,259.0,0.0
17862,118.0,83.0,0.0
17863,78.0,155.0,0.0
17864,268.0,154.0,0.0
17865,75.0,528.0,0.0
17866,59.0,248.0,0.0
17867,215.0,287.0,0.0
17868,229.0,376.0,0.0
17869,186.0,586.0,0.0
17870,259.0,75.0,0.0
17871,139.0,61.0,0.0
17872,250.0,120.0,0.0
17873,7.0,414.0,0.0
17874,260.0,5.0,0.0
17875,214.0,360.0,0.0
17876,101.0,16.0,0.0
17877,95.0,201.0,0.0
17878,242.0,489.0,0.0
17879,70.0,58.0,0.0
17880,193.0,450.0,0.0
17881,4.0,54.0,0.0
17882,115.0,299.0,0.0
17883,127.0,348.0,0.0
17884,208.0,237.0,0.0
17885,80.0,366.0,0.0
17886,192.0,395.0,0.0
17887,235.0,237.0,0.0
17888,201.0,155.0,0.0
17889,107.0,462.0,0.0
17890,55.0,424.0,0.0
17891,37.0,501.0,0.0
17892,138.0,183.0,0.0
17893,167.0,372.0,0.0
17894,186.0,71.0,0.0
17895,141.0,30.0,0.0
17896,189.0,102.0,0.0
17897,135.0,305.0,0.0
17898,117.0,433.0,0.0
17899,267.0,125.0,0.0
17900,188.0,475.0,0.0
17901,194.0,201.0,0.0
17902,34.0,359.0,0.0
17903,8.0,420.0,0.0
17904,0.0,369.0,0.0
17905,191.0,103.0,0.0
17906,54.0,204.0,0.0
17907,50.0,286.0,0.0
17908,152.0,430.0,0.0
17909,34.0,560.0,0.0
17910,245.0,442.0,0.0
17911,207.0,134.0,0.0
17912,37.0,283.0,0.0
17913,50.0,271.0,0.0
17914,138.0,310.0,0.0
17915,203.0,215.0,0.0
17916,170.0,78.0,0.0
17917,104.0,570.0,0.0
17918,261.0,17.0,0.0
17919,248.0,552.0,0.0
17920,54.0,74.0,0.0
17921,77.0,496.0,0.0
17922,134.0,475.0,0.0
17923,155.0,260.0,0.0
17924,182.0,587.0,0.0
17925,147.0,0.0,0.0
17926,221.0,562.0,0.0
17927,23.0,146.0,0.0
17928,154.0,508.0,0.0
17929,162.0,354.0,0.0
17930,157.0,585.0,0.0
17931,202.0,22.0,0.0
17932,237.0,246.0,0.0
17933,214.0,238.0,0.0
17934,3.0,133.0,0.0
17935,156.0,104.0,0.0
17936,26.0,462.0,0.0
17937,231.0,202.0,0.0
17938,163.0,83.0,0.0
17939,39.0,40.0,0.0
17940,71.0,521.0,0.0
17941,93.0,414.0,0.0
17942,16.0,217.0,0.0
17943,181.0,108.0,0.0
17944,244.0,322.0,0.0
17945,48.0,6.0,0.0
17946,35.0,292.0,0.0
17947,239.0,439.0,0.0
17948,105.0,26.0,0.0
17949,258.0,252.0,0.0
17950,196.0,292.0,0.0
17951,89.0,307.0,0.0
17952,229.0,185.0,0.0
17953,19.0,59.0,0.0
17954,72.0,567.0,0.0
17955,144.0,24.0,0.0
17956,115.0,317.0,0.0
17957,149.0,295.0,0.0
17958,193.0,584.0,0.0
17959,205.0,205.0,0.0
17960,95.0,247.0,0.0
17961,110.0,470.0,0.0
17962,209.0,196.0,0.0
17963,43.0,388.0,0.0
17964,202.0,229.0,0.0
17965,4.0,36.0,0.0
17966,76.0,14.0,0.0
17967,27.0,170.0,0.0
17968,6.0,175.0,0.0
17969,179.0,116.0,0.0
17970,220.0,16.0,0.0
17971,224.0,518.0,0.0
17972,123.0,449.0,0.0
17973,247.0,151.0,0.0
17974,253.0,287.0,0.0
17975,180.0,3.0,0.0
17976,258.0,78.0,0.0
17977,24.0,574.0,0.0
17978,133.0,372.0,0.0
17979,192.0,273.0,0.0
17980,83.0,488.0,0.0
17981,21.0,361.0,0.0
17982,0.0,559.0,0.0
17983,228.0,297.0,0.0
17984,93.0,268.0,0.0
17985,93.0,217.0,0.0
17986,217.0,444.0,0.0
17987,119.0,1.0,0.0
17988,46.0,393.0,0.0
17989,185.0,415.0,0.0
17990,212.0,149.0,0.0
17991,6.0,214.0,0.0
17992,59.0,345.0,0.0
17993,19.0,573.0,0.0
17994,47.0,433.0,0.0
17995,102.0,555.0,0.0
17996,109.0,144.0,0.0
17997,90.0,101.0,0.0
17998,4.0,295.0,0.0
17999,77.0,578.0,0.0
18000,117.0,307.0,0.0
18001,236.0,559.0,0.0
18002,36.0,128.0,0.0
18003,147.0,266.0,0.0
18004,184.0,77.0,0.0
18005,7.0,224.0,0.0
18006,245.0,271.0,0.0
18007,227.0,305.0,0.0
18008,68.0,64.0,0.0
18009,55.0,110.0,0.0
18010,25.0,367.0,0.0
18011,0.0,221.0,0.0
18012,195.0,66.0,0.0
18013,146.0,7.0,0.0
18014,2.0,427.0,0.0
18015,9.0,80.0,0.0
18016,214.0,386.0,0.0
18017,265.0,109.0,0.0
18018,121.0,303.0,0.0
18019,55.0,244.0,0.0
18020,48.0,375.0,0.0
18021,127.0,345.0,0.0
18022,165.0,387.0,0.0
18023,235.0,232.0,0.0
18024,267.0,142.0,0.0
18025,47.0,154.0,0.0
18026,69.0,453.0,0.0
18027,119.0,389.0,0.0
18028,176.0,264.0,0.0
18029,2.0,197.0,0.0
18030,89.0,181.0,0.0
18031,194.0,365.0,0.0
18032,72.0,552.0,0.0
18033,97.0,492.0,0.0
18034,136.0,140.0,0.0
18035,54.0,229.0,0.0
18036,22.0,517.0,0.0
18037,154.0,291.0,0.0
18038,78.0,194.0,0.0
18039,111.0,135.0,0.0
18040,122.0,411.0,0.0
18041,156.0,568.0,0.0
18042,139.0,281.0,0.0
18043,61.0,376.0,0.0
18044,194.0,196.0,0.0
18045,221.0,297.0,0.0
18046,162.0,392.0,0.0
18047,112.0,76.0,0.0
18048,157.0,427.0,0.0
18049,136.0,85.0,0.0
18050,79.0,253.0,0.0
18051,195.0,371.0,0.0
18052,251.0,354.0,0.0
18053,110.0,541.0,0.0
18054,3.0,463.0,0.0
18055,113.0,192.0,0.0
18056,21.0,4.0,0.0
18057,120.0,284.0,0.0
18058,99.0,539.0,0.0
18059,175.0,522.0,0.0
18060,180.0,468.0,0.0
18061,59.0,525.0,0.0
18062,102.0,505.0,0.0
18063,23.0,336.0,0.0
18064,104.0,119.0,0.0
18065,112.0,206.0,0.0
18066,206.0,380.0,0.0
18067,30.0,127.0,0.0
18068,13.0,162.0,0.0
18069,53.0,115.0,0.0
18070,70.0,172.0,0.0
18071,109.0,342.0,0.0
18072,28.0,487.0,0.0
18073,50.0,161.0,0.0
18074,31.0,190.0,0.0
18075,84.0,346.0,0.0
18076,48.0,164.0,0.0
18077,119.0,553.0,0.0
18078,55.0,401.0,0.0
18079,212.0,335.0,0.0
18080,44.0,2.0,0.0
18081,57.0,542.0,0.0
18082,212.0,165.0,0.0
18083,183.0,136.0,0.0
18084,9.0,375.0,0.0
18085,223.0,82.0,0.0
18086,22.0,454.0,0.0
18087,126.0,525.0,0.0
18088,258.0,516.0,0.0
18089,167.0,181.0,0.0
18090,72.0,502.0,0.0
18091,42.0,416.0,0.0
18092,248.0,576.0,0.0
18093,123.0,127.0,0.0
18094,225.0,187.0,0.0
18095,76.0,289.0,0.0
18096,114.0,290.0,0.0
18097,171.0,100.0,0.0
18098,140.0,477.0,0.0
18099,100.0,457.0,0.0
18100,267.0,261.0,0.0
18101,226.0,168.0,0.0
18102,88.0,559.0,0.0
18103,89.0,540.0,0.0
18104,224.0,471.0,0.0
18105,29.0,193.0,0.0
18106,243.0,557.0,0.0
18107,104.0,472.0,0.0
18108,161.0,357.0,0.0
18109,259.0,254.0,0.0
18110,93.0,259.0,0.0
18111,230.0,435.0,0.0
18112,50.0,56.0,0.0
18113,63.0,565.0,0.0
18114,176.0,48.0,0.0
18115,115.0,54.0,0.0
18116,1.0,101.0,0.0
18117,209.0,506.0,0.0
18118,15.0,406.0,0.0
18119,153.0,430.0,0.0
18120,63.0,4.0,0.0
18121,261.0,499.0,0.0
18122,38.0,366.0,0.0
18123,172.0,312.0,0.0
18124,7.0,469.0,0.0
18125,33.0,104.0,0.0
18126,133.0,559.0,0.0
18127,120.0,368.0,0.0
18128,146.0,514.0,0.0
18129,188.0,547.0,0.0
18130,88.0,234.0,0.0
18131,133.0,457.0,0.0
18132,115.0,301.0,0.0
18133,219.0,592.0,0.0
18134,46.0,509.0,0.0
18135,168.0,346.0,0.0
18136,213.0,195.0,0.0
18137,188.0,275.0,0.0
18138,106.0,474.0,0.0
18139,28.0,535.0,0.0
18140,203.0,233.0,0.0
18141,77.0,454.0,0.0
18142,126.0,375.0,0.0
18143,239.0,61.0,0.0
18144,44.0,431.0,0.0
18145,236.0,275.0,0.0
18146,75.0,17.0,0.0
18147,167.0,243.0,0.0
18148,51.0,433.0,0.0
18149,106.0,184.0,0.0
18150,194.0,452.0,0.0
18151,75.0,317.0,0.0
18152,29.0,590.0,0.0
18153,235.0,105.0,0.0
18154,244.0,472.0,0.0
18155,120.0,153.0,0.0
18156,190.0,381.0,0.0
18157,111.0,285.0,0.0
18158,192.0,278.0,0.0
18159,142.0,254.0,0.0
18160,47.0,452.0,0.0
18161,164.0,528.0,0.0
18162,241.0,107.0,0.0
18163,67.0,422.0,0.0
18164,73.0,480.0,0.0
18165,73.0,577.0,0.0
18166,38.0,266.0,0.0
18167,23.0,391.0,0.0
18168,1.0,425.0,0.0
18169,64.0,215.0,0.0
18170,107.0,482.0,0.0
18171,265.0,337.0,0.0
18172,76.0,585.0,0.0
18173,132.0,267.0,0.0
18174,31.0,328.0,0.0
18175,49.0,532.0,0.0
18176,153.0,45.0,0.0
18177,77.0,113.0,0.0
18178,188.0,123.0,0.0
18179,17.0,164.0,0.0
18180,78.0,165.0,0.0
18181,6.0,363.0,0.0
18182,2.0,162.0,0.0
18183,106.0,470.0,0.0
18184,55.0,251.0,0.0
18185,229.0,585.0,0.0
18186,112.0,317.0,0.0
18187,92.0,15.0,0.0
18188,195.0,289.0,0.0
18189,194.0,430.0,0.0
18190,161.0,429.0,0.0
18191,250.0,468.0,0.0
18192,104.0,243.0,0.0
18193,220.0,482.0,0.0
18194,112.0,551.0,0.0
18195,179.0,196.0,0.0
18196,37.0,416.0,0.0
18197,100.0,38.0,0.0
18198,128.0,523.0,0.0
18199,62.0,445.0,0.0
18200,194.0,497.0,0.0
18201,17.0,486.0,0.0
18202,160.0,266.0,0.0
18203,253.0,377.0,0.0
18204,256.0,344.0,0.0
18205,43.0,98.0,0.0
18206,144.0,126.0,0.0
18207,50.0,246.0,0.0
18208,63.0,575.0,0.0
18209,40.0,47.0,0.0
18210,259.0,536.0,0.0
18211,28.0,144.0,0.0
18212,119.0,146.0,0.0
18213,120.0,260.0,0.0
18214,171.0,359.0,0.0
18215,79.0,333.0,0.0
18216,212.0,88.0,0.0
18217,136.0,479.0,0.0
18218,28.0,582.0,0.0
18219,7.0,361.0,0.0
18220,32.0,334.0,0.0
18221,54.0,463.0,0.0
18222,66.0,12.0,0.0
18223,267.0,307.0,0.0
18224,203.0,504.0,0.0
18225,172.0,263.0,0.0
18226,76.0,458.0,0.0
18227,32.0,477.0,0.0
18228,267.0,301.0,0.0
18229,126.0,115.0,0.0
18230,191.0,460.0,0.0
18231,79.0,52.0,0.0
18232,116.0,101.0,0.0
18233,268.0,560.0,0.0
18234,181.0,514.0,0.0
18235,106.0,346.0,0.0
18236,202.0,343.0,0.0
18237,137.0,458.0,0.0
18238,111.0,587.0,0.0
18239,55.0,189.0,0.0
18240,221.0,554.0,0.0
18241,142.0,489.0,0.0
18242,86.0,507.0,0.0
18243,83.0,501.0,0.0
18244,25.0,79.0,0.0
18245,154.0,450.0,0.0
18246,246.0,47.0,0.0
18247,146.0,524.0,0.0
18248,169.0,381.0,0.0
18249,6.0,551.0,0.0
18250,268.0,6.0,0.0
18251,229.0,288.0,0.0
18252,243.0,157.0,0.0
18253,25.0,157.0,0.0
18254,155.0,261.0,0.0
18255,175.0,360.0,0.0
18256,177.0,360.0,0.0
18257,8.0,519.0,0.0
18258,153.0,512.0,0.0
18259,104.0,205.0,0.0
18260,69.0,497.0,0.0
18261,113.0,461.0,0.0
18262,81.0,253.0,0.0
18263,168.0,191.0,0.0
18264,68.0,411.0,0.0
18265,132.0,314.0,0.0
18266,155.0,520.0,0.0
18267,79.0,558.0,0.0
18268,232.0,582.0,0.0
18269,224.0,410.0,0.0
18270,234.0,380.0,0.0
18271,68.0,301.0,0.0
18272,245.0,141.0,0.0
18273,255.0,225.0,0.0
18274,176.0,181.0,0.0
18275,77.0,297.0,0.0
18276,191.0,483.0,0.0
18277,47.0,115.0,0.0
18278,133.0,575.0,0.0
18279,70.0,200.0,0.0
18280,15.0,396.0,0.0
18281,58.0,29.0,0.0
18282,101.0,106.0,0.0
18283,259.0,586.0,0.0
18284,166.0,501.0,0.0
18285,206.0,343.0,0.0
18286,209.0,357.0,0.0
18287,35.0,408.0,0.0
18288,265.0,593.0,0.0
18289,93.0,555.0,0.0
18290,248.0,335.0,0.0
18291,215.0,584.0,0.0
18292,137.0,426.0,0.0
18293,232.0,319.0,0.0
18294,189.0,214.0,0.0
18295,175.0,93.0,0.0
18296,225.0,46.0,0.0
18297,194.0,57.0,0.0
18298,140.0,241.0,0.0
18299,142.0,232.0,0.0
18300,37.0,337.0,0.0
18301,1.0,344.0,0.0
18302,233.0,20.0,0.0
18303,198.0,574.0,0.0
18304,43.0,459.0,0.0
18305,95.0,486.0,0.0
18306,209.0,367.0,0.0
18307,131.0,320.0,0.0
18308,101.0,372.0,0.0
18309,175.0,101.0,0.0
18310,259.0,569.0,0.0
18311,247.0,376.0,0.0
18312,146.0,570.0,0.0
18313,232.0,528.0,0.0
18314,127.0,342.0,0.0
18315,199.0,367.0,0.0
18316,142.0,73.0,0.0
18317,48.0,133.0,0.0
18318,245.0,306.0,0.0
18319,49.0,191.0,0.0
18320,232.0,194.0,0.0
18321,88.0,396.0,0.0
18322,238.0,533.0,0.0
18323,205.0,366.0,0.0
18324,264.0,392.0,0.0
18325,160.0,499.0,0.0
18326,93.0,500.0,0.0
18327,45.0,327.0,0.0
18328,34.0,597.0,0.0
18329,233.0,235.0,0.0
18330,27.0,511.0,0.0
18331,0.0,134.0,0.0
18332,172.0,27.0,0.0
18333,166.0,481.0,0.0
18334,35.0,406.0,0.0
18335,64.0,372.0,0.0
18336,167.0,202.0,0.0
18337,123.0,582.0,0.0
18338,82.0,553.0,0.0
18339,139.0,75.0,0.0
18340,140.0,93.0,0.0
18341,263.0,360.0,0.0
18342,115.0,61.0,0.0
18343,91.0,524.0,0.0
18344,186.0,43.0,0.0
18345,139.0,440.0,0.0
18346,144.0,549.0,0.0
18347,195.0,532.0,0.0
18348,141.0,396.0,0.0
18349,102.0,250.0,0.0
18350,68.0,114.0,0.0
18351,116.0,485.0,0.0
18352,139.0,265.0,0.0
18353,156.0,383.0,0.0
18354,10.0,229.0,0.0
18355,9.0,371.0,0.0
18356,19.0,55.0,0.0
18357,171.0,77.0,0.0
18358,4.0,504.0,0.0
18359,72.0,247.0,0.0
18360,89.0,532.0,0.0
18361,268.0,70.0,0.0
18362,232.0,70.0,0.0
18363,89.0,455.0,0.0
18364,237.0,348.0,0.0
18365,96.0,443.0,0.0
18366,179.0,269.0,0.0
18367,8.0,183.0,0.0
18368,105.0,567.0,0.0
18369,266.0,530.0,0.0
18370,233.0,305.0,0.0
18371,234.0,29.0,0.0
18372,5.0,293.0,0.0
18373,160.0,424.0,0.0
18374,126.0,270.0,0.0
18375,118.0,33.0,0.0
18376,39.0,426.0,0.0
18377,206.0,547.0,0.0
18378,161.0,21.0,0.0
18379,44.0,538.0,0.0
18380,216.0,43.0,0.0
18381,109.0,262.0,0.0
18382,179.0,582.0,0.0
18383,218.0,158.0,0.0
18384,243.0,188.0,0.0
18385,106.0,418.0,0.0
18386,68.0,328.0,0.0
18387,157.0,412.0,0.0
18388,4.0,245.0,0.0
18389,112.0,306.0,0.0
18390,129.0,469.0,0.0
18391,56.0,558.0,0.0
18392,230.0,540.0,0.0
18393,37.0,43.0,0.0
18394,243.0,54.0,0.0
18395,200.0,409.0,0.0
18396,213.0,594.0,0.0
18397,98.0,39.0,0.0
18398,42.0,20.0,0.0
18399,124.0,562.0,0.0
18400,121.0,545.0,0.0
18401,104.0,88.0,0.0
18402,14.0,185.0,0.0
18403,161.0,583.0,0.0
18404,30.0,298.0,0.0
18405,222.0,536.0,0.0
18406,43.0,456.0,0.0
18407,174.0,217.0,0.0
18408,21.0,309.0,0.0
18409,46.0,241.0,0.0
18410,180.0,579.0,0.0
18411,57.0,582.0,0.0
18412,135.0,139.0,0.0
18413,170.0,486.0,0.0
18414,117.0,346.0,0.0
18415,228.0,284.0,0.0
18416,180.0,592.0,0.0
18417,127.0,530.0,0.0
18418,15.0,58.0,0.0
18419,12.0,476.0,0.0
18420,186.0,128.0,0.0
18421,235.0,458.0,0.0
18422,112.0,350.0,0.0
18423,254.0,91.0,0.0
18424,116.0,242.0,0.0
18425,245.0,561.0,0.0
18426,229.0,355.0,0.0
18427,210.0,596.0,0.0
18428,99.0,487.0,0.0
18429,152.0,244.0,0.0
18430,218.0,94.0,0.0
18431,95.0,223.0,0.0
18432,205.0,410.0,0.0
18433,159.0,352.0,0.0
18434,105.0,291.0,0.0
18435,188.0,339.0,0.0
18436,220.0,86.0,0.0
18437,214.0,224.0,0.0
18438,264.0,346.0,0.0
18439,47.0,576.0,0.0
18440,141.0,435.0,0.0
18441,192.0,427.0,0.0
18442,85.0,322.0,0.0
18443,128.0,567.0,0.0
18444,185.0,23.0,0.0
18445,121.0,144.0,0.0
18446,254.0,104.0,0.0
18447,249.0,252.0,0.0
18448,29.0,309.0,0.0
18449,59.0,413.0,0.0
18450,218.0,15.0,0.0
18451,140.0,330.0,0.0
18452,55.0,267.0,0.0
18453,94.0,396.0,0.0
18454,110.0,198.0,0.0
18455,5.0,45.0,0.0
18456,28.0,370.0,0.0
18457,205.0,7.0,0.0
18458,154.0,214.0,0.0
18459,22.0,255.0,0.0
18460,140.0,370.0,0.0
18461,142.0,239.0,0.0
18462,43.0,446.0,0.0
18463,141.0,65.0,0.0
18464,119.0,65.0,0.0
18465,41.0,155.0,0.0
18466,87.0,432.0,0.0
18467,202.0,460.0,0.0
18468,154.0,464.0,0.0
18469,234.0,537.0,0.0
18470,151.0,136.0,0.0
18471,220.0,296.0,0.0
18472,188.0,479.0,0.0
18473,130.0,385.0,0.0
18474,17.0,289.0,0.0
18475,233.0,68.0,0.0
18476,250.0,245.0,0.0
18477,225.0,155.0,0.0
18478,33.0,128.0,0.0
18479,53.0,345.0,0.0
18480,261.0,370.0,0.0
18481,64.0,14.0,0.0
18482,263.0,155.0,0.0
18483,14.0,26.0,0.0
18484,130.0,29.0,0.0
18485,168.0,278.0,0.0
18486,142.0,222.0,0.0
18487,126.0,151.0,0.0
18488,111.0,451.0,0.0
18489,59.0,218.0,0.0
18490,43.0,27.0,0.0
18491,119.0,280.0,0.0
18492,175.0,73.0,0.0
18493,76.0,248.0,0.0
18494,215.0,348.0,0.0
18495,171.0,585.0,0.0
18496,42.0,365.0,0.0
18497,264.0,93.0,0.0
18498,29.0,465.0,0.0
18499,206.0,468.0,0.0
18500,212.0,106.0,0.0
18501,52.0,324.0,0.0
18502,137.0,382.0,0.0
18503,68.0,388.0,0.0
18504,206.0,165.0,0.0
18505,38.0,432.0,0.0
18506,25.0,20.0,0.0
18507,200.0,538.0,0.0
18508,239.0,544.0,0.0
18509,93.0,95.0,0.0
18510,175.0,466.0,0.0
18511,49.0,53.0,0.0
18512,77.0,31.0,0.0
18513,194.0,72.0,0.0
18514,85.0,210.0,0.0
18515,145.0,298.0,0.0
18516,53.0,86.0,0.0
18517,160.0,122.0,0.0
18518,163.0,371.0,0.0
18519,31.0,189.0,0.0
18520,259.0,137.0,0.0
18521,192.0,320.0,0.0
18522,132.0,306.0,0.0
18523,68.0,475.0,0.0
18524,80.0,449.0,0.0
18525,102.0,286.0,0.0
18526,15.0,561.0,0.0
18527,172.0,86.0,0.0
18528,74.0,449.0,0.0
18529,182.0,369.0,0.0
18530,183.0,374.0,0.0
18531,152.0,587.0,0.0
18532,93.0,162.0,0.0
18533,122.0,455.0,0.0
18534,240.0,112.0,0.0
18535,191.0,577.0,0.0
18536,211.0,395.0,0.0
18537,96.0,237.0,0.0
18538,32.0,473.0,0.0
18539,15.0,148.0,0.0
18540,146.0,274.0,0.0
18541,124.0,590.0,0.0
18542,138.0,21.0,0.0
18543,14.0,317.0,0.0
18544,33.0,546.0,0.0
18545,182.0,534.0,0.0
18546,170.0,494.0,0.0
18547,32.0,444.0,0.0
18548,188.0,423.0,0.0
18549,34.0,214.0,0.0
18550,4.0,241.0,0.0
18551,202.0,14.0,0.0
18552,76.0,244.0,0.0
18553,101.0,135.0,0.0
18554,127.0,390.0,0.0
18555,60.0,135.0,0.0
18556,43.0,292.0,0.0
18557,33.0,431.0,0.0
18558,240.0,470.0,0.0
18559,97.0,162.0,0.0
18560,201.0,148.0,0.0
18561,119.0,149.0,0.0
18562,145.0,535.0,0.0
18563,18.0,507.0,0.0
18564,263.0,242.0,0.0
18565,135.0,518.0,0.0
18566,188.0,535.0,0.0
18567,140.0,334.0,0.0
18568,133.0,342.0,0.0
18569,37.0,163.0,0.0
18570,32.0,324.0,0.0
18571,62.0,75.0,0.0
18572,215.0,258.0,0.0
18573,109.0,484.0,0.0
18574,106.0,300.0,0.0
18575,258.0,338.0,0.0
18576,6.0,378.0,0.0
18577,49.0,558.0,0.0
18578,200.0,173.0,0.0
18579,147.0,587.0,0.0
18580,85.0,402.0,0.0
18581,17.0,22.0,0.0
18582,219.0,85.0,0.0
18583,107.0,212.0,0.0
18584,179.0,142.0,0.0
18585,228.0,227.0,0.0
18586,174.0,528.0,0.0
18587,28.0,85.0,0.0
18588,201.0,471.0,0.0
18589,132.0,307.0,0.0
18590,165.0,334.0,0.0
18591,148.0,267.0,0.0
18592,138.0,237.0,0.0
18593,185.0,473.0,0.0
18594,133.0,503.0,0.0
18595,19.0,481.0,0.0
18596,96.0,329.0,0.0
18597,216.0,112.0,0.0
18598,162.0,88.0,0.0
18599,251.0,386.0,0.0
18600,158.0,214.0,0.0
18601,214.0,337.0,0.0
18602,43.0,227.0,0.0
18603,117.0,371.0,0.0
18604,143.0,452.0,0.0
18605,136.0,546.0,0.0
18606,154.0,194.0,0.0
18607,116.0,425.0,0.0
18608,148.0,286.0,0.0
18609,246.0,300.0,0.0
18610,145.0,153.0,0.0
18611,96.0,408.0,0.0
18612,77.0,222.0,0.0
18613,42.0,76.0,0.0
18614,154.0,472.0,0.0
18615,222.0,131.0,0.0
18616,173.0,514.0,0.0
18617,19.0,441.0,0.0
18618,222.0,470.0,0.0
18619,246.0,184.0,0.0
18620,182.0,209.0,0.0
18621,249.0,60.0,0.0
18622,78.0,438.0,0.0
18623,202.0,258.0,0.0
18624,150.0,453.0,0.0
18625,74.0,151.0,0.0
18626,72.0,319.0,0.0
18627,17.0,366.0,0.0
18628,80.0,257.0,0.0
18629,40.0,108.0,0.0
18630,90.0,271.0,0.0
18631,14.0,454.0,0.0
18632,11.0,520.0,0.0
18633,109.0,531.0,0.0
18634,133.0,466.0,0.0
18635,232.0,401.0,0.0
18636,17.0,591.0,0.0
18637,71.0,220.0,0.0
18638,39.0,382.0,0.0
18639,224.0,282.0,0.0
18640,152.0,482.0,0.0
18641,231.0,91.0,0.0
18642,211.0,267.0,0.0
18643,116.0,82.0,0.0
18644,123.0,305.0,0.0
18645,96.0,22.0,0.0
18646,261.0,68.0,0.0
18647,33.0,542.0,0.0
18648,138.0,312.0,0.0
18649,89.0,335.0,0.0
18650,34.0,371.0,0.0
18651,192.0,121.0,0.0
18652,57.0,552.0,0.0
18653,193.0,187.0,0.0
18654,13.0,380.0,0.0
18655,131.0,541.0,0.0
18656,63.0,420.0,0.0
18657,204.0,382.0,0.0
18658,123.0,530.0,0.0
18659,257.0,7.0,0.0
18660,253.0,591.0,0.0
18661,246.0,110.0,0.0
18662,86.0,585.0,0.0
18663,176.0,502.0,0.0
18664,96.0,365.0,0.0
18665,101.0,572.0,0.0
18666,176.0,250.0,0.0
18667,220.0,171.0,0.0
18668,247.0,447.0,0.0
18669,94.0,253.0,0.0
18670,137.0,164.0,0.0
18671,32.0,183.0,0.0
18672,77.0,507.0,0.0
18673,133.0,558.0,0.0
18674,100.0,335.0,0.0
18675,73.0,91.0,0.0
18676,98.0,270.0,0.0
18677,237.0,268.0,0.0
18678,240.0,479.0,0.0
18679,250.0,480.0,0.0
18680,87.0,480.0,0.0
18681,136.0,129.0,0.0
18682,91.0,126.0,0.0
18683,38.0,45.0,0.0
18684,38.0,470.0,0.0
18685,188.0,20.0,0.0
18686,40.0,237.0,0.0
18687,1.0,232.0,0.0
18688,229.0,480.0,0.0
18689,126.0,284.0,0.0
18690,222.0,170.0,0.0
18691,0.0,405.0,0.0
18692,3.0,421.0,0.0
18693,147.0,581.0,0.0
18694,139.0,79.0,0.0
18695,179.0,4.0,0.0
18696,88.0,438.0,0.0
18697,93.0,26.0,0.0
18698,94.0,86.0,0.0
18699,204.0,206.0,0.0
18700,260.0,258.0,0.0
18701,180.0,476.0,0.0
18702,68.0,435.0,0.0
18703,251.0,536.0,0.0
18704,26.0,307.0,0.0
18705,25.0,250.0,0.0
18706,167.0,235.0,0.0
18707,220.0,366.0,0.0
18708,176.0,13.0,0.0
18709,51.0,412.0,0.0
18710,107.0,515.0,0.0
18711,1.0,258.0,0.0
18712,22.0,574.0,0.0
18713,215.0,185.0,0.0
18714,37.0,519.0,0.0
18715,15.0,105.0,0.0
18716,190.0,595.0,0.0
18717,193.0,354.0,0.0
18718,246.0,197.0,0.0
18719,131.0,278.0,0.0
18720,193.0,565.0,0.0
18721,246.0,103.0,0.0
18722,60.0,132.0,0.0
18723,195.0,454.0,0.0
18724,69.0,355.0,0.0
18725,125.0,240.0,0.0
18726,167.0,402.0,0.0
18727,64.0,450.0,0.0
18728,159.0,550.0,0.0
18729,221.0,168.0,0.0
18730,152.0,459.0,0.0
18731,174.0,71.0,0.0
18732,78.0,248.0,0.0
18733,268.0,8.0,0.0
18734,203.0,369.0,0.0
18735,2.0,507.0,0.0
18736,226.0,401.0,0.0
18737,116.0,519.0,0.0
18738,36.0,314.0,0.0
18739,95.0,122.0,0.0
18740,198.0,273.0,0.0
18741,98.0,176.0,0.0
18742,45.0,342.0,0.0
18743,237.0,470.0,0.0
18744,171.0,184.0,0.0
18745,46.0,139.0,0.0
18746,262.0,533.0,0.0
18747,129.0,92.0,0.0
18748,115.0,436.0,0.0
18749,195.0,465.0,0.0
18750,235.0,408.0,0.0
18751,98.0,284.0,0.0
18752,12.0,257.0,0.0
18753,157.0,373.0,0.0
18754,41.0,515.0,0.0
18755,214.0,301.0,0.0
18756,103.0,78.0,0.0
18757,220.0,121.0,0.0
18758,130.0,38.0,0.0
18759,21.0,501.0,0.0
18760,109.0,318.0,0.0
18761,225.0,241.0,0.0
18762,246.0,388.0,0.0
18763,267.0,331.0,0.0
18764,162.0,428.0,0.0
18765,223.0,554.0,0.0
18766,59.0,343.0,0.0
18767,125.0,572.0,0.0
18768,244.0,249.0,0.0
18769,107.0,30.0,0.0
18770,53.0,33.0,0.0
18771,0.0,200.0,0.0
18772,177.0,515.0,0.0
18773,10.0,17.0,0.0
18774,239.0,79.0,0.0
18775,26.0,555.0,0.0
18776,80.0,177.0,0.0
18777,126.0,577.0,0.0
18778,92.0,238.0,0.0
18779,74.0,372.0,0.0
18780,211.0,403.0,0.0
18781,180.0,67.0,0.0
18782,153.0,171.0,0.0
18783,81.0,551.0,0.0
18784,34.0,480.0,0.0
18785,224.0,449.0,0.0
18786,64.0,589.0,0.0
18787,263.0,77.0,0.0
18788,74.0,290.0,0.0
18789,162.0,465.0,0.0
18790,91.0,338.0,0.0
18791,247.0,200.0,0.0
18792,14.0,198.0,0.0
18793,248.0,501.0,0.0
18794,111.0,476.0,0.0
18795,126.0,423.0,0.0
18796,41.0,342.0,0.0
18797,164.0,166.0,0.0
18798,121.0,336.0,0.0
18799,178.0,87.0,0.0
18800,226.0,215.0,0.0
18801,134.0,358.0,0.0
18802,157.0,519.0,0.0
18803,238.0,44.0,0.0
18804,138.0,168.0,0.0
18805,54.0,221.0,0.0
18806,200.0,571.0,0.0
18807,254.0,83.0,0.0
18808,90.0,244.0,0.0
18809,206.0,508.0,0.0
18810,221.0,169.0,0.0
18811,28.0,245.0,0.0
18812,54.0,545.0,0.0
18813,156.0,271.0,0.0
18814,100.0,161.0,0.0
18815,52.0,56.0,0.0
18816,16.0,262.0,0.0
18817,228.0,237.0,0.0
18818,91.0,375.0,0.0
18819,26.0,33.0,0.0
18820,262.0,585.0,0.0
18821,49.0,563.0,0.0
18822,81.0,512.0,0.0
18823,144.0,62.0,0.0
18824,55.0,397.0,0.0
18825,218.0,57.0,0.0
18826,28.0,250.0,0.0
18827,264.0,298.0,0.0
18828,262.0,97.0,0.0
18829,103.0,292.0,0.0
18830,55.0,278.0,0.0
18831,232.0,390.0,0.0
18832,33.0,372.0,0.0
18833,163.0,94.0,0.0
18834,190.0,126.0,0.0
18835,246.0,93.0,0.0
18836,150.0,446.0,0.0
18837,156.0,270.0,0.0
18838,92.0,217.0,0.0
18839,73.0,77.0,0.0
18840,50.0,182.0,0.0
18841,71.0,443.0,0.0
18842,177.0,14.0,0.0
18843,257.0,41.0,0.0
18844,187.0,334.0,0.0
18845,60.0,20.0,0.0
18846,225.0,317.0,0.0
18847,115.0,102.0,0.0
18848,172.0,197.0,0.0
18849,21.0,549.0,0.0
18850,267.0,83.0,0.0
18851,228.0,160.0,0.0
18852,37.0,306.0,0.0
18853,152.0,344.0,0.0
18854,100.0,234.0,0.0
18855,210.0,31.0,0.0
18856,20.0,570.0,0.0
18857,58.0,12.0,0.0
18858,222.0,325.0,0.0
18859,79.0,402.0,0.0
18860,135.0,140.0,0.0
18861,14.0,564.0,0.0
18862,88.0,336.0,0.0
18863,211.0,216.0,0.0
18864,193.0,411.0,0.0
18865,184.0,198.0,0.0
18866,26.0,594.0,0.0
18867,24.0,13.0,0.0
18868,225.0,262.0,0.0
18869,158.0,308.0,0.0
18870,208.0,399.0,0.0
18871,247.0,236.0,0.0
18872,13.0,378.0,0.0
18873,44.0,166.0,0.0
18874,43.0,363.0,0.0
18875,65.0,378.0,0.0
18876,236.0,479.0,0.0
18877,231.0,479.0,0.0
18878,40.0,367.0,0.0
18879,134.0,474.0,0.0
18880,104.0,538.0,0.0
18881,172.0,162.0,0.0
18882,261.0,582.0,0.0
18883,246.0,280.0,0.0
18884,120.0,566.0,0.0
18885,89.0,249.0,0.0
18886,188.0,210.0,0.0
18887,205.0,580.0,0.0
18888,196.0,487.0,0.0
18889,204.0,493.0,0.0
18890,251.0,522.0,0.0
18891,80.0,494.0,0.0
18892,188.0,503.0,0.0
18893,44.0,503.0,0.0
18894,139.0,436.0,0.0
18895,234.0,521.0,0.0
18896,126.0,153.0,0.0
18897,70.0,219.0,0.0
18898,150.0,165.0,0.0
18899,217.0,526.0,0.0
18900,154.0,470.0,0.0
18901,156.0,460.0,0.0
18902,155.0,11.0,0.0
18903,83.0,164.0,0.0
18904,248.0,353.0,0.0
18905,32.0,384.0,0.0
18906,210.0,344.0,0.0
18907,50.0,432.0,0.0
18908,175.0,539.0,0.0
18909,169.0,568.0,0.0
18910,160.0,590.0,0.0
18911,242.0,198.0,0.0
18912,31.0,366.0,0.0
18913,74.0,553.0,0.0
18914,242.0,140.0,0.0
18915,187.0,416.0,0.0
18916,124.0,492.0,0.0
18917,230.0,94.0,0.0
18918,36.0,282.0,0.0
18919,5.0,325.0,0.0
18920,101.0,73.0,0.0
18921,131.0,508.0,0.0
18922,43.0,302.0,0.0
18923,199.0,357.0,0.0
18924,3.0,17.0,0.0
18925,184.0,31.0,0.0
18926,189.0,509.0,0.0
18927,9.0,497.0,0.0
18928,236.0,314.0,0.0
18929,242.0,114.0,0.0
18930,76.0,409.0,0.0
18931,209.0,378.0,0.0
18932,260.0,447.0,0.0
18933,76.0,190.0,0.0
18934,124.0,371.0,0.0
18935,166.0,245.0,0.0
18936,42.0,193.0,0.0
18937,15.0,120.0,0.0
18938,174.0,532.0,0.0
18939,115.0,470.0,0.0
18940,203.0,537.0,0.0
18941,120.0,273.0,0.0
18942,4.0,104.0,0.0
18943,76.0,516.0,0.0
18944,122.0,21.0,0.0
18945,9.0,482.0,0.0
18946,178.0,237.0,0.0
18947,16.0,226.0,0.0
18948,165.0,406.0,0.0
18949,153.0,110.0,0.0
18950,197.0,175.0,0.0
18951,146.0,497.0,0.0
18952,267.0,77.0,0.0
18953,206.0,432.0,0.0
18954,17.0,145.0,0.0
18955,211.0,73.0,0.0
18956,40.0,556.0,0.0
18957,134.0,200.0,0.0
18958,198.0,256.0,0.0
18959,265.0,490.0,0.0
18960,234.0,263.0,0.0
18961,202.0,367.0,0.0
18962,210.0,4.0,0.0
18963,133.0,86.0,0.0
18964,50.0,410.0,0.0
18965,71.0,93.0,0.0
18966,33.0,549.0,0.0
18967,80.0,357.0,0.0
18968,228.0,329.0,0.0
18969,44.0,95.0,0.0
18970,124.0,448.0,0.0
18971,230.0,486.0,0.0
18972,209.0,513.0,0.0
18973,132.0,383.0,0.0
18974,100.0,227.0,0.0
18975,164.0,502.0,0.0
18976,83.0,15.0,0.0
18977,208.0,437.0,0.0
18978,63.0,240.0,0.0
18979,248.0,478.0,0.0
18980,118.0,586.0,0.0
18981,107.0,63.0,0.0
18982,15.0,484.0,0.0
18983,15.0,315.0,0.0
18984,20.0,491.0,0.0
18985,106.0,270.0,0.0
18986,254.0,318.0,0.0
18987,102.0,417.0,0.0
18988,175.0,104.0,0.0
18989,1.0,253.0,0.0
18990,247.0,473.0,0.0
18991,94.0,448.0,0.0
18992,187.0,385.0,0.0
18993,111.0,260.0,0.0
18994,52.0,500.0,0.0
18995,3.0,259.0,0.0
18996,126.0,538.0,0.0
18997,27.0,304.0,0.0
18998,114.0,382.0,0.0
18999,172.0,22.0,0.0
19000,212.0,463.0,0.0
19001,55.0,131.0,0.0
19002,191.0,249.0,0.0
19003,15.0,446.0,0.0
19004,25.0,587.0,0.0
19005,99.0,571.0,0.0
19006,238.0,570.0,0.0
19007,45.0,149.0,0.0
19008,140.0,192.0,0.0
19009,160.0,255.0,0.0
19010,154.0,548.0,0.0
19011,131.0,510.0,0.0
19012,193.0,439.0,0.0
19013,94.0,166.0,0.0
19014,166.0,106.0,0.0
19015,140.0,350.0,0.0
19016,48.0,17.0,0.0
19017,164.0,433.0,0.0
19018,154.0,541.0,0.0
19019,132.0,269.0,0.0
19020,189.0,197.0,0.0
19021,124.0,418.0,0.0
19022,39.0,144.0,0.0
19023,68.0,167.0,0.0
19024,181.0,410.0,0.0
19025,173.0,449.0,0.0
19026,101.0,20.0,0.0
19027,92.0,313.0,0.0
19028,72.0,537.0,0.0
19029,204.0,52.0,0.0
19030,239.0,471.0,0.0
19031,73.0,144.0,0.0
19032,118.0,573.0,0.0
19033,91.0,251.0,0.0
19034,155.0,137.0,0.0
19035,118.0,558.0,0.0
19036,64.0,344.0,0.0
19037,9.0,543.0,0.0
19038,129.0,509.0,0.0
19039,248.0,156.0,0.0
19040,256.0,576.0,0.0
19041,267.0,46.0,0.0
19042,36.0,4.0,0.0
19043,240.0,77.0,0.0
19044,71.0,17.0,0.0
19045,247.0,22.0,0.0
19046,80.0,555.0,0.0
19047,268.0,374.0,0.0
19048,24.0,421.0,0.0
19049,33.0,260.0,0.0
19050,258.0,570.0,0.0
19051,175.0,514.0,0.0
19052,237.0,593.0,0.0
19053,147.0,67.0,0.0
19054,17.0,244.0,0.0
19055,80.0,108.0,0.0
19056,219.0,158.0,0.0
19057,103.0,475.0,0.0
19058,104.0,202.0,0.0
19059,26.0,213.0,0.0
19060,135.0,300.0,0.0
19061,241.0,354.0,0.0
19062,150.0,517.0,0.0
19063,173.0,418.0,0.0
19064,79.0,266.0,0.0
19065,118.0,259.0,0.0
19066,264.0,165.0,0.0
19067,236.0,407.0,0.0
19068,169.0,475.0,0.0
19069,230.0,248.0,0.0
19070,171.0,298.0,0.0
19071,41.0,554.0,0.0
19072,253.0,447.0,0.0
19073,148.0,452.0,0.0
19074,211.0,345.0,0.0
19075,90.0,428.0,0.0
19076,189.0,356.0,0.0
19077,113.0,554.0,0.0
19078,147.0,456.0,0.0
19079,196.0,443.0,0.0
19080,57.0,406.0,0.0
19081,29.0,345.0,0.0
19082,176.0,153.0,0.0
19083,74.0,244.0,0.0
19084,23.0,131.0,0.0
19085,36.0,420.0,0.0
19086,128.0,547.0,0.0
19087,159.0,194.0,0.0
19088,150.0,75.0,0.0
19089,220.0,270.0,0.0
19090,102.0,12.0,0.0
19091,95.0,277.0,0.0
19092,49.0,269.0,0.0
19093,196.0,62.0,0.0
19094,139.0,54.0,0.0
19095,180.0,372.0,0.0
19096,252.0,233.0,0.0
19097,155.0,280.0,0.0
19098,40.0,215.0,0.0
19099,226.0,80.0,0.0
19100,162.0,393.0,0.0
19101,93.0,201.0,0.0
19102,23.0,407.0,0.0
19103,120.0,487.0,0.0
19104,97.0,543.0,0.0
19105,127.0,446.0,0.0
19106,179.0,123.0,0.0
19107,207.0,171.0,0.0
19108,135.0,313.0,0.0
19109,66.0,408.0,0.0
19110,49.0,291.0,0.0
19111,259.0,21.0,0.0
19112,29.0,72.0,0.0
19113,72.0,582.0,0.0
19114,140.0,422.0,0.0
19115,77.0,124.0,0.0
19116,123.0,344.0,0.0
19117,113.0,76.0,0.0
19118,130.0,340.0,0.0
19119,8.0,162.0,0.0
19120,98.0,493.0,0.0
19121,249.0,61.0,0.0
19122,124.0,389.0,0.0
19123,236.0,262.0,0.0
19124,186.0,337.0,0.0
19125,114.0,60.0,0.0
19126,113.0,262.0,0.0
19127,30.0,285.0,0.0
19128,223.0,264.0,0.0
19129,72.0,153.0,0.0
19130,14.0,495.0,0.0
19131,121.0,185.0,0.0
19132,55.0,198.0,0.0
19133,60.0,196.0,0.0
19134,94.0,476.0,0.0
19135,146.0,89.0,0.0
19136,229.0,40.0,0.0
19137,157.0,297.0,0.0
19138,265.0,171.0,0.0
19139,222.0,359.0,0.0
19140,133.0,265.0,0.0
19141,74.0,356.0,0.0
19142,207.0,84.0,0.0
19143,39.0,230.0,0.0
19144,38.0,18.0,0.0
19145,198.0,524.0,0.0
19146,53.0,596.0,0.0
19147,199.0,292.0,0.0
19148,14.0,364.0,0.0
19149,223.0,434.0,0.0
19150,197.0,232.0,0.0
19151,229.0,283.0,0.0
19152,261.0,308.0,0.0
19153,156.0,43.0,0.0
19154,21.0,160.0,0.0
19155,238.0,59.0,0.0
19156,260.0,368.0,0.0
19157,110.0,83.0,0.0
19158,159.0,115.0,0.0
19159,24.0,24.0,0.0
19160,120.0,572.0,0.0
19161,70.0,270.0,0.0
19162,252.0,82.0,0.0
19163,170.0,48.0,0.0
19164,238.0,212.0,0.0
19165,259.0,70.0,0.0
19166,238.0,161.0,0.0
19167,210.0,342.0,0.0
19168,164.0,300.0,0.0
19169,132.0,187.0,0.0
19170,265.0,32.0,0.0
19171,239.0,357.0,0.0
19172,1.0,538.0,0.0
19173,138.0,218.0,0.0
19174,243.0,202.0,0.0
19175,6.0,330.0,0.0
19176,194.0,426.0,0.0
19177,193.0,344.0,0.0
19178,250.0,106.0,0.0
19179,221.0,95.0,0.0
19180,60.0,507.0,0.0
19181,198.0,503.0,0.0
19182,24.0,507.0,0.0
19183,263.0,118.0,0.0
19184,90.0,54.0,0.0
19185,202.0,255.0,0.0
19186,203.0,39.0,0.0
19187,48.0,438.0,0.0
19188,59.0,160.0,0.0
19189,151.0,561.0,0.0
19190,37.0,408.0,0.0
19191,205.0,52.0,0.0
19192,35.0,322.0,0.0
19193,103.0,433.0,0.0
19194,253.0,161.0,0.0
19195,136.0,511.0,0.0
19196,208.0,551.0,0.0
19197,4.0,597.0,0.0
19198,195.0,530.0,0.0
19199,68.0,291.0,0.0
19200,220.0,427.0,0.0
19201,153.0,155.0,0.0
19202,14.0,572.0,0.0
19203,173.0,596.0,0.0
19204,195.0,544.0,0.0
19205,94.0,306.0,0.0
19206,20.0,66.0,0.0
19207,208.0,288.0,0.0
19208,147.0,523.0,0.0
19209,152.0,508.0,0.0
19210,161.0,462.0,0.0
19211,140.0,584.0,0.0
19212,152.0,60.0,0.0
19213,66.0,239.0,0.0
19214,154.0,358.0,0.0
19215,180.0,151.0,0.0
19216,201.0,3.0,0.0
19217,154.0,372.0,0.0
19218,40.0,186.0,0.0
19219,117.0,495.0,0.0
19220,50.0,185.0,0.0
19221,104.0,327.0,0.0
19222,212.0,275.0,0.0
19223,181.0,567.0,0.0
19224,249.0,309.0,0.0
19225,177.0,35.0,0.0
19226,12.0,353.0,0.0
19227,41.0,250.0,0.0
19228,117.0,272.0,0.0
19229,251.0,282.0,0.0
19230,8.0,454.0,0.0
19231,101.0,298.0,0.0
19232,69.0,168.0,0.0
19233,84.0,110.0,0.0
19234,193.0,552.0,0.0
19235,90.0,13.0,0.0
19236,205.0,387.0,0.0
19237,177.0,137.0,0.0
19238,77.0,69.0,0.0
19239,238.0,128.0,0.0
19240,24.0,174.0,0.0
19241,152.0,254.0,0.0
19242,117.0,141.0,0.0
19243,33.0,56.0,0.0
19244,85.0,199.0,0.0
19245,151.0,545.0,0.0
19246,136.0,542.0,0.0
19247,214.0,421.0,0.0
19248,244.0,338.0,0.0
19249,114.0,242.0,0.0
19250,155.0,194.0,0.0
19251,117.0,169.0,0.0
19252,251.0,43.0,0.0
19253,237.0,490.0,0.0
19254,32.0,167.0,0.0
19255,121.0,296.0,0.0
19256,72.0,368.0,0.0
19257,26.0,73.0,0.0
19258,12.0,185.0,0.0
19259,193.0,271.0,0.0
19260,220.0,301.0,0.0
19261,57.0,73.0,0.0
19262,70.0,309.0,0.0
19263,246.0,76.0,0.0
19264,46.0,169.0,0.0
19265,135.0,454.0,0.0
19266,2.0,557.0,0.0
19267,199.0,504.0,0.0
19268,210.0,508.0,0.0
19269,64.0,592.0,0.0
19270,175.0,462.0,0.0
19271,181.0,489.0,0.0
19272,151.0,3.0,0.0
19273,139.0,11.0,0.0
19274,205.0,389.0,0.0
19275,255.0,35.0,0.0
19276,187.0,69.0,0.0
19277,199.0,558.0,0.0
19278,71.0,283.0,0.0
19279,58.0,263.0,0.0
19280,15.0,243.0,0.0
19281,152.0,292.0,0.0
19282,259.0,581.0,0.0
19283,142.0,325.0,0.0
19284,116.0,379.0,0.0
19285,222.0,386.0,0.0
19286,122.0,190.0,0.0
19287,29.0,493.0,0.0
19288,28.0,253.0,0.0
19289,158.0,362.0,0.0
19290,76.0,531.0,0.0
19291,126.0,329.0,0.0
19292,168.0,402.0,0.0
19293,193.0,519.0,0.0
19294,126.0,479.0,0.0
19295,210.0,428.0,0.0
19296,26.0,406.0,0.0
19297,227.0,479.0,0.0
19298,249.0,434.0,0.0
19299,179.0,367.0,0.0
19300,92.0,190.0,0.0
19301,183.0,148.0,0.0
19302,60.0,82.0,0.0
19303,148.0,85.0,0.0
19304,185.0,328.0,0.0
19305,59.0,583.0,0.0
19306,212.0,159.0,0.0
19307,184.0,171.0,0.0
19308,103.0,181.0,0.0
19309,53.0,519.0,0.0
19310,165.0,347.0,0.0
19311,189.0,8.0,0.0
19312,124.0,343.0,0.0
19313,52.0,513.0,0.0
19314,124.0,402.0,0.0
19315,180.0,301.0,0.0
19316,140.0,237.0,0.0
19317,195.0,575.0,0.0
19318,90.0,200.0,0.0
19319,146.0,456.0,0.0
19320,193.0,593.0,0.0
19321,133.0,517.0,0.0
19322,198.0,17.0,0.0
19323,197.0,362.0,0.0
19324,210.0,444.0,0.0
19325,67.0,45.0,0.0
19326,231.0,200.0,0.0
19327,11.0,450.0,0.0
19328,136.0,172.0,0.0
19329,131.0,442.0,0.0
19330,149.0,158.0,0.0
19331,260.0,401.0,0.0
19332,74.0,6.0,0.0
19333,42.0,494.0,0.0
19334,12.0,285.0,0.0
19335,243.0,579.0,0.0
19336,22.0,72.0,0.0
19337,228.0,255.0,0.0
19338,254.0,353.0,0.0
19339,184.0,167.0,0.0
19340,258.0,188.0,0.0
19341,8.0,587.0,0.0
19342,247.0,543.0,0.0
19343,14.0,353.0,0.0
19344,88.0,395.0,0.0
19345,61.0,159.0,0.0
19346,107.0,1.0,0.0
19347,134.0,315.0,0.0
19348,202.0,534.0,0.0
19349,88.0,94.0,0.0
19350,35.0,10.0,0.0
19351,30.0,245.0,0.0
19352,67.0,269.0,0.0
19353,266.0,443.0,0.0
19354,267.0,396.0,0.0
19355,98.0,337.0,0.0
19356,114.0,502.0,0.0
19357,87.0,61.0,0.0
19358,246.0,491.0,0.0
19359,234.0,374.0,0.0
19360,266.0,162.0,0.0
19361,146.0,365.0,0.0
19362,211.0,503.0,0.0
19363,12.0,583.0,0.0
19364,142.0,107.0,0.0
19365,179.0,483.0,0.0
19366,115.0,574.0,0.0
19367,22.0,301.0,0.0
19368,76.0,443.0,0.0
19369,218.0,525.0,0.0
19370,5.0,23.0,0.0
19371,261.0,326.0,0.0
19372,78.0,188.0,0.0
19373,267.0,131.0,0.0
19374,212.0,65.0,0.0
19375,194.0,329.0,0.0
19376,212.0,591.0,0.0
19377,99.0,429.0,0.0
19378,72.0,306.0,0.0
19379,226.0,557.0,0.0
19380,5.0,120.0,0.0
19381,250.0,247.0,0.0
19382,9.0,74.0,0.0
19383,48.0,244.0,0.0
19384,78.0,427.0,0.0
19385,11.0,436.0,0.0
19386,120.0,227.0,0.0
19387,126.0,194.0,0.0
19388,51.0,252.0,0.0
19389,84.0,63.0,0.0
19390,233.0,586.0,0.0
19391,223.0,271.0,0.0
19392,44.0,592.0,0.0
19393,263.0,20.0,0.0
19394,21.0,308.0,0.0
19395,92.0,592.0,0.0
19396,187.0,209.0,0.0
19397,241.0,21.0,0.0
19398,38.0,388.0,0.0
19399,106.0,434.0,0.0
19400,266.0,108.0,0.0
19401,34.0,244.0,0.0
19402,175.0,274.0,0.0
19403,237.0,522.0,0.0
19404,57.0,443.0,0.0
19405,34.0,518.0,0.0
19406,135.0,437.0,0.0
19407,191.0,335.0,0.0
19408,238.0,284.0,0.0
19409,104.0,171.0,0.0
19410,167.0,279.0,0.0
19411,263.0,495.0,0.0
19412,18.0,302.0,0.0
19413,55.0,160.0,0.0
19414,197.0,185.0,0.0
19415,251.0,501.0,0.0
19416,207.0,235.0,0.0
19417,236.0,322.0,0.0
19418,48.0,143.0,0.0
19419,188.0,332.0,0.0
19420,152.0,97.0,0.0
19421,21.0,535.0,0.0
19422,166.0,90.0,0.0
19423,93.0,385.0,0.0
19424,57.0,101.0,0.0
19425,69.0,301.0,0.0
19426,111.0,223.0,0.0
19427,9.0,527.0,0.0
19428,33.0,487.0,0.0
19429,141.0,323.0,0.0
19430,73.0,438.0,0.0
19431,109.0,193.0,0.0
19432,21.0,251.0,0.0
19433,37.0,188.0,0.0
19434,126.0,268.0,0.0
19435,48.0,479.0,0.0
19436,227.0,324.0,0.0
19437,145.0,539.0,0.0
19438,4.0,96.0,0.0
19439,125.0,269.0,0.0
19440,190.0,341.0,0.0
19441,173.0,366.0,0.0
19442,20.0,414.0,0.0
19443,119.0,350.0,0.0
19444,209.0,161.0,0.0
19445,235.0,300.0,0.0
19446,140.0,75.0,0.0
19447,85.0,455.0,0.0
19448,110.0,476.0,0.0
19449,125.0,106.0,0.0
19450,171.0,31.0,0.0
19451,24.0,259.0,0.0
19452,137.0,66.0,0.0
19453,76.0,230.0,0.0
19454,67.0,384.0,0.0
19455,203.0,219.0,0.0
19456,203.0,424.0,0.0
19457,186.0,585.0,0.0
19458,123.0,373.0,0.0
19459,116.0,348.0,0.0
19460,183.0,572.0,0.0
19461,110.0,23.0,0.0
19462,268.0,552.0,0.0
19463,0.0,581.0,0.0
19464,94.0,201.0,0.0
19465,202.0,307.0,0.0
19466,254.0,162.0,0.0
19467,159.0,371.0,0.0
19468,229.0,346.0,0.0
19469,266.0,279.0,0.0
19470,21.0,0.0,0.0
19471,187.0,384.0,0.0
19472,27.0,189.0,0.0
19473,91.0,43.0,0.0
19474,260.0,374.0,0.0
19475,130.0,114.0,0.0
19476,102.0,305.0,0.0
19477,68.0,109.0,0.0
19478,219.0,447.0,0.0
19479,148.0,345.0,0.0
19480,204.0,22.0,0.0
19481,193.0,199.0,0.0
19482,220.0,59.0,0.0
19483,204.0,413.0,0.0
19484,248.0,438.0,0.0
19485,264.0,244.0,0.0
19486,62.0,11.0,0.0
19487,99.0,281.0,0.0
19488,18.0,127.0,0.0
19489,138.0,586.0,0.0
19490,245.0,346.0,0.0
19491,156.0,265.0,0.0
19492,5.0,172.0,0.0
19493,50.0,46.0,0.0
19494,43.0,36.0,0.0
19495,105.0,117.0,0.0
19496,120.0,393.0,0.0
19497,209.0,104.0,0.0
19498,31.0,142.0,0.0
19499,53.0,42.0,0.0
19500,63.0,425.0,0.0
19501,45.0,185.0,0.0
19502,125.0,198.0,0.0
19503,190.0,530.0,0.0
19504,220.0,314.0,0.0
19505,213.0,103.0,0.0
19506,147.0,43.0,0.0
19507,94.0,57.0,0.0
19508,199.0,1.0,0.0
19509,121.0,385.0,0.0
19510,261.0,445.0,0.0
19511,69.0,259.0,0.0
19512,6.0,507.0,0.0
19513,81.0,438.0,0.0
19514,41.0,248.0,0.0
19515,175.0,510.0,0.0
19516,101.0,451.0,0.0
19517,113.0,341.0,0.0
19518,183.0,440.0,0.0
19519,221.0,122.0,0.0
19520,89.0,419.0,0.0
19521,168.0,68.0,0.0
19522,251.0,553.0,0.0
19523,80.0,284.0,0.0
19524,73.0,200.0,0.0
19525,194.0,540.0,0.0
19526,7.0,188.0,0.0
19527,50.0,591.0,0.0
19528,221.0,206.0,0.0
19529,246.0,18.0,0.0
19530,97.0,35.0,0.0
19531,84.0,196.0,0.0
19532,110.0,288.0,0.0
19533,14.0,475.0,0.0
19534,106.0,309.0,0.0
19535,163.0,102.0,0.0
19536,28.0,24.0,0.0
19537,256.0,298.0,0.0
19538,184.0,152.0,0.0
19539,190.0,276.0,0.0
19540,134.0,407.0,0.0
19541,98.0,64.0,0.0
19542,81.0,351.0,0.0
19543,209.0,480.0,0.0
19544,176.0,558.0,0.0
19545,92.0,300.0,0.0
19546,204.0,160.0,0.0
19547,156.0,313.0,0.0
19548,169.0,37.0,0.0
19549,35.0,21.0,0.0
19550,158.0,568.0,0.0
19551,207.0,537.0,0.0
19552,67.0,181.0,0.0
19553,242.0,462.0,0.0
19554,12.0,64.0,0.0
19555,18.0,189.0,0.0
19556,222.0,499.0,0.0
19557,240.0,305.0,0.0
19558,242.0,19.0,0.0
19559,1.0,408.0,0.0
19560,246.0,98.0,0.0
19561,32.0,357.0,0.0
19562,64.0,444.0,0.0
19563,210.0,559.0,0.0
19564,212.0,520.0,0.0
19565,206.0,431.0,0.0
19566,250.0,399.0,0.0
19567,0.0,190.0,0.0
19568,168.0,132.0,0.0
19569,127.0,1.0,0.0
19570,202.0,6.0,0.0
19571,243.0,464.0,0.0
19572,248.0,289.0,0.0
19573,186.0,350.0,0.0
19574,207.0,276.0,0.0
19575,26.0,528.0,0.0
19576,31.0,306.0,0.0
19577,262.0,579.0,0.0
19578,181.0,405.0,0.0
19579,188.0,228.0,0.0
19580,102.0,257.0,0.0
19581,147.0,90.0,0.0
19582,143.0,256.0,0.0
19583,172.0,506.0,0.0
19584,123.0,394.0,0.0
19585,205.0,5.0,0.0
19586,267.0,116.0,0.0
19587,225.0,40.0,0.0
19588,241.0,125.0,0.0
19589,76.0,311.0,0.0
19590,170.0,172.0,0.0
19591,135.0,197.0,0.0
19592,111.0,34.0,0.0
19593,14.0,233.0,0.0
19594,23.0,393.0,0.0
19595,196.0,512.0,0.0
19596,6.0,295.0,0.0
19597,82.0,572.0,0.0
19598,223.0,443.0,0.0
19599,257.0,552.0,0.0
19600,200.0,118.0,0.0
19601,193.0,430.0,0.0
19602,265.0,371.0,0.0
19603,36.0,410.0,0.0
19604,116.0,378.0,0.0
19605,221.0,400.0,0.0
19606,249.0,295.0,0.0
19607,162.0,338.0,0.0
19608,57.0,563.0,0.0
19609,29.0,303.0,0.0
19610,24.0,305.0,0.0
19611,34.0,51.0,0.0
19612,237.0,514.0,0.0
19613,117.0,366.0,0.0
19614,237.0,263.0,0.0
19615,147.0,555.0,0.0
19616,208.0,72.0,0.0
19617,199.0,161.0,0.0
19618,90.0,339.0,0.0
19619,43.0,520.0,0.0
19620,219.0,389.0,0.0
19621,49.0,353.0,0.0
19622,120.0,442.0,0.0
19623,254.0,122.0,0.0
19624,223.0,283.0,0.0
19625,219.0,75.0,0.0
19626,139.0,329.0,0.0
19627,28.0,521.0,0.0
19628,180.0,203.0,0.0
19629,50.0,424.0,0.0
19630,146.0,373.0,0.0
19631,130.0,325.0,0.0
19632,173.0,135.0,0.0
19633,181.0,42.0,0.0
19634,15.0,137.0,0.0
19635,65.0,538.0,0.0
19636,148.0,290.0,0.0
19637,202.0,535.0,0.0
19638,29.0,226.0,0.0
19639,263.0,19.0,0.0
19640,34.0,306.0,0.0
19641,152.0,229.0,0.0
19642,170.0,459.0,0.0
19643,260.0,395.0,0.0
19644,219.0,198.0,0.0
19645,200.0,550.0,0.0
19646,8.0,283.0,0.0
19647,38.0,412.0,0.0
19648,245.0,253.0,0.0
19649,255.0,545.0,0.0
19650,228.0,202.0,0.0
19651,74.0,208.0,0.0
19652,173.0,496.0,0.0
19653,147.0,513.0,0.0
19654,55.0,228.0,0.0
19655,71.0,333.0,0.0
19656,16.0,535.0,0.0
19657,40.0,153.0,0.0
19658,201.0,239.0,0.0
19659,215.0,167.0,0.0
19660,204.0,17.0,0.0
19661,176.0,67.0,0.0
19662,59.0,414.0,0.0
19663,21.0,582.0,0.0
19664,231.0,382.0,0.0
19665,251.0,528.0,0.0
19666,181.0,207.0,0.0
19667,74.0,199.0,0.0
19668,252.0,282.0,0.0
19669,92.0,389.0,0.0
19670,61.0,451.0,0.0
19671,77.0,265.0,0.0
19672,247.0,516.0,0.0
19673,237.0,590.0,0.0
19674,230.0,445.0,0.0
19675,217.0,402.0,0.0
19676,83.0,273.0,0.0
19677,190.0,540.0,0.0
19678,237.0,251.0,0.0
19679,32.0,438.0,0.0
19680,167.0,156.0,0.0
19681,240.0,264.0,0.0
19682,182.0,13.0,0.0
19683,135.0,540.0,0.0
19684,95.0,322.0,0.0
19685,189.0,553.0,0.0
19686,116.0,94.0,0.0
19687,22.0,579.0,0.0
19688,243.0,38.0,0.0
19689,190.0,232.0,0.0
19690,77.0,39.0,0.0
19691,218.0,26.0,0.0
19692,80.0,578.0,0.0
19693,29.0,64.0,0.0
19694,218.0,85.0,0.0
19695,12.0,231.0,0.0
19696,181.0,237.0,0.0
19697,133.0,233.0,0.0
19698,27.0,96.0,0.0
19699,103.0,85.0,0.0
19700,255.0,467.0,0.0
19701,247.0,297.0,0.0
19702,20.0,555.0,0.0
19703,172.0,336.0,0.0
19704,242.0,23.0,0.0
19705,105.0,283.0,0.0
19706,151.0,579.0,0.0
19707,109.0,440.0,0.0
19708,152.0,452.0,0.0
19709,41.0,194.0,0.0
19710,79.0,193.0,0.0
19711,6.0,562.0,0.0
19712,255.0,370.0,0.0
19713,13.0,298.0,0.0
19714,106.0,166.0,0.0
19715,104.0,411.0,0.0
19716,50.0,55.0,0.0
19717,27.0,395.0,0.0
19718,250.0,285.0,0.0
19719,23.0,239.0,0.0
19720,174.0,232.0,0.0
19721,107.0,405.0,0.0
19722,159.0,70.0,0.0
19723,76.0,268.0,0.0
19724,33.0,53.0,0.0
19725,192.0,551.0,0.0
19726,229.0,49.0,0.0
19727,254.0,236.0,0.0
19728,220.0,557.0,0.0
19729,50.0,235.0,0.0
19730,143.0,538.0,0.0
19731,220.0,168.0,0.0
19732,24.0,48.0,0.0
19733,35.0,53.0,0.0
19734,13.0,158.0,0.0
19735,118.0,100.0,0.0
19736,17.0,550.0,0.0
19737,57.0,360.0,0.0
19738,58.0,332.0,0.0
19739,101.0,532.0,0.0
19740,237.0,87.0,0.0
19741,110.0,283.0,0.0
19742,118.0,376.0,0.0
19743,100.0,103.0,0.0
19744,147.0,91.0,0.0
19745,165.0,327.0,0.0
19746,167.0,467.0,0.0
19747,248.0,159.0,0.0
19748,255.0,218.0,0.0
19749,105.0,185.0,0.0
19750,121.0,386.0,0.0
19751,32.0,20.0,0.0
19752,261.0,70.0,0.0
19753,22.0,586.0,0.0
19754,100.0,468.0,0.0
19755,3.0,595.0,0.0
19756,148.0,496.0,0.0
19757,251.0,394.0,0.0
19758,244.0,572.0,0.0
19759,239.0,336.0,0.0
19760,53.0,182.0,0.0
19761,259.0,550.0,0.0
19762,215.0,141.0,0.0
19763,50.0,322.0,0.0
19764,62.0,366.0,0.0
19765,135.0,546.0,0.0
19766,113.0,144.0,0.0
19767,125.0,44.0,0.0
19768,69.0,324.0,0.0
19769,105.0,85.0,0.0
19770,210.0,492.0,0.0
19771,192.0,135.0,0.0
19772,141.0,334.0,0.0
19773,63.0,262.0,0.0
19774,186.0,165.0,0.0
19775,179.0,9.0,0.0
19776,35.0,588.0,0.0
19777,172.0,557.0,0.0
19778,211.0,279.0,0.0
19779,96.0,452.0,0.0
19780,177.0,423.0,0.0
19781,241.0,521.0,0.0
19782,187.0,41.0,0.0
19783,213.0,223.0,0.0
19784,109.0,18.0,0.0
19785,98.0,539.0,0.0
19786,237.0,226.0,0.0
19787,221.0,413.0,0.0
19788,177.0,328.0,0.0
19789,103.0,76.0,0.0
19790,58.0,257.0,0.0
19791,204.0,92.0,0.0
19792,43.0,524.0,0.0
19793,79.0,313.0,0.0
19794,188.0,43.0,0.0
19795,33.0,190.0,0.0
19796,42.0,360.0,0.0
19797,52.0,485.0,0.0
19798,32.0,190.0,0.0
19799,3.0,291.0,0.0
19800,209.0,563.0,0.0
19801,179.0,358.0,0.0
19802,39.0,443.0,0.0
19803,224.0,468.0,0.0
19804,13.0,276.0,0.0
19805,118.0,130.0,0.0
19806,170.0,381.0,0.0
19807,264.0,468.0,0.0
19808,227.0,84.0,0.0
19809,21.0,404.0,0.0
19810,28.0,283.0,0.0
19811,195.0,106.0,0.0
19812,91.0,352.0,0.0
19813,166.0,507.0,0.0
19814,11.0,270.0,0.0
19815,112.0,74.0,0.0
19816,48.0,583.0,0.0
19817,13.0,508.0,0.0
19818,14.0,88.0,0.0
19819,151.0,78.0,0.0
19820,184.0,365.0,0.0
19821,261.0,575.0,0.0
19822,187.0,260.0,0.0
19823,92.0,342.0,0.0
19824,116.0,249.0,0.0
19825,14.0,394.0,0.0
19826,203.0,525.0,0.0
19827,27.0,295.0,0.0
19828,220.0,95.0,0.0
19829,43.0,41.0,0.0
19830,252.0,86.0,0.0
19831,69.0,243.0,0.0
19832,244.0,541.0,0.0
19833,171.0,452.0,0.0
19834,204.0,219.0,0.0
19835,206.0,26.0,0.0
19836,45.0,560.0,0.0
19837,126.0,273.0,0.0
19838,191.0,211.0,0.0
19839,227.0,15.0,0.0
19840,178.0,306.0,0.0
19841,0.0,378.0,0.0
19842,72.0,92.0,0.0
19843,169.0,358.0,0.0
19844,139.0,366.0,0.0
19845,260.0,332.0,0.0
19846,56.0,580.0,0.0
19847,118.0,120.0,0.0
19848,171.0,271.0,0.0
19849,191.0,425.0,0.0
19850,201.0,41.0,0.0
19851,18.0,583.0,0.0
19852,137.0,18.0,0.0
19853,151.0,494.0,0.0
19854,168.0,495.0,0.0
19855,237.0,412.0,0.0
19856,262.0,447.0,0.0
19857,122.0,242.0,0.0
19858,253.0,577.0,0.0
19859,211.0,314.0,0.0
19860,158.0,41.0,0.0
19861,15.0,504.0,0.0
19862,26.0,37.0,0.0
19863,108.0,465.0,0.0
19864,254.0,592.0,0.0
19865,27.0,211.0,0.0
19866,97.0,47.0,0.0
19867,46.0,417.0,0.0
19868,255.0,469.0,0.0
19869,246.0,95.0,0.0
19870,155.0,582.0,0.0
19871,159.0,175.0,0.0
19872,188.0,250.0,0.0
19873,145.0,231.0,0.0
19874,98.0,72.0,0.0
19875,72.0,11.0,0.0
19876,253.0,144.0,0.0
19877,42.0,316.0,0.0
19878,70.0,296.0,0.0
19879,161.0,266.0,0.0
19880,99.0,322.0,0.0
19881,219.0,557.0,0.0
19882,168.0,380.0,0.0
19883,146.0,589.0,0.0
19884,230.0,525.0,0.0
19885,156.0,163.0,0.0
19886,222.0,42.0,0.0
19887,209.0,200.0,0.0
19888,131.0,572.0,0.0
19889,20.0,41.0,0.0
19890,74.0,366.0,0.0
19891,79.0,332.0,0.0
19892,180.0,304.0,0.0
19893,131.0,207.0,0.0
19894,228.0,113.0,0.0
19895,135.0,578.0,0.0
19896,187.0,404.0,0.0
19897,93.0,391.0,0.0
19898,104.0,469.0,0.0
19899,74.0,200.0,0.0
19900,203.0,57.0,0.0
19901,99.0,354.0,0.0
19902,26.0,223.0,0.0
19903,202.0,236.0,0.0
19904,7.0,73.0,0.0
19905,22.0,179.0,0.0
19906,97.0,472.0,0.0
19907,45.0,14.0,0.0
19908,74.0,211.0,0.0
19909,126.0,157.0,0.0
19910,2.0,562.0,0.0
19911,118.0,534.0,0.0
19912,196.0,156.0,0.0
19913,249.0,79.0,0.0
19914,124.0,296.0,0.0
19915,37.0,476.0,0.0
19916,168.0,524.0,0.0
19917,6.0,37.0,0.0
19918,77.0,503.0,0.0
19919,253.0,556.0,0.0
19920,164.0,562.0,0.0
19921,169.0,12.0,0.0
19922,100.0,447.0,0.0
19923,116.0,184.0,0.0
19924,20.0,175.0,0.0
19925,207.0,236.0,0.0
19926,120.0,234.0,0.0
19927,12.0,112.0,0.0
19928,207.0,278.0,0.0
19929,25.0,374.0,0.0
19930,184.0,326.0,0.0
19931,104.0,382.0,0.0
19932,67.0,96.0,0.0
19933,123.0,371.0,0.0
19934,130.0,478.0,0.0
19935,155.0,80.0,0.0
19936,153.0,268.0,0.0
19937,11.0,25.0,0.0
19938,42.0,105.0,0.0
19939,225.0,214.0,0.0
19940,258.0,532.0,0.0
19941,145.0,16.0,0.0
19942,247.0,62.0,0.0
19943,154.0,525.0,0.0
19944,61.0,67.0,0.0
19945,196.0,580.0,0.0
19946,149.0,273.0,0.0
19947,240.0,535.0,0.0
19948,175.0,113.0,0.0
19949,209.0,130.0,0.0
19950,176.0,507.0,0.0
19951,57.0,471.0,0.0
19952,100.0,229.0,0.0
19953,50.0,38.0,0.0
19954,36.0,545.0,0.0
19955,238.0,460.0,0.0
19956,36.0,392.0,0.0
19957,21.0,568.0,0.0
19958,3.0,132.0,0.0
19959,243.0,441.0,0.0
19960,179.0,456.0,0.0
19961,256.0,217.0,0.0
19962,114.0,216.0,0.0
19963,149.0,345.0,0.0
19964,238.0,101.0,0.0
19965,268.0,285.0,0.0
19966,149.0,281.0,0.0
19967,246.0,493.0,0.0
19968,267.0,197.0,0.0
19969,141.0,338.0,0.0
19970,57.0,535.0,0.0
19971,215.0,227.0,0.0
19972,125.0,318.0,0.0
19973,24.0,83.0,0.0
19974,87.0,174.0,0.0
19975,40.0,305.0,0.0
19976,59.0,205.0,0.0
19977,40.0,210.0,0.0
19978,130.0,591.0,0.0
19979,12.0,98.0,0.0
19980,61.0,310.0,0.0
19981,127.0,23.0,0.0
19982,149.0,259.0,0.0
19983,6.0,376.0,0.0
19984,224.0,348.0,0.0
19985,207.0,597.0,0.0
19986,156.0,579.0,0.0
19987,261.0,310.0,0.0
19988,57.0,152.0,0.0
19989,85.0,460.0,0.0
19990,163.0,329.0,0.0
19991,42.0,97.0,0.0
19992,156.0,310.0,0.0
19993,55.0,472.0,0.0
19994,114.0,260.0,0.0
19995,187.0,128.0,0.0
19996,138.0,535.0,0.0
19997,195.0,405.0,0.0
19998,205.0,503.0,0.0
19999,57.0,558.0,0.0
20000,193.0,562.0,0.0
20001,268.0,133.0,0.0
20002,80.0,30.0,0.0
20003,24.0,180.0,0.0
20004,54.0,554.0,0.0
20005,146.0,445.0,0.0
20006,80.0,434.0,0.0
20007,14.0,402.0,0.0
20008,258.0,553.0,0.0
20009,202.0,324.0,0.0
20010,248.0,177.0,0.0
20011,158.0,476.0,0.0
20012,166.0,273.0,0.0
20013,203.0,225.0,0.0
20014,166.0,127.0,0.0
20015,73.0,510.0,0.0
20016,217.0,32.0,0.0
20017,6.0,16.0,0.0
20018,11.0,105.0,0.0
20019,193.0,150.0,0.0
20020,61.0,168.0,0.0
20021,0.0,282.0,0.0
20022,236.0,306.0,0.0
20023,32.0,202.0,0.0
20024,6.0,169.0,0.0
20025,264.0,449.0,0.0
20026,47.0,410.0,0.0
20027,142.0,539.0,0.0
20028,255.0,410.0,0.0
20029,246.0,429.0,0.0
20030,135.0,492.0,0.0
20031,103.0,560.0,0.0
20032,257.0,232.0,0.0
20033,114.0,520.0,0.0
20034,213.0,121.0,0.0
20035,156.0,490.0,0.0
20036,250.0,180.0,0.0
20037,198.0,295.0,0.0
20038,62.0,438.0,0.0
20039,210.0,518.0,0.0
20040,92.0,167.0,0.0
20041,260.0,159.0,0.0
20042,108.0,275.0,0.0
20043,46.0,545.0,0.0
20044,213.0,228.0,0.0
20045,131.0,267.0,0.0
20046,189.0,470.0,0.0
20047,39.0,459.0,0.0
20048,45.0,49.0,0.0
20049,187.0,263.0,0.0
20050,95.0,581.0,0.0
20051,232.0,503.0,0.0
20052,112.0,191.0,0.0
20053,150.0,424.0,0.0
20054,215.0,543.0,0.0
20055,123.0,160.0,0.0
20056,137.0,244.0,0.0
20057,155.0,121.0,0.0
20058,217.0,49.0,0.0
20059,17.0,496.0,0.0
20060,89.0,546.0,0.0
20061,39.0,27.0,0.0
20062,217.0,334.0,0.0
20063,196.0,360.0,0.0
20064,120.0,343.0,0.0
20065,114.0,428.0,0.0
20066,159.0,200.0,0.0
20067,206.0,51.0,0.0
20068,112.0,465.0,0.0
20069,206.0,257.0,0.0
20070,212.0,421.0,0.0
20071,198.0,428.0,0.0
20072,57.0,295.0,0.0
20073,99.0,74.0,0.0
20074,26.0,240.0,0.0
20075,56.0,352.0,0.0
20076,133.0,229.0,0.0
20077,66.0,556.0,0.0
20078,33.0,215.0,0.0
20079,93.0,565.0,0.0
20080,3.0,505.0,0.0
20081,49.0,441.0,0.0
20082,143.0,354.0,0.0
20083,157.0,561.0,0.0
20084,86.0,546.0,0.0
20085,101.0,2.0,0.0
20086,65.0,339.0,0.0
20087,62.0,284.0,0.0
20088,221.0,53.0,0.0
20089,72.0,119.0,0.0
20090,97.0,151.0,0.0
20091,63.0,305.0,0.0
20092,88.0,150.0,0.0
20093,41.0,348.0,0.0
20094,154.0,243.0,0.0
20095,164.0,43.0,0.0
20096,161.0,221.0,0.0
20097,177.0,446.0,0.0
20098,100.0,550.0,0.0
20099,208.0,413.0,0.0
20100,25.0,469.0,0.0
20101,56.0,325.0,0.0
20102,257.0,139.0,0.0
20103,151.0,479.0,0.0
20104,234.0,428.0,0.0
20105,70.0,473.0,0.0
20106,157.0,100.0,0.0
20107,199.0,391.0,0.0
20108,87.0,477.0,0.0
20109,184.0,106.0,0.0
20110,18.0,471.0,0.0
20111,128.0,292.0,0.0
20112,170.0,204.0,0.0
20113,89.0,488.0,0.0
20114,241.0,214.0,0.0
20115,97.0,183.0,0.0
20116,267.0,372.0,0.0
20117,93.0,244.0,0.0
20118,134.0,328.0,0.0
20119,253.0,85.0,0.0
20120,115.0,510.0,0.0
20121,112.0,257.0,0.0
20122,253.0,322.0,0.0
20123,45.0,15.0,0.0
20124,60.0,563.0,0.0
20125,105.0,407.0,0.0
20126,122.0,353.0,0.0
20127,150.0,123.0,0.0
20128,208.0,131.0,0.0
20129,244.0,455.0,0.0
20130,173.0,545.0,0.0
20131,218.0,552.0,0.0
20132,166.0,170.0,0.0
20133,166.0,538.0,0.0
20134,23.0,591.0,0.0
20135,247.0,383.0,0.0
20136,63.0,510.0,0.0
20137,41.0,129.0,0.0
20138,189.0,519.0,0.0
20139,185.0,310.0,0.0
20140,172.0,191.0,0.0
20141,237.0,130.0,0.0
20142,163.0,490.0,0.0
20143,237.0,205.0,0.0
20144,25.0,188.0,0.0
20145,154.0,550.0,0.0
20146,72.0,561.0,0.0
20147,149.0,189.0,0.0
20148,72.0,563.0,0.0
20149,22.0,210.0,0.0
20150,215.0,536.0,0.0
20151,146.0,239.0,0.0
20152,189.0,62.0,0.0
20153,113.0,496.0,0.0
20154,165.0,520.0,0.0
20155,212.0,496.0,0.0
20156,246.0,99.0,0.0
20157,204.0,176.0,0.0
20158,231.0,50.0,0.0
20159,207.0,266.0,0.0
20160,136.0,379.0,0.0
20161,186.0,306.0,0.0
20162,25.0,572.0,0.0
20163,133.0,124.0,0.0
20164,183.0,18.0,0.0
20165,244.0,463.0,0.0
20166,105.0,200.0,0.0
20167,262.0,459.0,0.0
20168,147.0,475.0,0.0
20169,82.0,313.0,0.0
20170,268.0,562.0,0.0
20171,237.0,115.0,0.0
20172,78.0,77.0,0.0
20173,35.0,49.0,0.0
20174,173.0,329.0,0.0
20175,218.0,541.0,0.0
20176,267.0,135.0,0.0
20177,35.0,479.0,0.0
20178,155.0,553.0,0.0
20179,30.0,292.0,0.0
20180,249.0,407.0,0.0
20181,223.0,129.0,0.0
20182,51.0,327.0,0.0
20183,22.0,141.0,0.0
20184,2.0,276.0,0.0
20185,246.0,348.0,0.0
20186,267.0,237.0,0.0
20187,3.0,149.0,0.0
20188,188.0,2.0,0.0
20189,77.0,315.0,0.0
20190,257.0,513.0,0.0
20191,223.0,108.0,0.0
20192,55.0,82.0,0.0
20193,180.0,87.0,0.0
20194,35.0,390.0,0.0
20195,63.0,80.0,0.0
20196,75.0,225.0,0.0
20197,26.0,549.0,0.0
20198,106.0,402.0,0.0
20199,249.0,499.0,0.0
20200,249.0,73.0,0.0
20201,43.0,517.0,0.0
20202,155.0,414.0,0.0
20203,43.0,507.0,0.0
20204,116.0,80.0,0.0
20205,241.0,515.0,0.0
20206,140.0,529.0,0.0
20207,110.0,535.0,0.0
20208,27.0,567.0,0.0
20209,17.0,350.0,0.0
20210,14.0,510.0,0.0
20211,2.0,516.0,0.0
20212,8.0,474.0,0.0
20213,57.0,590.0,0.0
20214,150.0,186.0,0.0
20215,153.0,28.0,0.0
20216,179.0,51.0,0.0
20217,78.0,381.0,0.0
20218,136.0,463.0,0.0
20219,196.0,148.0,0.0
20220,173.0,118.0,0.0
20221,70.0,64.0,0.0
20222,184.0,359.0,0.0
20223,77.0,90.0,0.0
20224,210.0,130.0,0.0
20225,160.0,455.0,0.0
20226,98.0,248.0,0.0
20227,213.0,71.0,0.0
20228,25.0,41.0,0.0
20229,6.0,265.0,0.0
20230,24.0,76.0,0.0
20231,30.0,23.0,0.0
20232,33.0,338.0,0.0
20233,128.0,96.0,0.0
20234,214.0,230.0,0.0
20235,167.0,244.0,0.0
20236,253.0,514.0,0.0
20237,166.0,234.0,0.0
20238,222.0,231.0,0.0
20239,75.0,144.0,0.0
20240,71.0,164.0,0.0
20241,241.0,292.0,0.0
20242,244.0,537.0,0.0
20243,80.0,221.0,0.0
20244,12.0,511.0,0.0
20245,108.0,176.0,0.0
20246,148.0,450.0,0.0
20247,238.0,230.0,0.0
20248,184.0,390.0,0.0
20249,84.0,430.0,0.0
20250,107.0,409.0,0.0
20251,41.0,63.0,0.0
20252,156.0,305.0,0.0
20253,95.0,400.0,0.0
20254,123.0,198.0,0.0
20255,63.0,115.0,0.0
20256,203.0,561.0,0.0
20257,61.0,325.0,0.0
20258,157.0,273.0,0.0
20259,64.0,208.0,0.0
20260,111.0,447.0,0.0
20261,139.0,34.0,0.0
20262,231.0,416.0,0.0
20263,44.0,343.0,0.0
20264,127.0,555.0,0.0
20265,222.0,469.0,0.0
20266,1.0,587.0,0.0
20267,236.0,201.0,0.0
20268,157.0,18.0,0.0
20269,145.0,416.0,0.0
20270,237.0,208.0,0.0
20271,182.0,419.0,0.0
20272,217.0,470.0,0.0
20273,250.0,308.0,0.0
20274,140.0,536.0,0.0
20275,138.0,483.0,0.0
20276,119.0,91.0,0.0
20277,255.0,366.0,0.0
20278,96.0,13.0,0.0
20279,115.0,239.0,0.0
20280,255.0,249.0,0.0
20281,21.0,505.0,0.0
20282,264.0,169.0,0.0
20283,227.0,371.0,0.0
20284,104.0,232.0,0.0
20285,185.0,50.0,0.0
20286,129.0,402.0,0.0
20287,218.0,361.0,0.0
20288,206.0,583.0,0.0
20289,52.0,549.0,0.0
20290,162.0,452.0,0.0
20291,171.0,3.0,0.0
20292,36.0,386.0,0.0
20293,195.0,38.0,0.0
20294,125.0,368.0,0.0
20295,194.0,217.0,0.0
20296,260.0,452.0,0.0
20297,13.0,10.0,0.0
20298,130.0,174.0,0.0
20299,110.0,302.0,0.0
20300,183.0,313.0,0.0
20301,209.0,333.0,0.0
20302,126.0,325.0,0.0
20303,171.0,13.0,0.0
20304,114.0,371.0,0.0
20305,52.0,263.0,0.0
20306,69.0,26.0,0.0
20307,266.0,294.0,0.0
20308,155.0,544.0,0.0
20309,252.0,587.0,0.0
20310,245.0,509.0,0.0
20311,41.0,143.0,0.0
20312,209.0,323.0,0.0
20313,234.0,40.0,0.0
20314,7.0,155.0,0.0
20315,82.0,108.0,0.0
20316,55.0,311.0,0.0
20317,259.0,140.0,0.0
20318,25.0,285.0,0.0
20319,183.0,266.0,0.0
20320,118.0,369.0,0.0
20321,235.0,314.0,0.0
20322,57.0,534.0,0.0
20323,140.0,172.0,0.0
20324,261.0,61.0,0.0
20325,261.0,273.0,0.0
20326,104.0,60.0,0.0
20327,32.0,55.0,0.0
20328,90.0,149.0,0.0
20329,64.0,365.0,0.0
20330,60.0,266.0,0.0
20331,179.0,41.0,0.0
20332,75.0,586.0,0.0
20333,221.0,21.0,0.0
20334,49.0,44.0,0.0
20335,175.0,56.0,0.0
20336,248.0,491.0,0.0
20337,44.0,466.0,0.0
20338,169.0,189.0,0.0
20339,44.0,534.0,0.0
20340,85.0,122.0,0.0
20341,192.0,265.0,0.0
20342,47.0,323.0,0.0
20343,45.0,79.0,0.0
20344,201.0,265.0,0.0
20345,17.0,439.0,0.0
20346,193.0,443.0,0.0
20347,21.0,88.0,0.0
20348,199.0,48.0,0.0
20349,8.0,37.0,0.0
20350,183.0,424.0,0.0
20351,84.0,99.0,0.0
20352,112.0,149.0,0.0
20353,86.0,90.0,0.0
20354,221.0,453.0,0.0
20355,1.0,295.0,0.0
20356,98.0,347.0,0.0
20357,32.0,149.0,0.0
20358,202.0,335.0,0.0
20359,74.0,558.0,0.0
20360,23.0,489.0,0.0
20361,36.0,442.0,0.0
20362,25.0,511.0,0.0
20363,45.0,548.0,0.0
20364,16.0,466.0,0.0
20365,135.0,451.0,0.0
20366,129.0,64.0,0.0
20367,114.0,544.0,0.0
20368,268.0,521.0,0.0
20369,44.0,514.0,0.0
20370,230.0,373.0,0.0
20371,119.0,549.0,0.0
20372,117.0,259.0,0.0
20373,32.0,523.0,0.0
20374,86.0,538.0,0.0
20375,88.0,259.0,0.0
20376,16.0,479.0,0.0
20377,155.0,133.0,0.0
20378,54.0,373.0,0.0
20379,36.0,397.0,0.0
20380,179.0,470.0,0.0
20381,22.0,4.0,0.0
20382,85.0,257.0,0.0
20383,33.0,73.0,0.0
20384,74.0,23.0,0.0
20385,11.0,573.0,0.0
20386,214.0,52.0,0.0
20387,30.0,557.0,0.0
20388,211.0,530.0,0.0
20389,243.0,336.0,0.0
20390,237.0,556.0,0.0
20391,5.0,469.0,0.0
20392,88.0,114.0,0.0
20393,1.0,155.0,0.0
20394,82.0,90.0,0.0
20395,259.0,545.0,0.0
20396,125.0,173.0,0.0
20397,35.0,149.0,0.0
20398,100.0,1.0,0.0
20399,73.0,352.0,0.0
20400,29.0,105.0,0.0
20401,48.0,510.0,0.0
20402,48.0,110.0,0.0
20403,7.0,251.0,0.0
20404,215.0,135.0,0.0
20405,40.0,14.0,0.0
20406,46.0,504.0,0.0
20407,77.0,568.0,0.0
20408,7.0,358.0,0.0
20409,228.0,82.0,0.0
20410,39.0,286.0,0.0
20411,70.0,347.0,0.0
20412,171.0,326.0,0.0
20413,124.0,123.0,0.0
20414,98.0,517.0,0.0
20415,253.0,195.0,0.0
20416,133.0,557.0,0.0
20417,19.0,256.0,0.0
20418,209.0,133.0,0.0
20419,73.0,36.0,0.0
20420,56.0,95.0,0.0
20421,136.0,169.0,0.0
20422,211.0,560.0,0.0
20423,236.0,443.0,0.0
20424,164.0,384.0,0.0
20425,232.0,298.0,0.0
20426,185.0,576.0,0.0
20427,153.0,316.0,0.0
20428,194.0,563.0,0.0
20429,185.0,374.0,0.0
20430,152.0,347.0,0.0
20431,219.0,60.0,0.0
20432,7.0,67.0,0.0
20433,148.0,53.0,0.0
20434,222.0,451.0,0.0
20435,83.0,375.0,0.0
20436,141.0,317.0,0.0
20437,139.0,560.0,0.0
20438,61.0,337.0,0.0
20439,111.0,471.0,0.0
20440,169.0,532.0,0.0
20441,99.0,334.0,0.0
20442,24.0,406.0,0.0
20443,5.0,385.0,0.0
20444,201.0,15.0,0.0
20445,107.0,35.0,0.0
20446,109.0,351.0,0.0
20447,240.0,560.0,0.0
20448,243.0,280.0,0.0
20449,205.0,120.0,0.0
20450,118.0,433.0,0.0
20451,59.0,79.0,0.0
20452,187.0,189.0,0.0
20453,83.0,207.0,0.0
20454,15.0,98.0,0.0
20455,5.0,269.0,0.0
20456,237.0,591.0,0.0
20457,212.0,188.0,0.0
20458,184.0,201.0,0.0
20459,2.0,300.0,0.0
20460,98.0,334.0,0.0
20461,227.0,413.0,0.0
20462,176.0,433.0,0.0
20463,110.0,447.0,0.0
20464,260.0,188.0,0.0
20465,100.0,302.0,0.0
20466,119.0,492.0,0.0
20467,122.0,222.0,0.0
20468,101.0,235.0,0.0
20469,261.0,536.0,0.0
20470,57.0,188.0,0.0
20471,156.0,556.0,0.0
20472,242.0,413.0,0.0
20473,186.0,511.0,0.0
20474,171.0,555.0,0.0
20475,10.0,429.0,0.0
20476,31.0,224.0,0.0
20477,109.0,478.0,0.0
20478,18.0,265.0,0.0
20479,27.0,441.0,0.0
20480,6.0,26.0,0.0
20481,257.0,301.0,0.0
20482,55.0,521.0,0.0
20483,103.0,419.0,0.0
20484,264.0,177.0,0.0
20485,137.0,152.0,0.0
20486,215.0,123.0,0.0
20487,186.0,304.0,0.0
20488,55.0,486.0,0.0
20489,46.0,51.0,0.0
20490,238.0,582.0,0.0
20491,14.0,424.0,0.0
20492,67.0,379.0,0.0
20493,27.0,471.0,0.0
20494,164.0,560.0,0.0
20495,11.0,503.0,0.0
20496,254.0,182.0,0.0
20497,186.0,528.0,0.0
20498,134.0,149.0,0.0
20499,100.0,351.0,0.0
20500,71.0,58.0,0.0
20501,65.0,82.0,0.0
20502,14.0,36.0,0.0
20503,40.0,177.0,0.0
20504,100.0,543.0,0.0
20505,99.0,439.0,0.0
20506,268.0,71.0,0.0
20507,24.0,432.0,0.0
20508,11.0,391.0,0.0
20509,181.0,540.0,0.0
20510,233.0,154.0,0.0
20511,26.0,464.0,0.0
20512,90.0,581.0,0.0
20513,263.0,397.0,0.0
20514,160.0,359.0,0.0
20515,123.0,133.0,0.0
20516,57.0,216.0,0.0
20517,245.0,168.0,0.0
20518,209.0,184.0,0.0
20519,56.0,518.0,0.0
20520,60.0,594.0,0.0
20521,16.0,576.0,0.0
20522,265.0,86.0,0.0
20523,87.0,436.0,0.0
20524,20.0,411.0,0.0
20525,86.0,375.0,0.0
20526,209.0,257.0,0.0
20527,77.0,408.0,0.0
20528,166.0,142.0,0.0
20529,24.0,2.0,0.0
20530,235.0,229.0,0.0
20531,251.0,592.0,0.0
20532,127.0,436.0,0.0
20533,267.0,292.0,0.0
20534,265.0,411.0,0.0
20535,138.0,317.0,0.0
20536,225.0,239.0,0.0
20537,232.0,197.0,0.0
20538,53.0,492.0,0.0
20539,8.0,127.0,0.0
20540,228.0,524.0,0.0
20541,38.0,411.0,0.0
20542,176.0,293.0,0.0
20543,111.0,116.0,0.0
20544,220.0,543.0,0.0
20545,109.0,549.0,0.0
20546,154.0,570.0,0.0
20547,118.0,85.0,0.0
20548,236.0,325.0,0.0
20549,82.0,17.0,0.0
20550,30.0,378.0,0.0
20551,250.0,409.0,0.0
20552,27.0,523.0,0.0
20553,23.0,378.0,0.0
20554,185.0,11.0,0.0
20555,15.0,232.0,0.0
20556,176.0,431.0,0.0
20557,75.0,462.0,0.0
20558,196.0,502.0,0.0
20559,56.0,279.0,0.0
20560,99.0,189.0,0.0
20561,115.0,561.0,0.0
20562,185.0,570.0,0.0
20563,242.0,410.0,0.0
20564,192.0,16.0,0.0
20565,170.0,530.0,0.0
20566,0.0,30.0,0.0
20567,6.0,496.0,0.0
20568,129.0,332.0,0.0
20569,133.0,41.0,0.0
20570,18.0,165.0,0.0
20571,32.0,372.0,0.0
20572,99.0,1.0,0.0
20573,152.0,509.0,0.0
20574,240.0,385.0,0.0
20575,15.0,381.0,0.0
20576,134.0,458.0,0.0
20577,221.0,232.0,0.0
20578,107.0,147.0,0.0
20579,90.0,217.0,0.0
20580,239.0,496.0,0.0
20581,247.0,61.0,0.0
20582,141.0,285.0,0.0
20583,218.0,381.0,0.0
20584,201.0,6.0,0.0
20585,5.0,282.0,0.0
20586,213.0,324.0,0.0
20587,127.0,197.0,0.0
20588,166.0,260.0,0.0
20589,75.0,141.0,0.0
20590,205.0,497.0,0.0
20591,133.0,349.0,0.0
20592,70.0,117.0,0.0
20593,120.0,311.0,0.0
20594,50.0,105.0,0.0
20595,143.0,204.0,0.0
20596,156.0,78.0,0.0
20597,75.0,475.0,0.0
20598,240.0,156.0,0.0
20599,158.0,238.0,0.0
20600,32.0,569.0,0.0
20601,4.0,275.0,0.0
20602,268.0,329.0,0.0
20603,151.0,399.0,0.0
20604,167.0,404.0,0.0
20605,258.0,493.0,0.0
20606,163.0,20.0,0.0
20607,49.0,344.0,0.0
20608,92.0,1.0,0.0
20609,237.0,277.0,0.0
20610,244.0,555.0,0.0
20611,182.0,178.0,0.0
20612,198.0,489.0,0.0
20613,80.0,220.0,0.0
20614,147.0,176.0,0.0
20615,10.0,34.0,0.0
20616,126.0,69.0,0.0
20617,7.0,487.0,0.0
20618,169.0,330.0,0.0
20619,109.0,120.0,0.0
20620,139.0,396.0,0.0
20621,219.0,501.0,0.0
20622,135.0,296.0,0.0
20623,142.0,529.0,0.0
20624,174.0,242.0,0.0
20625,140.0,114.0,0.0
20626,209.0,261.0,0.0
20627,3.0,199.0,0.0
20628,256.0,308.0,0.0
20629,196.0,429.0,0.0
20630,250.0,330.0,0.0
20631,95.0,259.0,0.0
20632,158.0,425.0,0.0
20633,234.0,527.0,0.0
20634,58.0,20.0,0.0
20635,157.0,198.0,0.0
20636,226.0,290.0,0.0
20637,206.0,511.0,0.0
20638,235.0,413.0,0.0
20639,249.0,546.0,0.0
20640,173.0,577.0,0.0
20641,13.0,451.0,0.0
20642,175.0,572.0,0.0
20643,190.0,394.0,0.0
20644,94.0,83.0,0.0
20645,67.0,342.0,0.0
20646,215.0,568.0,0.0
20647,100.0,425.0,0.0
20648,106.0,504.0,0.0
20649,49.0,250.0,0.0
20650,105.0,551.0,0.0
20651,200.0,266.0,0.0
20652,7.0,560.0,0.0
20653,161.0,85.0,0.0
20654,259.0,255.0,0.0
20655,213.0,583.0,0.0
20656,115.0,65.0,0.0
20657,7.0,265.0,0.0
20658,48.0,246.0,0.0
20659,107.0,28.0,0.0
20660,219.0,338.0,0.0
20661,82.0,85.0,0.0
20662,214.0,185.0,0.0
20663,110.0,226.0,0.0
20664,249.0,361.0,0.0
20665,95.0,61.0,0.0
20666,260.0,343.0,0.0
20667,2.0,345.0,0.0
20668,229.0,263.0,0.0
20669,1.0,403.0,0.0
20670,108.0,283.0,0.0
20671,140.0,182.0,0.0
20672,139.0,546.0,0.0
20673,117.0,514.0,0.0
20674,228.0,531.0,0.0
20675,1.0,275.0,0.0
20676,134.0,38.0,0.0
20677,109.0,328.0,0.0
20678,100.0,135.0,0.0
20679,175.0,261.0,0.0
20680,221.0,303.0,0.0
20681,158.0,370.0,0.0
20682,60.0,574.0,0.0
20683,185.0,373.0,0.0
20684,193.0,48.0,0.0
20685,111.0,427.0,0.0
20686,31.0,549.0,0.0
20687,45.0,449.0,0.0
20688,125.0,227.0,0.0
20689,13.0,188.0,0.0
20690,3.0,170.0,0.0
20691,21.0,488.0,0.0
20692,167.0,84.0,0.0
20693,198.0,196.0,0.0
20694,35.0,106.0,0.0
20695,202.0,330.0,0.0
20696,246.0,416.0,0.0
20697,83.0,567.0,0.0
20698,9.0,119.0,0.0
20699,236.0,336.0,0.0
20700,5.0,93.0,0.0
20701,198.0,363.0,0.0
20702,81.0,69.0,0.0
20703,105.0,72.0,0.0
20704,51.0,567.0,0.0
20705,159.0,180.0,0.0
20706,92.0,234.0,0.0
20707,201.0,22.0,0.0
20708,78.0,216.0,0.0
20709,25.0,448.0,0.0
20710,220.0,588.0,0.0
20711,212.0,294.0,0.0
20712,238.0,399.0,0.0
20713,195.0,39.0,0.0
20714,251.0,595.0,0.0
20715,134.0,471.0,0.0
20716,115.0,509.0,0.0
20717,254.0,183.0,0.0
20718,228.0,484.0,0.0
20719,190.0,355.0,0.0
20720,46.0,324.0,0.0
20721,36.0,368.0,0.0
20722,111.0,115.0,0.0
20723,178.0,380.0,0.0
20724,96.0,431.0,0.0
20725,158.0,473.0,0.0
20726,2.0,476.0,0.0
20727,24.0,561.0,0.0
20728,222.0,236.0,0.0
20729,73.0,44.0,0.0
20730,104.0,593.0,0.0
20731,189.0,493.0,0.0
20732,80.0,151.0,0.0
20733,259.0,372.0,0.0
20734,233.0,341.0,0.0
20735,112.0,566.0,0.0
20736,174.0,241.0,0.0
20737,200.0,581.0,0.0
20738,239.0,16.0,0.0
20739,39.0,130.0,0.0
20740,152.0,262.0,0.0
20741,122.0,414.0,0.0
20742,159.0,364.0,0.0
20743,203.0,346.0,0.0
20744,114.0,104.0,0.0
20745,79.0,29.0,0.0
20746,32.0,331.0,0.0
20747,97.0,497.0,0.0
20748,113.0,342.0,0.0
20749,189.0,405.0,0.0
20750,17.0,179.0,0.0
20751,73.0,431.0,0.0
20752,167.0,197.0,0.0
20753,151.0,96.0,0.0
20754,40.0,80.0,0.0
20755,132.0,583.0,0.0
20756,214.0,528.0,0.0
20757,267.0,26.0,0.0
20758,77.0,403.0,0.0
20759,92.0,74.0,0.0
20760,4.0,29.0,0.0
20761,38.0,439.0,0.0
20762,232.0,253.0,0.0
20763,244.0,300.0,0.0
20764,168.0,338.0,0.0
20765,87.0,2.0,0.0
20766,220.0,251.0,0.0
20767,154.0,280.0,0.0
20768,26.0,88.0,0.0
20769,54.0,322.0,0.0
20770,196.0,170.0,0.0
20771,253.0,88.0,0.0
20772,224.0,534.0,0.0
20773,126.0,187.0,0.0
20774,144.0,539.0,0.0
20775,11.0,282.0,0.0
20776,61.0,34.0,0.0
20777,107.0,87.0,0.0
20778,158.0,305.0,0.0
20779,127.0,299.0,0.0
20780,48.0,69.0,0.0
20781,41.0,83.0,0.0
20782,267.0,367.0,0.0
20783,67.0,415.0,0.0
20784,86.0,301.0,0.0
20785,200.0,404.0,0.0
20786,56.0,465.0,0.0
20787,209.0,449.0,0.0
20788,221.0,445.0,0.0
20789,63.0,335.0,0.0
20790,166.0,77.0,0.0
20791,112.0,16.0,0.0
20792,230.0,317.0,0.0
20793,148.0,495.0,0.0
20794,219.0,576.0,0.0
20795,250.0,400.0,0.0
20796,45.0,353.0,0.0
20797,110.0,12.0,0.0
20798,127.0,461.0,0.0
20799,249.0,590.0,0.0
20800,90.0,433.0,0.0
20801,57.0,287.0,0.0
20802,79.0,311.0,0.0
20803,49.0,552.0,0.0
20804,268.0,281.0,0.0
20805,251.0,361.0,0.0
20806,227.0,304.0,0.0
20807,163.0,38.0,0.0
20808,256.0,580.0,0.0
20809,101.0,422.0,0.0
20810,100.0,278.0,0.0
20811,77.0,206.0,0.0
20812,195.0,292.0,0.0
20813,214.0,435.0,0.0
20814,121.0,263.0,0.0
20815,177.0,60.0,0.0
20816,106.0,390.0,0.0
20817,61.0,581.0,0.0
20818,168.0,516.0,0.0
20819,195.0,381.0,0.0
20820,207.0,42.0,0.0
20821,230.0,252.0,0.0
20822,73.0,67.0,0.0
20823,105.0,555.0,0.0
20824,42.0,66.0,0.0
20825,155.0,362.0,0.0
20826,153.0,129.0,0.0
20827,117.0,519.0,0.0
20828,64.0,11.0,0.0
20829,98.0,57.0,0.0
20830,68.0,490.0,0.0
20831,163.0,526.0,0.0
20832,50.0,375.0,0.0
20833,127.0,411.0,0.0
20834,230.0,308.0,0.0
20835,14.0,480.0,0.0
20836,94.0,39.0,0.0
20837,4.0,382.0,0.0
20838,5.0,35.0,0.0
20839,144.0,563.0,0.0
20840,198.0,535.0,0.0
20841,173.0,347.0,0.0
20842,261.0,537.0,0.0
20843,131.0,314.0,0.0
20844,121.0,434.0,0.0
20845,241.0,363.0,0.0
20846,224.0,494.0,0.0
20847,220.0,231.0,0.0
20848,192.0,517.0,0.0
20849,167.0,240.0,0.0
20850,105.0,548.0,0.0
20851,104.0,357.0,0.0
20852,12.0,188.0,0.0
20853,203.0,435.0,0.0
20854,52.0,468.0,0.0
20855,196.0,218.0,0.0
20856,3.0,581.0,0.0
20857,182.0,62.0,0.0
20858,141.0,13.0,0.0
20859,80.0,259.0,0.0
20860,62.0,73.0,0.0
20861,229.0,488.0,0.0
20862,179.0,311.0,0.0
20863,15.0,227.0,0.0
20864,230.0,221.0,0.0
20865,7.0,411.0,0.0
20866,71.0,490.0,0.0
20867,13.0,240.0,0.0
20868,151.0,126.0,0.0
20869,122.0,155.0,0.0
20870,70.0,399.0,0.0
20871,116.0,489.0,0.0
20872,31.0,72.0,0.0
20873,239.0,168.0,0.0
20874,131.0,564.0,0.0
20875,93.0,547.0,0.0
20876,0.0,375.0,0.0
20877,55.0,402.0,0.0
20878,256.0,509.0,0.0
20879,66.0,79.0,0.0
20880,43.0,296.0,0.0
20881,122.0,229.0,0.0
20882,195.0,386.0,0.0
20883,69.0,592.0,0.0
20884,52.0,37.0,0.0
20885,38.0,509.0,0.0
20886,12.0,195.0,0.0
20887,169.0,170.0,0.0
20888,262.0,522.0,0.0
20889,225.0,221.0,0.0
20890,184.0,528.0,0.0
20891,88.0,149.0,0.0
20892,220.0,548.0,0.0
20893,239.0,26.0,0.0
20894,4.0,107.0,0.0
20895,68.0,591.0,0.0
20896,53.0,88.0,0.0
20897,6.0,370.0,0.0
20898,58.0,244.0,0.0
20899,88.0,104.0,0.0
20900,207.0,169.0,0.0
20901,15.0,22.0,0.0
20902,10.0,596.0,0.0
20903,61.0,506.0,0.0
20904,1.0,6.0,0.0
20905,13.0,524.0,0.0
20906,188.0,166.0,0.0
20907,97.0,191.0,0.0
20908,54.0,345.0,0.0
20909,254.0,39.0,0.0
20910,264.0,558.0,0.0
20911,237.0,166.0,0.0
20912,14.0,216.0,0.0
20913,194.0,409.0,0.0
20914,207.0,154.0,0.0
20915,175.0,25.0,0.0
20916,82.0,416.0,0.0
20917,243.0,487.0,0.0
20918,153.0,283.0,0.0
20919,201.0,237.0,0.0
20920,185.0,405.0,0.0
20921,180.0,308.0,0.0
20922,243.0,134.0,0.0
20923,220.0,184.0,0.0
20924,24.0,517.0,0.0
20925,10.0,582.0,0.0
20926,36.0,353.0,0.0
20927,204.0,487.0,0.0
20928,132.0,287.0,0.0
20929,220.0,227.0,0.0
20930,264.0,332.0,0.0
20931,192.0,535.0,0.0
20932,215.0,71.0,0.0
20933,70.0,584.0,0.0
20934,52.0,333.0,0.0
20935,155.0,1.0,0.0
20936,80.0,525.0,0.0
20937,244.0,399.0,0.0
20938,34.0,586.0,0.0
20939,235.0,183.0,0.0
20940,153.0,420.0,0.0
20941,47.0,82.0,0.0
20942,215.0,32.0,0.0
20943,218.0,374.0,0.0
20944,139.0,57.0,0.0
20945,139.0,289.0,0.0
20946,70.0,423.0,0.0
20947,259.0,52.0,0.0
20948,27.0,559.0,0.0
20949,104.0,519.0,0.0
20950,91.0,539.0,0.0
20951,210.0,308.0,0.0
20952,184.0,515.0,0.0
20953,182.0,521.0,0.0
20954,190.0,441.0,0.0
20955,128.0,288.0,0.0
20956,75.0,280.0,0.0
20957,185.0,481.0,0.0
20958,215.0,498.0,0.0
20959,227.0,57.0,0.0
20960,19.0,299.0,0.0
20961,174.0,567.0,0.0
20962,268.0,283.0,0.0
20963,34.0,338.0,0.0
20964,261.0,442.0,0.0
20965,186.0,206.0,0.0
20966,206.0,38.0,0.0
20967,43.0,226.0,0.0
20968,69.0,573.0,0.0
20969,229.0,329.0,0.0
20970,16.0,58.0,0.0
20971,25.0,453.0,0.0
20972,136.0,130.0,0.0
20973,107.0,190.0,0.0
20974,190.0,178.0,0.0
20975,159.0,143.0,0.0
20976,64.0,358.0,0.0
20977,163.0,42.0,0.0
20978,190.0,383.0,0.0
20979,105.0,213.0,0.0
20980,115.0,141.0,0.0
20981,226.0,499.0,0.0
20982,35.0,448.0,0.0
20983,88.0,252.0,0.0
20984,234.0,107.0,0.0
20985,30.0,490.0,0.0
20986,30.0,171.0,0.0
20987,249.0,200.0,0.0
20988,206.0,62.0,0.0
20989,4.0,415.0,0.0
20990,93.0,40.0,0.0
20991,47.0,270.0,0.0
20992,230.0,369.0,0.0
20993,43.0,463.0,0.0
20994,13.0,44.0,0.0
20995,90.0,393.0,0.0
20996,118.0,497.0,0.0
20997,143.0,402.0,0.0
20998,100.0,314.0,0.0
20999,108.0,7.0,0.0
21000,86.0,547.0,0.0
21001,61.0,418.0,0.0
21002,164.0,5.0,0.0
21003,116.0,171.0,0.0
21004,177.0,155.0,0.0
21005,44.0,429.0,0.0
21006,130.0,80.0,0.0
21007,95.0,140.0,0.0
21008,100.0,75.0,0.0
21009,155.0,228.0,0.0
21010,200.0,95.0,0.0
21011,223.0,502.0,0.0
21012,144.0,303.0,0.0
21013,62.0,402.0,0.0
21014,94.0,580.0,0.0
21015,245.0,519.0,0.0
21016,180.0,454.0,0.0
21017,254.0,488.0,0.0
21018,208.0,453.0,0.0
21019,265.0,594.0,0.0
21020,227.0,47.0,0.0
21021,167.0,306.0,0.0
21022,240.0,465.0,0.0
21023,108.0,182.0,0.0
21024,101.0,289.0,0.0
21025,201.0,352.0,0.0
21026,87.0,149.0,0.0
21027,150.0,161.0,0.0
21028,201.0,562.0,0.0
21029,164.0,86.0,0.0
21030,258.0,399.0,0.0
21031,151.0,220.0,0.0
21032,27.0,360.0,0.0
21033,184.0,281.0,0.0
21034,193.0,237.0,0.0
21035,185.0,197.0,0.0
21036,121.0,249.0,0.0
21037,0.0,63.0,0.0
21038,215.0,83.0,0.0
21039,21.0,584.0,0.0
21040,29.0,146.0,0.0
21041,119.0,92.0,0.0
21042,139.0,173.0,0.0
21043,148.0,568.0,0.0
21044,44.0,69.0,0.0
21045,13.0,432.0,0.0
21046,253.0,411.0,0.0
21047,200.0,460.0,0.0
21048,112.0,140.0,0.0
21049,101.0,253.0,0.0
21050,258.0,239.0,0.0
21051,37.0,105.0,0.0
21052,162.0,372.0,0.0
21053,67.0,258.0,0.0
21054,92.0,553.0,0.0
21055,219.0,577.0,0.0
21056,33.0,86.0,0.0
21057,205.0,43.0,0.0
21058,243.0,482.0,0.0
21059,188.0,561.0,0.0
21060,217.0,345.0,0.0
21061,73.0,212.0,0.0
21062,31.0,576.0,0.0
21063,183.0,451.0,0.0
21064,242.0,471.0,0.0
21065,3.0,210.0,0.0
21066,268.0,143.0,0.0
21067,112.0,151.0,0.0
21068,36.0,231.0,0.0
21069,178.0,63.0,0.0
21070,65.0,563.0,0.0
21071,65.0,299.0,0.0
21072,67.0,31.0,0.0
21073,258.0,296.0,0.0
21074,164.0,20.0,0.0
21075,169.0,142.0,0.0
21076,228.0,78.0,0.0
21077,207.0,504.0,0.0
21078,166.0,201.0,0.0
21079,189.0,559.0,0.0
21080,168.0,396.0,0.0
21081,161.0,433.0,0.0
21082,133.0,367.0,0.0
21083,181.0,430.0,0.0
21084,249.0,410.0,0.0
21085,116.0,308.0,0.0
21086,63.0,365.0,0.0
21087,115.0,527.0,0.0
21088,257.0,247.0,0.0
21089,163.0,561.0,0.0
21090,237.0,486.0,0.0
21091,38.0,459.0,0.0
21092,218.0,494.0,0.0
21093,126.0,230.0,0.0
21094,254.0,191.0,0.0
21095,118.0,327.0,0.0
21096,193.0,579.0,0.0
21097,24.0,344.0,0.0
21098,43.0,578.0,0.0
21099,131.0,154.0,0.0
21100,79.0,94.0,0.0
21101,72.0,487.0,0.0
21102,6.0,122.0,0.0
21103,32.0,168.0,0.0
21104,69.0,126.0,0.0
21105,213.0,391.0,0.0
21106,212.0,241.0,0.0
21107,247.0,74.0,0.0
21108,47.0,288.0,0.0
21109,51.0,566.0,0.0
21110,267.0,424.0,0.0
21111,96.0,544.0,0.0
21112,22.0,508.0,0.0
21113,164.0,329.0,0.0
21114,227.0,56.0,0.0
21115,252.0,30.0,0.0
21116,222.0,365.0,0.0
21117,164.0,322.0,0.0
21118,259.0,498.0,0.0
21119,37.0,249.0,0.0
21120,188.0,470.0,0.0
21121,23.0,160.0,0.0
21122,186.0,524.0,0.0
21123,244.0,198.0,0.0
21124,81.0,573.0,0.0
21125,55.0,113.0,0.0
21126,224.0,574.0,0.0
21127,57.0,113.0,0.0
21128,160.0,176.0,0.0
21129,109.0,332.0,0.0
21130,109.0,407.0,0.0
21131,56.0,434.0,0.0
21132,44.0,216.0,0.0
21133,24.0,498.0,0.0
21134,118.0,111.0,0.0
21135,116.0,426.0,0.0
21136,80.0,98.0,0.0
21137,22.0,132.0,0.0
21138,168.0,466.0,0.0
21139,82.0,450.0,0.0
21140,250.0,41.0,0.0
21141,180.0,6.0,0.0
21142,80.0,188.0,0.0
21143,125.0,529.0,0.0
21144,38.0,483.0,0.0
21145,188.0,5.0,0.0
21146,102.0,414.0,0.0
21147,107.0,360.0,0.0
21148,20.0,34.0,0.0
21149,92.0,28.0,0.0
21150,196.0,266.0,0.0
21151,245.0,483.0,0.0
21152,142.0,313.0,0.0
21153,176.0,79.0,0.0
21154,62.0,22.0,0.0
21155,88.0,530.0,0.0
21156,111.0,477.0,0.0
21157,166.0,401.0,0.0
21158,70.0,256.0,0.0
21159,197.0,168.0,0.0
21160,117.0,239.0,0.0
21161,268.0,543.0,0.0
21162,20.0,29.0,0.0
21163,58.0,370.0,0.0
21164,225.0,213.0,0.0
21165,67.0,169.0,0.0
21166,214.0,463.0,0.0
21167,85.0,251.0,0.0
21168,140.0,64.0,0.0
21169,268.0,319.0,0.0
21170,196.0,94.0,0.0
21171,77.0,453.0,0.0
21172,143.0,248.0,0.0
21173,116.0,75.0,0.0
21174,227.0,38.0,0.0
21175,221.0,467.0,0.0
21176,175.0,316.0,0.0
21177,174.0,255.0,0.0
21178,182.0,438.0,0.0
21179,115.0,375.0,0.0
21180,85.0,382.0,0.0
21181,172.0,322.0,0.0
21182,166.0,86.0,0.0
21183,238.0,37.0,0.0
21184,136.0,52.0,0.0
21185,148.0,335.0,0.0
21186,170.0,242.0,0.0
21187,20.0,132.0,0.0
21188,51.0,264.0,0.0
21189,225.0,100.0,0.0
21190,214.0,227.0,0.0
21191,46.0,564.0,0.0
21192,166.0,554.0,0.0
21193,9.0,227.0,0.0
21194,15.0,331.0,0.0
21195,117.0,112.0,0.0
21196,152.0,335.0,0.0
21197,138.0,199.0,0.0
21198,158.0,337.0,0.0
21199,35.0,429.0,0.0
21200,33.0,14.0,0.0
21201,257.0,398.0,0.0
21202,232.0,430.0,0.0
21203,255.0,234.0,0.0
21204,45.0,158.0,0.0
21205,75.0,500.0,0.0
21206,93.0,306.0,0.0
21207,228.0,209.0,0.0
21208,73.0,275.0,0.0
21209,98.0,521.0,0.0
21210,58.0,191.0,0.0
21211,7.0,537.0,0.0
21212,210.0,449.0,0.0
21213,263.0,404.0,0.0
21214,172.0,109.0,0.0
21215,215.0,9.0,0.0
21216,222.0,473.0,0.0
21217,134.0,280.0,0.0
21218,84.0,220.0,0.0
21219,129.0,390.0,0.0
21220,127.0,515.0,0.0
21221,152.0,467.0,0.0
21222,219.0,78.0,0.0
21223,47.0,346.0,0.0
21224,222.0,19.0,0.0
21225,262.0,195.0,0.0
21226,109.0,141.0,0.0
21227,185.0,524.0,0.0
21228,216.0,391.0,0.0
21229,73.0,19.0,0.0
21230,117.0,575.0,0.0
21231,268.0,32.0,0.0
21232,49.0,94.0,0.0
21233,186.0,82.0,0.0
21234,60.0,434.0,0.0
21235,229.0,453.0,0.0
21236,140.0,484.0,0.0
21237,77.0,12.0,0.0
21238,160.0,281.0,0.0
21239,24.0,509.0,0.0
21240,65.0,265.0,0.0
21241,122.0,247.0,0.0
21242,267.0,186.0,0.0
21243,253.0,162.0,0.0
21244,203.0,256.0,0.0
21245,211.0,303.0,0.0
21246,229.0,249.0,0.0
21247,68.0,584.0,0.0
21248,109.0,257.0,0.0
21249,31.0,329.0,0.0
21250,96.0,405.0,0.0
21251,137.0,472.0,0.0
21252,31.0,314.0,0.0
21253,17.0,124.0,0.0
21254,240.0,505.0,0.0
21255,189.0,176.0,0.0
21256,38.0,385.0,0.0
21257,25.0,46.0,0.0
21258,212.0,222.0,0.0
21259,158.0,448.0,0.0
21260,9.0,535.0,0.0
21261,36.0,519.0,0.0
21262,176.0,358.0,0.0
21263,200.0,477.0,0.0
21264,54.0,546.0,0.0
21265,213.0,574.0,0.0
21266,237.0,529.0,0.0
21267,193.0,545.0,0.0
21268,255.0,451.0,0.0
21269,77.0,228.0,0.0
21270,136.0,528.0,0.0
21271,263.0,544.0,0.0
21272,119.0,555.0,0.0
21273,188.0,125.0,0.0
21274,91.0,205.0,0.0
21275,141.0,79.0,0.0
21276,119.0,160.0,0.0
21277,74.0,281.0,0.0
21278,41.0,537.0,0.0
21279,244.0,27.0,0.0
21280,173.0,160.0,0.0
21281,55.0,585.0,0.0
21282,9.0,474.0,0.0
21283,93.0,487.0,0.0
21284,60.0,222.0,0.0
21285,1.0,118.0,0.0
21286,139.0,153.0,0.0
21287,236.0,194.0,0.0
21288,86.0,184.0,0.0
21289,101.0,462.0,0.0
21290,86.0,591.0,0.0
21291,211.0,167.0,0.0
21292,211.0,119.0,0.0
21293,206.0,210.0,0.0
21294,106.0,516.0,0.0
21295,29.0,157.0,0.0
21296,93.0,329.0,0.0
21297,93.0,447.0,0.0
21298,206.0,474.0,0.0
21299,63.0,296.0,0.0
21300,34.0,350.0,0.0
21301,91.0,287.0,0.0
21302,180.0,209.0,0.0
21303,174.0,202.0,0.0
21304,216.0,67.0,0.0
21305,135.0,113.0,0.0
21306,17.0,282.0,0.0
21307,33.0,232.0,0.0
21308,158.0,98.0,0.0
21309,69.0,456.0,0.0
21310,100.0,98.0,0.0
21311,177.0,365.0,0.0
21312,208.0,548.0,0.0
21313,167.0,354.0,0.0
21314,198.0,562.0,0.0
21315,14.0,352.0,0.0
21316,141.0,49.0,0.0
21317,174.0,186.0,0.0
21318,156.0,296.0,0.0
21319,189.0,141.0,0.0
21320,265.0,520.0,0.0
21321,187.0,396.0,0.0
21322,16.0,317.0,0.0
21323,26.0,104.0,0.0
21324,75.0,519.0,0.0
21325,26.0,415.0,0.0
21326,111.0,250.0,0.0
21327,21.0,359.0,0.0
21328,222.0,574.0,0.0
21329,54.0,173.0,0.0
21330,73.0,238.0,0.0
21331,223.0,551.0,0.0
21332,141.0,228.0,0.0
21333,161.0,260.0,0.0
21334,52.0,38.0,0.0
21335,189.0,244.0,0.0
21336,252.0,548.0,0.0
21337,60.0,489.0,0.0
21338,204.0,165.0,0.0
21339,92.0,79.0,0.0
21340,178.0,479.0,0.0
21341,9.0,212.0,0.0
21342,239.0,418.0,0.0
21343,114.0,52.0,0.0
21344,96.0,188.0,0.0
21345,49.0,579.0,0.0
21346,60.0,220.0,0.0
21347,125.0,62.0,0.0
21348,121.0,381.0,0.0
21349,152.0,141.0,0.0
21350,210.0,289.0,0.0
21351,186.0,367.0,0.0
21352,80.0,34.0,0.0
21353,202.0,245.0,0.0
21354,170.0,222.0,0.0
21355,158.0,124.0,0.0
21356,248.0,197.0,0.0
21357,70.0,359.0,0.0
21358,202.0,181.0,0.0
21359,148.0,281.0,0.0
21360,78.0,417.0,0.0
21361,221.0,523.0,0.0
21362,37.0,374.0,0.0
21363,229.0,516.0,0.0
21364,0.0,226.0,0.0
21365,8.0,315.0,0.0
21366,68.0,517.0,0.0
21367,1.0,331.0,0.0
21368,42.0,443.0,0.0
21369,204.0,549.0,0.0
21370,13.0,15.0,0.0
21371,248.0,250.0,0.0
21372,2.0,249.0,0.0
21373,0.0,269.0,0.0
21374,146.0,37.0,0.0
21375,92.0,357.0,0.0
21376,170.0,567.0,0.0
21377,219.0,481.0,0.0
21378,1.0,187.0,0.0
21379,219.0,321.0,0.0
21380,188.0,548.0,0.0
21381,166.0,505.0,0.0
21382,34.0,542.0,0.0
21383,174.0,83.0,0.0
21384,245.0,53.0,0.0
21385,246.0,109.0,0.0
21386,11.0,383.0,0.0
21387,204.0,16.0,0.0
21388,231.0,43.0,0.0
21389,223.0,363.0,0.0
21390,183.0,88.0,0.0
21391,16.0,531.0,0.0
21392,2.0,170.0,0.0
21393,221.0,287.0,0.0
21394,79.0,65.0,0.0
21395,142.0,287.0,0.0
21396,167.0,391.0,0.0
21397,26.0,284.0,0.0
21398,181.0,437.0,0.0
21399,7.0,62.0,0.0
21400,215.0,241.0,0.0
21401,54.0,220.0,0.0
21402,265.0,557.0,0.0
21403,236.0,459.0,0.0
21404,60.0,455.0,0.0
21405,123.0,591.0,0.0
21406,151.0,565.0,0.0
21407,40.0,276.0,0.0
21408,89.0,31.0,0.0
21409,60.0,573.0,0.0
21410,183.0,15.0,0.0
21411,219.0,372.0,0.0
21412,253.0,364.0,0.0
21413,167.0,16.0,0.0
21414,120.0,358.0,0.0
21415,46.0,229.0,0.0
21416,29.0,71.0,0.0
21417,68.0,233.0,0.0
21418,111.0,573.0,0.0
21419,1.0,401.0,0.0
21420,186.0,373.0,0.0
21421,115.0,225.0,0.0
21422,266.0,529.0,0.0
21423,172.0,464.0,0.0
21424,138.0,265.0,0.0
21425,237.0,181.0,0.0
21426,229.0,577.0,0.0
21427,10.0,187.0,0.0
21428,175.0,157.0,0.0
21429,160.0,589.0,0.0
21430,180.0,281.0,0.0
21431,119.0,281.0,0.0
21432,124.0,369.0,0.0
21433,265.0,583.0,0.0
21434,67.0,431.0,0.0
21435,9.0,347.0,0.0
21436,21.0,270.0,0.0
21437,132.0,533.0,0.0
21438,95.0,440.0,0.0
21439,12.0,75.0,0.0
21440,143.0,395.0,0.0
21441,232.0,18.0,0.0
21442,227.0,394.0,0.0
21443,38.0,193.0,0.0
21444,213.0,292.0,0.0
21445,267.0,455.0,0.0
21446,187.0,429.0,0.0
21447,79.0,273.0,0.0
21448,85.0,552.0,0.0
21449,162.0,442.0,0.0
21450,156.0,582.0,0.0
21451,88.0,376.0,0.0
21452,0.0,81.0,0.0
21453,255.0,483.0,0.0
21454,119.0,441.0,0.0
21455,75.0,52.0,0.0
21456,108.0,186.0,0.0
21457,155.0,354.0,0.0
21458,26.0,142.0,0.0
21459,16.0,304.0,0.0
21460,74.0,65.0,0.0
21461,186.0,443.0,0.0
21462,236.0,218.0,0.0
21463,258.0,463.0,0.0
21464,231.0,225.0,0.0
21465,221.0,447.0,0.0
21466,178.0,123.0,0.0
21467,106.0,514.0,0.0
21468,30.0,404.0,0.0
21469,247.0,529.0,0.0
21470,264.0,172.0,0.0
21471,183.0,193.0,0.0
21472,130.0,339.0,0.0
21473,165.0,522.0,0.0
21474,106.0,215.0,0.0
21475,42.0,451.0,0.0
21476,157.0,400.0,0.0
21477,104.0,554.0,0.0
21478,94.0,432.0,0.0
21479,174.0,441.0,0.0
21480,67.0,496.0,0.0
21481,106.0,503.0,0.0
21482,150.0,169.0,0.0
21483,131.0,582.0,0.0
21484,120.0,155.0,0.0
21485,197.0,213.0,0.0
21486,149.0,221.0,0.0
21487,96.0,417.0,0.0
21488,208.0,420.0,0.0
21489,5.0,527.0,0.0
21490,70.0,454.0,0.0
21491,195.0,327.0,0.0
21492,154.0,329.0,0.0
21493,150.0,525.0,0.0
21494,77.0,290.0,0.0
21495,56.0,132.0,0.0
21496,56.0,11.0,0.0
21497,15.0,467.0,0.0
21498,67.0,235.0,0.0
21499,215.0,168.0,0.0
21500,36.0,44.0,0.0
21501,234.0,63.0,0.0
21502,187.0,576.0,0.0
21503,161.0,538.0,0.0
21504,175.0,597.0,0.0
21505,56.0,584.0,0.0
21506,174.0,434.0,0.0
21507,154.0,246.0,0.0
21508,178.0,134.0,0.0
21509,194.0,486.0,0.0
21510,146.0,149.0,0.0
21511,125.0,123.0,0.0
21512,31.0,109.0,0.0
21513,50.0,522.0,0.0
21514,49.0,319.0,0.0
21515,83.0,519.0,0.0
21516,9.0,206.0,0.0
21517,267.0,487.0,0.0
21518,201.0,480.0,0.0
21519,206.0,246.0,0.0
21520,249.0,532.0,0.0
21521,47.0,269.0,0.0
21522,198.0,511.0,0.0
21523,127.0,148.0,0.0
21524,167.0,365.0,0.0
21525,112.0,79.0,0.0
21526,93.0,557.0,0.0
21527,178.0,19.0,0.0
21528,242.0,483.0,0.0
21529,252.0,349.0,0.0
21530,116.0,181.0,0.0
21531,227.0,327.0,0.0
21532,211.0,520.0,0.0
21533,263.0,11.0,0.0
21534,88.0,235.0,0.0
21535,191.0,2.0,0.0
21536,245.0,102.0,0.0
21537,248.0,584.0,0.0
21538,92.0,14.0,0.0
21539,9.0,470.0,0.0
21540,97.0,462.0,0.0
21541,115.0,554.0,0.0
21542,48.0,365.0,0.0
21543,222.0,564.0,0.0
21544,196.0,79.0,0.0
21545,85.0,223.0,0.0
21546,5.0,590.0,0.0
21547,231.0,399.0,0.0
21548,225.0,62.0,0.0
21549,194.0,238.0,0.0
21550,75.0,48.0,0.0
21551,254.0,130.0,0.0
21552,79.0,463.0,0.0
21553,39.0,271.0,0.0
21554,250.0,410.0,0.0
21555,256.0,448.0,0.0
21556,119.0,196.0,0.0
21557,121.0,370.0,0.0
21558,196.0,478.0,0.0
21559,265.0,419.0,0.0
21560,0.0,157.0,0.0
21561,106.0,125.0,0.0
21562,21.0,561.0,0.0
21563,190.0,203.0,0.0
21564,159.0,223.0,0.0
21565,39.0,422.0,0.0
21566,182.0,457.0,0.0
21567,154.0,459.0,0.0
21568,113.0,82.0,0.0
21569,255.0,338.0,0.0
21570,264.0,429.0,0.0
21571,223.0,435.0,0.0
21572,268.0,168.0,0.0
21573,217.0,333.0,0.0
21574,101.0,280.0,0.0
21575,74.0,374.0,0.0
21576,216.0,357.0,0.0
21577,170.0,410.0,0.0
21578,224.0,301.0,0.0
21579,214.0,540.0,0.0
21580,258.0,419.0,0.0
21581,48.0,589.0,0.0
21582,53.0,370.0,0.0
21583,216.0,418.0,0.0
21584,145.0,237.0,0.0
21585,48.0,592.0,0.0
21586,242.0,256.0,0.0
21587,121.0,95.0,0.0
21588,30.0,487.0,0.0
21589,42.0,324.0,0.0
21590,246.0,487.0,0.0
21591,99.0,484.0,0.0
21592,136.0,250.0,0.0
21593,162.0,503.0,0.0
21594,152.0,164.0,0.0
21595,268.0,314.0,0.0
21596,146.0,297.0,0.0
21597,191.0,252.0,0.0
21598,197.0,40.0,0.0
21599,194.0,554.0,0.0
21600,88.0,73.0,0.0
21601,198.0,579.0,0.0
21602,240.0,485.0,0.0
21603,117.0,416.0,0.0
21604,39.0,246.0,0.0
21605,70.0,242.0,0.0
21606,259.0,13.0,0.0
21607,93.0,387.0,0.0
21608,213.0,217.0,0.0
21609,252.0,228.0,0.0
21610,198.0,542.0,0.0
21611,19.0,503.0,0.0
21612,150.0,6.0,0.0
21613,168.0,509.0,0.0
21614,243.0,569.0,0.0
21615,201.0,59.0,0.0
21616,222.0,136.0,0.0
21617,140.0,8.0,0.0
21618,113.0,531.0,0.0
21619,99.0,212.0,0.0
21620,193.0,569.0,0.0
21621,240.0,336.0,0.0
21622,217.0,27.0,0.0
21623,133.0,108.0,0.0
21624,240.0,140.0,0.0
21625,158.0,450.0,0.0
21626,2.0,482.0,0.0
21627,169.0,88.0,0.0
21628,246.0,458.0,0.0
21629,76.0,591.0,0.0
21630,152.0,463.0,0.0
21631,167.0,398.0,0.0
21632,67.0,66.0,0.0
21633,4.0,28.0,0.0
21634,142.0,413.0,0.0
21635,167.0,159.0,0.0
21636,200.0,335.0,0.0
21637,66.0,564.0,0.0
21638,42.0,266.0,0.0
21639,138.0,435.0,0.0
21640,248.0,123.0,0.0
21641,227.0,454.0,0.0
21642,216.0,500.0,0.0
21643,3.0,204.0,0.0
21644,128.0,553.0,0.0
21645,182.0,298.0,0.0
21646,196.0,162.0,0.0
21647,6.0,3.0,0.0
21648,96.0,277.0,0.0
21649,189.0,568.0,0.0
21650,118.0,219.0,0.0
21651,25.0,300.0,0.0
21652,253.0,155.0,0.0
21653,7.0,582.0,0.0
21654,95.0,597.0,0.0
21655,242.0,260.0,0.0
21656,211.0,328.0,0.0
21657,172.0,554.0,0.0
21658,7.0,437.0,0.0
21659,186.0,164.0,0.0
21660,210.0,235.0,0.0
21661,157.0,597.0,0.0
21662,15.0,507.0,0.0
21663,224.0,167.0,0.0
21664,119.0,261.0,0.0
21665,100.0,306.0,0.0
21666,239.0,254.0,0.0
21667,190.0,55.0,0.0
21668,7.0,49.0,0.0
21669,80.0,412.0,0.0
21670,93.0,353.0,0.0
21671,150.0,300.0,0.0
21672,198.0,130.0,0.0
21673,4.0,474.0,0.0
21674,49.0,347.0,0.0
21675,32.0,296.0,0.0
21676,136.0,272.0,0.0
21677,191.0,98.0,0.0
21678,8.0,125.0,0.0
21679,88.0,275.0,0.0
21680,160.0,15.0,0.0
21681,158.0,412.0,0.0
21682,252.0,532.0,0.0
21683,117.0,136.0,0.0
21684,38.0,173.0,0.0
21685,118.0,518.0,0.0
21686,77.0,441.0,0.0
21687,219.0,16.0,0.0
21688,254.0,444.0,0.0
21689,168.0,49.0,0.0
21690,117.0,306.0,0.0
21691,266.0,135.0,0.0
21692,246.0,127.0,0.0
21693,16.0,162.0,0.0
21694,39.0,255.0,0.0
21695,81.0,506.0,0.0
21696,240.0,158.0,0.0
21697,166.0,63.0,0.0
21698,232.0,315.0,0.0
21699,246.0,492.0,0.0
21700,45.0,372.0,0.0
21701,258.0,99.0,0.0
21702,3.0,249.0,0.0
21703,15.0,155.0,0.0
21704,115.0,4.0,0.0
21705,45.0,318.0,0.0
21706,207.0,342.0,0.0
21707,187.0,578.0,0.0
21708,136.0,177.0,0.0
21709,245.0,117.0,0.0
21710,253.0,72.0,0.0
21711,260.0,421.0,0.0
21712,0.0,346.0,0.0
21713,26.0,548.0,0.0
21714,249.0,560.0,0.0
21715,192.0,445.0,0.0
21716,231.0,384.0,0.0
21717,156.0,90.0,0.0
21718,126.0,509.0,0.0
21719,138.0,490.0,0.0
21720,191.0,184.0,0.0
21721,152.0,256.0,0.0
21722,169.0,375.0,0.0
21723,8.0,405.0,0.0
21724,265.0,372.0,0.0
21725,140.0,169.0,0.0
21726,80.0,85.0,0.0
21727,14.0,333.0,0.0
21728,31.0,181.0,0.0
21729,211.0,400.0,0.0
21730,11.0,556.0,0.0
21731,98.0,266.0,0.0
21732,107.0,314.0,0.0
21733,204.0,279.0,0.0
21734,0.0,339.0,0.0
21735,108.0,237.0,0.0
21736,137.0,581.0,0.0
21737,115.0,240.0,0.0
21738,181.0,432.0,0.0
21739,155.0,596.0,0.0
21740,263.0,151.0,0.0
21741,110.0,457.0,0.0
21742,5.0,465.0,0.0
21743,95.0,56.0,0.0
21744,131.0,560.0,0.0
21745,114.0,321.0,0.0
21746,34.0,27.0,0.0
21747,261.0,507.0,0.0
21748,116.0,570.0,0.0
21749,113.0,588.0,0.0
21750,29.0,442.0,0.0
21751,126.0,128.0,0.0
21752,130.0,240.0,0.0
21753,188.0,516.0,0.0
21754,158.0,315.0,0.0
21755,76.0,175.0,0.0
21756,226.0,503.0,0.0
21757,103.0,165.0,0.0
21758,231.0,191.0,0.0
21759,189.0,61.0,0.0
21760,83.0,26.0,0.0
21761,60.0,49.0,0.0
21762,243.0,589.0,0.0
21763,67.0,443.0,0.0
21764,72.0,507.0,0.0
21765,99.0,387.0,0.0
21766,251.0,526.0,0.0
21767,150.0,79.0,0.0
21768,166.0,31.0,0.0
21769,25.0,21.0,0.0
21770,257.0,338.0,0.0
21771,243.0,415.0,0.0
21772,49.0,554.0,0.0
21773,29.0,83.0,0.0
21774,55.0,460.0,0.0
21775,262.0,540.0,0.0
21776,9.0,399.0,0.0
21777,10.0,494.0,0.0
21778,79.0,183.0,0.0
21779,201.0,394.0,0.0
21780,223.0,542.0,0.0
21781,214.0,568.0,0.0
21782,219.0,32.0,0.0
21783,215.0,586.0,0.0
21784,24.0,422.0,0.0
21785,60.0,474.0,0.0
21786,237.0,564.0,0.0
21787,48.0,202.0,0.0
21788,192.0,502.0,0.0
21789,0.0,543.0,0.0
21790,258.0,444.0,0.0
21791,194.0,327.0,0.0
21792,238.0,123.0,0.0
21793,37.0,424.0,0.0
21794,104.0,478.0,0.0
21795,135.0,149.0,0.0
21796,233.0,427.0,0.0
21797,42.0,255.0,0.0
21798,113.0,391.0,0.0
21799,66.0,263.0,0.0
21800,230.0,439.0,0.0
21801,59.0,404.0,0.0
21802,173.0,384.0,0.0
21803,159.0,398.0,0.0
21804,103.0,202.0,0.0
21805,12.0,102.0,0.0
21806,153.0,489.0,0.0
21807,39.0,522.0,0.0
21808,14.0,171.0,0.0
21809,63.0,469.0,0.0
21810,96.0,465.0,0.0
21811,57.0,391.0,0.0
21812,135.0,237.0,0.0
21813,215.0,250.0,0.0
21814,4.0,90.0,0.0
21815,213.0,453.0,0.0
21816,140.0,310.0,0.0
21817,37.0,121.0,0.0
21818,172.0,475.0,0.0
21819,196.0,548.0,0.0
21820,240.0,286.0,0.0
21821,119.0,254.0,0.0
21822,27.0,436.0,0.0
21823,194.0,108.0,0.0
21824,8.0,316.0,0.0
21825,125.0,7.0,0.0
21826,187.0,323.0,0.0
21827,5.0,542.0,0.0
21828,91.0,242.0,0.0
21829,248.0,117.0,0.0
21830,133.0,64.0,0.0
21831,130.0,363.0,0.0
21832,7.0,471.0,0.0
21833,72.0,271.0,0.0
21834,44.0,376.0,0.0
21835,182.0,389.0,0.0
21836,240.0,335.0,0.0
21837,149.0,7.0,0.0
21838,113.0,37.0,0.0
21839,264.0,228.0,0.0
21840,233.0,428.0,0.0
21841,111.0,90.0,0.0
21842,256.0,93.0,0.0
21843,259.0,450.0,0.0
21844,95.0,37.0,0.0
21845,61.0,397.0,0.0
21846,146.0,129.0,0.0
21847,80.0,53.0,0.0
21848,53.0,369.0,0.0
21849,173.0,275.0,0.0
21850,195.0,361.0,0.0
21851,217.0,575.0,0.0
21852,43.0,153.0,0.0
21853,99.0,131.0,0.0
21854,246.0,54.0,0.0
21855,209.0,477.0,0.0
21856,13.0,278.0,0.0
21857,54.0,341.0,0.0
21858,244.0,283.0,0.0
21859,254.0,239.0,0.0
21860,138.0,251.0,0.0
21861,188.0,352.0,0.0
21862,111.0,226.0,0.0
21863,207.0,196.0,0.0
21864,134.0,260.0,0.0
21865,33.0,418.0,0.0
21866,10.0,597.0,0.0
21867,240.0,281.0,0.0
21868,119.0,349.0,0.0
21869,130.0,524.0,0.0
21870,225.0,541.0,0.0
21871,200.0,415.0,0.0
21872,244.0,245.0,0.0
21873,14.0,202.0,0.0
21874,179.0,488.0,0.0
21875,157.0,414.0,0.0
21876,113.0,4.0,0.0
21877,196.0,190.0,0.0
21878,15.0,7.0,0.0
21879,71.0,97.0,0.0
21880,6.0,204.0,0.0
21881,64.0,530.0,0.0
21882,16.0,459.0,0.0
21883,122.0,294.0,0.0
21884,2.0,430.0,0.0
21885,238.0,467.0,0.0
21886,24.0,482.0,0.0
21887,114.0,198.0,0.0
21888,198.0,240.0,0.0
21889,188.0,215.0,0.0
21890,229.0,156.0,0.0
21891,234.0,389.0,0.0
21892,235.0,579.0,0.0
21893,48.0,358.0,0.0
21894,184.0,187.0,0.0
21895,193.0,554.0,0.0
21896,36.0,115.0,0.0
21897,58.0,226.0,0.0
21898,121.0,272.0,0.0
21899,153.0,323.0,0.0
21900,107.0,226.0,0.0
21901,10.0,595.0,0.0
21902,98.0,158.0,0.0
21903,172.0,419.0,0.0
21904,202.0,121.0,0.0
21905,207.0,160.0,0.0
21906,86.0,575.0,0.0
21907,161.0,165.0,0.0
21908,8.0,104.0,0.0
21909,247.0,196.0,0.0
21910,83.0,218.0,0.0
21911,260.0,477.0,0.0
21912,263.0,69.0,0.0
21913,237.0,264.0,0.0
21914,202.0,404.0,0.0
21915,22.0,387.0,0.0
21916,142.0,69.0,0.0
21917,42.0,245.0,0.0
21918,130.0,559.0,0.0
21919,165.0,51.0,0.0
21920,89.0,64.0,0.0
21921,87.0,273.0,0.0
21922,197.0,557.0,0.0
21923,225.0,436.0,0.0
21924,105.0,30.0,0.0
21925,143.0,357.0,0.0
21926,123.0,153.0,0.0
21927,5.0,315.0,0.0
21928,140.0,507.0,0.0
21929,128.0,536.0,0.0
21930,107.0,33.0,0.0
21931,37.0,290.0,0.0
21932,76.0,499.0,0.0
21933,120.0,240.0,0.0
21934,46.0,394.0,0.0
21935,197.0,266.0,0.0
21936,71.0,552.0,0.0
21937,163.0,71.0,0.0
21938,252.0,192.0,0.0
21939,236.0,173.0,0.0
21940,15.0,24.0,0.0
21941,268.0,486.0,0.0
21942,246.0,358.0,0.0
21943,116.0,574.0,0.0
21944,188.0,162.0,0.0
21945,109.0,47.0,0.0
21946,136.0,561.0,0.0
21947,263.0,82.0,0.0
21948,8.0,208.0,0.0
21949,81.0,424.0,0.0
21950,180.0,268.0,0.0
21951,190.0,324.0,0.0
21952,9.0,207.0,0.0
21953,241.0,444.0,0.0
21954,153.0,335.0,0.0
21955,4.0,449.0,0.0
21956,122.0,8.0,0.0
21957,19.0,6.0,0.0
21958,193.0,366.0,0.0
21959,191.0,573.0,0.0
21960,108.0,521.0,0.0
21961,157.0,574.0,0.0
21962,72.0,113.0,0.0
21963,105.0,409.0,0.0
21964,183.0,184.0,0.0
21965,240.0,356.0,0.0
21966,162.0,174.0,0.0
21967,80.0,69.0,0.0
21968,207.0,444.0,0.0
21969,230.0,19.0,0.0
21970,76.0,188.0,0.0
21971,113.0,282.0,0.0
21972,179.0,227.0,0.0
21973,195.0,6.0,0.0
21974,212.0,19.0,0.0
21975,178.0,561.0,0.0
21976,97.0,496.0,0.0
21977,9.0,154.0,0.0
21978,157.0,503.0,0.0
21979,54.0,223.0,0.0
21980,127.0,475.0,0.0
21981,66.0,385.0,0.0
21982,206.0,573.0,0.0
21983,244.0,347.0,0.0
21984,29.0,286.0,0.0
21985,104.0,190.0,0.0
21986,41.0,141.0,0.0
21987,38.0,288.0,0.0
21988,161.0,509.0,0.0
21989,144.0,541.0,0.0
21990,29.0,48.0,0.0
21991,133.0,421.0,0.0
21992,260.0,338.0,0.0
21993,243.0,282.0,0.0
21994,194.0,273.0,0.0
21995,226.0,549.0,0.0
21996,267.0,56.0,0.0
21997,213.0,283.0,0.0
21998,194.0,71.0,0.0
21999,39.0,451.0,0.0
22000,254.0,556.0,0.0
22001,253.0,37.0,0.0
22002,239.0,117.0,0.0
22003,215.0,191.0,0.0
22004,46.0,262.0,0.0
22005,24.0,77.0,0.0
22006,145.0,85.0,0.0
22007,117.0,370.0,0.0
22008,233.0,456.0,0.0
22009,210.0,110.0,0.0
22010,264.0,435.0,0.0
22011,78.0,575.0,0.0
22012,50.0,89.0,0.0
22013,162.0,289.0,0.0
22014,204.0,379.0,0.0
22015,15.0,229.0,0.0
22016,128.0,586.0,0.0
22017,265.0,281.0,0.0
22018,207.0,306.0,0.0
22019,53.0,65.0,0.0
22020,202.0,224.0,0.0
22021,216.0,230.0,0.0
22022,127.0,406.0,0.0
22023,155.0,49.0,0.0
22024,194.0,352.0,0.0
22025,267.0,310.0,0.0
22026,208.0,276.0,0.0
22027,227.0,19.0,0.0
22028,152.0,568.0,0.0
22029,57.0,426.0,0.0
22030,8.0,161.0,0.0
22031,38.0,174.0,0.0
22032,144.0,555.0,0.0
22033,233.0,538.0,0.0
22034,116.0,290.0,0.0
22035,134.0,596.0,0.0
22036,150.0,155.0,0.0
22037,111.0,394.0,0.0
22038,110.0,417.0,0.0
22039,153.0,90.0,0.0
22040,149.0,0.0,0.0
22041,211.0,287.0,0.0
22042,176.0,584.0,0.0
22043,36.0,181.0,0.0
22044,59.0,212.0,0.0
22045,5.0,128.0,0.0
22046,24.0,532.0,0.0
22047,6.0,399.0,0.0
22048,169.0,493.0,0.0
22049,218.0,100.0,0.0
22050,170.0,310.0,0.0
22051,0.0,263.0,0.0
22052,238.0,112.0,0.0
22053,199.0,75.0,0.0
22054,27.0,39.0,0.0
22055,103.0,507.0,0.0
22056,253.0,271.0,0.0
22057,71.0,37.0,0.0
22058,153.0,394.0,0.0
22059,24.0,589.0,0.0
22060,81.0,555.0,0.0
22061,189.0,19.0,0.0
22062,34.0,348.0,0.0
22063,148.0,109.0,0.0
22064,217.0,324.0,0.0
22065,115.0,309.0,0.0
22066,149.0,200.0,0.0
22067,136.0,287.0,0.0
22068,21.0,204.0,0.0
22069,74.0,471.0,0.0
22070,77.0,126.0,0.0
22071,155.0,222.0,0.0
22072,210.0,408.0,0.0
22073,188.0,559.0,0.0
22074,29.0,147.0,0.0
22075,216.0,304.0,0.0
22076,20.0,576.0,0.0
22077,257.0,454.0,0.0
22078,15.0,390.0,0.0
22079,245.0,217.0,0.0
22080,36.0,533.0,0.0
22081,184.0,453.0,0.0
22082,82.0,322.0,0.0
22083,34.0,225.0,0.0
22084,153.0,238.0,0.0
22085,5.0,72.0,0.0
22086,208.0,149.0,0.0
22087,152.0,213.0,0.0
22088,163.0,499.0,0.0
22089,213.0,70.0,0.0
22090,139.0,174.0,0.0
22091,79.0,596.0,0.0
22092,11.0,421.0,0.0
22093,124.0,170.0,0.0
22094,101.0,196.0,0.0
22095,204.0,339.0,0.0
22096,26.0,448.0,0.0
22097,129.0,585.0,0.0
22098,68.0,34.0,0.0
22099,143.0,103.0,0.0
22100,157.0,353.0,0.0
22101,32.0,104.0,0.0
22102,107.0,279.0,0.0
22103,158.0,13.0,0.0
22104,230.0,352.0,0.0
22105,163.0,22.0,0.0
22106,35.0,48.0,0.0
22107,42.0,308.0,0.0
22108,204.0,251.0,0.0
22109,14.0,296.0,0.0
22110,40.0,131.0,0.0
22111,256.0,164.0,0.0
22112,215.0,104.0,0.0
22113,135.0,545.0,0.0
22114,196.0,150.0,0.0
22115,134.0,206.0,0.0
22116,44.0,251.0,0.0
22117,229.0,450.0,0.0
22118,46.0,110.0,0.0
22119,38.0,172.0,0.0
22120,144.0,156.0,0.0
22121,29.0,416.0,0.0
22122,18.0,220.0,0.0
22123,131.0,180.0,0.0
22124,43.0,248.0,0.0
22125,118.0,592.0,0.0
22126,153.0,25.0,0.0
22127,189.0,456.0,0.0
22128,198.0,168.0,0.0
22129,12.0,219.0,0.0
22130,177.0,232.0,0.0
22131,161.0,376.0,0.0
22132,39.0,487.0,0.0
22133,127.0,144.0,0.0
22134,115.0,499.0,0.0
22135,25.0,590.0,0.0
22136,268.0,507.0,0.0
22137,213.0,225.0,0.0
22138,30.0,340.0,0.0
22139,91.0,207.0,0.0
22140,106.0,159.0,0.0
22141,79.0,453.0,0.0
22142,63.0,480.0,0.0
22143,8.0,227.0,0.0
22144,103.0,551.0,0.0
22145,143.0,242.0,0.0
22146,30.0,273.0,0.0
22147,36.0,529.0,0.0
22148,191.0,318.0,0.0
22149,220.0,481.0,0.0
22150,143.0,377.0,0.0
22151,59.0,298.0,0.0
22152,155.0,382.0,0.0
22153,186.0,256.0,0.0
22154,94.0,41.0,0.0
22155,110.0,424.0,0.0
22156,128.0,456.0,0.0
22157,52.0,270.0,0.0
22158,153.0,484.0,0.0
22159,46.0,311.0,0.0
22160,51.0,370.0,0.0
22161,50.0,518.0,0.0
22162,254.0,378.0,0.0
22163,136.0,327.0,0.0
22164,13.0,11.0,0.0
22165,125.0,428.0,0.0
22166,20.0,33.0,0.0
22167,189.0,252.0,0.0
22168,224.0,310.0,0.0
22169,184.0,54.0,0.0
22170,54.0,301.0,0.0
22171,129.0,559.0,0.0
22172,116.0,560.0,0.0
22173,257.0,458.0,0.0
22174,210.0,230.0,0.0
22175,82.0,430.0,0.0
22176,111.0,82.0,0.0
22177,35.0,477.0,0.0
22178,180.0,283.0,0.0
22179,51.0,279.0,0.0
22180,54.0,316.0,0.0
22181,77.0,251.0,0.0
22182,147.0,25.0,0.0
22183,41.0,184.0,0.0
22184,11.0,485.0,0.0
22185,42.0,306.0,0.0
22186,44.0,412.0,0.0
22187,243.0,324.0,0.0
22188,107.0,367.0,0.0
22189,159.0,591.0,0.0
22190,239.0,431.0,0.0
22191,59.0,254.0,0.0
22192,3.0,403.0,0.0
22193,148.0,71.0,0.0
22194,139.0,430.0,0.0
22195,20.0,315.0,0.0
22196,229.0,163.0,0.0
22197,30.0,128.0,0.0
22198,76.0,528.0,0.0
22199,72.0,496.0,0.0
22200,111.0,102.0,0.0
22201,4.0,519.0,0.0
22202,124.0,189.0,0.0
22203,240.0,179.0,0.0
22204,80.0,39.0,0.0
22205,90.0,363.0,0.0
22206,5.0,85.0,0.0
22207,134.0,223.0,0.0
22208,221.0,42.0,0.0
22209,138.0,538.0,0.0
22210,226.0,93.0,0.0
22211,152.0,188.0,0.0
22212,9.0,483.0,0.0
22213,215.0,544.0,0.0
22214,180.0,346.0,0.0
22215,123.0,351.0,0.0
22216,237.0,154.0,0.0
22217,114.0,215.0,0.0
22218,81.0,257.0,0.0
22219,210.0,418.0,0.0
22220,170.0,576.0,0.0
22221,154.0,26.0,0.0
22222,57.0,507.0,0.0
22223,105.0,371.0,0.0
22224,46.0,308.0,0.0
22225,159.0,431.0,0.0
22226,84.0,3.0,0.0
22227,229.0,165.0,0.0
22228,171.0,245.0,0.0
22229,152.0,135.0,0.0
22230,191.0,243.0,0.0
22231,4.0,427.0,0.0
22232,232.0,61.0,0.0
22233,150.0,432.0,0.0
22234,24.0,590.0,0.0
22235,58.0,112.0,0.0
22236,104.0,548.0,0.0
22237,60.0,121.0,0.0
22238,109.0,54.0,0.0
22239,55.0,492.0,0.0
22240,44.0,395.0,0.0
22241,88.0,93.0,0.0
22242,182.0,375.0,0.0
22243,139.0,147.0,0.0
22244,225.0,395.0,0.0
22245,49.0,539.0,0.0
22246,183.0,229.0,0.0
22247,132.0,143.0,0.0
22248,38.0,280.0,0.0
22249,249.0,1.0,0.0
22250,169.0,122.0,0.0
22251,11.0,333.0,0.0
22252,62.0,576.0,0.0
22253,234.0,568.0,0.0
22254,35.0,42.0,0.0
22255,127.0,216.0,0.0
22256,143.0,65.0,0.0
22257,206.0,433.0,0.0
22258,50.0,197.0,0.0
22259,92.0,265.0,0.0
22260,184.0,102.0,0.0
22261,255.0,242.0,0.0
22262,168.0,27.0,0.0
22263,73.0,336.0,0.0
22264,58.0,128.0,0.0
22265,174.0,487.0,0.0
22266,60.0,350.0,0.0
22267,89.0,180.0,0.0
22268,78.0,280.0,0.0
22269,171.0,470.0,0.0
22270,118.0,418.0,0.0
22271,93.0,54.0,0.0
22272,242.0,271.0,0.0
22273,82.0,110.0,0.0
22274,60.0,101.0,0.0
22275,168.0,493.0,0.0
22276,169.0,198.0,0.0
22277,74.0,483.0,0.0
22278,36.0,565.0,0.0
22279,38.0,131.0,0.0
22280,107.0,243.0,0.0
22281,14.0,431.0,0.0
22282,203.0,206.0,0.0
22283,168.0,183.0,0.0
22284,140.0,407.0,0.0
22285,202.0,435.0,0.0
22286,240.0,590.0,0.0
22287,228.0,193.0,0.0
22288,177.0,165.0,0.0
22289,217.0,360.0,0.0
22290,129.0,159.0,0.0
22291,168.0,305.0,0.0
22292,180.0,157.0,0.0
22293,259.0,47.0,0.0
22294,151.0,455.0,0.0
22295,65.0,113.0,0.0
22296,258.0,494.0,0.0
22297,179.0,57.0,0.0
22298,127.0,75.0,0.0
22299,86.0,444.0,0.0
22300,88.0,268.0,0.0
22301,263.0,407.0,0.0
22302,22.0,361.0,0.0
22303,182.0,488.0,0.0
22304,172.0,516.0,0.0
22305,66.0,197.0,0.0
22306,122.0,345.0,0.0
22307,112.0,593.0,0.0
22308,42.0,159.0,0.0
22309,38.0,213.0,0.0
22310,207.0,404.0,0.0
22311,148.0,362.0,0.0
22312,14.0,13.0,0.0
22313,11.0,415.0,0.0
22314,163.0,315.0,0.0
22315,12.0,509.0,0.0
22316,40.0,190.0,0.0
22317,220.0,382.0,0.0
22318,149.0,205.0,0.0
22319,73.0,320.0,0.0
22320,95.0,343.0,0.0
22321,128.0,587.0,0.0
22322,253.0,82.0,0.0
22323,5.0,24.0,0.0
22324,170.0,72.0,0.0
22325,256.0,563.0,0.0
22326,1.0,104.0,0.0
22327,204.0,282.0,0.0
22328,124.0,472.0,0.0
22329,109.0,426.0,0.0
22330,47.0,272.0,0.0
22331,36.0,177.0,0.0
22332,178.0,502.0,0.0
22333,186.0,441.0,0.0
22334,159.0,193.0,0.0
22335,265.0,460.0,0.0
22336,131.0,532.0,0.0
22337,92.0,444.0,0.0
22338,64.0,436.0,0.0
22339,251.0,575.0,0.0
22340,161.0,301.0,0.0
22341,114.0,441.0,0.0
22342,91.0,196.0,0.0
22343,215.0,546.0,0.0
22344,169.0,30.0,0.0
22345,230.0,481.0,0.0
22346,224.0,507.0,0.0
22347,88.0,502.0,0.0
22348,103.0,368.0,0.0
22349,209.0,487.0,0.0
22350,210.0,515.0,0.0
22351,50.0,545.0,0.0
22352,144.0,234.0,0.0
22353,176.0,62.0,0.0
22354,22.0,458.0,0.0
22355,3.0,482.0,0.0
22356,38.0,282.0,0.0
22357,37.0,203.0,0.0
22358,250.0,75.0,0.0
22359,197.0,163.0,0.0
22360,78.0,97.0,0.0
22361,103.0,277.0,0.0
22362,6.0,197.0,0.0
22363,239.0,350.0,0.0
22364,179.0,297.0,0.0
22365,191.0,312.0,0.0
22366,233.0,55.0,0.0
22367,110.0,349.0,0.0
22368,213.0,504.0,0.0
22369,55.0,9.0,0.0
22370,264.0,498.0,0.0
22371,17.0,67.0,0.0
22372,190.0,461.0,0.0
22373,149.0,149.0,0.0
22374,176.0,396.0,0.0
22375,43.0,570.0,0.0
22376,68.0,230.0,0.0
22377,210.0,560.0,0.0
22378,39.0,38.0,0.0
22379,223.0,244.0,0.0
22380,213.0,558.0,0.0
22381,254.0,514.0,0.0
22382,41.0,213.0,0.0
22383,38.0,530.0,0.0
22384,156.0,156.0,0.0
22385,43.0,146.0,0.0
22386,95.0,353.0,0.0
22387,100.0,139.0,0.0
22388,110.0,230.0,0.0
22389,74.0,351.0,0.0
22390,34.0,234.0,0.0
22391,24.0,295.0,0.0
22392,232.0,481.0,0.0
22393,26.0,261.0,0.0
22394,93.0,195.0,0.0
22395,210.0,371.0,0.0
22396,61.0,208.0,0.0
22397,116.0,360.0,0.0
22398,224.0,537.0,0.0
22399,205.0,554.0,0.0
22400,40.0,398.0,0.0
22401,92.0,375.0,0.0
22402,153.0,371.0,0.0
22403,39.0,192.0,0.0
22404,96.0,18.0,0.0
22405,67.0,78.0,0.0
22406,15.0,43.0,0.0
22407,160.0,467.0,0.0
22408,106.0,261.0,0.0
22409,38.0,518.0,0.0
22410,217.0,555.0,0.0
22411,65.0,35.0,0.0
22412,81.0,121.0,0.0
22413,97.0,352.0,0.0
22414,70.0,513.0,0.0
22415,212.0,415.0,0.0
22416,83.0,583.0,0.0
22417,153.0,96.0,0.0
22418,258.0,197.0,0.0
22419,152.0,194.0,0.0
22420,215.0,331.0,0.0
22421,156.0,99.0,0.0
22422,113.0,224.0,0.0
22423,193.0,167.0,0.0
22424,239.0,436.0,0.0
22425,197.0,424.0,0.0
22426,239.0,6.0,0.0
22427,48.0,382.0,0.0
22428,150.0,472.0,0.0
22429,179.0,323.0,0.0
22430,196.0,398.0,0.0
22431,186.0,261.0,0.0
22432,10.0,46.0,0.0
22433,209.0,274.0,0.0
22434,189.0,547.0,0.0
22435,262.0,272.0,0.0
22436,150.0,596.0,0.0
22437,53.0,359.0,0.0
22438,143.0,571.0,0.0
22439,125.0,385.0,0.0
22440,124.0,198.0,0.0
22441,217.0,138.0,0.0
22442,122.0,364.0,0.0
22443,154.0,354.0,0.0
22444,252.0,496.0,0.0
22445,19.0,231.0,0.0
22446,150.0,451.0,0.0
22447,21.0,153.0,0.0
22448,174.0,166.0,0.0
22449,89.0,107.0,0.0
22450,197.0,387.0,0.0
22451,199.0,464.0,0.0
22452,140.0,501.0,0.0
22453,101.0,215.0,0.0
22454,140.0,437.0,0.0
22455,201.0,129.0,0.0
22456,195.0,47.0,0.0
22457,92.0,90.0,0.0
22458,134.0,363.0,0.0
22459,138.0,226.0,0.0
22460,138.0,61.0,0.0
22461,170.0,305.0,0.0
22462,188.0,493.0,0.0
22463,28.0,108.0,0.0
22464,212.0,177.0,0.0
22465,249.0,54.0,0.0
22466,236.0,332.0,0.0
22467,111.0,270.0,0.0
22468,256.0,218.0,0.0
22469,205.0,461.0,0.0
22470,164.0,199.0,0.0
22471,132.0,554.0,0.0
22472,3.0,348.0,0.0
22473,26.0,15.0,0.0
22474,72.0,456.0,0.0
22475,265.0,248.0,0.0
22476,41.0,149.0,0.0
22477,40.0,569.0,0.0
22478,192.0,509.0,0.0
22479,190.0,448.0,0.0
22480,98.0,188.0,0.0
22481,33.0,346.0,0.0
22482,50.0,281.0,0.0
22483,38.0,275.0,0.0
22484,225.0,455.0,0.0
22485,110.0,52.0,0.0
22486,5.0,507.0,0.0
22487,167.0,309.0,0.0
22488,228.0,518.0,0.0
22489,88.0,513.0,0.0
22490,133.0,330.0,0.0
22491,217.0,296.0,0.0
22492,249.0,64.0,0.0
22493,69.0,510.0,0.0
22494,96.0,184.0,0.0
22495,226.0,508.0,0.0
22496,67.0,183.0,0.0
22497,267.0,57.0,0.0
22498,210.0,354.0,0.0
22499,179.0,194.0,0.0
22500,204.0,551.0,0.0
22501,118.0,580.0,0.0
22502,116.0,362.0,0.0
22503,181.0,312.0,0.0
22504,166.0,420.0,0.0
22505,7.0,76.0,0.0
22506,136.0,238.0,0.0
22507,7.0,174.0,0.0
22508,22.0,260.0,0.0
22509,234.0,573.0,0.0
22510,145.0,65.0,0.0
22511,20.0,331.0,0.0
22512,111.0,383.0,0.0
22513,70.0,316.0,0.0
22514,198.0,402.0,0.0
22515,5.0,516.0,0.0
22516,82.0,158.0,0.0
22517,3.0,355.0,0.0
22518,36.0,216.0,0.0
22519,237.0,526.0,0.0
22520,238.0,555.0,0.0
22521,221.0,473.0,0.0
22522,205.0,134.0,0.0
22523,230.0,509.0,0.0
22524,59.0,410.0,0.0
22525,244.0,281.0,0.0
22526,131.0,191.0,0.0
22527,26.0,468.0,0.0
22528,211.0,516.0,0.0
22529,39.0,559.0,0.0
22530,103.0,16.0,0.0
22531,23.0,450.0,0.0
22532,265.0,211.0,0.0
22533,237.0,466.0,0.0
22534,56.0,63.0,0.0
22535,184.0,84.0,0.0
22536,190.0,505.0,0.0
22537,248.0,165.0,0.0
22538,73.0,90.0,0.0
22539,246.0,41.0,0.0
22540,195.0,148.0,0.0
22541,4.0,228.0,0.0
22542,90.0,187.0,0.0
22543,129.0,41.0,0.0
22544,19.0,286.0,0.0
22545,153.0,482.0,0.0
22546,96.0,217.0,0.0
22547,144.0,56.0,0.0
22548,0.0,563.0,0.0
22549,171.0,502.0,0.0
22550,258.0,453.0,0.0
22551,95.0,515.0,0.0
22552,128.0,307.0,0.0
22553,37.0,104.0,0.0
22554,131.0,77.0,0.0
22555,62.0,313.0,0.0
22556,135.0,348.0,0.0
22557,181.0,241.0,0.0
22558,183.0,217.0,0.0
22559,174.0,250.0,0.0
22560,198.0,528.0,0.0
22561,137.0,520.0,0.0
22562,228.0,403.0,0.0
22563,169.0,125.0,0.0
22564,138.0,53.0,0.0
22565,248.0,307.0,0.0
22566,233.0,584.0,0.0
22567,131.0,88.0,0.0
22568,76.0,77.0,0.0
22569,143.0,494.0,0.0
22570,61.0,588.0,0.0
22571,226.0,287.0,0.0
22572,111.0,141.0,0.0
22573,148.0,455.0,0.0
22574,12.0,199.0,0.0
22575,49.0,355.0,0.0
22576,237.0,353.0,0.0
22577,64.0,396.0,0.0
22578,107.0,501.0,0.0
22579,235.0,332.0,0.0
22580,32.0,431.0,0.0
22581,233.0,125.0,0.0
22582,29.0,289.0,0.0
22583,95.0,473.0,0.0
22584,190.0,94.0,0.0
22585,24.0,329.0,0.0
22586,41.0,172.0,0.0
22587,92.0,159.0,0.0
22588,135.0,252.0,0.0
22589,121.0,552.0,0.0
22590,18.0,520.0,0.0
22591,206.0,235.0,0.0
22592,219.0,536.0,0.0
22593,6.0,436.0,0.0
22594,94.0,393.0,0.0
22595,222.0,352.0,0.0
22596,61.0,61.0,0.0
22597,118.0,145.0,0.0
22598,202.0,261.0,0.0
22599,75.0,113.0,0.0
22600,28.0,413.0,0.0
22601,155.0,162.0,0.0
22602,222.0,487.0,0.0
22603,160.0,363.0,0.0
22604,12.0,590.0,0.0
22605,61.0,453.0,0.0
22606,230.0,581.0,0.0
22607,140.0,406.0,0.0
22608,34.0,182.0,0.0
22609,146.0,347.0,0.0
22610,97.0,61.0,0.0
22611,131.0,516.0,0.0
22612,245.0,65.0,0.0
22613,63.0,104.0,0.0
22614,41.0,533.0,0.0
22615,16.0,48.0,0.0
22616,176.0,546.0,0.0
22617,160.0,323.0,0.0
22618,31.0,482.0,0.0
22619,229.0,86.0,0.0
22620,143.0,171.0,0.0
22621,188.0,392.0,0.0
22622,12.0,507.0,0.0
22623,211.0,277.0,0.0
22624,5.0,480.0,0.0
22625,190.0,335.0,0.0
22626,171.0,460.0,0.0
22627,138.0,163.0,0.0
22628,141.0,310.0,0.0
22629,80.0,141.0,0.0
22630,243.0,117.0,0.0
22631,241.0,166.0,0.0
22632,4.0,257.0,0.0
22633,122.0,588.0,0.0
22634,224.0,70.0,0.0
22635,110.0,382.0,0.0
22636,161.0,424.0,0.0
22637,203.0,399.0,0.0
22638,227.0,428.0,0.0
22639,46.0,78.0,0.0
22640,120.0,500.0,0.0
22641,122.0,16.0,0.0
22642,138.0,227.0,0.0
22643,190.0,73.0,0.0
22644,184.0,466.0,0.0
22645,110.0,143.0,0.0
22646,86.0,65.0,0.0
22647,96.0,2.0,0.0
22648,158.0,472.0,0.0
22649,215.0,430.0,0.0
22650,104.0,332.0,0.0
22651,47.0,427.0,0.0
22652,227.0,525.0,0.0
22653,90.0,555.0,0.0
22654,191.0,290.0,0.0
22655,10.0,78.0,0.0
22656,124.0,586.0,0.0
22657,9.0,548.0,0.0
22658,144.0,72.0,0.0
22659,121.0,131.0,0.0
22660,180.0,521.0,0.0
22661,158.0,340.0,0.0
22662,19.0,353.0,0.0
22663,63.0,461.0,0.0
22664,209.0,7.0,0.0
22665,18.0,26.0,0.0
22666,64.0,582.0,0.0
22667,15.0,74.0,0.0
22668,62.0,16.0,0.0
22669,96.0,364.0,0.0
22670,37.0,17.0,0.0
22671,230.0,90.0,0.0
22672,221.0,44.0,0.0
22673,67.0,450.0,0.0
22674,124.0,0.0,0.0
22675,222.0,115.0,0.0
22676,29.0,573.0,0.0
22677,11.0,429.0,0.0
22678,179.0,369.0,0.0
22679,85.0,581.0,0.0
22680,83.0,483.0,0.0
22681,217.0,47.0,0.0
22682,133.0,334.0,0.0
22683,99.0,30.0,0.0
22684,153.0,476.0,0.0
22685,268.0,145.0,0.0
22686,184.0,358.0,0.0
22687,139.0,89.0,0.0
22688,5.0,140.0,0.0
22689,155.0,128.0,0.0
22690,242.0,307.0,0.0
22691,126.0,233.0,0.0
22692,33.0,39.0,0.0
22693,111.0,384.0,0.0
22694,221.0,458.0,0.0
22695,189.0,333.0,0.0
22696,204.0,420.0,0.0
22697,8.0,221.0,0.0
22698,265.0,349.0,0.0
22699,151.0,476.0,0.0
22700,21.0,158.0,0.0
22701,92.0,534.0,0.0
22702,23.0,453.0,0.0
22703,175.0,544.0,0.0
22704,37.0,52.0,0.0
22705,163.0,552.0,0.0
22706,124.0,377.0,0.0
22707,169.0,417.0,0.0
22708,86.0,154.0,0.0
22709,138.0,582.0,0.0
22710,260.0,427.0,0.0
22711,67.0,276.0,0.0
22712,143.0,149.0,0.0
22713,221.0,348.0,0.0
22714,81.0,582.0,0.0
22715,193.0,310.0,0.0
22716,218.0,28.0,0.0
22717,163.0,457.0,0.0
22718,205.0,536.0,0.0
22719,218.0,207.0,0.0
22720,7.0,534.0,0.0
22721,207.0,573.0,0.0
22722,196.0,283.0,0.0
22723,26.0,534.0,0.0
22724,129.0,163.0,0.0
22725,256.0,95.0,0.0
22726,58.0,326.0,0.0
22727,46.0,336.0,0.0
22728,86.0,31.0,0.0
22729,8.0,180.0,0.0
22730,143.0,439.0,0.0
22731,10.0,505.0,0.0
22732,187.0,65.0,0.0
22733,116.0,404.0,0.0
22734,267.0,330.0,0.0
22735,109.0,425.0,0.0
22736,257.0,475.0,0.0
22737,31.0,158.0,0.0
22738,7.0,336.0,0.0
22739,138.0,33.0,0.0
22740,81.0,270.0,0.0
22741,41.0,469.0,0.0
22742,265.0,152.0,0.0
22743,186.0,232.0,0.0
22744,180.0,140.0,0.0
22745,268.0,85.0,0.0
22746,29.0,524.0,0.0
22747,214.0,197.0,0.0
22748,31.0,303.0,0.0
22749,155.0,29.0,0.0
22750,55.0,196.0,0.0
22751,183.0,472.0,0.0
22752,91.0,495.0,0.0
22753,118.0,141.0,0.0
22754,85.0,337.0,0.0
22755,180.0,578.0,0.0
22756,124.0,267.0,0.0
22757,4.0,189.0,0.0
22758,99.0,496.0,0.0
22759,61.0,485.0,0.0
22760,170.0,594.0,0.0
22761,8.0,543.0,0.0
22762,24.0,284.0,0.0
22763,236.0,529.0,0.0
22764,100.0,368.0,0.0
22765,109.0,134.0,0.0
22766,237.0,107.0,0.0
22767,251.0,8.0,0.0
22768,126.0,450.0,0.0
22769,138.0,558.0,0.0
22770,168.0,281.0,0.0
22771,220.0,284.0,0.0
22772,232.0,331.0,0.0
22773,172.0,220.0,0.0
22774,175.0,150.0,0.0
22775,14.0,137.0,0.0
22776,95.0,297.0,0.0
22777,77.0,543.0,0.0
22778,22.0,160.0,0.0
22779,153.0,51.0,0.0
22780,16.0,93.0,0.0
22781,192.0,501.0,0.0
22782,80.0,325.0,0.0
22783,4.0,193.0,0.0
22784,202.0,497.0,0.0
22785,164.0,256.0,0.0
22786,231.0,177.0,0.0
22787,219.0,228.0,0.0
22788,168.0,234.0,0.0
22789,120.0,249.0,0.0
22790,104.0,41.0,0.0
22791,71.0,532.0,0.0
22792,156.0,160.0,0.0
22793,81.0,0.0,0.0
22794,204.0,506.0,0.0
22795,184.0,596.0,0.0
22796,64.0,384.0,0.0
22797,75.0,343.0,0.0
22798,265.0,498.0,0.0
22799,97.0,158.0,0.0
22800,125.0,13.0,0.0
22801,57.0,527.0,0.0
22802,43.0,474.0,0.0
22803,61.0,120.0,0.0
22804,55.0,29.0,0.0
22805,171.0,376.0,0.0
22806,177.0,5.0,0.0
22807,244.0,154.0,0.0
22808,42.0,465.0,0.0
22809,159.0,297.0,0.0
22810,130.0,460.0,0.0
22811,140.0,354.0,0.0
22812,24.0,170.0,0.0
22813,224.0,249.0,0.0
22814,70.0,143.0,0.0
22815,157.0,327.0,0.0
22816,238.0,215.0,0.0
22817,229.0,415.0,0.0
22818,112.0,80.0,0.0
22819,58.0,361.0,0.0
22820,2.0,10.0,0.0
22821,205.0,555.0,0.0
22822,200.0,388.0,0.0
22823,4.0,268.0,0.0
22824,38.0,379.0,0.0
22825,139.0,574.0,0.0
22826,22.0,233.0,0.0
22827,77.0,229.0,0.0
22828,3.0,192.0,0.0
22829,185.0,83.0,0.0
22830,117.0,257.0,0.0
22831,215.0,485.0,0.0
22832,211.0,484.0,0.0
22833,13.0,544.0,0.0
22834,118.0,44.0,0.0
22835,22.0,319.0,0.0
22836,57.0,411.0,0.0
22837,46.0,138.0,0.0
22838,92.0,7.0,0.0
22839,117.0,200.0,0.0
22840,193.0,496.0,0.0
22841,26.0,505.0,0.0
22842,83.0,306.0,0.0
22843,62.0,474.0,0.0
22844,209.0,335.0,0.0
22845,202.0,412.0,0.0
22846,222.0,51.0,0.0
22847,167.0,462.0,0.0
22848,241.0,474.0,0.0
22849,77.0,205.0,0.0
22850,2.0,233.0,0.0
22851,257.0,330.0,0.0
22852,252.0,351.0,0.0
22853,236.0,274.0,0.0
22854,22.0,207.0,0.0
22855,259.0,563.0,0.0
22856,230.0,150.0,0.0
22857,38.0,335.0,0.0
22858,14.0,544.0,0.0
22859,125.0,452.0,0.0
22860,268.0,390.0,0.0
22861,64.0,317.0,0.0
22862,209.0,426.0,0.0
22863,25.0,547.0,0.0
22864,38.0,413.0,0.0
22865,50.0,430.0,0.0
22866,0.0,279.0,0.0
22867,168.0,174.0,0.0
22868,43.0,106.0,0.0
22869,239.0,107.0,0.0
22870,114.0,169.0,0.0
22871,177.0,289.0,0.0
22872,239.0,133.0,0.0
22873,100.0,186.0,0.0
22874,157.0,56.0,0.0
22875,68.0,480.0,0.0
22876,98.0,182.0,0.0
22877,91.0,437.0,0.0
22878,240.0,477.0,0.0
22879,176.0,135.0,0.0
22880,139.0,107.0,0.0
22881,163.0,435.0,0.0
22882,223.0,224.0,0.0
22883,163.0,0.0,0.0
22884,221.0,94.0,0.0
22885,3.0,529.0,0.0
22886,24.0,367.0,0.0
22887,18.0,490.0,0.0
22888,220.0,371.0,0.0
22889,170.0,229.0,0.0
22890,227.0,316.0,0.0
22891,98.0,589.0,0.0
22892,42.0,41.0,0.0
22893,167.0,218.0,0.0
22894,54.0,573.0,0.0
22895,32.0,309.0,0.0
22896,50.0,397.0,0.0
22897,186.0,591.0,0.0
22898,14.0,520.0,0.0
22899,235.0,411.0,0.0
22900,221.0,243.0,0.0
22901,174.0,477.0,0.0
22902,221.0,28.0,0.0
22903,168.0,549.0,0.0
22904,265.0,437.0,0.0
22905,14.0,139.0,0.0
22906,65.0,132.0,0.0
22907,99.0,14.0,0.0
22908,61.0,356.0,0.0
22909,234.0,431.0,0.0
22910,12.0,557.0,0.0
22911,34.0,237.0,0.0
22912,187.0,436.0,0.0
22913,196.0,475.0,0.0
22914,130.0,94.0,0.0
22915,190.0,137.0,0.0
22916,255.0,381.0,0.0
22917,59.0,534.0,0.0
22918,58.0,122.0,0.0
22919,79.0,541.0,0.0
22920,59.0,561.0,0.0
22921,212.0,82.0,0.0
22922,6.0,133.0,0.0
22923,3.0,262.0,0.0
22924,259.0,171.0,0.0
22925,135.0,0.0,0.0
22926,219.0,140.0,0.0
22927,0.0,519.0,0.0
22928,27.0,13.0,0.0
22929,171.0,419.0,0.0
22930,108.0,202.0,0.0
22931,23.0,75.0,0.0
22932,249.0,170.0,0.0
22933,24.0,376.0,0.0
22934,124.0,346.0,0.0
22935,210.0,97.0,0.0
22936,174.0,128.0,0.0
22937,114.0,42.0,0.0
22938,121.0,0.0,0.0
22939,69.0,115.0,0.0
22940,79.0,164.0,0.0
22941,50.0,586.0,0.0
22942,161.0,525.0,0.0
22943,133.0,406.0,0.0
22944,4.0,551.0,0.0
22945,201.0,544.0,0.0
22946,118.0,271.0,0.0
22947,248.0,7.0,0.0
22948,179.0,154.0,0.0
22949,261.0,149.0,0.0
22950,78.0,246.0,0.0
22951,211.0,419.0,0.0
22952,90.0,84.0,0.0
22953,58.0,425.0,0.0
22954,127.0,442.0,0.0
22955,10.0,63.0,0.0
22956,46.0,168.0,0.0
22957,203.0,590.0,0.0
22958,251.0,92.0,0.0
22959,202.0,114.0,0.0
22960,163.0,538.0,0.0
22961,231.0,311.0,0.0
22962,218.0,540.0,0.0
22963,72.0,301.0,0.0
22964,239.0,94.0,0.0
22965,100.0,464.0,0.0
22966,239.0,564.0,0.0
22967,22.0,275.0,0.0
22968,108.0,470.0,0.0
22969,89.0,567.0,0.0
22970,201.0,261.0,0.0
22971,41.0,407.0,0.0
22972,0.0,20.0,0.0
22973,109.0,454.0,0.0
22974,112.0,509.0,0.0
22975,8.0,371.0,0.0
22976,55.0,548.0,0.0
22977,93.0,409.0,0.0
22978,188.0,594.0,0.0
22979,146.0,87.0,0.0
22980,263.0,554.0,0.0
22981,161.0,471.0,0.0
22982,24.0,61.0,0.0
22983,163.0,306.0,0.0
22984,205.0,150.0,0.0
22985,240.0,43.0,0.0
22986,83.0,332.0,0.0
22987,53.0,475.0,0.0
22988,237.0,191.0,0.0
22989,92.0,153.0,0.0
22990,94.0,472.0,0.0
22991,220.0,483.0,0.0
22992,114.0,476.0,0.0
22993,228.0,96.0,0.0
22994,141.0,123.0,0.0
22995,96.0,485.0,0.0
22996,116.0,255.0,0.0
22997,129.0,189.0,0.0
22998,33.0,446.0,0.0
22999,197.0,14.0,0.0
23000,7.0,474.0,0.0
23001,250.0,192.0,0.0
23002,38.0,316.0,0.0
23003,218.0,463.0,0.0
23004,253.0,424.0,0.0
23005,157.0,208.0,0.0
23006,219.0,119.0,0.0
23007,35.0,85.0,0.0
23008,208.0,233.0,0.0
23009,211.0,427.0,0.0
23010,186.0,392.0,0.0
23011,74.0,448.0,0.0
23012,157.0,372.0,0.0
23013,194.0,482.0,0.0
23014,183.0,158.0,0.0
23015,8.0,29.0,0.0
23016,50.0,400.0,0.0
23017,170.0,264.0,0.0
23018,247.0,157.0,0.0
23019,168.0,162.0,0.0
23020,114.0,8.0,0.0
23021,229.0,360.0,0.0
23022,3.0,522.0,0.0
23023,175.0,384.0,0.0
23024,4.0,479.0,0.0
23025,30.0,87.0,0.0
23026,69.0,4.0,0.0
23027,56.0,312.0,0.0
23028,40.0,394.0,0.0
23029,65.0,335.0,0.0
23030,10.0,472.0,0.0
23031,255.0,23.0,0.0
23032,48.0,401.0,0.0
23033,160.0,296.0,0.0
23034,0.0,136.0,0.0
23035,71.0,322.0,0.0
23036,133.0,271.0,0.0
23037,203.0,299.0,0.0
23038,40.0,408.0,0.0
23039,120.0,6.0,0.0
23040,38.0,80.0,0.0
23041,5.0,447.0,0.0
23042,144.0,274.0,0.0
23043,38.0,85.0,0.0
23044,175.0,75.0,0.0
23045,217.0,531.0,0.0
23046,156.0,336.0,0.0
23047,200.0,448.0,0.0
23048,77.0,515.0,0.0
23049,246.0,1.0,0.0
23050,246.0,187.0,0.0
23051,183.0,539.0,0.0
23052,228.0,467.0,0.0
23053,268.0,431.0,0.0
23054,200.0,0.0,0.0
23055,72.0,318.0,0.0
23056,73.0,234.0,0.0
23057,19.0,526.0,0.0
23058,192.0,53.0,0.0
23059,177.0,237.0,0.0
23060,254.0,134.0,0.0
23061,3.0,213.0,0.0
23062,111.0,57.0,0.0
23063,197.0,345.0,0.0
23064,13.0,253.0,0.0
23065,216.0,472.0,0.0
23066,50.0,435.0,0.0
23067,261.0,477.0,0.0
23068,3.0,18.0,0.0
23069,121.0,72.0,0.0
23070,49.0,479.0,0.0
23071,19.0,456.0,0.0
23072,33.0,216.0,0.0
23073,40.0,515.0,0.0
23074,247.0,385.0,0.0
23075,196.0,417.0,0.0
23076,241.0,165.0,0.0
23077,192.0,120.0,0.0
23078,245.0,435.0,0.0
23079,9.0,440.0,0.0
23080,113.0,136.0,0.0
23081,100.0,190.0,0.0
23082,192.0,402.0,0.0
23083,233.0,516.0,0.0
23084,192.0,316.0,0.0
23085,240.0,137.0,0.0
23086,166.0,28.0,0.0
23087,260.0,265.0,0.0
23088,260.0,210.0,0.0
23089,109.0,477.0,0.0
23090,239.0,106.0,0.0
23091,160.0,10.0,0.0
23092,164.0,223.0,0.0
23093,4.0,118.0,0.0
23094,248.0,392.0,0.0
23095,38.0,55.0,0.0
23096,14.0,331.0,0.0
23097,161.0,505.0,0.0
23098,140.0,366.0,0.0
23099,154.0,578.0,0.0
23100,196.0,523.0,0.0
23101,53.0,308.0,0.0
23102,87.0,451.0,0.0
23103,261.0,102.0,0.0
23104,66.0,382.0,0.0
23105,162.0,416.0,0.0
23106,108.0,70.0,0.0
23107,155.0,445.0,0.0
23108,235.0,141.0,0.0
23109,169.0,355.0,0.0
23110,4.0,416.0,0.0
23111,24.0,572.0,0.0
23112,10.0,213.0,0.0
23113,265.0,269.0,0.0
23114,154.0,567.0,0.0
23115,108.0,63.0,0.0
23116,2.0,375.0,0.0
23117,98.0,141.0,0.0
23118,108.0,308.0,0.0
23119,78.0,525.0,0.0
23120,209.0,47.0,0.0
23121,70.0,325.0,0.0
23122,137.0,98.0,0.0
23123,247.0,60.0,0.0
23124,137.0,580.0,0.0
23125,119.0,430.0,0.0
23126,172.0,75.0,0.0
23127,102.0,384.0,0.0
23128,229.0,301.0,0.0
23129,236.0,509.0,0.0
23130,61.0,384.0,0.0
23131,5.0,99.0,0.0
23132,3.0,354.0,0.0
23133,21.0,150.0,0.0
23134,258.0,397.0,0.0
23135,99.0,143.0,0.0
23136,11.0,562.0,0.0
23137,261.0,414.0,0.0
23138,60.0,145.0,0.0
23139,20.0,282.0,0.0
23140,85.0,375.0,0.0
23141,214.0,422.0,0.0
23142,263.0,528.0,0.0
23143,173.0,19.0,0.0
23144,49.0,584.0,0.0
23145,133.0,408.0,0.0
23146,185.0,475.0,0.0
23147,218.0,372.0,0.0
23148,204.0,581.0,0.0
23149,112.0,268.0,0.0
23150,21.0,250.0,0.0
23151,194.0,385.0,0.0
23152,267.0,32.0,0.0
23153,214.0,336.0,0.0
23154,241.0,401.0,0.0
23155,189.0,35.0,0.0
23156,49.0,25.0,0.0
23157,61.0,487.0,0.0
23158,99.0,52.0,0.0
23159,141.0,76.0,0.0
23160,92.0,393.0,0.0
23161,85.0,525.0,0.0
23162,179.0,26.0,0.0
23163,96.0,558.0,0.0
23164,216.0,508.0,0.0
23165,6.0,468.0,0.0
23166,219.0,64.0,0.0
23167,185.0,470.0,0.0
23168,189.0,567.0,0.0
23169,147.0,582.0,0.0
23170,179.0,455.0,0.0
23171,0.0,579.0,0.0
23172,234.0,172.0,0.0
23173,116.0,551.0,0.0
23174,22.0,212.0,0.0
23175,197.0,373.0,0.0
23176,110.0,410.0,0.0
23177,233.0,242.0,0.0
23178,49.0,395.0,0.0
23179,18.0,261.0,0.0
23180,36.0,317.0,0.0
23181,143.0,507.0,0.0
23182,94.0,60.0,0.0
23183,1.0,220.0,0.0
23184,67.0,428.0,0.0
23185,35.0,474.0,0.0
23186,135.0,538.0,0.0
23187,111.0,526.0,0.0
23188,227.0,552.0,0.0
23189,158.0,577.0,0.0
23190,65.0,554.0,0.0
23191,172.0,301.0,0.0
23192,30.0,36.0,0.0
23193,250.0,549.0,0.0
23194,204.0,492.0,0.0
23195,118.0,54.0,0.0
23196,237.0,291.0,0.0
23197,239.0,341.0,0.0
23198,177.0,553.0,0.0
23199,230.0,262.0,0.0
23200,7.0,242.0,0.0
23201,92.0,89.0,0.0
23202,94.0,185.0,0.0
23203,199.0,43.0,0.0
23204,22.0,393.0,0.0
23205,57.0,487.0,0.0
23206,15.0,412.0,0.0
23207,242.0,290.0,0.0
23208,47.0,556.0,0.0
23209,247.0,425.0,0.0
23210,137.0,562.0,0.0
23211,3.0,32.0,0.0
23212,203.0,414.0,0.0
23213,78.0,453.0,0.0
23214,27.0,544.0,0.0
23215,126.0,37.0,0.0
23216,147.0,319.0,0.0
23217,163.0,554.0,0.0
23218,53.0,105.0,0.0
23219,32.0,364.0,0.0
23220,116.0,440.0,0.0
23221,116.0,309.0,0.0
23222,44.0,554.0,0.0
23223,123.0,389.0,0.0
23224,127.0,365.0,0.0
23225,261.0,180.0,0.0
23226,83.0,94.0,0.0
23227,110.0,524.0,0.0
23228,197.0,552.0,0.0
23229,195.0,209.0,0.0
23230,88.0,111.0,0.0
23231,256.0,427.0,0.0
23232,181.0,530.0,0.0
23233,60.0,163.0,0.0
23234,95.0,69.0,0.0
23235,20.0,130.0,0.0
23236,145.0,575.0,0.0
23237,26.0,459.0,0.0
23238,218.0,530.0,0.0
23239,187.0,358.0,0.0
23240,255.0,533.0,0.0
23241,196.0,517.0,0.0
23242,105.0,11.0,0.0
23243,3.0,307.0,0.0
23244,73.0,496.0,0.0
23245,31.0,256.0,0.0
23246,32.0,223.0,0.0
23247,27.0,497.0,0.0
23248,204.0,483.0,0.0
23249,170.0,122.0,0.0
23250,88.0,505.0,0.0
23251,134.0,281.0,0.0
23252,156.0,23.0,0.0
23253,124.0,213.0,0.0
23254,22.0,184.0,0.0
23255,137.0,260.0,0.0
23256,179.0,551.0,0.0
23257,89.0,405.0,0.0
23258,158.0,544.0,0.0
23259,84.0,41.0,0.0
23260,7.0,69.0,0.0
23261,35.0,371.0,0.0
23262,112.0,364.0,0.0
23263,181.0,450.0,0.0
23264,46.0,18.0,0.0
23265,185.0,363.0,0.0
23266,24.0,477.0,0.0
23267,165.0,396.0,0.0
23268,187.0,332.0,0.0
23269,29.0,114.0,0.0
23270,8.0,137.0,0.0
23271,28.0,101.0,0.0
23272,258.0,517.0,0.0
23273,64.0,73.0,0.0
23274,180.0,517.0,0.0
23275,23.0,190.0,0.0
23276,121.0,9.0,0.0
23277,191.0,17.0,0.0
23278,239.0,314.0,0.0
23279,198.0,147.0,0.0
23280,8.0,588.0,0.0
23281,134.0,495.0,0.0
23282,28.0,39.0,0.0
23283,19.0,78.0,0.0
23284,111.0,301.0,0.0
23285,196.0,551.0,0.0
23286,0.0,389.0,0.0
23287,196.0,88.0,0.0
23288,176.0,581.0,0.0
23289,175.0,138.0,0.0
23290,262.0,477.0,0.0
23291,167.0,353.0,0.0
23292,264.0,378.0,0.0
23293,148.0,389.0,0.0
23294,205.0,546.0,0.0
23295,137.0,100.0,0.0
23296,210.0,241.0,0.0
23297,259.0,543.0,0.0
23298,165.0,487.0,0.0
23299,66.0,51.0,0.0
23300,242.0,68.0,0.0
23301,246.0,588.0,0.0
23302,166.0,62.0,0.0
23303,217.0,508.0,0.0
23304,118.0,0.0,0.0
23305,238.0,58.0,0.0
23306,196.0,256.0,0.0
23307,8.0,540.0,0.0
23308,42.0,37.0,0.0
23309,97.0,577.0,0.0
23310,5.0,61.0,0.0
23311,26.0,306.0,0.0
23312,213.0,157.0,0.0
23313,50.0,259.0,0.0
23314,2.0,231.0,0.0
23315,205.0,94.0,0.0
23316,106.0,479.0,0.0
23317,161.0,425.0,0.0
23318,177.0,536.0,0.0
23319,193.0,19.0,0.0
23320,23.0,409.0,0.0
23321,231.0,9.0,0.0
23322,143.0,209.0,0.0
23323,212.0,134.0,0.0
23324,211.0,58.0,0.0
23325,91.0,156.0,0.0
23326,227.0,280.0,0.0
23327,109.0,432.0,0.0
23328,195.0,62.0,0.0
23329,164.0,392.0,0.0
23330,157.0,32.0,0.0
23331,79.0,329.0,0.0
23332,264.0,328.0,0.0
23333,77.0,95.0,0.0
23334,48.0,314.0,0.0
23335,155.0,449.0,0.0
23336,251.0,0.0,0.0
23337,135.0,159.0,0.0
23338,7.0,591.0,0.0
23339,230.0,475.0,0.0
23340,129.0,294.0,0.0
23341,104.0,397.0,0.0
23342,193.0,334.0,0.0
23343,184.0,139.0,0.0
23344,237.0,28.0,0.0
23345,160.0,42.0,0.0
23346,110.0,234.0,0.0
23347,91.0,386.0,0.0
23348,129.0,243.0,0.0
23349,33.0,174.0,0.0
23350,210.0,516.0,0.0
23351,7.0,230.0,0.0
23352,260.0,316.0,0.0
23353,79.0,30.0,0.0
23354,14.0,33.0,0.0
23355,83.0,595.0,0.0
23356,108.0,496.0,0.0
23357,197.0,433.0,0.0
23358,43.0,1.0,0.0
23359,128.0,68.0,0.0
23360,192.0,261.0,0.0
23361,185.0,199.0,0.0
23362,84.0,132.0,0.0
23363,115.0,455.0,0.0
23364,142.0,101.0,0.0
23365,200.0,235.0,0.0
23366,106.0,175.0,0.0
23367,44.0,495.0,0.0
23368,262.0,87.0,0.0
23369,212.0,26.0,0.0
23370,150.0,557.0,0.0
23371,187.0,270.0,0.0
23372,142.0,454.0,0.0
23373,157.0,547.0,0.0
23374,259.0,113.0,0.0
23375,204.0,317.0,0.0
23376,177.0,539.0,0.0
23377,39.0,259.0,0.0
23378,222.0,194.0,0.0
23379,267.0,13.0,0.0
23380,244.0,497.0,0.0
23381,160.0,286.0,0.0
23382,68.0,391.0,0.0
23383,25.0,368.0,0.0
23384,163.0,10.0,0.0
23385,55.0,62.0,0.0
23386,168.0,352.0,0.0
23387,184.0,173.0,0.0
23388,83.0,541.0,0.0
23389,223.0,489.0,0.0
23390,201.0,98.0,0.0
23391,229.0,250.0,0.0
23392,221.0,476.0,0.0
23393,128.0,541.0,0.0
23394,137.0,457.0,0.0
23395,19.0,323.0,0.0
23396,56.0,475.0,0.0
23397,135.0,337.0,0.0
23398,243.0,40.0,0.0
23399,75.0,212.0,0.0
23400,150.0,261.0,0.0
23401,41.0,262.0,0.0
23402,25.0,478.0,0.0
23403,230.0,111.0,0.0
23404,100.0,17.0,0.0
23405,175.0,266.0,0.0
23406,268.0,227.0,0.0
23407,109.0,50.0,0.0
23408,235.0,71.0,0.0
23409,40.0,264.0,0.0
23410,104.0,597.0,0.0
23411,102.0,337.0,0.0
23412,238.0,449.0,0.0
23413,93.0,124.0,0.0
23414,194.0,309.0,0.0
23415,258.0,461.0,0.0
23416,62.0,535.0,0.0
23417,93.0,438.0,0.0
23418,37.0,234.0,0.0
23419,12.0,202.0,0.0
23420,121.0,573.0,0.0
23421,154.0,41.0,0.0
23422,152.0,249.0,0.0
23423,202.0,542.0,0.0
23424,7.0,455.0,0.0
23425,159.0,515.0,0.0
23426,57.0,384.0,0.0
23427,154.0,203.0,0.0
23428,122.0,515.0,0.0
23429,45.0,82.0,0.0
23430,110.0,228.0,0.0
23431,167.0,205.0,0.0
23432,250.0,86.0,0.0
23433,118.0,484.0,0.0
23434,53.0,150.0,0.0
23435,97.0,291.0,0.0
23436,90.0,28.0,0.0
23437,92.0,425.0,0.0
23438,148.0,360.0,0.0
23439,230.0,345.0,0.0
23440,183.0,124.0,0.0
23441,200.0,239.0,0.0
23442,163.0,74.0,0.0
23443,201.0,122.0,0.0
23444,254.0,364.0,0.0
23445,174.0,45.0,0.0
23446,45.0,44.0,0.0
23447,133.0,481.0,0.0
23448,142.0,507.0,0.0
23449,202.0,458.0,0.0
23450,42.0,58.0,0.0
23451,31.0,288.0,0.0
23452,109.0,510.0,0.0
23453,149.0,574.0,0.0
23454,109.0,387.0,0.0
23455,154.0,272.0,0.0
23456,138.0,495.0,0.0
23457,116.0,125.0,0.0
23458,122.0,396.0,0.0
23459,164.0,150.0,0.0
23460,191.0,367.0,0.0
23461,159.0,354.0,0.0
23462,253.0,371.0,0.0
23463,143.0,552.0,0.0
23464,63.0,400.0,0.0
23465,77.0,30.0,0.0
23466,166.0,221.0,0.0
23467,29.0,96.0,0.0
23468,203.0,73.0,0.0
23469,153.0,230.0,0.0
23470,239.0,80.0,0.0
23471,49.0,6.0,0.0
23472,44.0,414.0,0.0
23473,53.0,409.0,0.0
23474,37.0,423.0,0.0
23475,37.0,526.0,0.0
23476,72.0,91.0,0.0
23477,91.0,481.0,0.0
23478,20.0,300.0,0.0
23479,46.0,6.0,0.0
23480,112.0,194.0,0.0
23481,246.0,176.0,0.0
23482,106.0,496.0,0.0
23483,190.0,159.0,0.0
23484,137.0,513.0,0.0
23485,14.0,503.0,0.0
23486,88.0,255.0,0.0
23487,143.0,326.0,0.0
23488,206.0,9.0,0.0
23489,187.0,537.0,0.0
23490,230.0,365.0,0.0
23491,176.0,44.0,0.0
23492,152.0,555.0,0.0
23493,179.0,68.0,0.0
23494,241.0,22.0,0.0
23495,261.0,27.0,0.0
23496,125.0,525.0,0.0
23497,17.0,330.0,0.0
23498,47.0,475.0,0.0
23499,152.0,366.0,0.0
23500,46.0,515.0,0.0
23501,126.0,424.0,0.0
23502,6.0,280.0,0.0
23503,217.0,549.0,0.0
23504,230.0,556.0,0.0
23505,212.0,220.0,0.0
23506,215.0,165.0,0.0
23507,34.0,387.0,0.0
23508,105.0,202.0,0.0
23509,244.0,511.0,0.0
23510,37.0,484.0,0.0
23511,177.0,80.0,0.0
23512,180.0,293.0,0.0
23513,253.0,146.0,0.0
23514,213.0,174.0,0.0
23515,238.0,594.0,0.0
23516,241.0,279.0,0.0
23517,200.0,562.0,0.0
23518,259.0,14.0,0.0
23519,85.0,174.0,0.0
23520,20.0,103.0,0.0
23521,212.0,236.0,0.0
23522,63.0,529.0,0.0
23523,164.0,221.0,0.0
23524,231.0,297.0,0.0
23525,136.0,478.0,0.0
23526,209.0,100.0,0.0
23527,56.0,127.0,0.0
23528,220.0,374.0,0.0
23529,239.0,393.0,0.0
23530,162.0,148.0,0.0
23531,188.0,74.0,0.0
23532,210.0,258.0,0.0
23533,178.0,266.0,0.0
23534,268.0,303.0,0.0
23535,105.0,223.0,0.0
23536,174.0,335.0,0.0
23537,93.0,400.0,0.0
23538,58.0,305.0,0.0
23539,69.0,400.0,0.0
23540,100.0,581.0,0.0
23541,72.0,104.0,0.0
23542,115.0,535.0,0.0
23543,266.0,514.0,0.0
23544,70.0,269.0,0.0
23545,22.0,590.0,0.0
23546,73.0,296.0,0.0
23547,218.0,548.0,0.0
23548,246.0,414.0,0.0
23549,25.0,292.0,0.0
23550,176.0,174.0,0.0
23551,139.0,564.0,0.0
23552,145.0,273.0,0.0
23553,55.0,3.0,0.0
23554,121.0,407.0,0.0
23555,192.0,107.0,0.0
23556,210.0,355.0,0.0
23557,38.0,325.0,0.0
23558,49.0,251.0,0.0
23559,8.0,121.0,0.0
23560,234.0,424.0,0.0
23561,74.0,462.0,0.0
23562,261.0,559.0,0.0
23563,43.0,240.0,0.0
23564,229.0,116.0,0.0
23565,84.0,148.0,0.0
23566,97.0,297.0,0.0
23567,81.0,260.0,0.0
23568,252.0,397.0,0.0
23569,103.0,557.0,0.0
23570,58.0,506.0,0.0
23571,257.0,12.0,0.0
23572,191.0,270.0,0.0
23573,79.0,232.0,0.0
23574,60.0,242.0,0.0
23575,153.0,169.0,0.0
23576,150.0,171.0,0.0
23577,29.0,99.0,0.0
23578,76.0,450.0,0.0
23579,193.0,487.0,0.0
23580,127.0,328.0,0.0
23581,196.0,9.0,0.0
23582,132.0,468.0,0.0
23583,85.0,500.0,0.0
23584,91.0,358.0,0.0
23585,180.0,438.0,0.0
23586,116.0,195.0,0.0
23587,26.0,260.0,0.0
23588,7.0,431.0,0.0
23589,61.0,229.0,0.0
23590,87.0,518.0,0.0
23591,21.0,206.0,0.0
23592,261.0,542.0,0.0
23593,20.0,17.0,0.0
23594,207.0,34.0,0.0
23595,24.0,78.0,0.0
23596,76.0,348.0,0.0
23597,85.0,298.0,0.0
23598,112.0,49.0,0.0
23599,261.0,469.0,0.0
23600,136.0,449.0,0.0
23601,180.0,337.0,0.0
23602,162.0,520.0,0.0
23603,120.0,161.0,0.0
23604,194.0,369.0,0.0
23605,171.0,413.0,0.0
23606,127.0,149.0,0.0
23607,122.0,484.0,0.0
23608,103.0,447.0,0.0
23609,59.0,547.0,0.0
23610,155.0,42.0,0.0
23611,247.0,350.0,0.0
23612,221.0,337.0,0.0
23613,166.0,88.0,0.0
23614,38.0,171.0,0.0
23615,213.0,331.0,0.0
23616,145.0,572.0,0.0
23617,36.0,138.0,0.0
23618,90.0,459.0,0.0
23619,148.0,160.0,0.0
23620,178.0,246.0,0.0
23621,179.0,577.0,0.0
23622,256.0,417.0,0.0
23623,118.0,519.0,0.0
23624,47.0,255.0,0.0
23625,108.0,183.0,0.0
23626,22.0,46.0,0.0
23627,157.0,359.0,0.0
23628,247.0,432.0,0.0
23629,37.0,411.0,0.0
23630,235.0,343.0,0.0
23631,61.0,399.0,0.0
23632,239.0,417.0,0.0
23633,241.0,547.0,0.0
23634,151.0,329.0,0.0
23635,102.0,504.0,0.0
23636,85.0,125.0,0.0
23637,156.0,113.0,0.0
23638,70.0,456.0,0.0
23639,189.0,386.0,0.0
23640,161.0,455.0,0.0
23641,1.0,217.0,0.0
23642,268.0,528.0,0.0
23643,23.0,375.0,0.0
23644,153.0,179.0,0.0
23645,51.0,594.0,0.0
23646,9.0,328.0,0.0
23647,40.0,369.0,0.0
23648,90.0,71.0,0.0
23649,149.0,193.0,0.0
23650,114.0,510.0,0.0
23651,131.0,577.0,0.0
23652,134.0,357.0,0.0
23653,243.0,274.0,0.0
23654,15.0,37.0,0.0
23655,87.0,163.0,0.0
23656,125.0,82.0,0.0
23657,47.0,568.0,0.0
23658,206.0,420.0,0.0
23659,164.0,516.0,0.0
23660,267.0,470.0,0.0
23661,73.0,451.0,0.0
23662,136.0,437.0,0.0
23663,225.0,553.0,0.0
23664,245.0,161.0,0.0
23665,228.0,573.0,0.0
23666,203.0,43.0,0.0
23667,110.0,522.0,0.0
23668,263.0,41.0,0.0
23669,69.0,487.0,0.0
23670,66.0,579.0,0.0
23671,36.0,437.0,0.0
23672,258.0,18.0,0.0
23673,7.0,264.0,0.0
23674,12.0,79.0,0.0
23675,202.0,362.0,0.0
23676,158.0,477.0,0.0
23677,119.0,239.0,0.0
23678,243.0,353.0,0.0
23679,225.0,261.0,0.0
23680,80.0,117.0,0.0
23681,39.0,135.0,0.0
23682,194.0,4.0,0.0
23683,117.0,105.0,0.0
23684,56.0,159.0,0.0
23685,181.0,233.0,0.0
23686,232.0,564.0,0.0
23687,99.0,559.0,0.0
23688,108.0,588.0,0.0
23689,125.0,288.0,0.0
23690,240.0,309.0,0.0
23691,44.0,37.0,0.0
23692,190.0,568.0,0.0
23693,12.0,122.0,0.0
23694,126.0,123.0,0.0
23695,150.0,507.0,0.0
23696,23.0,597.0,0.0
23697,205.0,396.0,0.0
23698,62.0,479.0,0.0
23699,255.0,458.0,0.0
23700,133.0,470.0,0.0
23701,116.0,538.0,0.0
23702,132.0,168.0,0.0
23703,170.0,380.0,0.0
23704,258.0,513.0,0.0
23705,235.0,62.0,0.0
23706,247.0,159.0,0.0
23707,163.0,62.0,0.0
23708,179.0,107.0,0.0
23709,172.0,488.0,0.0
23710,138.0,195.0,0.0
23711,111.0,325.0,0.0
23712,235.0,502.0,0.0
23713,215.0,261.0,0.0
23714,159.0,135.0,0.0
23715,118.0,207.0,0.0
23716,21.0,284.0,0.0
23717,14.0,34.0,0.0
23718,111.0,545.0,0.0
23719,38.0,115.0,0.0
23720,94.0,218.0,0.0
23721,48.0,138.0,0.0
23722,107.0,311.0,0.0
23723,247.0,422.0,0.0
23724,116.0,541.0,0.0
23725,2.0,364.0,0.0
23726,78.0,322.0,0.0
23727,176.0,273.0,0.0
23728,96.0,355.0,0.0
23729,41.0,6.0,0.0
23730,117.0,220.0,0.0
23731,246.0,397.0,0.0
23732,220.0,335.0,0.0
23733,184.0,377.0,0.0
23734,69.0,466.0,0.0
23735,196.0,493.0,0.0
23736,7.0,483.0,0.0
23737,62.0,531.0,0.0
23738,260.0,529.0,0.0
23739,8.0,569.0,0.0
23740,251.0,50.0,0.0
23741,148.0,587.0,0.0
23742,204.0,175.0,0.0
23743,212.0,398.0,0.0
23744,53.0,485.0,0.0
23745,70.0,228.0,0.0
23746,4.0,38.0,0.0
23747,161.0,171.0,0.0
23748,6.0,49.0,0.0
23749,253.0,419.0,0.0
23750,95.0,229.0,0.0
23751,158.0,161.0,0.0
23752,107.0,396.0,0.0
23753,78.0,250.0,0.0
23754,172.0,326.0,0.0
23755,187.0,511.0,0.0
23756,227.0,331.0,0.0
23757,39.0,318.0,0.0
23758,17.0,453.0,0.0
23759,149.0,488.0,0.0
23760,85.0,418.0,0.0
23761,198.0,42.0,0.0
23762,193.0,53.0,0.0
23763,182.0,288.0,0.0
23764,173.0,218.0,0.0
23765,182.0,552.0,0.0
23766,235.0,287.0,0.0
23767,33.0,448.0,0.0
23768,98.0,569.0,0.0
23769,221.0,431.0,0.0
23770,231.0,355.0,0.0
23771,142.0,169.0,0.0
23772,27.0,425.0,0.0
23773,190.0,521.0,0.0
23774,95.0,211.0,0.0
23775,159.0,139.0,0.0
23776,44.0,34.0,0.0
23777,236.0,300.0,0.0
23778,117.0,291.0,0.0
23779,134.0,432.0,0.0
23780,106.0,164.0,0.0
23781,243.0,394.0,0.0
23782,132.0,470.0,0.0
23783,49.0,553.0,0.0
23784,151.0,492.0,0.0
23785,129.0,432.0,0.0
23786,139.0,394.0,0.0
23787,92.0,562.0,0.0
23788,29.0,314.0,0.0
23789,96.0,438.0,0.0
23790,71.0,311.0,0.0
23791,52.0,466.0,0.0
23792,256.0,561.0,0.0
23793,101.0,537.0,0.0
23794,233.0,524.0,0.0
23795,166.0,17.0,0.0
23796,97.0,588.0,0.0
23797,198.0,530.0,0.0
23798,21.0,556.0,0.0
23799,164.0,578.0,0.0
23800,22.0,8.0,0.0
23801,199.0,65.0,0.0
23802,266.0,349.0,0.0
23803,243.0,363.0,0.0
23804,258.0,538.0,0.0
23805,209.0,384.0,0.0
23806,202.0,329.0,0.0
23807,11.0,590.0,0.0
23808,193.0,292.0,0.0
23809,225.0,316.0,0.0
23810,0.0,311.0,0.0
23811,149.0,391.0,0.0
23812,261.0,26.0,0.0
23813,261.0,567.0,0.0
23814,47.0,520.0,0.0
23815,68.0,509.0,0.0
23816,220.0,155.0,0.0
23817,212.0,500.0,0.0
23818,63.0,126.0,0.0
23819,188.0,529.0,0.0
23820,134.0,259.0,0.0
23821,88.0,213.0,0.0
23822,73.0,306.0,0.0
23823,72.0,579.0,0.0
23824,126.0,32.0,0.0
23825,37.0,119.0,0.0
23826,17.0,180.0,0.0
23827,210.0,489.0,0.0
23828,12.0,248.0,0.0
23829,250.0,256.0,0.0
23830,62.0,562.0,0.0
23831,42.0,355.0,0.0
23832,44.0,416.0,0.0
23833,165.0,241.0,0.0
23834,196.0,210.0,0.0
23835,184.0,521.0,0.0
23836,260.0,553.0,0.0
23837,153.0,386.0,0.0
23838,2.0,438.0,0.0
23839,160.0,588.0,0.0
23840,204.0,9.0,0.0
23841,37.0,505.0,0.0
23842,222.0,446.0,0.0
23843,137.0,591.0,0.0
23844,112.0,431.0,0.0
23845,98.0,90.0,0.0
23846,64.0,482.0,0.0
23847,176.0,316.0,0.0
23848,143.0,275.0,0.0
23849,233.0,548.0,0.0
23850,45.0,165.0,0.0
23851,242.0,71.0,0.0
23852,30.0,391.0,0.0
23853,24.0,209.0,0.0
23854,258.0,367.0,0.0
23855,154.0,163.0,0.0
23856,218.0,563.0,0.0
23857,258.0,151.0,0.0
23858,135.0,167.0,0.0
23859,35.0,138.0,0.0
23860,192.0,260.0,0.0
23861,7.0,452.0,0.0
23862,55.0,560.0,0.0
23863,33.0,253.0,0.0
23864,247.0,67.0,0.0
23865,149.0,529.0,0.0
23866,221.0,342.0,0.0
23867,79.0,306.0,0.0
23868,109.0,406.0,0.0
23869,124.0,30.0,0.0
23870,246.0,55.0,0.0
23871,232.0,561.0,0.0
23872,198.0,556.0,0.0
23873,100.0,532.0,0.0
23874,253.0,11.0,0.0
23875,59.0,54.0,0.0
23876,166.0,526.0,0.0
23877,225.0,494.0,0.0
23878,114.0,395.0,0.0
23879,263.0,488.0,0.0
23880,0.0,155.0,0.0
23881,1.0,320.0,0.0
23882,250.0,101.0,0.0
23883,219.0,9.0,0.0
23884,78.0,486.0,0.0
23885,235.0,152.0,0.0
23886,137.0,122.0,0.0
23887,128.0,571.0,0.0
23888,197.0,169.0,0.0
23889,146.0,15.0,0.0
23890,205.0,185.0,0.0
23891,66.0,91.0,0.0
23892,102.0,166.0,0.0
23893,60.0,96.0,0.0
23894,39.0,47.0,0.0
23895,27.0,63.0,0.0
23896,28.0,294.0,0.0
23897,66.0,482.0,0.0
23898,85.0,6.0,0.0
23899,86.0,214.0,0.0
23900,112.0,522.0,0.0
23901,236.0,500.0,0.0
23902,127.0,155.0,0.0
23903,73.0,277.0,0.0
23904,6.0,116.0,0.0
23905,42.0,452.0,0.0
23906,59.0,384.0,0.0
23907,101.0,498.0,0.0
23908,111.0,18.0,0.0
23909,162.0,275.0,0.0
23910,251.0,121.0,0.0
23911,91.0,332.0,0.0
23912,179.0,445.0,0.0
23913,73.0,391.0,0.0
23914,268.0,301.0,0.0
23915,109.0,113.0,0.0
23916,26.0,546.0,0.0
23917,46.0,506.0,0.0
23918,84.0,21.0,0.0
23919,17.0,201.0,0.0
23920,15.0,144.0,0.0
23921,188.0,418.0,0.0
23922,111.0,561.0,0.0
23923,161.0,435.0,0.0
23924,27.0,373.0,0.0
23925,175.0,136.0,0.0
23926,75.0,235.0,0.0
23927,58.0,477.0,0.0
23928,193.0,34.0,0.0
23929,172.0,150.0,0.0
23930,141.0,585.0,0.0
23931,121.0,330.0,0.0
23932,58.0,557.0,0.0
23933,54.0,232.0,0.0
23934,194.0,561.0,0.0
23935,1.0,219.0,0.0
23936,216.0,338.0,0.0
23937,95.0,500.0,0.0
23938,249.0,390.0,0.0
23939,190.0,234.0,0.0
23940,224.0,549.0,0.0
23941,235.0,400.0,0.0
23942,1.0,440.0,0.0
23943,40.0,329.0,0.0
23944,48.0,108.0,0.0
23945,243.0,398.0,0.0
23946,51.0,447.0,0.0
23947,164.0,402.0,0.0
23948,165.0,517.0,0.0
23949,97.0,346.0,0.0
23950,0.0,447.0,0.0
23951,60.0,345.0,0.0
23952,265.0,399.0,0.0
23953,95.0,36.0,0.0
23954,157.0,0.0,0.0
23955,100.0,283.0,0.0
23956,263.0,335.0,0.0
23957,258.0,177.0,0.0
23958,42.0,115.0,0.0
23959,147.0,253.0,0.0
23960,237.0,343.0,0.0
23961,247.0,593.0,0.0
23962,52.0,176.0,0.0
23963,232.0,548.0,0.0
23964,177.0,345.0,0.0
23965,229.0,130.0,0.0
23966,9.0,118.0,0.0
23967,68.0,514.0,0.0
23968,143.0,166.0,0.0
23969,194.0,375.0,0.0
23970,84.0,155.0,0.0
23971,29.0,565.0,0.0
23972,153.0,506.0,0.0
23973,92.0,278.0,0.0
23974,155.0,493.0,0.0
23975,225.0,414.0,0.0
23976,202.0,406.0,0.0
23977,264.0,371.0,0.0
23978,42.0,82.0,0.0
23979,258.0,479.0,0.0
23980,169.0,385.0,0.0
23981,198.0,362.0,0.0
23982,165.0,418.0,0.0
23983,151.0,69.0,0.0
23984,76.0,543.0,0.0
23985,247.0,285.0,0.0
23986,167.0,388.0,0.0
23987,182.0,556.0,0.0
23988,191.0,405.0,0.0
23989,166.0,384.0,0.0
23990,104.0,574.0,0.0
23991,16.0,545.0,0.0
23992,163.0,525.0,0.0
23993,166.0,587.0,0.0
23994,19.0,525.0,0.0
23995,12.0,52.0,0.0
23996,259.0,582.0,0.0
23997,152.0,140.0,0.0
23998,67.0,588.0,0.0
23999,170.0,284.0,0.0
24000,5.0,485.0,0.0
24001,149.0,560.0,0.0
24002,237.0,35.0,0.0
24003,196.0,57.0,0.0
24004,218.0,329.0,0.0
24005,229.0,87.0,0.0
24006,65.0,439.0,0.0
24007,234.0,406.0,0.0
24008,266.0,30.0,0.0
24009,267.0,214.0,0.0
24010,206.0,58.0,0.0
24011,35.0,366.0,0.0
24012,93.0,339.0,0.0
24013,222.0,18.0,0.0
24014,164.0,320.0,0.0
24015,44.0,162.0,0.0
24016,153.0,172.0,0.0
24017,34.0,211.0,0.0
24018,44.0,580.0,0.0
24019,248.0,378.0,0.0
24020,187.0,58.0,0.0
24021,158.0,84.0,0.0
24022,111.0,256.0,0.0
24023,165.0,360.0,0.0
24024,174.0,153.0,0.0
24025,171.0,291.0,0.0
24026,171.0,40.0,0.0
24027,64.0,460.0,0.0
24028,36.0,224.0,0.0
24029,0.0,571.0,0.0
24030,171.0,52.0,0.0
24031,117.0,55.0,0.0
24032,12.0,167.0,0.0
24033,123.0,537.0,0.0
24034,13.0,567.0,0.0
24035,65.0,582.0,0.0
24036,254.0,296.0,0.0
24037,11.0,94.0,0.0
24038,139.0,257.0,0.0
24039,220.0,343.0,0.0
24040,194.0,290.0,0.0
24041,251.0,537.0,0.0
24042,208.0,203.0,0.0
24043,137.0,102.0,0.0
24044,171.0,263.0,0.0
24045,111.0,524.0,0.0
24046,121.0,112.0,0.0
24047,167.0,500.0,0.0
24048,101.0,40.0,0.0
24049,185.0,10.0,0.0
24050,83.0,185.0,0.0
24051,53.0,178.0,0.0
24052,5.0,468.0,0.0
24053,83.0,308.0,0.0
24054,5.0,296.0,0.0
24055,233.0,238.0,0.0
24056,33.0,591.0,0.0
24057,144.0,86.0,0.0
24058,240.0,5.0,0.0
24059,17.0,499.0,0.0
24060,225.0,379.0,0.0
24061,114.0,30.0,0.0
24062,266.0,71.0,0.0
24063,98.0,202.0,0.0
24064,93.0,371.0,0.0
24065,75.0,476.0,0.0
24066,59.0,202.0,0.0
24067,234.0,185.0,0.0
24068,219.0,76.0,0.0
24069,113.0,277.0,0.0
24070,200.0,165.0,0.0
24071,268.0,434.0,0.0
24072,264.0,234.0,0.0
24073,224.0,168.0,0.0
24074,117.0,429.0,0.0
24075,175.0,143.0,0.0
24076,266.0,273.0,0.0
24077,103.0,304.0,0.0
24078,28.0,398.0,0.0
24079,210.0,68.0,0.0
24080,95.0,583.0,0.0
24081,210.0,167.0,0.0
24082,102.0,557.0,0.0
24083,85.0,36.0,0.0
24084,113.0,462.0,0.0
24085,175.0,349.0,0.0
24086,236.0,0.0,0.0
24087,104.0,95.0,0.0
24088,128.0,302.0,0.0
24089,147.0,105.0,0.0
24090,162.0,24.0,0.0
24091,124.0,456.0,0.0
24092,61.0,82.0,0.0
24093,119.0,135.0,0.0
24094,140.0,4.0,0.0
24095,160.0,29.0,0.0
24096,245.0,502.0,0.0
24097,181.0,313.0,0.0
24098,14.0,325.0,0.0
24099,151.0,199.0,0.0
24100,50.0,40.0,0.0
24101,62.0,32.0,0.0
24102,189.0,234.0,0.0
24103,124.0,314.0,0.0
24104,65.0,462.0,0.0
24105,180.0,479.0,0.0
24106,266.0,180.0,0.0
24107,130.0,197.0,0.0
24108,119.0,406.0,0.0
24109,129.0,250.0,0.0
24110,241.0,378.0,0.0
24111,55.0,49.0,0.0
24112,118.0,352.0,0.0
24113,142.0,515.0,0.0
24114,57.0,242.0,0.0
24115,4.0,470.0,0.0
24116,142.0,240.0,0.0
24117,172.0,212.0,0.0
24118,235.0,163.0,0.0
24119,78.0,283.0,0.0
24120,252.0,42.0,0.0
24121,79.0,86.0,0.0
24122,172.0,408.0,0.0
24123,175.0,65.0,0.0
24124,137.0,400.0,0.0
24125,233.0,248.0,0.0
24126,33.0,421.0,0.0
24127,60.0,118.0,0.0
24128,55.0,577.0,0.0
24129,197.0,323.0,0.0
24130,100.0,462.0,0.0
24131,132.0,40.0,0.0
24132,170.0,525.0,0.0
24133,195.0,416.0,0.0
24134,233.0,250.0,0.0
24135,116.0,421.0,0.0
24136,115.0,394.0,0.0
24137,21.0,113.0,0.0
24138,135.0,559.0,0.0
24139,134.0,355.0,0.0
24140,7.0,321.0,0.0
24141,196.0,399.0,0.0
24142,64.0,308.0,0.0
24143,153.0,201.0,0.0
24144,23.0,307.0,0.0
24145,201.0,139.0,0.0
24146,105.0,156.0,0.0
24147,64.0,90.0,0.0
24148,177.0,260.0,0.0
24149,112.0,176.0,0.0
24150,204.0,29.0,0.0
24151,214.0,530.0,0.0
24152,123.0,232.0,0.0
24153,31.0,516.0,0.0
24154,32.0,224.0,0.0
24155,260.0,320.0,0.0
24156,123.0,468.0,0.0
24157,45.0,210.0,0.0
24158,100.0,333.0,0.0
24159,247.0,229.0,0.0
24160,44.0,549.0,0.0
24161,229.0,23.0,0.0
24162,10.0,66.0,0.0
24163,8.0,530.0,0.0
24164,246.0,213.0,0.0
24165,21.0,221.0,0.0
24166,206.0,378.0,0.0
24167,26.0,139.0,0.0
24168,177.0,15.0,0.0
24169,182.0,448.0,0.0
24170,50.0,551.0,0.0
24171,192.0,235.0,0.0
24172,51.0,309.0,0.0
24173,116.0,142.0,0.0
24174,137.0,86.0,0.0
24175,232.0,391.0,0.0
24176,239.0,438.0,0.0
24177,40.0,123.0,0.0
24178,165.0,585.0,0.0
24179,262.0,336.0,0.0
24180,48.0,354.0,0.0
24181,155.0,136.0,0.0
24182,151.0,456.0,0.0
24183,86.0,240.0,0.0
24184,245.0,536.0,0.0
24185,174.0,168.0,0.0
24186,245.0,157.0,0.0
24187,114.0,55.0,0.0
24188,145.0,548.0,0.0
24189,210.0,366.0,0.0
24190,53.0,284.0,0.0
24191,50.0,14.0,0.0
24192,88.0,56.0,0.0
24193,215.0,215.0,0.0
24194,101.0,208.0,0.0
24195,7.0,548.0,0.0
24196,241.0,305.0,0.0
24197,194.0,542.0,0.0
24198,127.0,196.0,0.0
24199,140.0,207.0,0.0
24200,48.0,497.0,0.0
24201,170.0,157.0,0.0
24202,90.0,563.0,0.0
24203,212.0,558.0,0.0
24204,143.0,80.0,0.0
24205,129.0,548.0,0.0
24206,211.0,494.0,0.0
24207,142.0,575.0,0.0
24208,158.0,392.0,0.0
24209,172.0,83.0,0.0
24210,145.0,21.0,0.0
24211,201.0,306.0,0.0
24212,44.0,198.0,0.0
24213,138.0,332.0,0.0
24214,261.0,240.0,0.0
24215,188.0,495.0,0.0
24216,24.0,499.0,0.0
24217,227.0,34.0,0.0
24218,74.0,217.0,0.0
24219,34.0,413.0,0.0
24220,146.0,547.0,0.0
24221,79.0,99.0,0.0
24222,43.0,583.0,0.0
24223,146.0,163.0,0.0
24224,56.0,42.0,0.0
24225,113.0,125.0,0.0
24226,24.0,555.0,0.0
24227,46.0,71.0,0.0
24228,242.0,478.0,0.0
24229,151.0,76.0,0.0
24230,8.0,273.0,0.0
24231,59.0,169.0,0.0
24232,135.0,421.0,0.0
24233,85.0,559.0,0.0
24234,214.0,225.0,0.0
24235,23.0,503.0,0.0
24236,261.0,18.0,0.0
24237,205.0,128.0,0.0
24238,169.0,65.0,0.0
24239,187.0,305.0,0.0
24240,256.0,434.0,0.0
24241,90.0,152.0,0.0
24242,75.0,373.0,0.0
24243,102.0,584.0,0.0
24244,31.0,441.0,0.0
24245,53.0,573.0,0.0
24246,56.0,316.0,0.0
24247,252.0,141.0,0.0
24248,229.0,512.0,0.0
24249,9.0,562.0,0.0
24250,54.0,280.0,0.0
24251,140.0,113.0,0.0
24252,263.0,18.0,0.0
24253,51.0,298.0,0.0
24254,20.0,396.0,0.0
24255,236.0,192.0,0.0
24256,113.0,540.0,0.0
24257,173.0,438.0,0.0
24258,250.0,71.0,0.0
24259,193.0,402.0,0.0
24260,195.0,450.0,0.0
24261,12.0,258.0,0.0
24262,194.0,218.0,0.0
24263,20.0,52.0,0.0
24264,103.0,442.0,0.0
24265,136.0,53.0,0.0
24266,16.0,590.0,0.0
24267,19.0,590.0,0.0
24268,139.0,56.0,0.0
24269,199.0,233.0,0.0
24270,36.0,290.0,0.0
24271,207.0,574.0,0.0
24272,83.0,191.0,0.0
24273,258.0,209.0,0.0
24274,244.0,179.0,0.0
24275,228.0,479.0,0.0
24276,86.0,324.0,0.0
24277,119.0,45.0,0.0
24278,71.0,482.0,0.0
24279,115.0,129.0,0.0
24280,229.0,24.0,0.0
24281,258.0,530.0,0.0
24282,113.0,11.0,0.0
24283,175.0,411.0,0.0
24284,33.0,269.0,0.0
24285,118.0,575.0,0.0
24286,261.0,72.0,0.0
24287,228.0,583.0,0.0
24288,46.0,112.0,0.0
24289,46.0,89.0,0.0
24290,215.0,114.0,0.0
24291,38.0,148.0,0.0
24292,195.0,368.0,0.0
24293,267.0,413.0,0.0
24294,33.0,339.0,0.0
24295,54.0,39.0,0.0
24296,120.0,345.0,0.0
24297,69.0,395.0,0.0
24298,257.0,383.0,0.0
24299,68.0,419.0,0.0
24300,68.0,14.0,0.0
24301,47.0,134.0,0.0
24302,36.0,31.0,0.0
24303,247.0,309.0,0.0
24304,187.0,408.0,0.0
24305,80.0,291.0,0.0
24306,38.0,65.0,0.0
24307,177.0,336.0,0.0
24308,105.0,320.0,0.0
24309,261.0,595.0,0.0
24310,201.0,535.0,0.0
24311,131.0,173.0,0.0
24312,217.0,205.0,0.0
24313,234.0,363.0,0.0
24314,41.0,193.0,0.0
24315,236.0,346.0,0.0
24316,221.0,539.0,0.0
24317,75.0,195.0,0.0
24318,185.0,548.0,0.0
24319,242.0,20.0,0.0
24320,184.0,45.0,0.0
24321,39.0,46.0,0.0
24322,119.0,564.0,0.0
24323,262.0,408.0,0.0
24324,170.0,277.0,0.0
24325,145.0,63.0,0.0
24326,259.0,282.0,0.0
24327,12.0,92.0,0.0
24328,232.0,428.0,0.0
24329,161.0,83.0,0.0
24330,167.0,60.0,0.0
24331,203.0,501.0,0.0
24332,245.0,344.0,0.0
24333,173.0,233.0,0.0
24334,198.0,573.0,0.0
24335,57.0,201.0,0.0
24336,134.0,325.0,0.0
24337,63.0,131.0,0.0
24338,268.0,330.0,0.0
24339,220.0,84.0,0.0
24340,95.0,272.0,0.0
24341,188.0,335.0,0.0
24342,235.0,223.0,0.0
24343,255.0,330.0,0.0
24344,125.0,432.0,0.0
24345,179.0,380.0,0.0
24346,166.0,93.0,0.0
24347,163.0,357.0,0.0
24348,158.0,301.0,0.0
24349,238.0,137.0,0.0
24350,34.0,435.0,0.0
24351,210.0,556.0,0.0
24352,169.0,405.0,0.0
24353,106.0,340.0,0.0
24354,163.0,240.0,0.0
24355,22.0,463.0,0.0
24356,179.0,186.0,0.0
24357,213.0,376.0,0.0
24358,215.0,23.0,0.0
24359,31.0,195.0,0.0
24360,98.0,510.0,0.0
24361,93.0,318.0,0.0
24362,192.0,574.0,0.0
24363,251.0,392.0,0.0
24364,29.0,168.0,0.0
24365,133.0,42.0,0.0
24366,33.0,34.0,0.0
24367,263.0,204.0,0.0
24368,166.0,375.0,0.0
24369,186.0,210.0,0.0
24370,121.0,69.0,0.0
24371,255.0,528.0,0.0
24372,242.0,351.0,0.0
24373,158.0,283.0,0.0
24374,196.0,274.0,0.0
24375,180.0,307.0,0.0
24376,44.0,389.0,0.0
24377,233.0,517.0,0.0
24378,6.0,421.0,0.0
24379,256.0,139.0,0.0
24380,183.0,322.0,0.0
24381,236.0,476.0,0.0
24382,110.0,18.0,0.0
24383,70.0,326.0,0.0
24384,152.0,142.0,0.0
24385,129.0,149.0,0.0
24386,57.0,404.0,0.0
24387,179.0,65.0,0.0
24388,210.0,67.0,0.0
24389,125.0,210.0,0.0
24390,86.0,460.0,0.0
24391,25.0,375.0,0.0
24392,18.0,227.0,0.0
24393,74.0,420.0,0.0
24394,16.0,475.0,0.0
24395,141.0,179.0,0.0
24396,210.0,112.0,0.0
24397,43.0,186.0,0.0
24398,117.0,524.0,0.0
24399,251.0,277.0,0.0
24400,96.0,198.0,0.0
24401,223.0,469.0,0.0
24402,7.0,430.0,0.0
24403,170.0,87.0,0.0
24404,264.0,319.0,0.0
24405,54.0,212.0,0.0
24406,36.0,382.0,0.0
24407,150.0,200.0,0.0
24408,142.0,214.0,0.0
24409,43.0,455.0,0.0
24410,46.0,423.0,0.0
24411,161.0,172.0,0.0
24412,267.0,506.0,0.0
24413,118.0,47.0,0.0
24414,141.0,56.0,0.0
24415,189.0,552.0,0.0
24416,181.0,524.0,0.0
24417,142.0,573.0,0.0
24418,132.0,315.0,0.0
24419,60.0,331.0,0.0
24420,237.0,457.0,0.0
24421,74.0,544.0,0.0
24422,216.0,254.0,0.0
24423,205.0,49.0,0.0
24424,133.0,528.0,0.0
24425,58.0,85.0,0.0
24426,49.0,418.0,0.0
24427,260.0,201.0,0.0
24428,20.0,530.0,0.0
24429,237.0,345.0,0.0
24430,261.0,500.0,0.0
24431,209.0,418.0,0.0
24432,77.0,9.0,0.0
24433,117.0,132.0,0.0
24434,95.0,225.0,0.0
24435,154.0,137.0,0.0
24436,244.0,139.0,0.0
24437,141.0,429.0,0.0
24438,108.0,355.0,0.0
24439,97.0,413.0,0.0
24440,157.0,479.0,0.0
24441,196.0,42.0,0.0
24442,115.0,536.0,0.0
24443,241.0,44.0,0.0
24444,34.0,592.0,0.0
24445,44.0,8.0,0.0
24446,266.0,486.0,0.0
24447,88.0,387.0,0.0
24448,157.0,441.0,0.0
24449,74.0,419.0,0.0
24450,192.0,88.0,0.0
24451,92.0,468.0,0.0
24452,227.0,486.0,0.0
24453,64.0,406.0,0.0
24454,253.0,160.0,0.0
24455,180.0,529.0,0.0
24456,241.0,587.0,0.0
24457,203.0,445.0,0.0
24458,213.0,430.0,0.0
24459,97.0,9.0,0.0
24460,21.0,340.0,0.0
24461,91.0,494.0,0.0
24462,158.0,82.0,0.0
24463,228.0,360.0,0.0
24464,149.0,204.0,0.0
24465,76.0,7.0,0.0
24466,3.0,580.0,0.0
24467,219.0,427.0,0.0
24468,19.0,213.0,0.0
24469,184.0,88.0,0.0
24470,43.0,265.0,0.0
24471,201.0,53.0,0.0
24472,189.0,471.0,0.0
24473,28.0,368.0,0.0
24474,182.0,90.0,0.0
24475,106.0,314.0,0.0
24476,30.0,472.0,0.0
24477,244.0,372.0,0.0
24478,114.0,580.0,0.0
24479,252.0,321.0,0.0
24480,171.0,466.0,0.0
24481,123.0,62.0,0.0
24482,40.0,386.0,0.0
24483,87.0,346.0,0.0
24484,141.0,395.0,0.0
24485,185.0,139.0,0.0
24486,201.0,437.0,0.0
24487,111.0,475.0,0.0
24488,37.0,418.0,0.0
24489,109.0,446.0,0.0
24490,113.0,108.0,0.0
24491,252.0,171.0,0.0
24492,98.0,516.0,0.0
24493,179.0,152.0,0.0
24494,237.0,419.0,0.0
24495,159.0,267.0,0.0
24496,54.0,259.0,0.0
24497,27.0,131.0,0.0
24498,242.0,412.0,0.0
24499,143.0,492.0,0.0
24500,17.0,569.0,0.0
24501,175.0,488.0,0.0
24502,128.0,346.0,0.0
24503,117.0,357.0,0.0
24504,163.0,534.0,0.0
24505,222.0,332.0,0.0
24506,40.0,382.0,0.0
24507,40.0,416.0,0.0
24508,220.0,580.0,0.0
24509,85.0,342.0,0.0
24510,182.0,151.0,0.0
24511,252.0,111.0,0.0
24512,21.0,21.0,0.0
24513,86.0,570.0,0.0
24514,20.0,272.0,0.0
24515,204.0,553.0,0.0
24516,186.0,370.0,0.0
24517,84.0,347.0,0.0
24518,202.0,366.0,0.0
24519,251.0,581.0,0.0
24520,242.0,418.0,0.0
24521,130.0,447.0,0.0
24522,112.0,11.0,0.0
24523,226.0,464.0,0.0
24524,53.0,549.0,0.0
24525,242.0,580.0,0.0
24526,202.0,237.0,0.0
24527,232.0,133.0,0.0
24528,184.0,277.0,0.0
24529,118.0,562.0,0.0
24530,134.0,531.0,0.0
24531,236.0,392.0,0.0
24532,252.0,435.0,0.0
24533,44.0,524.0,0.0
24534,258.0,271.0,0.0
24535,202.0,37.0,0.0
24536,111.0,292.0,0.0
24537,212.0,171.0,0.0
24538,76.0,530.0,0.0
24539,206.0,396.0,0.0
24540,229.0,572.0,0.0
24541,22.0,416.0,0.0
24542,144.0,354.0,0.0
24543,8.0,534.0,0.0
24544,33.0,359.0,0.0
24545,34.0,524.0,0.0
24546,1.0,112.0,0.0
24547,25.0,70.0,0.0
24548,30.0,212.0,0.0
24549,38.0,372.0,0.0
24550,268.0,28.0,0.0
24551,90.0,468.0,0.0
24552,152.0,456.0,0.0
24553,50.0,472.0,0.0
24554,232.0,228.0,0.0
24555,59.0,194.0,0.0
24556,68.0,557.0,0.0
24557,92.0,324.0,0.0
24558,23.0,117.0,0.0
24559,167.0,287.0,0.0
24560,234.0,492.0,0.0
24561,0.0,425.0,0.0
24562,220.0,154.0,0.0
24563,247.0,35.0,0.0
24564,7.0,333.0,0.0
24565,167.0,409.0,0.0
24566,178.0,342.0,0.0
24567,222.0,461.0,0.0
24568,77.0,369.0,0.0
24569,187.0,580.0,0.0
24570,62.0,265.0,0.0
24571,27.0,435.0,0.0
24572,268.0,163.0,0.0
24573,252.0,476.0,0.0
24574,109.0,71.0,0.0
24575,193.0,107.0,0.0
24576,76.0,54.0,0.0
24577,74.0,577.0,0.0
24578,263.0,519.0,0.0
24579,88.0,494.0,0.0
24580,67.0,225.0,0.0
24581,161.0,185.0,0.0
24582,184.0,133.0,0.0
24583,218.0,197.0,0.0
24584,252.0,477.0,0.0
24585,79.0,195.0,0.0
24586,58.0,246.0,0.0
24587,130.0,585.0,0.0
24588,168.0,67.0,0.0
24589,194.0,514.0,0.0
24590,127.0,221.0,0.0
24591,184.0,387.0,0.0
24592,35.0,446.0,0.0
24593,231.0,353.0,0.0
24594,231.0,275.0,0.0
24595,197.0,201.0,0.0
24596,213.0,507.0,0.0
24597,119.0,96.0,0.0
24598,202.0,264.0,0.0
24599,110.0,484.0,0.0
24600,80.0,120.0,0.0
24601,197.0,408.0,0.0
24602,121.0,593.0,0.0
24603,138.0,247.0,0.0
24604,249.0,389.0,0.0
24605,87.0,225.0,0.0
24606,1.0,237.0,0.0
24607,235.0,444.0,0.0
24608,211.0,45.0,0.0
24609,244.0,579.0,0.0
24610,151.0,370.0,0.0
24611,108.0,97.0,0.0
24612,61.0,574.0,0.0
24613,36.0,147.0,0.0
24614,201.0,55.0,0.0
24615,68.0,69.0,0.0
24616,137.0,276.0,0.0
24617,75.0,291.0,0.0
24618,194.0,347.0,0.0
24619,100.0,497.0,0.0
24620,131.0,423.0,0.0
24621,207.0,16.0,0.0
24622,145.0,467.0,0.0
24623,196.0,212.0,0.0
24624,14.0,506.0,0.0
24625,237.0,142.0,0.0
24626,9.0,353.0,0.0
24627,103.0,524.0,0.0
24628,12.0,494.0,0.0
24629,198.0,454.0,0.0
24630,169.0,169.0,0.0
24631,122.0,552.0,0.0
24632,15.0,33.0,0.0
24633,23.0,324.0,0.0
24634,54.0,338.0,0.0
24635,103.0,562.0,0.0
24636,62.0,55.0,0.0
24637,140.0,568.0,0.0
24638,118.0,68.0,0.0
24639,13.0,130.0,0.0
24640,88.0,203.0,0.0
24641,40.0,385.0,0.0
24642,266.0,183.0,0.0
24643,238.0,342.0,0.0
24644,265.0,290.0,0.0
24645,106.0,231.0,0.0
24646,144.0,366.0,0.0
24647,252.0,160.0,0.0
24648,251.0,424.0,0.0
24649,118.0,247.0,0.0
24650,1.0,551.0,0.0
24651,179.0,443.0,0.0
24652,225.0,157.0,0.0
24653,71.0,395.0,0.0
24654,26.0,338.0,0.0
24655,21.0,40.0,0.0
24656,124.0,499.0,0.0
24657,190.0,308.0,0.0
24658,50.0,309.0,0.0
24659,21.0,86.0,0.0
24660,11.0,453.0,0.0
24661,15.0,206.0,0.0
24662,120.0,251.0,0.0
24663,155.0,205.0,0.0
24664,178.0,235.0,0.0
24665,252.0,205.0,0.0
24666,240.0,257.0,0.0
24667,17.0,144.0,0.0
24668,227.0,381.0,0.0
24669,19.0,452.0,0.0
24670,201.0,325.0,0.0
24671,63.0,245.0,0.0
24672,7.0,256.0,0.0
24673,203.0,512.0,0.0
24674,49.0,517.0,0.0
24675,157.0,433.0,0.0
24676,206.0,56.0,0.0
24677,230.0,466.0,0.0
24678,110.0,64.0,0.0
24679,114.0,562.0,0.0
24680,239.0,356.0,0.0
24681,255.0,250.0,0.0
24682,201.0,348.0,0.0
24683,121.0,440.0,0.0
24684,78.0,372.0,0.0
24685,6.0,368.0,0.0
24686,78.0,439.0,0.0
24687,168.0,135.0,0.0
24688,197.0,300.0,0.0
24689,232.0,550.0,0.0
24690,223.0,128.0,0.0
24691,216.0,591.0,0.0
24692,25.0,322.0,0.0
24693,132.0,16.0,0.0
24694,76.0,64.0,0.0
24695,42.0,485.0,0.0
24696,261.0,2.0,0.0
24697,201.0,90.0,0.0
24698,156.0,2.0,0.0
24699,267.0,323.0,0.0
24700,161.0,264.0,0.0
24701,181.0,455.0,0.0
24702,174.0,108.0,0.0
24703,107.0,584.0,0.0
24704,115.0,285.0,0.0
24705,96.0,377.0,0.0
24706,156.0,110.0,0.0
24707,6.0,585.0,0.0
24708,199.0,291.0,0.0
24709,137.0,541.0,0.0
24710,152.0,281.0,0.0
24711,10.0,135.0,0.0
24712,30.0,304.0,0.0
24713,14.0,350.0,0.0
24714,57.0,539.0,0.0
24715,0.0,176.0,0.0
24716,242.0,579.0,0.0
24717,23.0,209.0,0.0
24718,122.0,451.0,0.0
24719,200.0,566.0,0.0
24720,235.0,467.0,0.0
24721,149.0,183.0,0.0
24722,103.0,49.0,0.0
24723,77.0,152.0,0.0
24724,180.0,188.0,0.0
24725,119.0,342.0,0.0
24726,186.0,57.0,0.0
24727,34.0,317.0,0.0
24728,73.0,272.0,0.0
24729,216.0,83.0,0.0
24730,38.0,157.0,0.0
24731,19.0,415.0,0.0
24732,112.0,77.0,0.0
24733,206.0,207.0,0.0
24734,48.0,120.0,0.0
24735,67.0,83.0,0.0
24736,67.0,531.0,0.0
24737,247.0,125.0,0.0
24738,112.0,490.0,0.0
24739,125.0,122.0,0.0
24740,128.0,361.0,0.0
24741,121.0,321.0,0.0
24742,16.0,325.0,0.0
24743,25.0,425.0,0.0
24744,248.0,567.0,0.0
24745,250.0,299.0,0.0
24746,98.0,139.0,0.0
24747,105.0,73.0,0.0
24748,66.0,55.0,0.0
24749,112.0,508.0,0.0
24750,71.0,465.0,0.0
24751,167.0,224.0,0.0
24752,138.0,496.0,0.0
24753,105.0,519.0,0.0
24754,243.0,566.0,0.0
24755,163.0,419.0,0.0
24756,90.0,106.0,0.0
24757,185.0,211.0,0.0
24758,10.0,56.0,0.0
24759,138.0,397.0,0.0
24760,38.0,83.0,0.0
24761,259.0,453.0,0.0
24762,119.0,289.0,0.0
24763,186.0,333.0,0.0
24764,22.0,376.0,0.0
24765,22.0,330.0,0.0
24766,87.0,520.0,0.0
24767,170.0,258.0,0.0
24768,218.0,522.0,0.0
24769,177.0,67.0,0.0
24770,152.0,448.0,0.0
24771,189.0,259.0,0.0
24772,12.0,100.0,0.0
24773,63.0,162.0,0.0
24774,0.0,549.0,0.0
24775,15.0,342.0,0.0
24776,15.0,469.0,0.0
24777,187.0,70.0,0.0
24778,131.0,116.0,0.0
24779,72.0,179.0,0.0
24780,197.0,97.0,0.0
24781,26.0,323.0,0.0
24782,172.0,171.0,0.0
24783,49.0,273.0,0.0
24784,156.0,375.0,0.0
24785,221.0,160.0,0.0
24786,101.0,248.0,0.0
24787,231.0,535.0,0.0
24788,225.0,334.0,0.0
24789,141.0,420.0,0.0
24790,19.0,564.0,0.0
24791,31.0,409.0,0.0
24792,68.0,188.0,0.0
24793,224.0,217.0,0.0
24794,78.0,553.0,0.0
24795,74.0,465.0,0.0
24796,124.0,427.0,0.0
24797,87.0,578.0,0.0
24798,178.0,115.0,0.0
24799,64.0,430.0,0.0
24800,195.0,294.0,0.0
24801,253.0,528.0,0.0
24802,258.0,159.0,0.0
24803,27.0,248.0,0.0
24804,29.0,546.0,0.0
24805,55.0,280.0,0.0
24806,117.0,397.0,0.0
24807,190.0,336.0,0.0
24808,43.0,411.0,0.0
24809,97.0,465.0,0.0
24810,209.0,355.0,0.0
24811,215.0,454.0,0.0
24812,7.0,163.0,0.0
24813,24.0,132.0,0.0
24814,165.0,255.0,0.0
24815,124.0,541.0,0.0
24816,57.0,206.0,0.0
24817,83.0,384.0,0.0
24818,212.0,450.0,0.0
24819,127.0,402.0,0.0
24820,245.0,162.0,0.0
24821,117.0,276.0,0.0
24822,84.0,235.0,0.0
24823,241.0,262.0,0.0
24824,140.0,377.0,0.0
24825,4.0,439.0,0.0
24826,232.0,365.0,0.0
24827,66.0,573.0,0.0
24828,34.0,236.0,0.0
24829,69.0,128.0,0.0
24830,136.0,493.0,0.0
24831,181.0,564.0,0.0
24832,8.0,100.0,0.0
24833,238.0,246.0,0.0
24834,206.0,497.0,0.0
24835,94.0,443.0,0.0
24836,179.0,479.0,0.0
24837,57.0,29.0,0.0
24838,70.0,321.0,0.0
24839,137.0,175.0,0.0
24840,45.0,209.0,0.0
24841,233.0,195.0,0.0
24842,88.0,380.0,0.0
24843,2.0,371.0,0.0
24844,207.0,343.0,0.0
24845,221.0,291.0,0.0
24846,201.0,353.0,0.0
24847,266.0,352.0,0.0
24848,88.0,106.0,0.0
24849,85.0,508.0,0.0
24850,264.0,501.0,0.0
24851,13.0,478.0,0.0
24852,31.0,132.0,0.0
24853,248.0,91.0,0.0
24854,155.0,482.0,0.0
24855,227.0,207.0,0.0
24856,101.0,50.0,0.0
24857,31.0,71.0,0.0
24858,82.0,164.0,0.0
24859,172.0,231.0,0.0
24860,115.0,115.0,0.0
24861,151.0,263.0,0.0
24862,20.0,257.0,0.0
24863,124.0,297.0,0.0
24864,134.0,4.0,0.0
24865,8.0,303.0,0.0
24866,164.0,500.0,0.0
24867,268.0,587.0,0.0
24868,185.0,474.0,0.0
24869,227.0,471.0,0.0
24870,161.0,547.0,0.0
24871,196.0,269.0,0.0
24872,212.0,182.0,0.0
24873,101.0,11.0,0.0
24874,194.0,455.0,0.0
24875,256.0,321.0,0.0
24876,160.0,124.0,0.0
24877,211.0,261.0,0.0
24878,1.0,125.0,0.0
24879,183.0,474.0,0.0
24880,257.0,179.0,0.0
24881,39.0,120.0,0.0
24882,22.0,369.0,0.0
24883,18.0,395.0,0.0
24884,49.0,182.0,0.0
24885,96.0,471.0,0.0
24886,134.0,379.0,0.0
24887,196.0,110.0,0.0
24888,121.0,425.0,0.0
24889,125.0,574.0,0.0
24890,26.0,370.0,0.0
24891,74.0,232.0,0.0
24892,131.0,480.0,0.0
24893,228.0,463.0,0.0
24894,13.0,221.0,0.0
24895,4.0,77.0,0.0
24896,218.0,458.0,0.0
24897,217.0,263.0,0.0
24898,132.0,566.0,0.0
24899,90.0,242.0,0.0
24900,113.0,226.0,0.0
24901,13.0,345.0,0.0
24902,23.0,5.0,0.0
24903,61.0,300.0,0.0
24904,60.0,374.0,0.0
24905,241.0,271.0,0.0
24906,28.0,190.0,0.0
24907,118.0,344.0,0.0
24908,179.0,74.0,0.0
24909,40.0,1.0,0.0
24910,3.0,512.0,0.0
24911,34.0,357.0,0.0
24912,213.0,82.0,0.0
24913,175.0,555.0,0.0
24914,268.0,483.0,0.0
24915,205.0,521.0,0.0
24916,202.0,238.0,0.0
24917,208.0,531.0,0.0
24918,39.0,337.0,0.0
24919,14.0,420.0,0.0
24920,2.0,31.0,0.0
24921,137.0,109.0,0.0
24922,31.0,98.0,0.0
24923,91.0,201.0,0.0
24924,84.0,413.0,0.0
24925,99.0,421.0,0.0
24926,45.0,24.0,0.0
24927,151.0,109.0,0.0
24928,5.0,467.0,0.0
24929,147.0,168.0,0.0
24930,192.0,371.0,0.0
24931,196.0,481.0,0.0
24932,50.0,583.0,0.0
24933,182.0,519.0,0.0
24934,164.0,254.0,0.0
24935,165.0,244.0,0.0
24936,167.0,98.0,0.0
24937,207.0,139.0,0.0
24938,164.0,530.0,0.0
24939,120.0,350.0,0.0
24940,11.0,365.0,0.0
24941,179.0,83.0,0.0
24942,158.0,276.0,0.0
24943,234.0,308.0,0.0
24944,115.0,20.0,0.0
24945,56.0,472.0,0.0
24946,203.0,23.0,0.0
24947,176.0,192.0,0.0
24948,138.0,494.0,0.0
24949,198.0,92.0,0.0
24950,264.0,530.0,0.0
24951,193.0,200.0,0.0
24952,143.0,521.0,0.0
24953,142.0,545.0,0.0
24954,216.0,19.0,0.0
24955,188.0,28.0,0.0
24956,108.0,451.0,0.0
24957,192.0,458.0,0.0
24958,111.0,180.0,0.0
24959,256.0,200.0,0.0
24960,48.0,465.0,0.0
24961,174.0,112.0,0.0
24962,139.0,80.0,0.0
24963,115.0,250.0,0.0
24964,45.0,279.0,0.0
24965,148.0,346.0,0.0
24966,151.0,99.0,0.0
24967,9.0,16.0,0.0
24968,188.0,523.0,0.0
24969,75.0,56.0,0.0
24970,25.0,311.0,0.0
24971,93.0,404.0,0.0
24972,117.0,61.0,0.0
24973,179.0,404.0,0.0
24974,47.0,18.0,0.0
24975,24.0,147.0,0.0
24976,234.0,377.0,0.0
24977,207.0,349.0,0.0
24978,205.0,264.0,0.0
24979,213.0,161.0,0.0
24980,113.0,197.0,0.0
24981,41.0,53.0,0.0
24982,242.0,379.0,0.0
24983,64.0,359.0,0.0
24984,74.0,76.0,0.0
24985,268.0,46.0,0.0
24986,159.0,263.0,0.0
24987,66.0,435.0,0.0
24988,221.0,477.0,0.0
24989,148.0,240.0,0.0
24990,15.0,70.0,0.0
24991,219.0,409.0,0.0
24992,211.0,288.0,0.0
24993,218.0,34.0,0.0
24994,197.0,374.0,0.0
24995,239.0,190.0,0.0
24996,6.0,456.0,0.0
24997,93.0,397.0,0.0
24998,231.0,65.0,0.0
24999,72.0,231.0,0.0
25000,204.0,384.0,0.0
25001,62.0,154.0,0.0
25002,62.0,594.0,0.0
25003,74.0,345.0,0.0
25004,59.0,57.0,0.0
25005,57.0,496.0,0.0
25006,224.0,351.0,0.0
25007,211.0,322.0,0.0
25008,29.0,556.0,0.0
25009,162.0,210.0,0.0
25010,172.0,409.0,0.0
25011,245.0,421.0,0.0
25012,42.0,307.0,0.0
25013,244.0,469.0,0.0
25014,227.0,590.0,0.0
25015,17.0,299.0,0.0
25016,88.0,129.0,0.0
25017,240.0,567.0,0.0
25018,235.0,238.0,0.0
25019,108.0,273.0,0.0
25020,81.0,489.0,0.0
25021,114.0,351.0,0.0
25022,250.0,167.0,0.0
25023,140.0,260.0,0.0
25024,103.0,411.0,0.0
25025,106.0,419.0,0.0
25026,205.0,24.0,0.0
25027,25.0,91.0,0.0
25028,72.0,174.0,0.0
25029,51.0,420.0,0.0
25030,19.0,430.0,0.0
25031,103.0,183.0,0.0
25032,8.0,172.0,0.0
25033,75.0,387.0,0.0
25034,15.0,415.0,0.0
25035,79.0,198.0,0.0
25036,247.0,108.0,0.0
25037,41.0,406.0,0.0
25038,127.0,31.0,0.0
25039,74.0,442.0,0.0
25040,243.0,283.0,0.0
25041,62.0,101.0,0.0
25042,234.0,204.0,0.0
25043,152.0,403.0,0.0
25044,267.0,445.0,0.0
25045,121.0,110.0,0.0
25046,35.0,24.0,0.0
25047,210.0,200.0,0.0
25048,12.0,539.0,0.0
25049,95.0,97.0,0.0
25050,18.0,124.0,0.0
25051,3.0,120.0,0.0
25052,114.0,255.0,0.0
25053,174.0,488.0,0.0
25054,92.0,206.0,0.0
25055,241.0,355.0,0.0
25056,148.0,141.0,0.0
25057,161.0,201.0,0.0
25058,183.0,210.0,0.0
25059,174.0,102.0,0.0
25060,179.0,496.0,0.0
25061,215.0,65.0,0.0
25062,224.0,425.0,0.0
25063,81.0,246.0,0.0
25064,192.0,90.0,0.0
25065,70.0,165.0,0.0
25066,112.0,256.0,0.0
25067,3.0,56.0,0.0
25068,265.0,424.0,0.0
25069,96.0,30.0,0.0
25070,12.0,30.0,0.0
25071,4.0,21.0,0.0
25072,80.0,431.0,0.0
25073,218.0,102.0,0.0
25074,253.0,186.0,0.0
25075,268.0,340.0,0.0
25076,115.0,290.0,0.0
25077,259.0,260.0,0.0
25078,70.0,523.0,0.0
25079,115.0,243.0,0.0
25080,267.0,503.0,0.0
25081,81.0,568.0,0.0
25082,169.0,534.0,0.0
25083,30.0,183.0,0.0
25084,268.0,358.0,0.0
25085,24.0,190.0,0.0
25086,258.0,122.0,0.0
25087,6.0,413.0,0.0
25088,159.0,463.0,0.0
25089,158.0,365.0,0.0
25090,106.0,225.0,0.0
25091,33.0,165.0,0.0
25092,98.0,339.0,0.0
25093,100.0,471.0,0.0
25094,190.0,417.0,0.0
25095,147.0,468.0,0.0
25096,10.0,432.0,0.0
25097,143.0,505.0,0.0
25098,137.0,411.0,0.0
25099,167.0,109.0,0.0
25100,59.0,199.0,0.0
25101,171.0,278.0,0.0
25102,101.0,17.0,0.0
25103,186.0,127.0,0.0
25104,168.0,233.0,0.0
25105,104.0,305.0,0.0
25106,168.0,264.0,0.0
25107,70.0,111.0,0.0
25108,184.0,26.0,0.0
25109,75.0,504.0,0.0
25110,183.0,206.0,0.0
25111,93.0,403.0,0.0
25112,83.0,421.0,0.0
25113,21.0,383.0,0.0
25114,198.0,79.0,0.0
25115,128.0,560.0,0.0
25116,139.0,18.0,0.0
25117,40.0,120.0,0.0
25118,117.0,549.0,0.0
25119,124.0,491.0,0.0
25120,137.0,365.0,0.0
25121,220.0,460.0,0.0
25122,204.0,84.0,0.0
25123,153.0,246.0,0.0
25124,212.0,340.0,0.0
25125,120.0,539.0,0.0
25126,59.0,59.0,0.0
25127,44.0,500.0,0.0
25128,203.0,584.0,0.0
25129,54.0,47.0,0.0
25130,19.0,64.0,0.0
25131,176.0,392.0,0.0
25132,139.0,255.0,0.0
25133,146.0,462.0,0.0
25134,47.0,147.0,0.0
25135,207.0,140.0,0.0
25136,229.0,536.0,0.0
25137,167.0,363.0,0.0
25138,10.0,478.0,0.0
25139,261.0,467.0,0.0
25140,174.0,117.0,0.0
25141,136.0,124.0,0.0
25142,245.0,370.0,0.0
25143,228.0,37.0,0.0
25144,104.0,216.0,0.0
25145,11.0,437.0,0.0
25146,228.0,293.0,0.0
25147,155.0,419.0,0.0
25148,186.0,431.0,0.0
25149,229.0,411.0,0.0
25150,54.0,383.0,0.0
25151,26.0,376.0,0.0
25152,253.0,543.0,0.0
25153,245.0,13.0,0.0
25154,192.0,304.0,0.0
25155,261.0,448.0,0.0
25156,214.0,488.0,0.0
25157,259.0,72.0,0.0
25158,152.0,575.0,0.0
25159,118.0,552.0,0.0
25160,152.0,544.0,0.0
25161,100.0,373.0,0.0
25162,217.0,422.0,0.0
25163,131.0,266.0,0.0
25164,265.0,459.0,0.0
25165,234.0,440.0,0.0
25166,85.0,561.0,0.0
25167,137.0,493.0,0.0
25168,18.0,65.0,0.0
25169,232.0,310.0,0.0
25170,5.0,445.0,0.0
25171,177.0,498.0,0.0
25172,201.0,404.0,0.0
25173,253.0,562.0,0.0
25174,241.0,308.0,0.0
25175,163.0,406.0,0.0
25176,161.0,589.0,0.0
25177,61.0,258.0,0.0
25178,209.0,94.0,0.0
25179,90.0,358.0,0.0
25180,150.0,482.0,0.0
25181,222.0,528.0,0.0
25182,249.0,40.0,0.0
25183,8.0,340.0,0.0
25184,262.0,373.0,0.0
25185,251.0,552.0,0.0
25186,196.0,514.0,0.0
25187,109.0,272.0,0.0
25188,179.0,355.0,0.0
25189,101.0,438.0,0.0
25190,80.0,575.0,0.0
25191,130.0,189.0,0.0
25192,101.0,506.0,0.0
25193,234.0,361.0,0.0
25194,18.0,167.0,0.0
25195,106.0,574.0,0.0
25196,245.0,323.0,0.0
25197,22.0,537.0,0.0
25198,203.0,392.0,0.0
25199,123.0,469.0,0.0
25200,255.0,157.0,0.0
25201,225.0,329.0,0.0
25202,205.0,133.0,0.0
25203,127.0,182.0,0.0
25204,152.0,511.0,0.0
25205,42.0,352.0,0.0
25206,106.0,206.0,0.0
25207,75.0,151.0,0.0
25208,66.0,449.0,0.0
25209,92.0,322.0,0.0
25210,194.0,479.0,0.0
25211,41.0,313.0,0.0
25212,11.0,75.0,0.0
25213,186.0,19.0,0.0
25214,229.0,53.0,0.0
25215,8.0,427.0,0.0
25216,137.0,379.0,0.0
25217,136.0,406.0,0.0
25218,118.0,361.0,0.0
25219,18.0,49.0,0.0
25220,134.0,57.0,0.0
25221,1.0,458.0,0.0
25222,29.0,381.0,0.0
25223,122.0,429.0,0.0
25224,145.0,198.0,0.0
25225,171.0,239.0,0.0
25226,214.0,535.0,0.0
25227,115.0,186.0,0.0
25228,186.0,363.0,0.0
25229,158.0,387.0,0.0
25230,37.0,559.0,0.0
25231,16.0,456.0,0.0
25232,260.0,67.0,0.0
25233,98.0,542.0,0.0
25234,160.0,568.0,0.0
25235,157.0,37.0,0.0
25236,8.0,25.0,0.0
25237,175.0,392.0,0.0
25238,200.0,98.0,0.0
25239,124.0,392.0,0.0
25240,78.0,513.0,0.0
25241,0.0,54.0,0.0
25242,5.0,180.0,0.0
25243,63.0,241.0,0.0
25244,263.0,2.0,0.0
25245,267.0,150.0,0.0
25246,20.0,382.0,0.0
25247,206.0,193.0,0.0
25248,132.0,421.0,0.0
25249,97.0,469.0,0.0
25250,50.0,180.0,0.0
25251,151.0,528.0,0.0
25252,12.0,348.0,0.0
25253,46.0,150.0,0.0
25254,125.0,541.0,0.0
25255,196.0,253.0,0.0
25256,87.0,403.0,0.0
25257,186.0,217.0,0.0
25258,20.0,412.0,0.0
25259,42.0,580.0,0.0
25260,58.0,262.0,0.0
25261,184.0,80.0,0.0
25262,65.0,184.0,0.0
25263,226.0,113.0,0.0
25264,231.0,327.0,0.0
25265,129.0,181.0,0.0
25266,93.0,384.0,0.0
25267,26.0,390.0,0.0
25268,33.0,95.0,0.0
25269,154.0,90.0,0.0
25270,108.0,373.0,0.0
25271,247.0,264.0,0.0
25272,136.0,491.0,0.0
25273,168.0,478.0,0.0
25274,170.0,399.0,0.0
25275,57.0,416.0,0.0
25276,106.0,298.0,0.0
25277,31.0,334.0,0.0
25278,53.0,327.0,0.0
25279,154.0,81.0,0.0
25280,201.0,188.0,0.0
25281,239.0,291.0,0.0
25282,47.0,150.0,0.0
25283,92.0,564.0,0.0
25284,118.0,487.0,0.0
25285,150.0,301.0,0.0
25286,268.0,165.0,0.0
25287,135.0,105.0,0.0
25288,115.0,494.0,0.0
25289,210.0,569.0,0.0
25290,37.0,148.0,0.0
25291,38.0,302.0,0.0
25292,203.0,302.0,0.0
25293,258.0,536.0,0.0
25294,179.0,58.0,0.0
25295,170.0,314.0,0.0
25296,32.0,478.0,0.0
25297,207.0,442.0,0.0
25298,119.0,486.0,0.0
25299,180.0,2.0,0.0
25300,2.0,318.0,0.0
25301,268.0,404.0,0.0
25302,172.0,16.0,0.0
25303,249.0,415.0,0.0
25304,227.0,180.0,0.0
25305,212.0,448.0,0.0
25306,136.0,149.0,0.0
25307,95.0,451.0,0.0
25308,206.0,394.0,0.0
25309,98.0,175.0,0.0
25310,7.0,512.0,0.0
25311,110.0,539.0,0.0
25312,180.0,275.0,0.0
25313,245.0,433.0,0.0
25314,24.0,205.0,0.0
25315,209.0,110.0,0.0
25316,19.0,144.0,0.0
25317,93.0,545.0,0.0
25318,177.0,324.0,0.0
25319,36.0,343.0,0.0
25320,121.0,46.0,0.0
25321,157.0,108.0,0.0
25322,78.0,531.0,0.0
25323,39.0,564.0,0.0
25324,206.0,76.0,0.0
25325,204.0,327.0,0.0
25326,107.0,432.0,0.0
25327,87.0,117.0,0.0
25328,139.0,187.0,0.0
25329,242.0,426.0,0.0
25330,268.0,255.0,0.0
25331,206.0,384.0,0.0
25332,162.0,179.0,0.0
25333,198.0,55.0,0.0
25334,190.0,433.0,0.0
25335,66.0,362.0,0.0
25336,233.0,544.0,0.0
25337,76.0,487.0,0.0
25338,202.0,402.0,0.0
25339,189.0,574.0,0.0
25340,92.0,447.0,0.0
25341,227.0,82.0,0.0
25342,233.0,15.0,0.0
25343,154.0,311.0,0.0
25344,77.0,404.0,0.0
25345,231.0,131.0,0.0
25346,36.0,208.0,0.0
25347,4.0,464.0,0.0
25348,257.0,432.0,0.0
25349,227.0,451.0,0.0
25350,237.0,85.0,0.0
25351,42.0,483.0,0.0
25352,154.0,352.0,0.0
25353,162.0,160.0,0.0
25354,31.0,138.0,0.0
25355,262.0,150.0,0.0
25356,246.0,61.0,0.0
25357,116.0,414.0,0.0
25358,29.0,372.0,0.0
25359,118.0,150.0,0.0
25360,176.0,493.0,0.0
25361,137.0,334.0,0.0
25362,165.0,516.0,0.0
25363,178.0,281.0,0.0
25364,24.0,288.0,0.0
25365,265.0,380.0,0.0
25366,220.0,517.0,0.0
25367,159.0,467.0,0.0
25368,216.0,402.0,0.0
25369,192.0,1.0,0.0
25370,187.0,9.0,0.0
25371,63.0,361.0,0.0
25372,163.0,81.0,0.0
25373,202.0,391.0,0.0
25374,231.0,204.0,0.0
25375,114.0,184.0,0.0
25376,62.0,306.0,0.0
25377,262.0,93.0,0.0
25378,164.0,174.0,0.0
25379,13.0,259.0,0.0
25380,114.0,307.0,0.0
25381,0.0,52.0,0.0
25382,167.0,184.0,0.0
25383,247.0,6.0,0.0
25384,47.0,222.0,0.0
25385,212.0,324.0,0.0
25386,50.0,338.0,0.0
25387,83.0,99.0,0.0
25388,73.0,462.0,0.0
25389,81.0,533.0,0.0
25390,56.0,110.0,0.0
25391,2.0,365.0,0.0
25392,41.0,208.0,0.0
25393,59.0,489.0,0.0
25394,31.0,84.0,0.0
25395,33.0,437.0,0.0
25396,171.0,191.0,0.0
25397,115.0,183.0,0.0
25398,27.0,379.0,0.0
25399,166.0,306.0,0.0
25400,66.0,166.0,0.0
25401,7.0,138.0,0.0
25402,9.0,525.0,0.0
25403,27.0,67.0,0.0
25404,224.0,373.0,0.0
25405,118.0,392.0,0.0
25406,107.0,470.0,0.0
25407,69.0,329.0,0.0
25408,264.0,268.0,0.0
25409,168.0,210.0,0.0
25410,83.0,28.0,0.0
25411,99.0,584.0,0.0
25412,3.0,547.0,0.0
25413,82.0,325.0,0.0
25414,120.0,111.0,0.0
25415,187.0,281.0,0.0
25416,137.0,239.0,0.0
25417,211.0,351.0,0.0
25418,230.0,204.0,0.0
25419,19.0,472.0,0.0
25420,187.0,226.0,0.0
25421,208.0,512.0,0.0
25422,204.0,477.0,0.0
25423,234.0,288.0,0.0
25424,226.0,581.0,0.0
25425,119.0,244.0,0.0
25426,136.0,56.0,0.0
25427,72.0,176.0,0.0
25428,56.0,119.0,0.0
25429,46.0,463.0,0.0
25430,35.0,349.0,0.0
25431,198.0,505.0,0.0
25432,236.0,224.0,0.0
25433,230.0,397.0,0.0
25434,128.0,585.0,0.0
25435,29.0,539.0,0.0
25436,142.0,253.0,0.0
25437,60.0,319.0,0.0
25438,181.0,558.0,0.0
25439,45.0,225.0,0.0
25440,206.0,463.0,0.0
25441,124.0,227.0,0.0
25442,251.0,471.0,0.0
25443,110.0,125.0,0.0
25444,142.0,218.0,0.0
25445,59.0,304.0,0.0
25446,100.0,277.0,0.0
25447,43.0,426.0,0.0
25448,185.0,289.0,0.0
25449,246.0,143.0,0.0
25450,182.0,350.0,0.0
25451,127.0,574.0,0.0
25452,112.0,189.0,0.0
25453,206.0,338.0,0.0
25454,48.0,131.0,0.0
25455,38.0,248.0,0.0
25456,154.0,57.0,0.0
25457,222.0,229.0,0.0
25458,23.0,247.0,0.0
25459,237.0,104.0,0.0
25460,162.0,280.0,0.0
25461,161.0,11.0,0.0
25462,90.0,184.0,0.0
25463,85.0,386.0,0.0
25464,200.0,190.0,0.0
25465,139.0,83.0,0.0
25466,62.0,291.0,0.0
25467,235.0,199.0,0.0
25468,66.0,234.0,0.0
25469,63.0,344.0,0.0
25470,62.0,570.0,0.0
25471,186.0,283.0,0.0
25472,34.0,262.0,0.0
25473,77.0,286.0,0.0
25474,14.0,546.0,0.0
25475,62.0,64.0,0.0
25476,45.0,55.0,0.0
25477,48.0,267.0,0.0
25478,29.0,535.0,0.0
25479,180.0,453.0,0.0
25480,226.0,178.0,0.0
25481,148.0,121.0,0.0
25482,256.0,317.0,0.0
25483,21.0,451.0,0.0
25484,43.0,341.0,0.0
25485,7.0,463.0,0.0
25486,176.0,217.0,0.0
25487,158.0,469.0,0.0
25488,245.0,345.0,0.0
25489,1.0,585.0,0.0
25490,32.0,404.0,0.0
25491,43.0,485.0,0.0
25492,103.0,80.0,0.0
25493,264.0,335.0,0.0
25494,251.0,427.0,0.0
25495,68.0,442.0,0.0
25496,253.0,521.0,0.0
25497,185.0,2.0,0.0
25498,234.0,597.0,0.0
25499,145.0,27.0,0.0
25500,22.0,585.0,0.0
25501,141.0,326.0,0.0
25502,164.0,265.0,0.0
25503,208.0,316.0,0.0
25504,34.0,488.0,0.0
25505,173.0,309.0,0.0
25506,3.0,195.0,0.0
25507,0.0,204.0,0.0
25508,154.0,51.0,0.0
25509,206.0,135.0,0.0
25510,225.0,337.0,0.0
25511,198.0,117.0,0.0
25512,74.0,22.0,0.0
25513,24.0,139.0,0.0
25514,234.0,487.0,0.0
25515,225.0,450.0,0.0
25516,174.0,133.0,0.0
25517,47.0,324.0,0.0
25518,207.0,185.0,0.0
25519,196.0,414.0,0.0
25520,165.0,484.0,0.0
25521,54.0,57.0,0.0
25522,113.0,208.0,0.0
25523,159.0,336.0,0.0
25524,225.0,431.0,0.0
25525,3.0,48.0,0.0
25526,68.0,534.0,0.0
25527,202.0,502.0,0.0
25528,220.0,420.0,0.0
25529,108.0,185.0,0.0
25530,97.0,274.0,0.0
25531,192.0,245.0,0.0
25532,205.0,418.0,0.0
25533,203.0,528.0,0.0
25534,35.0,94.0,0.0
25535,176.0,576.0,0.0
25536,114.0,353.0,0.0
25537,193.0,124.0,0.0
25538,13.0,303.0,0.0
25539,154.0,424.0,0.0
25540,95.0,338.0,0.0
25541,64.0,240.0,0.0
25542,158.0,475.0,0.0
25543,226.0,513.0,0.0
25544,28.0,170.0,0.0
25545,62.0,234.0,0.0
25546,3.0,131.0,0.0
25547,238.0,492.0,0.0
25548,145.0,161.0,0.0
25549,17.0,361.0,0.0
25550,41.0,320.0,0.0
25551,61.0,268.0,0.0
25552,106.0,249.0,0.0
25553,110.0,387.0,0.0
25554,230.0,357.0,0.0
25555,169.0,421.0,0.0
25556,110.0,572.0,0.0
25557,88.0,568.0,0.0
25558,116.0,568.0,0.0
25559,264.0,489.0,0.0
25560,46.0,383.0,0.0
25561,200.0,509.0,0.0
25562,40.0,160.0,0.0
25563,166.0,513.0,0.0
25564,240.0,17.0,0.0
25565,125.0,213.0,0.0
25566,139.0,384.0,0.0
25567,5.0,328.0,0.0
25568,154.0,284.0,0.0
25569,176.0,577.0,0.0
25570,177.0,180.0,0.0
25571,13.0,580.0,0.0
25572,26.0,51.0,0.0
25573,212.0,506.0,0.0
25574,136.0,82.0,0.0
25575,50.0,499.0,0.0
25576,252.0,472.0,0.0
25577,6.0,246.0,0.0
25578,91.0,125.0,0.0
25579,268.0,326.0,0.0
25580,29.0,163.0,0.0
25581,85.0,547.0,0.0
25582,25.0,130.0,0.0
25583,264.0,129.0,0.0
25584,121.0,124.0,0.0
25585,231.0,595.0,0.0
25586,16.0,164.0,0.0
25587,40.0,204.0,0.0
25588,54.0,153.0,0.0
25589,51.0,303.0,0.0
25590,190.0,350.0,0.0
25591,1.0,318.0,0.0
25592,88.0,210.0,0.0
25593,157.0,96.0,0.0
25594,252.0,167.0,0.0
25595,126.0,24.0,0.0
25596,160.0,561.0,0.0
25597,98.0,350.0,0.0
25598,128.0,30.0,0.0
25599,68.0,486.0,0.0
25600,86.0,164.0,0.0
25601,238.0,31.0,0.0
25602,17.0,463.0,0.0
25603,250.0,129.0,0.0
25604,0.0,46.0,0.0
25605,258.0,124.0,0.0
25606,7.0,229.0,0.0
25607,43.0,96.0,0.0
25608,107.0,15.0,0.0
25609,54.0,298.0,0.0
25610,164.0,222.0,0.0
25611,121.0,310.0,0.0
25612,88.0,554.0,0.0
25613,2.0,568.0,0.0
25614,243.0,444.0,0.0
25615,69.0,478.0,0.0
25616,114.0,573.0,0.0
25617,141.0,558.0,0.0
25618,88.0,112.0,0.0
25619,191.0,84.0,0.0
25620,147.0,101.0,0.0
25621,85.0,217.0,0.0
25622,225.0,24.0,0.0
25623,243.0,275.0,0.0
25624,45.0,246.0,0.0
25625,45.0,228.0,0.0
25626,216.0,541.0,0.0
25627,71.0,172.0,0.0
25628,95.0,67.0,0.0
25629,166.0,294.0,0.0
25630,231.0,375.0,0.0
25631,220.0,248.0,0.0
25632,216.0,45.0,0.0
25633,186.0,328.0,0.0
25634,197.0,342.0,0.0
25635,99.0,551.0,0.0
25636,187.0,167.0,0.0
25637,266.0,583.0,0.0
25638,3.0,88.0,0.0
25639,251.0,454.0,0.0
25640,88.0,39.0,0.0
25641,188.0,326.0,0.0
25642,171.0,471.0,0.0
25643,261.0,459.0,0.0
25644,36.0,287.0,0.0
25645,61.0,39.0,0.0
25646,176.0,453.0,0.0
25647,26.0,259.0,0.0
25648,205.0,472.0,0.0
25649,51.0,550.0,0.0
25650,236.0,130.0,0.0
25651,225.0,588.0,0.0
25652,30.0,78.0,0.0
25653,2.0,179.0,0.0
25654,32.0,552.0,0.0
25655,101.0,397.0,0.0
25656,14.0,560.0,0.0
25657,65.0,487.0,0.0
25658,72.0,577.0,0.0
25659,105.0,488.0,0.0
25660,114.0,221.0,0.0
25661,29.0,265.0,0.0
25662,255.0,86.0,0.0
25663,233.0,337.0,0.0
25664,268.0,341.0,0.0
25665,96.0,370.0,0.0
25666,24.0,30.0,0.0
25667,193.0,539.0,0.0
25668,174.0,325.0,0.0
25669,19.0,324.0,0.0
25670,210.0,248.0,0.0
25671,234.0,331.0,0.0
25672,174.0,187.0,0.0
25673,215.0,414.0,0.0
25674,136.0,407.0,0.0
25675,183.0,336.0,0.0
25676,117.0,387.0,0.0
25677,262.0,92.0,0.0
25678,211.0,433.0,0.0
25679,159.0,55.0,0.0
25680,90.0,246.0,0.0
25681,243.0,271.0,0.0
25682,46.0,407.0,0.0
25683,109.0,152.0,0.0
25684,112.0,585.0,0.0
25685,8.0,429.0,0.0
25686,78.0,485.0,0.0
25687,166.0,533.0,0.0
25688,63.0,85.0,0.0
25689,8.0,16.0,0.0
25690,30.0,69.0,0.0
25691,56.0,574.0,0.0
25692,55.0,335.0,0.0
25693,70.0,13.0,0.0
25694,27.0,137.0,0.0
25695,8.0,377.0,0.0
25696,90.0,522.0,0.0
25697,87.0,460.0,0.0
25698,5.0,387.0,0.0
25699,2.0,539.0,0.0
25700,111.0,222.0,0.0
25701,27.0,289.0,0.0
25702,246.0,526.0,0.0
25703,206.0,232.0,0.0
25704,78.0,62.0,0.0
25705,59.0,165.0,0.0
25706,55.0,515.0,0.0
25707,234.0,561.0,0.0
25708,97.0,175.0,0.0
25709,193.0,447.0,0.0
25710,145.0,86.0,0.0
25711,11.0,541.0,0.0
25712,160.0,72.0,0.0
25713,248.0,376.0,0.0
25714,213.0,151.0,0.0
25715,168.0,317.0,0.0
25716,101.0,437.0,0.0
25717,251.0,198.0,0.0
25718,241.0,347.0,0.0
25719,8.0,292.0,0.0
25720,152.0,168.0,0.0
25721,2.0,224.0,0.0
25722,123.0,109.0,0.0
25723,15.0,31.0,0.0
25724,59.0,463.0,0.0
25725,251.0,148.0,0.0
25726,213.0,240.0,0.0
25727,109.0,501.0,0.0
25728,248.0,310.0,0.0
25729,26.0,35.0,0.0
25730,196.0,19.0,0.0
25731,88.0,17.0,0.0
25732,102.0,290.0,0.0
25733,246.0,211.0,0.0
25734,83.0,309.0,0.0
25735,124.0,100.0,0.0
25736,213.0,96.0,0.0
25737,208.0,176.0,0.0
25738,4.0,142.0,0.0
25739,248.0,232.0,0.0
25740,111.0,265.0,0.0
25741,9.0,15.0,0.0
25742,245.0,70.0,0.0
25743,179.0,301.0,0.0
25744,47.0,148.0,0.0
25745,66.0,73.0,0.0
25746,50.0,584.0,0.0
25747,53.0,56.0,0.0
25748,95.0,200.0,0.0
25749,156.0,415.0,0.0
25750,68.0,171.0,0.0
25751,176.0,193.0,0.0
25752,95.0,436.0,0.0
25753,239.0,581.0,0.0
25754,156.0,573.0,0.0
25755,3.0,193.0,0.0
25756,101.0,412.0,0.0
25757,149.0,53.0,0.0
25758,176.0,527.0,0.0
25759,257.0,95.0,0.0
25760,235.0,148.0,0.0
25761,100.0,414.0,0.0
25762,31.0,271.0,0.0
25763,59.0,210.0,0.0
25764,197.0,593.0,0.0
25765,56.0,192.0,0.0
25766,168.0,375.0,0.0
25767,10.0,493.0,0.0
25768,254.0,132.0,0.0
25769,223.0,148.0,0.0
25770,112.0,293.0,0.0
25771,76.0,448.0,0.0
25772,262.0,443.0,0.0
25773,263.0,196.0,0.0
25774,152.0,121.0,0.0
25775,69.0,47.0,0.0
25776,216.0,521.0,0.0
25777,105.0,187.0,0.0
25778,206.0,87.0,0.0
25779,35.0,86.0,0.0
25780,262.0,251.0,0.0
25781,254.0,292.0,0.0
25782,247.0,587.0,0.0
25783,43.0,586.0,0.0
25784,221.0,36.0,0.0
25785,186.0,523.0,0.0
25786,46.0,204.0,0.0
25787,19.0,116.0,0.0
25788,38.0,256.0,0.0
25789,199.0,58.0,0.0
25790,145.0,511.0,0.0
25791,266.0,577.0,0.0
25792,107.0,500.0,0.0
25793,59.0,328.0,0.0
25794,15.0,503.0,0.0
25795,249.0,355.0,0.0
25796,194.0,594.0,0.0
25797,149.0,396.0,0.0
25798,195.0,418.0,0.0
25799,104.0,535.0,0.0
25800,84.0,529.0,0.0
25801,105.0,189.0,0.0
25802,112.0,519.0,0.0
25803,86.0,552.0,0.0
25804,60.0,2.0,0.0
25805,19.0,234.0,0.0
25806,210.0,310.0,0.0
25807,246.0,440.0,0.0
25808,86.0,244.0,0.0
25809,215.0,527.0,0.0
25810,54.0,406.0,0.0
25811,180.0,176.0,0.0
25812,37.0,265.0,0.0
25813,235.0,182.0,0.0
25814,139.0,26.0,0.0
25815,61.0,408.0,0.0
25816,164.0,108.0,0.0
25817,218.0,33.0,0.0
25818,197.0,99.0,0.0
25819,141.0,543.0,0.0
25820,168.0,511.0,0.0
25821,52.0,240.0,0.0
25822,71.0,203.0,0.0
25823,52.0,542.0,0.0
25824,106.0,75.0,0.0
25825,92.0,176.0,0.0
25826,88.0,436.0,0.0
25827,72.0,114.0,0.0
25828,3.0,102.0,0.0
25829,256.0,535.0,0.0
25830,200.0,131.0,0.0
25831,119.0,475.0,0.0
25832,96.0,183.0,0.0
25833,144.0,151.0,0.0
25834,184.0,467.0,0.0
25835,29.0,341.0,0.0
25836,155.0,41.0,0.0
25837,264.0,538.0,0.0
25838,158.0,523.0,0.0
25839,140.0,203.0,0.0
25840,9.0,186.0,0.0
25841,105.0,595.0,0.0
25842,220.0,298.0,0.0
25843,78.0,176.0,0.0
25844,26.0,233.0,0.0
25845,243.0,477.0,0.0
25846,44.0,561.0,0.0
25847,2.0,160.0,0.0
25848,72.0,16.0,0.0
25849,45.0,532.0,0.0
25850,100.0,393.0,0.0
25851,110.0,323.0,0.0
25852,228.0,533.0,0.0
25853,60.0,520.0,0.0
25854,74.0,274.0,0.0
25855,182.0,465.0,0.0
25856,23.0,358.0,0.0
25857,113.0,380.0,0.0
25858,207.0,284.0,0.0
25859,230.0,148.0,0.0
25860,74.0,567.0,0.0
25861,225.0,538.0,0.0
25862,204.0,301.0,0.0
25863,6.0,485.0,0.0
25864,29.0,549.0,0.0
25865,99.0,469.0,0.0
25866,58.0,100.0,0.0
25867,195.0,72.0,0.0
25868,118.0,341.0,0.0
25869,181.0,261.0,0.0
25870,157.0,272.0,0.0
25871,30.0,582.0,0.0
25872,2.0,517.0,0.0
25873,253.0,252.0,0.0
25874,121.0,299.0,0.0
25875,55.0,111.0,0.0
25876,99.0,139.0,0.0
25877,45.0,403.0,0.0
25878,75.0,384.0,0.0
25879,240.0,484.0,0.0
25880,148.0,221.0,0.0
25881,212.0,77.0,0.0
25882,217.0,369.0,0.0
25883,156.0,564.0,0.0
25884,93.0,149.0,0.0
25885,60.0,570.0,0.0
25886,67.0,13.0,0.0
25887,235.0,490.0,0.0
25888,124.0,132.0,0.0
25889,135.0,254.0,0.0
25890,218.0,104.0,0.0
25891,19.0,41.0,0.0
25892,251.0,211.0,0.0
25893,33.0,412.0,0.0
25894,223.0,383.0,0.0
25895,233.0,41.0,0.0
25896,225.0,331.0,0.0
25897,226.0,389.0,0.0
25898,30.0,502.0,0.0
25899,263.0,497.0,0.0
25900,225.0,303.0,0.0
25901,209.0,464.0,0.0
25902,72.0,357.0,0.0
25903,213.0,312.0,0.0
25904,183.0,152.0,0.0
25905,195.0,445.0,0.0
25906,253.0,180.0,0.0
25907,243.0,244.0,0.0
25908,7.0,507.0,0.0
25909,152.0,287.0,0.0
25910,102.0,378.0,0.0
25911,203.0,86.0,0.0
25912,57.0,204.0,0.0
25913,89.0,285.0,0.0
25914,16.0,292.0,0.0
25915,20.0,311.0,0.0
25916,107.0,541.0,0.0
25917,176.0,298.0,0.0
25918,173.0,156.0,0.0
25919,233.0,432.0,0.0
25920,161.0,373.0,0.0
25921,191.0,397.0,0.0
25922,22.0,20.0,0.0
25923,242.0,350.0,0.0
25924,60.0,517.0,0.0
25925,266.0,440.0,0.0
25926,234.0,194.0,0.0
25927,74.0,268.0,0.0
25928,217.0,140.0,0.0
25929,256.0,498.0,0.0
25930,113.0,404.0,0.0
25931,266.0,9.0,0.0
25932,177.0,138.0,0.0
25933,74.0,373.0,0.0
25934,54.0,381.0,0.0
25935,67.0,451.0,0.0
25936,267.0,314.0,0.0
25937,40.0,82.0,0.0
25938,26.0,324.0,0.0
25939,161.0,223.0,0.0
25940,258.0,57.0,0.0
25941,118.0,87.0,0.0
25942,186.0,414.0,0.0
25943,47.0,8.0,0.0
25944,2.0,267.0,0.0
25945,103.0,591.0,0.0
25946,245.0,120.0,0.0
25947,219.0,546.0,0.0
25948,137.0,259.0,0.0
25949,97.0,44.0,0.0
25950,165.0,491.0,0.0
25951,160.0,167.0,0.0
25952,157.0,248.0,0.0
25953,117.0,488.0,0.0
25954,61.0,188.0,0.0
25955,245.0,579.0,0.0
25956,28.0,420.0,0.0
25957,47.0,86.0,0.0
25958,6.0,532.0,0.0
25959,226.0,555.0,0.0
25960,249.0,100.0,0.0
25961,65.0,295.0,0.0
25962,13.0,393.0,0.0
25963,34.0,390.0,0.0
25964,124.0,428.0,0.0
25965,186.0,517.0,0.0
25966,158.0,490.0,0.0
25967,119.0,31.0,0.0
25968,41.0,494.0,0.0
25969,176.0,162.0,0.0
25970,110.0,251.0,0.0
25971,155.0,195.0,0.0
25972,118.0,301.0,0.0
25973,130.0,137.0,0.0
25974,162.0,86.0,0.0
25975,0.0,415.0,0.0
25976,75.0,482.0,0.0
25977,198.0,228.0,0.0
25978,195.0,326.0,0.0
25979,260.0,563.0,0.0
25980,177.0,524.0,0.0
25981,2.0,497.0,0.0
25982,224.0,413.0,0.0
25983,219.0,254.0,0.0
25984,143.0,129.0,0.0
25985,86.0,319.0,0.0
25986,236.0,270.0,0.0
25987,224.0,490.0,0.0
25988,227.0,142.0,0.0
25989,248.0,288.0,0.0
25990,161.0,0.0,0.0
25991,22.0,165.0,0.0
25992,268.0,421.0,0.0
25993,65.0,181.0,0.0
25994,159.0,262.0,0.0
25995,82.0,531.0,0.0
25996,0.0,380.0,0.0
25997,247.0,221.0,0.0
25998,116.0,192.0,0.0
25999,131.0,595.0,0.0
26000,225.0,322.0,0.0
26001,238.0,505.0,0.0
26002,204.0,51.0,0.0
26003,231.0,253.0,0.0
26004,62.0,230.0,0.0
26005,65.0,312.0,0.0
26006,5.0,352.0,0.0
26007,65.0,74.0,0.0
26008,54.0,597.0,0.0
26009,102.0,179.0,0.0
26010,189.0,72.0,0.0
26011,50.0,394.0,0.0
26012,211.0,141.0,0.0
26013,119.0,22.0,0.0
26014,199.0,150.0,0.0
26015,91.0,116.0,0.0
26016,208.0,493.0,0.0
26017,143.0,96.0,0.0
26018,120.0,236.0,0.0
26019,114.0,531.0,0.0
26020,99.0,136.0,0.0
26021,176.0,124.0,0.0
26022,63.0,244.0,0.0
26023,83.0,223.0,0.0
26024,214.0,7.0,0.0
26025,250.0,562.0,0.0
26026,73.0,137.0,0.0
26027,212.0,57.0,0.0
26028,123.0,560.0,0.0
26029,128.0,84.0,0.0
26030,155.0,321.0,0.0
26031,11.0,115.0,0.0
26032,167.0,180.0,0.0
26033,70.0,563.0,0.0
26034,144.0,584.0,0.0
26035,146.0,477.0,0.0
26036,236.0,520.0,0.0
26037,31.0,301.0,0.0
26038,225.0,537.0,0.0
26039,151.0,486.0,0.0
26040,127.0,432.0,0.0
26041,118.0,131.0,0.0
26042,205.0,438.0,0.0
26043,117.0,313.0,0.0
26044,25.0,594.0,0.0
26045,168.0,589.0,0.0
26046,228.0,532.0,0.0
26047,253.0,513.0,0.0
26048,133.0,109.0,0.0
26049,13.0,99.0,0.0
26050,169.0,523.0,0.0
26051,88.0,126.0,0.0
26052,205.0,303.0,0.0
26053,134.0,174.0,0.0
26054,253.0,127.0,0.0
26055,97.0,86.0,0.0
26056,95.0,188.0,0.0
26057,20.0,339.0,0.0
26058,232.0,559.0,0.0
26059,91.0,283.0,0.0
26060,182.0,386.0,0.0
26061,238.0,184.0,0.0
26062,252.0,103.0,0.0
26063,64.0,571.0,0.0
26064,152.0,373.0,0.0
26065,232.0,473.0,0.0
26066,123.0,550.0,0.0
26067,123.0,500.0,0.0
26068,267.0,70.0,0.0
26069,170.0,25.0,0.0
26070,73.0,422.0,0.0
26071,93.0,576.0,0.0
26072,85.0,173.0,0.0
26073,249.0,246.0,0.0
26074,206.0,561.0,0.0
26075,42.0,98.0,0.0
26076,155.0,108.0,0.0
26077,110.0,531.0,0.0
26078,35.0,354.0,0.0
26079,155.0,90.0,0.0
26080,140.0,426.0,0.0
26081,85.0,267.0,0.0
26082,252.0,285.0,0.0
26083,41.0,170.0,0.0
26084,163.0,40.0,0.0
26085,67.0,403.0,0.0
26086,131.0,329.0,0.0
26087,135.0,312.0,0.0
26088,154.0,494.0,0.0
26089,158.0,0.0,0.0
26090,152.0,239.0,0.0
26091,238.0,271.0,0.0
26092,89.0,444.0,0.0
26093,254.0,384.0,0.0
26094,134.0,521.0,0.0
26095,133.0,145.0,0.0
26096,70.0,303.0,0.0
26097,157.0,290.0,0.0
26098,227.0,554.0,0.0
26099,155.0,37.0,0.0
26100,101.0,103.0,0.0
26101,72.0,379.0,0.0
26102,60.0,179.0,0.0
26103,214.0,318.0,0.0
26104,261.0,440.0,0.0
26105,118.0,451.0,0.0
26106,52.0,475.0,0.0
26107,1.0,293.0,0.0
26108,206.0,565.0,0.0
26109,40.0,446.0,0.0
26110,110.0,429.0,0.0
26111,24.0,292.0,0.0
26112,187.0,62.0,0.0
26113,248.0,377.0,0.0
26114,154.0,350.0,0.0
26115,41.0,196.0,0.0
26116,240.0,261.0,0.0
26117,29.0,447.0,0.0
26118,50.0,526.0,0.0
26119,79.0,495.0,0.0
26120,22.0,435.0,0.0
26121,161.0,249.0,0.0
26122,234.0,505.0,0.0
26123,110.0,121.0,0.0
26124,35.0,279.0,0.0
26125,151.0,155.0,0.0
26126,230.0,293.0,0.0
26127,14.0,80.0,0.0
26128,236.0,531.0,0.0
26129,50.0,337.0,0.0
26130,133.0,475.0,0.0
26131,192.0,335.0,0.0
26132,27.0,457.0,0.0
26133,133.0,364.0,0.0
26134,175.0,278.0,0.0
26135,40.0,169.0,0.0
26136,227.0,167.0,0.0
26137,142.0,494.0,0.0
26138,267.0,560.0,0.0
26139,101.0,460.0,0.0
26140,256.0,573.0,0.0
26141,138.0,584.0,0.0
26142,7.0,244.0,0.0
26143,178.0,552.0,0.0
26144,6.0,10.0,0.0
26145,164.0,409.0,0.0
26146,146.0,148.0,0.0
26147,256.0,276.0,0.0
26148,166.0,246.0,0.0
26149,258.0,172.0,0.0
26150,257.0,577.0,0.0
26151,250.0,56.0,0.0
26152,262.0,405.0,0.0
26153,80.0,403.0,0.0
26154,23.0,177.0,0.0
26155,138.0,388.0,0.0
26156,234.0,347.0,0.0
26157,88.0,360.0,0.0
26158,63.0,366.0,0.0
26159,247.0,338.0,0.0
26160,78.0,514.0,0.0
26161,8.0,186.0,0.0
26162,42.0,460.0,0.0
26163,192.0,370.0,0.0
26164,9.0,329.0,0.0
26165,101.0,167.0,0.0
26166,50.0,319.0,0.0
26167,5.0,92.0,0.0
26168,37.0,555.0,0.0
26169,184.0,383.0,0.0
26170,261.0,212.0,0.0
26171,47.0,14.0,0.0
26172,123.0,595.0,0.0
26173,184.0,185.0,0.0
26174,210.0,244.0,0.0
26175,19.0,1.0,0.0
26176,65.0,521.0,0.0
26177,198.0,312.0,0.0
26178,71.0,384.0,0.0
26179,246.0,372.0,0.0
26180,86.0,120.0,0.0
26181,143.0,173.0,0.0
26182,108.0,443.0,0.0
26183,102.0,156.0,0.0
26184,218.0,557.0,0.0
26185,30.0,6.0,0.0
26186,145.0,142.0,0.0
26187,162.0,183.0,0.0
26188,127.0,341.0,0.0
26189,190.0,532.0,0.0
26190,196.0,361.0,0.0
26191,134.0,73.0,0.0
26192,8.0,552.0,0.0
26193,180.0,353.0,0.0
26194,199.0,490.0,0.0
26195,146.0,413.0,0.0
26196,146.0,86.0,0.0
26197,163.0,309.0,0.0
26198,232.0,552.0,0.0
26199,246.0,408.0,0.0
26200,66.0,422.0,0.0
26201,142.0,368.0,0.0
26202,243.0,374.0,0.0
26203,142.0,431.0,0.0
26204,233.0,468.0,0.0
26205,255.0,425.0,0.0
26206,42.0,448.0,0.0
26207,130.0,42.0,0.0
26208,183.0,578.0,0.0
26209,245.0,294.0,0.0
26210,4.0,467.0,0.0
26211,156.0,67.0,0.0
26212,31.0,203.0,0.0
26213,161.0,571.0,0.0
26214,22.0,511.0,0.0
26215,120.0,431.0,0.0
26216,68.0,312.0,0.0
26217,224.0,318.0,0.0
26218,216.0,435.0,0.0
26219,140.0,362.0,0.0
26220,108.0,577.0,0.0
26221,13.0,415.0,0.0
26222,90.0,579.0,0.0
26223,205.0,352.0,0.0
26224,262.0,185.0,0.0
26225,222.0,581.0,0.0
26226,133.0,93.0,0.0
26227,259.0,136.0,0.0
26228,38.0,487.0,0.0
26229,67.0,56.0,0.0
26230,25.0,324.0,0.0
26231,99.0,338.0,0.0
26232,31.0,172.0,0.0
26233,72.0,125.0,0.0
26234,227.0,406.0,0.0
26235,169.0,481.0,0.0
26236,142.0,21.0,0.0
26237,221.0,112.0,0.0
26238,201.0,518.0,0.0
26239,176.0,325.0,0.0
26240,18.0,316.0,0.0
26241,7.0,578.0,0.0
26242,97.0,257.0,0.0
26243,266.0,166.0,0.0
26244,108.0,471.0,0.0
26245,124.0,301.0,0.0
26246,186.0,140.0,0.0
26247,193.0,572.0,0.0
26248,134.0,266.0,0.0
26249,108.0,155.0,0.0
26250,249.0,187.0,0.0
26251,241.0,591.0,0.0
26252,12.0,335.0,0.0
26253,112.0,83.0,0.0
26254,88.0,155.0,0.0
26255,134.0,76.0,0.0
26256,220.0,247.0,0.0
26257,27.0,65.0,0.0
26258,152.0,112.0,0.0
26259,97.0,27.0,0.0
26260,221.0,115.0,0.0
26261,211.0,63.0,0.0
26262,137.0,101.0,0.0
26263,60.0,347.0,0.0
26264,173.0,424.0,0.0
26265,246.0,575.0,0.0
26266,152.0,149.0,0.0
26267,195.0,34.0,0.0
26268,173.0,301.0,0.0
26269,84.0,578.0,0.0
26270,37.0,308.0,0.0
26271,66.0,337.0,0.0
26272,214.0,37.0,0.0
26273,235.0,587.0,0.0
26274,251.0,117.0,0.0
26275,185.0,589.0,0.0
26276,29.0,350.0,0.0
26277,16.0,568.0,0.0
26278,8.0,313.0,0.0
26279,238.0,309.0,0.0
26280,22.0,334.0,0.0
26281,249.0,304.0,0.0
26282,102.0,331.0,0.0
26283,13.0,66.0,0.0
26284,172.0,342.0,0.0
26285,12.0,150.0,0.0
26286,178.0,314.0,0.0
26287,85.0,437.0,0.0
26288,143.0,215.0,0.0
26289,221.0,565.0,0.0
26290,200.0,124.0,0.0
26291,0.0,195.0,0.0
26292,149.0,237.0,0.0
26293,260.0,541.0,0.0
26294,198.0,474.0,0.0
26295,121.0,358.0,0.0
26296,209.0,46.0,0.0
26297,125.0,533.0,0.0
26298,68.0,278.0,0.0
26299,218.0,432.0,0.0
26300,27.0,7.0,0.0
26301,30.0,233.0,0.0
26302,250.0,159.0,0.0
26303,194.0,150.0,0.0
26304,182.0,171.0,0.0
26305,149.0,582.0,0.0
26306,126.0,36.0,0.0
26307,32.0,457.0,0.0
26308,183.0,577.0,0.0
26309,77.0,501.0,0.0
26310,243.0,506.0,0.0
26311,222.0,20.0,0.0
26312,262.0,14.0,0.0
26313,219.0,303.0,0.0
26314,51.0,65.0,0.0
26315,110.0,249.0,0.0
26316,35.0,306.0,0.0
26317,161.0,73.0,0.0
26318,111.0,393.0,0.0
26319,222.0,49.0,0.0
26320,199.0,276.0,0.0
26321,5.0,343.0,0.0
26322,204.0,261.0,0.0
26323,42.0,434.0,0.0
26324,169.0,287.0,0.0
26325,19.0,51.0,0.0
26326,184.0,16.0,0.0
26327,59.0,318.0,0.0
26328,78.0,9.0,0.0
26329,109.0,70.0,0.0
26330,57.0,568.0,0.0
26331,133.0,520.0,0.0
26332,221.0,593.0,0.0
26333,222.0,112.0,0.0
26334,240.0,81.0,0.0
26335,87.0,327.0,0.0
26336,78.0,442.0,0.0
26337,10.0,471.0,0.0
26338,106.0,435.0,0.0
26339,4.0,381.0,0.0
26340,52.0,276.0,0.0
26341,196.0,211.0,0.0
26342,18.0,104.0,0.0
26343,112.0,251.0,0.0
26344,30.0,492.0,0.0
26345,119.0,488.0,0.0
26346,85.0,483.0,0.0
26347,95.0,449.0,0.0
26348,242.0,461.0,0.0
26349,117.0,344.0,0.0
26350,95.0,43.0,0.0
26351,110.0,223.0,0.0
26352,268.0,236.0,0.0
26353,113.0,526.0,0.0
26354,259.0,230.0,0.0
26355,266.0,292.0,0.0
26356,75.0,275.0,0.0
26357,221.0,286.0,0.0
26358,153.0,318.0,0.0
26359,59.0,77.0,0.0
26360,235.0,327.0,0.0
26361,192.0,434.0,0.0
26362,44.0,169.0,0.0
26363,187.0,544.0,0.0
26364,263.0,434.0,0.0
26365,151.0,504.0,0.0
26366,115.0,370.0,0.0
26367,164.0,381.0,0.0
26368,150.0,207.0,0.0
26369,68.0,408.0,0.0
26370,1.0,559.0,0.0
26371,19.0,77.0,0.0
26372,186.0,542.0,0.0
26373,194.0,449.0,0.0
26374,204.0,265.0,0.0
26375,85.0,141.0,0.0
26376,236.0,187.0,0.0
26377,75.0,126.0,0.0
26378,225.0,323.0,0.0
26379,202.0,49.0,0.0
26380,255.0,24.0,0.0
26381,205.0,348.0,0.0
26382,190.0,356.0,0.0
26383,109.0,542.0,0.0
26384,183.0,254.0,0.0
26385,239.0,134.0,0.0
26386,83.0,199.0,0.0
26387,62.0,311.0,0.0
26388,61.0,236.0,0.0
26389,129.0,359.0,0.0
26390,246.0,580.0,0.0
26391,252.0,187.0,0.0
26392,57.0,433.0,0.0
26393,201.0,511.0,0.0
26394,84.0,482.0,0.0
26395,79.0,43.0,0.0
26396,123.0,29.0,0.0
26397,89.0,25.0,0.0
26398,87.0,315.0,0.0
26399,29.0,113.0,0.0
26400,15.0,209.0,0.0
26401,203.0,84.0,0.0
26402,113.0,96.0,0.0
26403,109.0,494.0,0.0
26404,9.0,365.0,0.0
26405,157.0,504.0,0.0
26406,213.0,243.0,0.0
26407,106.0,290.0,0.0
26408,150.0,146.0,0.0
26409,204.0,226.0,0.0
26410,182.0,14.0,0.0
26411,101.0,583.0,0.0
26412,217.0,109.0,0.0
26413,29.0,433.0,0.0
26414,159.0,342.0,0.0
26415,191.0,497.0,0.0
26416,161.0,560.0,0.0
26417,195.0,570.0,0.0
26418,232.0,455.0,0.0
26419,152.0,469.0,0.0
26420,201.0,476.0,0.0
26421,232.0,284.0,0.0
26422,142.0,510.0,0.0
26423,50.0,195.0,0.0
26424,99.0,519.0,0.0
26425,242.0,527.0,0.0
26426,203.0,216.0,0.0
26427,143.0,95.0,0.0
26428,48.0,20.0,0.0
26429,72.0,436.0,0.0
26430,99.0,263.0,0.0
26431,170.0,138.0,0.0
26432,41.0,307.0,0.0
26433,241.0,506.0,0.0
26434,3.0,554.0,0.0
26435,128.0,460.0,0.0
26436,190.0,113.0,0.0
26437,197.0,152.0,0.0
26438,150.0,278.0,0.0
26439,138.0,165.0,0.0
26440,25.0,465.0,0.0
26441,8.0,159.0,0.0
26442,136.0,572.0,0.0
26443,251.0,205.0,0.0
26444,139.0,78.0,0.0
26445,77.0,360.0,0.0
26446,65.0,233.0,0.0
26447,234.0,463.0,0.0
26448,15.0,73.0,0.0
26449,44.0,273.0,0.0
26450,77.0,440.0,0.0
26451,68.0,491.0,0.0
26452,143.0,568.0,0.0
26453,140.0,156.0,0.0
26454,20.0,542.0,0.0
26455,165.0,443.0,0.0
26456,22.0,577.0,0.0
26457,106.0,527.0,0.0
26458,13.0,572.0,0.0
26459,65.0,428.0,0.0
26460,251.0,565.0,0.0
26461,62.0,283.0,0.0
26462,147.0,445.0,0.0
26463,110.0,48.0,0.0
26464,25.0,137.0,0.0
26465,222.0,13.0,0.0
26466,143.0,442.0,0.0
26467,249.0,286.0,0.0
26468,65.0,178.0,0.0
26469,22.0,191.0,0.0
26470,167.0,3.0,0.0
26471,234.0,189.0,0.0
26472,191.0,490.0,0.0
26473,167.0,303.0,0.0
26474,189.0,199.0,0.0
26475,42.0,274.0,0.0
26476,134.0,286.0,0.0
26477,207.0,523.0,0.0
26478,96.0,569.0,0.0
26479,69.0,74.0,0.0
26480,213.0,1.0,0.0
26481,123.0,557.0,0.0
26482,34.0,65.0,0.0
26483,249.0,67.0,0.0
26484,7.0,505.0,0.0
26485,37.0,542.0,0.0
26486,258.0,366.0,0.0
26487,1.0,269.0,0.0
26488,11.0,338.0,0.0
26489,31.0,19.0,0.0
26490,94.0,42.0,0.0
26491,242.0,237.0,0.0
26492,263.0,388.0,0.0
26493,75.0,391.0,0.0
26494,246.0,146.0,0.0
26495,91.0,108.0,0.0
26496,157.0,556.0,0.0
26497,259.0,246.0,0.0
26498,35.0,263.0,0.0
26499,220.0,221.0,0.0
26500,61.0,244.0,0.0
26501,139.0,212.0,0.0
26502,137.0,556.0,0.0
26503,209.0,239.0,0.0
26504,62.0,385.0,0.0
26505,116.0,201.0,0.0
26506,156.0,499.0,0.0
26507,12.0,89.0,0.0
26508,131.0,491.0,0.0
26509,217.0,262.0,0.0
26510,221.0,1.0,0.0
26511,161.0,206.0,0.0
26512,234.0,300.0,0.0
26513,211.0,511.0,0.0
26514,59.0,239.0,0.0
26515,19.0,28.0,0.0
26516,168.0,199.0,0.0
26517,134.0,383.0,0.0
26518,247.0,580.0,0.0
26519,20.0,46.0,0.0
26520,200.0,99.0,0.0
26521,26.0,67.0,0.0
26522,75.0,189.0,0.0
26523,14.0,166.0,0.0
26524,79.0,113.0,0.0
26525,261.0,304.0,0.0
26526,134.0,95.0,0.0
26527,237.0,381.0,0.0
26528,219.0,490.0,0.0
26529,38.0,339.0,0.0
26530,210.0,290.0,0.0
26531,145.0,34.0,0.0
26532,148.0,166.0,0.0
26533,23.0,463.0,0.0
26534,237.0,511.0,0.0
26535,247.0,554.0,0.0
26536,209.0,151.0,0.0
26537,238.0,439.0,0.0
26538,133.0,114.0,0.0
26539,163.0,367.0,0.0
26540,75.0,408.0,0.0
26541,56.0,404.0,0.0
26542,267.0,37.0,0.0
26543,212.0,458.0,0.0
26544,240.0,98.0,0.0
26545,0.0,480.0,0.0
26546,151.0,401.0,0.0
26547,254.0,507.0,0.0
26548,16.0,442.0,0.0
26549,240.0,280.0,0.0
26550,31.0,564.0,0.0
26551,204.0,184.0,0.0
26552,256.0,452.0,0.0
26553,216.0,37.0,0.0
26554,86.0,548.0,0.0
26555,71.0,297.0,0.0
26556,28.0,213.0,0.0
26557,25.0,436.0,0.0
26558,170.0,183.0,0.0
26559,220.0,565.0,0.0
26560,193.0,550.0,0.0
26561,63.0,265.0,0.0
26562,105.0,443.0,0.0
26563,66.0,355.0,0.0
26564,250.0,76.0,0.0
26565,214.0,220.0,0.0
26566,256.0,437.0,0.0
26567,215.0,506.0,0.0
26568,185.0,63.0,0.0
26569,145.0,201.0,0.0
26570,254.0,73.0,0.0
26571,134.0,181.0,0.0
26572,72.0,151.0,0.0
26573,98.0,246.0,0.0
26574,15.0,441.0,0.0
26575,209.0,152.0,0.0
26576,65.0,450.0,0.0
26577,157.0,595.0,0.0
26578,229.0,15.0,0.0
26579,220.0,421.0,0.0
26580,256.0,512.0,0.0
26581,18.0,467.0,0.0
26582,9.0,513.0,0.0
26583,166.0,597.0,0.0
26584,174.0,224.0,0.0
26585,222.0,406.0,0.0
26586,41.0,190.0,0.0
26587,139.0,567.0,0.0
26588,256.0,43.0,0.0
26589,0.0,274.0,0.0
26590,135.0,291.0,0.0
26591,157.0,160.0,0.0
26592,110.0,472.0,0.0
26593,238.0,287.0,0.0
26594,47.0,83.0,0.0
26595,154.0,184.0,0.0
26596,228.0,269.0,0.0
26597,65.0,526.0,0.0
26598,145.0,33.0,0.0
26599,243.0,310.0,0.0
26600,166.0,66.0,0.0
26601,42.0,478.0,0.0
26602,29.0,557.0,0.0
26603,70.0,444.0,0.0
26604,212.0,147.0,0.0
26605,128.0,542.0,0.0
26606,47.0,51.0,0.0
26607,181.0,535.0,0.0
26608,208.0,261.0,0.0
26609,8.0,158.0,0.0
26610,202.0,193.0,0.0
26611,99.0,293.0,0.0
26612,118.0,544.0,0.0
26613,138.0,277.0,0.0
26614,88.0,167.0,0.0
26615,230.0,568.0,0.0
26616,0.0,558.0,0.0
26617,29.0,123.0,0.0
26618,197.0,197.0,0.0
26619,203.0,549.0,0.0
26620,66.0,326.0,0.0
26621,237.0,320.0,0.0
26622,84.0,436.0,0.0
26623,138.0,74.0,0.0
26624,254.0,392.0,0.0
26625,213.0,310.0,0.0
26626,104.0,402.0,0.0
26627,75.0,480.0,0.0
26628,182.0,487.0,0.0
26629,22.0,61.0,0.0
26630,3.0,65.0,0.0
26631,52.0,269.0,0.0
26632,216.0,406.0,0.0
26633,130.0,78.0,0.0
26634,239.0,289.0,0.0
26635,43.0,379.0,0.0
26636,151.0,440.0,0.0
26637,241.0,486.0,0.0
26638,256.0,285.0,0.0
26639,16.0,320.0,0.0
26640,200.0,57.0,0.0
26641,241.0,558.0,0.0
26642,27.0,564.0,0.0
26643,211.0,375.0,0.0
26644,4.0,592.0,0.0
26645,2.0,210.0,0.0
26646,129.0,198.0,0.0
26647,141.0,270.0,0.0
26648,53.0,344.0,0.0
26649,103.0,67.0,0.0
26650,42.0,44.0,0.0
26651,41.0,52.0,0.0
26652,187.0,285.0,0.0
26653,230.0,554.0,0.0
26654,200.0,495.0,0.0
26655,3.0,46.0,0.0
26656,1.0,364.0,0.0
26657,177.0,27.0,0.0
26658,39.0,143.0,0.0
26659,185.0,14.0,0.0
26660,174.0,90.0,0.0
26661,184.0,589.0,0.0
26662,72.0,458.0,0.0
26663,14.0,575.0,0.0
26664,129.0,345.0,0.0
26665,20.0,138.0,0.0
26666,177.0,577.0,0.0
26667,107.0,74.0,0.0
26668,47.0,319.0,0.0
26669,255.0,452.0,0.0
26670,217.0,163.0,0.0
26671,213.0,61.0,0.0
26672,131.0,131.0,0.0
26673,142.0,360.0,0.0
26674,195.0,105.0,0.0
26675,237.0,298.0,0.0
26676,205.0,583.0,0.0
26677,80.0,483.0,0.0
26678,192.0,465.0,0.0
26679,187.0,278.0,0.0
26680,34.0,344.0,0.0
26681,213.0,172.0,0.0
26682,103.0,190.0,0.0
26683,127.0,428.0,0.0
26684,156.0,166.0,0.0
26685,107.0,559.0,0.0
26686,240.0,33.0,0.0
26687,14.0,356.0,0.0
26688,7.0,131.0,0.0
26689,28.0,314.0,0.0
26690,250.0,555.0,0.0
26691,79.0,248.0,0.0
26692,181.0,534.0,0.0
26693,258.0,43.0,0.0
26694,146.0,398.0,0.0
26695,157.0,501.0,0.0
26696,193.0,488.0,0.0
26697,81.0,346.0,0.0
26698,96.0,154.0,0.0
26699,259.0,553.0,0.0
26700,213.0,254.0,0.0
26701,103.0,130.0,0.0
26702,193.0,534.0,0.0
26703,42.0,538.0,0.0
26704,265.0,366.0,0.0
26705,241.0,411.0,0.0
26706,145.0,225.0,0.0
26707,217.0,177.0,0.0
26708,246.0,68.0,0.0
26709,155.0,278.0,0.0
26710,120.0,119.0,0.0
26711,194.0,263.0,0.0
26712,213.0,86.0,0.0
26713,66.0,83.0,0.0
26714,185.0,44.0,0.0
26715,98.0,549.0,0.0
26716,221.0,124.0,0.0
26717,130.0,473.0,0.0
26718,244.0,233.0,0.0
26719,197.0,455.0,0.0
26720,215.0,78.0,0.0
26721,64.0,268.0,0.0
26722,1.0,231.0,0.0
26723,119.0,132.0,0.0
26724,65.0,459.0,0.0
26725,53.0,297.0,0.0
26726,40.0,61.0,0.0
26727,253.0,356.0,0.0
26728,65.0,531.0,0.0
26729,57.0,129.0,0.0
26730,59.0,595.0,0.0
26731,170.0,19.0,0.0
26732,14.0,65.0,0.0
26733,217.0,101.0,0.0
26734,142.0,181.0,0.0
26735,57.0,428.0,0.0
26736,71.0,432.0,0.0
26737,153.0,573.0,0.0
26738,145.0,562.0,0.0
26739,51.0,401.0,0.0
26740,9.0,449.0,0.0
26741,8.0,403.0,0.0
26742,30.0,181.0,0.0
26743,131.0,318.0,0.0
26744,33.0,577.0,0.0
26745,193.0,114.0,0.0
26746,251.0,264.0,0.0
26747,206.0,428.0,0.0
26748,249.0,2.0,0.0
26749,124.0,121.0,0.0
26750,198.0,170.0,0.0
26751,251.0,180.0,0.0
26752,2.0,164.0,0.0
26753,112.0,587.0,0.0
26754,10.0,558.0,0.0
26755,27.0,404.0,0.0
26756,16.0,92.0,0.0
26757,103.0,39.0,0.0
26758,232.0,536.0,0.0
26759,206.0,194.0,0.0
26760,235.0,11.0,0.0
26761,60.0,69.0,0.0
26762,183.0,371.0,0.0
26763,103.0,301.0,0.0
26764,76.0,203.0,0.0
26765,204.0,121.0,0.0
26766,210.0,581.0,0.0
26767,10.0,464.0,0.0
26768,44.0,211.0,0.0
26769,216.0,516.0,0.0
26770,152.0,425.0,0.0
26771,163.0,332.0,0.0
26772,151.0,426.0,0.0
26773,84.0,297.0,0.0
26774,7.0,329.0,0.0
26775,14.0,85.0,0.0
26776,154.0,87.0,0.0
26777,248.0,169.0,0.0
26778,71.0,313.0,0.0
26779,27.0,439.0,0.0
26780,33.0,580.0,0.0
26781,86.0,525.0,0.0
26782,165.0,72.0,0.0
26783,147.0,409.0,0.0
26784,150.0,426.0,0.0
26785,78.0,264.0,0.0
26786,173.0,529.0,0.0
26787,235.0,112.0,0.0
26788,150.0,522.0,0.0
26789,55.0,462.0,0.0
26790,44.0,519.0,0.0
26791,202.0,306.0,0.0
26792,175.0,79.0,0.0
26793,99.0,302.0,0.0
26794,54.0,144.0,0.0
26795,23.0,173.0,0.0
26796,179.0,283.0,0.0
26797,98.0,264.0,0.0
26798,231.0,307.0,0.0
26799,184.0,585.0,0.0
26800,140.0,42.0,0.0
26801,191.0,359.0,0.0
26802,157.0,520.0,0.0
26803,250.0,118.0,0.0
26804,101.0,370.0,0.0
26805,174.0,219.0,0.0
26806,68.0,202.0,0.0
26807,101.0,314.0,0.0
26808,135.0,226.0,0.0
26809,122.0,277.0,0.0
26810,210.0,407.0,0.0
26811,62.0,446.0,0.0
26812,126.0,480.0,0.0
26813,262.0,359.0,0.0
26814,254.0,284.0,0.0
26815,14.0,338.0,0.0
26816,176.0,307.0,0.0
26817,1.0,580.0,0.0
26818,124.0,321.0,0.0
26819,4.0,389.0,0.0
26820,219.0,515.0,0.0
26821,77.0,306.0,0.0
26822,103.0,462.0,0.0
26823,160.0,194.0,0.0
26824,109.0,302.0,0.0
26825,95.0,340.0,0.0
26826,134.0,121.0,0.0
26827,250.0,428.0,0.0
26828,243.0,116.0,0.0
26829,251.0,146.0,0.0
26830,45.0,432.0,0.0
26831,88.0,472.0,0.0
26832,105.0,53.0,0.0
26833,121.0,187.0,0.0
26834,86.0,581.0,0.0
26835,257.0,5.0,0.0
26836,111.0,516.0,0.0
26837,72.0,122.0,0.0
26838,17.0,162.0,0.0
26839,77.0,204.0,0.0
26840,1.0,495.0,0.0
26841,74.0,387.0,0.0
26842,103.0,65.0,0.0
26843,235.0,509.0,0.0
26844,48.0,25.0,0.0
26845,222.0,160.0,0.0
26846,38.0,259.0,0.0
26847,80.0,240.0,0.0
26848,164.0,346.0,0.0
26849,14.0,355.0,0.0
26850,114.0,300.0,0.0
26851,160.0,49.0,0.0
26852,42.0,199.0,0.0
26853,74.0,237.0,0.0
26854,3.0,477.0,0.0
26855,152.0,253.0,0.0
26856,166.0,414.0,0.0
26857,162.0,127.0,0.0
26858,209.0,75.0,0.0
26859,251.0,307.0,0.0
26860,146.0,500.0,0.0
26861,213.0,99.0,0.0
26862,225.0,172.0,0.0
26863,40.0,437.0,0.0
26864,101.0,189.0,0.0
26865,184.0,561.0,0.0
26866,137.0,233.0,0.0
26867,112.0,222.0,0.0
26868,200.0,382.0,0.0
26869,169.0,215.0,0.0
26870,223.0,270.0,0.0
26871,61.0,108.0,0.0
26872,218.0,404.0,0.0
26873,120.0,483.0,0.0
26874,84.0,273.0,0.0
26875,60.0,32.0,0.0
26876,122.0,479.0,0.0
26877,37.0,597.0,0.0
26878,204.0,438.0,0.0
26879,32.0,213.0,0.0
26880,80.0,478.0,0.0
26881,117.0,553.0,0.0
26882,17.0,168.0,0.0
26883,29.0,87.0,0.0
26884,125.0,418.0,0.0
26885,204.0,335.0,0.0
26886,28.0,205.0,0.0
26887,3.0,357.0,0.0
26888,222.0,134.0,0.0
26889,61.0,219.0,0.0
26890,225.0,260.0,0.0
26891,156.0,387.0,0.0
26892,204.0,0.0,0.0
26893,92.0,554.0,0.0
26894,231.0,417.0,0.0
26895,5.0,474.0,0.0
26896,62.0,481.0,0.0
26897,61.0,367.0,0.0
26898,228.0,433.0,0.0
26899,253.0,566.0,0.0
26900,208.0,76.0,0.0
26901,40.0,260.0,0.0
26902,252.0,236.0,0.0
26903,170.0,450.0,0.0
26904,120.0,547.0,0.0
26905,45.0,272.0,0.0
26906,109.0,333.0,0.0
26907,167.0,425.0,0.0
26908,128.0,151.0,0.0
26909,173.0,277.0,0.0
26910,25.0,214.0,0.0
26911,40.0,238.0,0.0
26912,97.0,344.0,0.0
26913,16.0,177.0,0.0
26914,130.0,535.0,0.0
26915,215.0,410.0,0.0
26916,103.0,153.0,0.0
26917,149.0,502.0,0.0
26918,18.0,503.0,0.0
26919,245.0,427.0,0.0
26920,55.0,418.0,0.0
26921,236.0,567.0,0.0
26922,181.0,285.0,0.0
26923,74.0,487.0,0.0
26924,162.0,189.0,0.0
26925,268.0,294.0,0.0
26926,19.0,316.0,0.0
26927,187.0,372.0,0.0
26928,259.0,400.0,0.0
26929,77.0,155.0,0.0
26930,113.0,381.0,0.0
26931,88.0,372.0,0.0
26932,71.0,45.0,0.0
26933,2.0,290.0,0.0
26934,5.0,578.0,0.0
26935,258.0,175.0,0.0
26936,164.0,580.0,0.0
26937,195.0,562.0,0.0
26938,121.0,176.0,0.0
26939,87.0,239.0,0.0
26940,203.0,417.0,0.0
26941,199.0,197.0,0.0
26942,47.0,391.0,0.0
26943,162.0,493.0,0.0
26944,96.0,537.0,0.0
26945,128.0,559.0,0.0
26946,170.0,223.0,0.0
26947,95.0,131.0,0.0
26948,93.0,324.0,0.0
26949,220.0,258.0,0.0
26950,150.0,583.0,0.0
26951,215.0,427.0,0.0
26952,77.0,71.0,0.0
26953,60.0,89.0,0.0
26954,162.0,42.0,0.0
26955,158.0,517.0,0.0
26956,67.0,108.0,0.0
26957,11.0,593.0,0.0
26958,144.0,516.0,0.0
26959,241.0,374.0,0.0
26960,21.0,315.0,0.0
26961,115.0,502.0,0.0
26962,232.0,514.0,0.0
26963,253.0,169.0,0.0
26964,17.0,105.0,0.0
26965,127.0,577.0,0.0
26966,95.0,571.0,0.0
26967,88.0,419.0,0.0
26968,162.0,232.0,0.0
26969,156.0,251.0,0.0
26970,162.0,430.0,0.0
26971,218.0,188.0,0.0
26972,83.0,415.0,0.0
26973,33.0,308.0,0.0
26974,25.0,138.0,0.0
26975,18.0,232.0,0.0
26976,73.0,516.0,0.0
26977,7.0,237.0,0.0
26978,96.0,61.0,0.0
26979,172.0,235.0,0.0
26980,239.0,306.0,0.0
26981,25.0,513.0,0.0
26982,29.0,29.0,0.0
26983,150.0,461.0,0.0
26984,172.0,105.0,0.0
26985,262.0,374.0,0.0
26986,196.0,86.0,0.0
26987,222.0,329.0,0.0
26988,155.0,416.0,0.0
26989,52.0,344.0,0.0
26990,133.0,212.0,0.0
26991,148.0,78.0,0.0
26992,25.0,337.0,0.0
26993,194.0,49.0,0.0
26994,66.0,522.0,0.0
26995,108.0,362.0,0.0
26996,170.0,430.0,0.0
26997,46.0,16.0,0.0
26998,177.0,529.0,0.0
26999,13.0,307.0,0.0
27000,31.0,184.0,0.0
27001,154.0,517.0,0.0
27002,35.0,266.0,0.0
27003,185.0,138.0,0.0
27004,168.0,592.0,0.0
27005,175.0,460.0,0.0
27006,162.0,151.0,0.0
27007,95.0,282.0,0.0
27008,198.0,569.0,0.0
27009,163.0,179.0,0.0
27010,30.0,7.0,0.0
27011,65.0,543.0,0.0
27012,87.0,450.0,0.0
27013,233.0,303.0,0.0
27014,177.0,221.0,0.0
27015,146.0,4.0,0.0
27016,186.0,270.0,0.0
27017,23.0,578.0,0.0
27018,98.0,178.0,0.0
27019,128.0,340.0,0.0
27020,266.0,290.0,0.0
27021,51.0,563.0,0.0
27022,96.0,351.0,0.0
27023,152.0,513.0,0.0
27024,121.0,291.0,0.0
27025,225.0,224.0,0.0
27026,103.0,481.0,0.0
27027,98.0,594.0,0.0
27028,191.0,465.0,0.0
27029,219.0,48.0,0.0
27030,91.0,378.0,0.0
27031,74.0,170.0,0.0
27032,124.0,539.0,0.0
27033,179.0,91.0,0.0
27034,144.0,182.0,0.0
27035,27.0,134.0,0.0
27036,226.0,157.0,0.0
27037,95.0,551.0,0.0
27038,62.0,425.0,0.0
27039,24.0,394.0,0.0
27040,254.0,54.0,0.0
27041,232.0,28.0,0.0
27042,63.0,87.0,0.0
27043,234.0,421.0,0.0
27044,241.0,458.0,0.0
27045,250.0,328.0,0.0
27046,176.0,488.0,0.0
27047,116.0,389.0,0.0
27048,47.0,350.0,0.0
27049,154.0,211.0,0.0
27050,56.0,287.0,0.0
27051,49.0,549.0,0.0
27052,1.0,394.0,0.0
27053,92.0,466.0,0.0
27054,264.0,478.0,0.0
27055,232.0,526.0,0.0
27056,55.0,352.0,0.0
27057,176.0,342.0,0.0
27058,96.0,353.0,0.0
27059,204.0,27.0,0.0
27060,195.0,491.0,0.0
27061,10.0,142.0,0.0
27062,167.0,493.0,0.0
27063,56.0,118.0,0.0
27064,201.0,36.0,0.0
27065,109.0,301.0,0.0
27066,227.0,13.0,0.0
27067,100.0,269.0,0.0
27068,167.0,531.0,0.0
27069,247.0,250.0,0.0
27070,12.0,406.0,0.0
27071,75.0,165.0,0.0
27072,250.0,544.0,0.0
27073,41.0,316.0,0.0
27074,214.0,108.0,0.0
27075,173.0,297.0,0.0
27076,219.0,81.0,0.0
27077,85.0,417.0,0.0
27078,111.0,530.0,0.0
27079,247.0,91.0,0.0
27080,135.0,165.0,0.0
27081,89.0,72.0,0.0
27082,168.0,236.0,0.0
27083,36.0,499.0,0.0
27084,51.0,452.0,0.0
27085,50.0,81.0,0.0
27086,19.0,581.0,0.0
27087,134.0,242.0,0.0
27088,119.0,491.0,0.0
27089,217.0,11.0,0.0
27090,253.0,579.0,0.0
27091,55.0,148.0,0.0
27092,131.0,230.0,0.0
27093,47.0,546.0,0.0
27094,103.0,111.0,0.0
27095,158.0,528.0,0.0
27096,216.0,454.0,0.0
27097,40.0,454.0,0.0
27098,124.0,504.0,0.0
27099,174.0,508.0,0.0
27100,262.0,301.0,0.0
27101,248.0,188.0,0.0
27102,209.0,294.0,0.0
27103,86.0,2.0,0.0
27104,173.0,466.0,0.0
27105,237.0,588.0,0.0
27106,14.0,123.0,0.0
27107,6.0,424.0,0.0
27108,230.0,516.0,0.0
27109,143.0,535.0,0.0
27110,168.0,461.0,0.0
27111,102.0,438.0,0.0
27112,228.0,61.0,0.0
27113,176.0,341.0,0.0
27114,142.0,555.0,0.0
27115,95.0,371.0,0.0
27116,253.0,289.0,0.0
27117,106.0,400.0,0.0
27118,149.0,596.0,0.0
27119,9.0,484.0,0.0
27120,83.0,150.0,0.0
27121,69.0,101.0,0.0
27122,42.0,431.0,0.0
27123,164.0,98.0,0.0
27124,53.0,466.0,0.0
27125,154.0,127.0,0.0
27126,144.0,224.0,0.0
27127,211.0,187.0,0.0
27128,259.0,419.0,0.0
27129,43.0,427.0,0.0
27130,199.0,112.0,0.0
27131,220.0,75.0,0.0
27132,34.0,485.0,0.0
27133,217.0,70.0,0.0
27134,251.0,447.0,0.0
27135,69.0,553.0,0.0
27136,67.0,393.0,0.0
27137,140.0,590.0,0.0
27138,214.0,158.0,0.0
27139,62.0,487.0,0.0
27140,179.0,96.0,0.0
27141,110.0,293.0,0.0
27142,180.0,20.0,0.0
27143,106.0,88.0,0.0
27144,68.0,55.0,0.0
27145,27.0,384.0,0.0
27146,173.0,531.0,0.0
27147,85.0,458.0,0.0
27148,76.0,444.0,0.0
27149,88.0,327.0,0.0
27150,253.0,314.0,0.0
27151,49.0,290.0,0.0
27152,47.0,114.0,0.0
27153,109.0,441.0,0.0
27154,42.0,581.0,0.0
27155,214.0,153.0,0.0
27156,33.0,150.0,0.0
27157,234.0,239.0,0.0
27158,42.0,93.0,0.0
27159,34.0,209.0,0.0
27160,204.0,242.0,0.0
27161,64.0,152.0,0.0
27162,181.0,95.0,0.0
27163,194.0,505.0,0.0
27164,156.0,445.0,0.0
27165,114.0,190.0,0.0
27166,205.0,223.0,0.0
27167,80.0,269.0,0.0
27168,251.0,344.0,0.0
27169,3.0,333.0,0.0
27170,14.0,384.0,0.0
27171,24.0,543.0,0.0
27172,229.0,257.0,0.0
27173,241.0,514.0,0.0
27174,253.0,211.0,0.0
27175,2.0,329.0,0.0
27176,166.0,517.0,0.0
27177,182.0,249.0,0.0
27178,54.0,85.0,0.0
27179,69.0,204.0,0.0
27180,4.0,433.0,0.0
27181,187.0,500.0,0.0
27182,52.0,288.0,0.0
27183,68.0,294.0,0.0
27184,120.0,302.0,0.0
27185,21.0,405.0,0.0
27186,136.0,217.0,0.0
27187,56.0,293.0,0.0
27188,161.0,329.0,0.0
27189,37.0,210.0,0.0
27190,206.0,356.0,0.0
27191,190.0,143.0,0.0
27192,16.0,139.0,0.0
27193,153.0,103.0,0.0
27194,200.0,530.0,0.0
27195,223.0,424.0,0.0
27196,32.0,6.0,0.0
27197,98.0,101.0,0.0
27198,260.0,503.0,0.0
27199,132.0,193.0,0.0
27200,137.0,405.0,0.0
27201,3.0,148.0,0.0
27202,107.0,358.0,0.0
27203,211.0,467.0,0.0
27204,37.0,398.0,0.0
27205,38.0,284.0,0.0
27206,211.0,480.0,0.0
27207,119.0,202.0,0.0
27208,21.0,597.0,0.0
27209,207.0,529.0,0.0
27210,36.0,327.0,0.0
27211,256.0,106.0,0.0
27212,160.0,141.0,0.0
27213,65.0,329.0,0.0
27214,63.0,372.0,0.0
27215,80.0,527.0,0.0
27216,115.0,125.0,0.0
27217,190.0,504.0,0.0
27218,217.0,490.0,0.0
27219,161.0,228.0,0.0
27220,40.0,387.0,0.0
27221,242.0,210.0,0.0
27222,255.0,183.0,0.0
27223,166.0,36.0,0.0
27224,105.0,362.0,0.0
27225,11.0,320.0,0.0
27226,162.0,23.0,0.0
27227,115.0,280.0,0.0
27228,15.0,95.0,0.0
27229,128.0,78.0,0.0
27230,96.0,358.0,0.0
27231,176.0,232.0,0.0
27232,117.0,151.0,0.0
27233,140.0,43.0,0.0
27234,263.0,208.0,0.0
27235,154.0,189.0,0.0
27236,48.0,421.0,0.0
27237,185.0,560.0,0.0
27238,107.0,306.0,0.0
27239,16.0,446.0,0.0
27240,48.0,72.0,0.0
27241,81.0,328.0,0.0
27242,258.0,224.0,0.0
27243,229.0,254.0,0.0
27244,88.0,460.0,0.0
27245,76.0,428.0,0.0
27246,38.0,315.0,0.0
27247,12.0,423.0,0.0
27248,66.0,335.0,0.0
27249,268.0,98.0,0.0
27250,254.0,450.0,0.0
27251,238.0,550.0,0.0
27252,228.0,292.0,0.0
27253,7.0,454.0,0.0
27254,136.0,544.0,0.0
27255,85.0,263.0,0.0
27256,181.0,529.0,0.0
27257,39.0,29.0,0.0
27258,139.0,220.0,0.0
27259,36.0,27.0,0.0
27260,259.0,86.0,0.0
27261,219.0,348.0,0.0
27262,123.0,359.0,0.0
27263,7.0,32.0,0.0
27264,213.0,420.0,0.0
27265,185.0,532.0,0.0
27266,29.0,215.0,0.0
27267,47.0,177.0,0.0
27268,145.0,236.0,0.0
27269,168.0,542.0,0.0
27270,260.0,32.0,0.0
27271,87.0,361.0,0.0
27272,88.0,364.0,0.0
27273,26.0,329.0,0.0
27274,115.0,101.0,0.0
27275,144.0,403.0,0.0
27276,131.0,427.0,0.0
27277,131.0,250.0,0.0
27278,163.0,130.0,0.0
27279,129.0,90.0,0.0
27280,88.0,520.0,0.0
27281,169.0,192.0,0.0
27282,213.0,535.0,0.0
27283,248.0,480.0,0.0
27284,120.0,160.0,0.0
27285,189.0,529.0,0.0
27286,249.0,265.0,0.0
27287,138.0,288.0,0.0
27288,18.0,536.0,0.0
27289,205.0,531.0,0.0
27290,254.0,218.0,0.0
27291,143.0,403.0,0.0
27292,42.0,442.0,0.0
27293,14.0,403.0,0.0
27294,98.0,496.0,0.0
27295,20.0,222.0,0.0
27296,252.0,434.0,0.0
27297,147.0,411.0,0.0
27298,99.0,309.0,0.0
27299,48.0,596.0,0.0
27300,99.0,400.0,0.0
27301,110.0,89.0,0.0
27302,254.0,52.0,0.0
27303,50.0,124.0,0.0
27304,179.0,408.0,0.0
27305,240.0,507.0,0.0
27306,112.0,425.0,0.0
27307,111.0,28.0,0.0
27308,116.0,329.0,0.0
27309,233.0,350.0,0.0
27310,233.0,211.0,0.0
27311,225.0,6.0,0.0
27312,43.0,365.0,0.0
27313,200.0,108.0,0.0
27314,232.0,477.0,0.0
27315,140.0,462.0,0.0
27316,211.0,300.0,0.0
27317,144.0,14.0,0.0
27318,124.0,254.0,0.0
27319,54.0,224.0,0.0
27320,12.0,114.0,0.0
27321,19.0,254.0,0.0
27322,135.0,285.0,0.0
27323,231.0,558.0,0.0
27324,97.0,317.0,0.0
27325,88.0,305.0,0.0
27326,91.0,493.0,0.0
27327,20.0,154.0,0.0
27328,91.0,582.0,0.0
27329,184.0,517.0,0.0
27330,201.0,566.0,0.0
27331,144.0,458.0,0.0
27332,140.0,290.0,0.0
27333,263.0,507.0,0.0
27334,169.0,392.0,0.0
27335,181.0,76.0,0.0
27336,213.0,87.0,0.0
27337,141.0,479.0,0.0
27338,152.0,115.0,0.0
27339,168.0,157.0,0.0
27340,246.0,3.0,0.0
27341,216.0,3.0,0.0
27342,240.0,504.0,0.0
27343,112.0,552.0,0.0
27344,0.0,490.0,0.0
27345,212.0,420.0,0.0
27346,103.0,379.0,0.0
27347,36.0,236.0,0.0
27348,15.0,121.0,0.0
27349,23.0,544.0,0.0
27350,254.0,93.0,0.0
27351,12.0,479.0,0.0
27352,117.0,323.0,0.0
27353,169.0,394.0,0.0
27354,45.0,53.0,0.0
27355,246.0,115.0,0.0
27356,171.0,267.0,0.0
27357,9.0,316.0,0.0
27358,79.0,182.0,0.0
27359,189.0,454.0,0.0
27360,224.0,296.0,0.0
27361,110.0,494.0,0.0
27362,84.0,68.0,0.0
27363,227.0,132.0,0.0
27364,80.0,341.0,0.0
27365,112.0,181.0,0.0
27366,1.0,96.0,0.0
27367,211.0,363.0,0.0
27368,124.0,447.0,0.0
27369,56.0,7.0,0.0
27370,15.0,357.0,0.0
27371,102.0,454.0,0.0
27372,196.0,25.0,0.0
27373,82.0,166.0,0.0
27374,266.0,261.0,0.0
27375,19.0,411.0,0.0
27376,4.0,499.0,0.0
27377,4.0,553.0,0.0
27378,53.0,463.0,0.0
27379,268.0,230.0,0.0
27380,23.0,260.0,0.0
27381,118.0,532.0,0.0
27382,61.0,529.0,0.0
27383,30.0,538.0,0.0
27384,233.0,462.0,0.0
27385,127.0,451.0,0.0
27386,198.0,436.0,0.0
27387,109.0,476.0,0.0
27388,247.0,324.0,0.0
27389,138.0,99.0,0.0
27390,49.0,225.0,0.0
27391,168.0,269.0,0.0
27392,196.0,346.0,0.0
27393,224.0,512.0,0.0
27394,63.0,538.0,0.0
27395,76.0,438.0,0.0
27396,49.0,115.0,0.0
27397,134.0,194.0,0.0
27398,221.0,111.0,0.0
27399,115.0,247.0,0.0
27400,151.0,549.0,0.0
27401,193.0,47.0,0.0
27402,177.0,19.0,0.0
27403,190.0,119.0,0.0
27404,252.0,76.0,0.0
27405,189.0,249.0,0.0
27406,63.0,26.0,0.0
27407,202.0,244.0,0.0
27408,259.0,182.0,0.0
27409,194.0,85.0,0.0
27410,39.0,339.0,0.0
27411,70.0,486.0,0.0
27412,74.0,430.0,0.0
27413,232.0,587.0,0.0
27414,253.0,241.0,0.0
27415,173.0,451.0,0.0
27416,163.0,220.0,0.0
27417,26.0,322.0,0.0
27418,224.0,41.0,0.0
27419,32.0,512.0,0.0
27420,32.0,515.0,0.0
27421,47.0,399.0,0.0
27422,163.0,277.0,0.0
27423,149.0,304.0,0.0
27424,11.0,555.0,0.0
27425,41.0,520.0,0.0
27426,231.0,289.0,0.0
27427,130.0,433.0,0.0
27428,93.0,519.0,0.0
27429,82.0,40.0,0.0
27430,17.0,237.0,0.0
27431,91.0,129.0,0.0
27432,113.0,536.0,0.0
27433,0.0,511.0,0.0
27434,31.0,164.0,0.0
27435,45.0,558.0,0.0
27436,232.0,507.0,0.0
27437,30.0,564.0,0.0
27438,73.0,199.0,0.0
27439,240.0,467.0,0.0
27440,159.0,452.0,0.0
27441,160.0,583.0,0.0
27442,26.0,100.0,0.0
27443,242.0,404.0,0.0
27444,199.0,506.0,0.0
27445,233.0,67.0,0.0
27446,233.0,265.0,0.0
27447,164.0,584.0,0.0
27448,185.0,247.0,0.0
27449,161.0,392.0,0.0
27450,249.0,455.0,0.0
27451,160.0,569.0,0.0
27452,189.0,575.0,0.0
27453,250.0,386.0,0.0
27454,113.0,198.0,0.0
27455,8.0,22.0,0.0
27456,113.0,583.0,0.0
27457,64.0,417.0,0.0
27458,186.0,540.0,0.0
27459,164.0,259.0,0.0
27460,224.0,170.0,0.0
27461,16.0,5.0,0.0
27462,112.0,428.0,0.0
27463,104.0,40.0,0.0
27464,45.0,472.0,0.0
27465,247.0,181.0,0.0
27466,86.0,449.0,0.0
27467,73.0,498.0,0.0
27468,140.0,579.0,0.0
27469,256.0,32.0,0.0
27470,0.0,145.0,0.0
27471,50.0,333.0,0.0
27472,111.0,480.0,0.0
27473,130.0,315.0,0.0
27474,139.0,111.0,0.0
27475,148.0,128.0,0.0
27476,13.0,412.0,0.0
27477,20.0,25.0,0.0
27478,26.0,481.0,0.0
27479,70.0,369.0,0.0
27480,258.0,477.0,0.0
27481,228.0,421.0,0.0
27482,126.0,338.0,0.0
27483,154.0,482.0,0.0
27484,108.0,331.0,0.0
27485,160.0,222.0,0.0
27486,246.0,443.0,0.0
27487,174.0,417.0,0.0
27488,266.0,104.0,0.0
27489,65.0,425.0,0.0
27490,132.0,83.0,0.0
27491,80.0,163.0,0.0
27492,264.0,487.0,0.0
27493,256.0,524.0,0.0
27494,62.0,110.0,0.0
27495,249.0,231.0,0.0
27496,173.0,257.0,0.0
27497,100.0,124.0,0.0
27498,157.0,529.0,0.0
27499,261.0,133.0,0.0
27500,160.0,210.0,0.0
27501,140.0,574.0,0.0
27502,64.0,91.0,0.0
27503,23.0,390.0,0.0
27504,143.0,28.0,0.0
27505,226.0,82.0,0.0
27506,252.0,63.0,0.0
27507,178.0,101.0,0.0
27508,237.0,23.0,0.0
27509,59.0,480.0,0.0
27510,59.0,68.0,0.0
27511,181.0,243.0,0.0
27512,71.0,518.0,0.0
27513,149.0,244.0,0.0
27514,230.0,431.0,0.0
27515,13.0,468.0,0.0
27516,215.0,236.0,0.0
27517,146.0,349.0,0.0
27518,227.0,438.0,0.0
27519,32.0,46.0,0.0
27520,4.0,210.0,0.0
27521,34.0,548.0,0.0
27522,30.0,361.0,0.0
27523,175.0,304.0,0.0
27524,171.0,417.0,0.0
27525,23.0,494.0,0.0
27526,241.0,460.0,0.0
27527,238.0,68.0,0.0
27528,225.0,53.0,0.0
27529,43.0,81.0,0.0
27530,35.0,151.0,0.0
27531,146.0,147.0,0.0
27532,190.0,320.0,0.0
27533,95.0,593.0,0.0
27534,225.0,43.0,0.0
27535,248.0,467.0,0.0
27536,202.0,289.0,0.0
27537,266.0,254.0,0.0
27538,53.0,477.0,0.0
27539,213.0,516.0,0.0
27540,223.0,74.0,0.0
27541,64.0,345.0,0.0
27542,194.0,512.0,0.0
27543,121.0,13.0,0.0
27544,207.0,334.0,0.0
27545,92.0,398.0,0.0
27546,224.0,405.0,0.0
27547,163.0,213.0,0.0
27548,31.0,514.0,0.0
27549,247.0,558.0,0.0
27550,51.0,347.0,0.0
27551,253.0,234.0,0.0
27552,249.0,157.0,0.0
27553,22.0,335.0,0.0
27554,107.0,530.0,0.0
27555,246.0,232.0,0.0
27556,186.0,574.0,0.0
27557,12.0,160.0,0.0
27558,45.0,460.0,0.0
27559,193.0,41.0,0.0
27560,195.0,29.0,0.0
27561,257.0,588.0,0.0
27562,134.0,352.0,0.0
27563,28.0,276.0,0.0
27564,79.0,320.0,0.0
27565,11.0,336.0,0.0
27566,24.0,289.0,0.0
27567,92.0,426.0,0.0
27568,5.0,583.0,0.0
27569,12.0,125.0,0.0
27570,146.0,249.0,0.0
27571,245.0,104.0,0.0
27572,226.0,187.0,0.0
27573,159.0,443.0,0.0
27574,264.0,190.0,0.0
27575,188.0,75.0,0.0
27576,23.0,113.0,0.0
27577,169.0,172.0,0.0
27578,75.0,568.0,0.0
27579,251.0,509.0,0.0
27580,209.0,510.0,0.0
27581,109.0,434.0,0.0
27582,239.0,4.0,0.0
27583,67.0,520.0,0.0
27584,145.0,160.0,0.0
27585,62.0,248.0,0.0
27586,152.0,460.0,0.0
27587,136.0,210.0,0.0
27588,66.0,183.0,0.0
27589,109.0,108.0,0.0
27590,229.0,230.0,0.0
27591,145.0,459.0,0.0
27592,167.0,445.0,0.0
27593,226.0,541.0,0.0
27594,235.0,79.0,0.0
27595,33.0,362.0,0.0
27596,86.0,74.0,0.0
27597,92.0,457.0,0.0
27598,42.0,140.0,0.0
27599,2.0,465.0,0.0
27600,77.0,562.0,0.0
27601,199.0,507.0,0.0
27602,195.0,185.0,0.0
27603,68.0,544.0,0.0
27604,86.0,142.0,0.0
27605,152.0,565.0,0.0
27606,100.0,401.0,0.0
27607,52.0,54.0,0.0
27608,15.0,118.0,0.0
27609,195.0,406.0,0.0
27610,219.0,331.0,0.0
27611,138.0,5.0,0.0
27612,92.0,371.0,0.0
27613,24.0,53.0,0.0
27614,32.0,275.0,0.0
27615,19.0,539.0,0.0
27616,95.0,87.0,0.0
27617,167.0,565.0,0.0
27618,112.0,270.0,0.0
27619,209.0,68.0,0.0
27620,247.0,581.0,0.0
27621,26.0,166.0,0.0
27622,38.0,565.0,0.0
27623,179.0,568.0,0.0
27624,164.0,102.0,0.0
27625,26.0,571.0,0.0
27626,236.0,303.0,0.0
27627,198.0,567.0,0.0
27628,76.0,526.0,0.0
27629,126.0,594.0,0.0
27630,266.0,533.0,0.0
27631,134.0,574.0,0.0
27632,182.0,424.0,0.0
27633,237.0,165.0,0.0
27634,166.0,57.0,0.0
27635,229.0,462.0,0.0
27636,201.0,451.0,0.0
27637,177.0,571.0,0.0
27638,265.0,541.0,0.0
27639,66.0,181.0,0.0
27640,50.0,116.0,0.0
27641,235.0,397.0,0.0
27642,99.0,416.0,0.0
27643,255.0,416.0,0.0
27644,25.0,297.0,0.0
27645,91.0,136.0,0.0
27646,228.0,117.0,0.0
27647,61.0,526.0,0.0
27648,259.0,452.0,0.0
27649,55.0,313.0,0.0
27650,206.0,577.0,0.0
27651,209.0,349.0,0.0
27652,256.0,113.0,0.0
27653,54.0,87.0,0.0
27654,172.0,211.0,0.0
27655,181.0,563.0,0.0
27656,72.0,39.0,0.0
27657,114.0,449.0,0.0
27658,176.0,294.0,0.0
27659,108.0,317.0,0.0
27660,177.0,459.0,0.0
27661,266.0,518.0,0.0
27662,211.0,397.0,0.0
27663,133.0,257.0,0.0
27664,64.0,146.0,0.0
27665,30.0,414.0,0.0
27666,173.0,45.0,0.0
27667,230.0,446.0,0.0
27668,78.0,169.0,0.0
27669,86.0,358.0,0.0
27670,215.0,477.0,0.0
27671,122.0,555.0,0.0
27672,118.0,18.0,0.0
27673,172.0,323.0,0.0
27674,182.0,486.0,0.0
27675,7.0,366.0,0.0
27676,59.0,333.0,0.0
27677,254.0,478.0,0.0
27678,4.0,239.0,0.0
27679,209.0,512.0,0.0
27680,138.0,478.0,0.0
27681,113.0,284.0,0.0
27682,181.0,276.0,0.0
27683,261.0,53.0,0.0
27684,218.0,556.0,0.0
27685,39.0,313.0,0.0
27686,19.0,379.0,0.0
27687,76.0,468.0,0.0
27688,122.0,193.0,0.0
27689,143.0,5.0,0.0
27690,100.0,127.0,0.0
27691,228.0,558.0,0.0
27692,261.0,192.0,0.0
27693,43.0,276.0,0.0
27694,64.0,306.0,0.0
27695,201.0,197.0,0.0
27696,100.0,455.0,0.0
27697,51.0,246.0,0.0
27698,235.0,150.0,0.0
27699,2.0,227.0,0.0
27700,53.0,408.0,0.0
27701,262.0,234.0,0.0
27702,65.0,300.0,0.0
27703,72.0,427.0,0.0
27704,131.0,333.0,0.0
27705,268.0,491.0,0.0
27706,153.0,276.0,0.0
27707,237.0,230.0,0.0
27708,172.0,79.0,0.0
27709,23.0,281.0,0.0
27710,198.0,595.0,0.0
27711,121.0,184.0,0.0
27712,203.0,409.0,0.0
27713,227.0,565.0,0.0
27714,69.0,152.0,0.0
27715,263.0,285.0,0.0
27716,138.0,235.0,0.0
27717,116.0,439.0,0.0
27718,101.0,80.0,0.0
27719,2.0,193.0,0.0
27720,153.0,584.0,0.0
27721,76.0,34.0,0.0
27722,151.0,553.0,0.0
27723,132.0,251.0,0.0
27724,118.0,405.0,0.0
27725,247.0,227.0,0.0
27726,38.0,319.0,0.0
27727,67.0,346.0,0.0
27728,205.0,556.0,0.0
27729,7.0,510.0,0.0
27730,68.0,339.0,0.0
27731,39.0,198.0,0.0
27732,190.0,223.0,0.0
27733,164.0,243.0,0.0
27734,190.0,534.0,0.0
27735,81.0,113.0,0.0
27736,76.0,521.0,0.0
27737,67.0,58.0,0.0
27738,246.0,401.0,0.0
27739,22.0,246.0,0.0
27740,20.0,393.0,0.0
27741,241.0,578.0,0.0
27742,170.0,295.0,0.0
27743,232.0,232.0,0.0
27744,235.0,271.0,0.0
27745,150.0,481.0,0.0
27746,201.0,527.0,0.0
27747,122.0,562.0,0.0
27748,56.0,589.0,0.0
27749,24.0,467.0,0.0
27750,263.0,55.0,0.0
27751,35.0,199.0,0.0
27752,35.0,305.0,0.0
27753,39.0,42.0,0.0
27754,238.0,47.0,0.0
27755,192.0,149.0,0.0
27756,139.0,236.0,0.0
27757,214.0,572.0,0.0
27758,260.0,277.0,0.0
27759,260.0,520.0,0.0
27760,180.0,356.0,0.0
27761,137.0,538.0,0.0
27762,159.0,450.0,0.0
27763,220.0,206.0,0.0
27764,219.0,498.0,0.0
27765,121.0,539.0,0.0
27766,222.0,570.0,0.0
27767,260.0,70.0,0.0
27768,267.0,233.0,0.0
27769,262.0,110.0,0.0
27770,76.0,456.0,0.0
27771,234.0,391.0,0.0
27772,209.0,370.0,0.0
27773,30.0,16.0,0.0
27774,228.0,397.0,0.0
27775,123.0,308.0,0.0
27776,186.0,505.0,0.0
27777,81.0,361.0,0.0
27778,32.0,382.0,0.0
27779,16.0,52.0,0.0
27780,227.0,130.0,0.0
27781,41.0,541.0,0.0
27782,233.0,491.0,0.0
27783,157.0,236.0,0.0
27784,263.0,123.0,0.0
27785,143.0,506.0,0.0
27786,83.0,188.0,0.0
27787,215.0,426.0,0.0
27788,157.0,172.0,0.0
27789,24.0,167.0,0.0
27790,157.0,98.0,0.0
27791,36.0,265.0,0.0
27792,165.0,462.0,0.0
27793,167.0,157.0,0.0
27794,6.0,389.0,0.0
27795,51.0,202.0,0.0
27796,37.0,67.0,0.0
27797,232.0,276.0,0.0
27798,235.0,334.0,0.0
27799,123.0,306.0,0.0
27800,210.0,154.0,0.0
27801,134.0,478.0,0.0
27802,185.0,192.0,0.0
27803,165.0,89.0,0.0
27804,28.0,124.0,0.0
27805,209.0,231.0,0.0
27806,17.0,249.0,0.0
27807,169.0,2.0,0.0
27808,99.0,491.0,0.0
27809,79.0,27.0,0.0
27810,112.0,473.0,0.0
27811,92.0,150.0,0.0
27812,176.0,156.0,0.0
27813,207.0,179.0,0.0
27814,249.0,24.0,0.0
27815,214.0,256.0,0.0
27816,232.0,99.0,0.0
27817,172.0,547.0,0.0
27818,129.0,222.0,0.0
27819,108.0,458.0,0.0
27820,203.0,423.0,0.0
27821,7.0,191.0,0.0
27822,112.0,309.0,0.0
27823,127.0,575.0,0.0
27824,238.0,438.0,0.0
27825,226.0,316.0,0.0
27826,14.0,326.0,0.0
27827,181.0,272.0,0.0
27828,136.0,15.0,0.0
27829,240.0,350.0,0.0
27830,32.0,338.0,0.0
27831,213.0,144.0,0.0
27832,33.0,28.0,0.0
27833,176.0,73.0,0.0
27834,133.0,581.0,0.0
27835,37.0,471.0,0.0
27836,72.0,593.0,0.0
27837,23.0,101.0,0.0
27838,32.0,305.0,0.0
27839,122.0,509.0,0.0
27840,263.0,569.0,0.0
27841,119.0,436.0,0.0
27842,233.0,254.0,0.0
27843,152.0,127.0,0.0
27844,179.0,209.0,0.0
27845,60.0,381.0,0.0
27846,83.0,249.0,0.0
27847,90.0,229.0,0.0
27848,259.0,2.0,0.0
27849,249.0,285.0,0.0
27850,143.0,456.0,0.0
27851,136.0,46.0,0.0
27852,134.0,247.0,0.0
27853,232.0,580.0,0.0
27854,144.0,571.0,0.0
27855,174.0,328.0,0.0
27856,38.0,582.0,0.0
27857,27.0,505.0,0.0
27858,42.0,441.0,0.0
27859,127.0,295.0,0.0
27860,77.0,200.0,0.0
27861,30.0,62.0,0.0
27862,81.0,99.0,0.0
27863,130.0,469.0,0.0
27864,10.0,107.0,0.0
27865,175.0,542.0,0.0
27866,38.0,478.0,0.0
27867,157.0,68.0,0.0
27868,167.0,591.0,0.0
27869,52.0,165.0,0.0
27870,60.0,243.0,0.0
27871,0.0,360.0,0.0
27872,9.0,339.0,0.0
27873,32.0,233.0,0.0
27874,163.0,58.0,0.0
27875,38.0,400.0,0.0
27876,45.0,21.0,0.0
27877,76.0,233.0,0.0
27878,168.0,77.0,0.0
27879,32.0,346.0,0.0
27880,260.0,475.0,0.0
27881,174.0,378.0,0.0
27882,161.0,592.0,0.0
27883,23.0,195.0,0.0
27884,143.0,434.0,0.0
27885,82.0,309.0,0.0
27886,258.0,328.0,0.0
27887,228.0,8.0,0.0
27888,201.0,336.0,0.0
27889,99.0,448.0,0.0
27890,133.0,452.0,0.0
27891,151.0,180.0,0.0
27892,260.0,12.0,0.0
27893,19.0,328.0,0.0
27894,169.0,171.0,0.0
27895,96.0,113.0,0.0
27896,131.0,274.0,0.0
27897,60.0,518.0,0.0
27898,16.0,205.0,0.0
27899,99.0,507.0,0.0
27900,263.0,425.0,0.0
27901,119.0,157.0,0.0
27902,62.0,280.0,0.0
27903,80.0,505.0,0.0
27904,29.0,85.0,0.0
27905,127.0,292.0,0.0
27906,75.0,513.0,0.0
27907,148.0,275.0,0.0
27908,12.0,137.0,0.0
27909,62.0,115.0,0.0
27910,61.0,94.0,0.0
27911,233.0,145.0,0.0
27912,144.0,82.0,0.0
27913,263.0,191.0,0.0
27914,236.0,307.0,0.0
27915,247.0,421.0,0.0
27916,93.0,102.0,0.0
27917,135.0,90.0,0.0
27918,215.0,5.0,0.0
27919,226.0,298.0,0.0
27920,136.0,457.0,0.0
27921,174.0,388.0,0.0
27922,49.0,333.0,0.0
27923,228.0,195.0,0.0
27924,265.0,314.0,0.0
27925,3.0,226.0,0.0
27926,79.0,427.0,0.0
27927,98.0,112.0,0.0
27928,126.0,357.0,0.0
27929,219.0,436.0,0.0
27930,204.0,578.0,0.0
27931,174.0,170.0,0.0
27932,220.0,61.0,0.0
27933,246.0,264.0,0.0
27934,71.0,509.0,0.0
27935,196.0,201.0,0.0
27936,76.0,194.0,0.0
27937,133.0,439.0,0.0
27938,226.0,167.0,0.0
27939,244.0,167.0,0.0
27940,228.0,288.0,0.0
27941,242.0,313.0,0.0
27942,100.0,68.0,0.0
27943,121.0,106.0,0.0
27944,173.0,380.0,0.0
27945,239.0,549.0,0.0
27946,12.0,176.0,0.0
27947,5.0,464.0,0.0
27948,188.0,48.0,0.0
27949,263.0,456.0,0.0
27950,170.0,408.0,0.0
27951,201.0,141.0,0.0
27952,216.0,64.0,0.0
27953,93.0,563.0,0.0
27954,219.0,233.0,0.0
27955,244.0,486.0,0.0
27956,245.0,506.0,0.0
27957,27.0,445.0,0.0
27958,199.0,94.0,0.0
27959,145.0,529.0,0.0
27960,40.0,326.0,0.0
27961,35.0,82.0,0.0
27962,238.0,219.0,0.0
27963,204.0,393.0,0.0
27964,181.0,590.0,0.0
27965,18.0,201.0,0.0
27966,185.0,41.0,0.0
27967,191.0,475.0,0.0
27968,151.0,56.0,0.0
27969,83.0,350.0,0.0
27970,178.0,540.0,0.0
27971,36.0,520.0,0.0
27972,245.0,337.0,0.0
27973,69.0,556.0,0.0
27974,211.0,379.0,0.0
27975,162.0,72.0,0.0
27976,124.0,471.0,0.0
27977,34.0,577.0,0.0
27978,210.0,307.0,0.0
27979,38.0,28.0,0.0
27980,148.0,543.0,0.0
27981,266.0,153.0,0.0
27982,218.0,568.0,0.0
27983,187.0,448.0,0.0
27984,215.0,255.0,0.0
27985,170.0,46.0,0.0
27986,185.0,230.0,0.0
27987,55.0,364.0,0.0
27988,66.0,170.0,0.0
27989,80.0,378.0,0.0
27990,212.0,115.0,0.0
27991,232.0,140.0,0.0
27992,125.0,326.0,0.0
27993,46.0,595.0,0.0
27994,202.0,227.0,0.0
27995,263.0,186.0,0.0
27996,209.0,309.0,0.0
27997,192.0,529.0,0.0
27998,187.0,299.0,0.0
27999,234.0,563.0,0.0
28000,4.0,484.0,0.0
28001,69.0,50.0,0.0
28002,41.0,176.0,0.0
28003,246.0,562.0,0.0
28004,137.0,107.0,0.0
28005,186.0,207.0,0.0
28006,124.0,537.0,0.0
28007,190.0,297.0,0.0
28008,227.0,219.0,0.0
28009,28.0,226.0,0.0
28010,159.0,312.0,0.0
28011,107.0,349.0,0.0
28012,168.0,413.0,0.0
28013,154.0,160.0,0.0
28014,264.0,351.0,0.0
28015,265.0,388.0,0.0
28016,225.0,482.0,0.0
28017,38.0,590.0,0.0
28018,109.0,535.0,0.0
28019,28.0,357.0,0.0
28020,158.0,343.0,0.0
28021,26.0,551.0,0.0
28022,0.0,331.0,0.0
28023,158.0,298.0,0.0
28024,221.0,93.0,0.0
28025,149.0,481.0,0.0
28026,98.0,48.0,0.0
28027,48.0,215.0,0.0
28028,185.0,217.0,0.0
28029,180.0,455.0,0.0
28030,13.0,346.0,0.0
28031,58.0,213.0,0.0
28032,34.0,271.0,0.0
28033,240.0,87.0,0.0
28034,251.0,558.0,0.0
28035,198.0,327.0,0.0
28036,76.0,512.0,0.0
28037,198.0,7.0,0.0
28038,42.0,595.0,0.0
28039,243.0,256.0,0.0
28040,118.0,119.0,0.0
28041,67.0,484.0,0.0
28042,69.0,462.0,0.0
28043,222.0,7.0,0.0
28044,26.0,492.0,0.0
28045,119.0,535.0,0.0
28046,122.0,259.0,0.0
28047,118.0,460.0,0.0
28048,39.0,440.0,0.0
28049,99.0,99.0,0.0
28050,236.0,51.0,0.0
28051,188.0,213.0,0.0
28052,246.0,553.0,0.0
28053,174.0,98.0,0.0
28054,86.0,428.0,0.0
28055,150.0,427.0,0.0
28056,63.0,334.0,0.0
28057,72.0,242.0,0.0
28058,89.0,424.0,0.0
28059,108.0,37.0,0.0
28060,151.0,593.0,0.0
28061,57.0,583.0,0.0
28062,156.0,261.0,0.0
28063,233.0,559.0,0.0
28064,89.0,260.0,0.0
28065,124.0,216.0,0.0
28066,8.0,79.0,0.0
28067,12.0,209.0,0.0
28068,192.0,533.0,0.0
28069,262.0,430.0,0.0
28070,56.0,597.0,0.0
28071,258.0,253.0,0.0
28072,32.0,441.0,0.0
28073,34.0,575.0,0.0
28074,20.0,567.0,0.0
28075,203.0,400.0,0.0
28076,24.0,125.0,0.0
28077,264.0,597.0,0.0
28078,120.0,439.0,0.0
28079,25.0,119.0,0.0
28080,112.0,319.0,0.0
28081,150.0,187.0,0.0
28082,191.0,239.0,0.0
28083,156.0,359.0,0.0
28084,13.0,521.0,0.0
28085,263.0,231.0,0.0
28086,181.0,402.0,0.0
28087,264.0,410.0,0.0
28088,88.0,254.0,0.0
28089,231.0,588.0,0.0
28090,258.0,385.0,0.0
28091,138.0,471.0,0.0
28092,219.0,15.0,0.0
28093,173.0,471.0,0.0
28094,91.0,581.0,0.0
28095,251.0,51.0,0.0
28096,119.0,110.0,0.0
28097,135.0,485.0,0.0
28098,59.0,256.0,0.0
28099,266.0,209.0,0.0
28100,169.0,22.0,0.0
28101,248.0,152.0,0.0
28102,219.0,135.0,0.0
28103,28.0,436.0,0.0
28104,197.0,72.0,0.0
28105,140.0,289.0,0.0
28106,134.0,469.0,0.0
28107,159.0,128.0,0.0
28108,53.0,354.0,0.0
28109,189.0,336.0,0.0
28110,57.0,432.0,0.0
28111,46.0,197.0,0.0
28112,53.0,435.0,0.0
28113,177.0,249.0,0.0
28114,89.0,127.0,0.0
28115,85.0,405.0,0.0
28116,182.0,339.0,0.0
28117,43.0,366.0,0.0
28118,19.0,592.0,0.0
28119,243.0,328.0,0.0
28120,206.0,256.0,0.0
28121,21.0,63.0,0.0
28122,130.0,456.0,0.0
28123,148.0,361.0,0.0
28124,133.0,423.0,0.0
28125,66.0,465.0,0.0
28126,158.0,525.0,0.0
28127,66.0,473.0,0.0
28128,33.0,163.0,0.0
28129,97.0,308.0,0.0
28130,83.0,161.0,0.0
28131,102.0,335.0,0.0
28132,117.0,558.0,0.0
28133,100.0,575.0,0.0
28134,212.0,359.0,0.0
28135,256.0,211.0,0.0
28136,155.0,277.0,0.0
28137,194.0,458.0,0.0
28138,22.0,136.0,0.0
28139,267.0,523.0,0.0
28140,265.0,97.0,0.0
28141,33.0,273.0,0.0
28142,207.0,274.0,0.0
28143,61.0,116.0,0.0
28144,90.0,174.0,0.0
28145,74.0,259.0,0.0
28146,88.0,251.0,0.0
28147,4.0,76.0,0.0
28148,192.0,243.0,0.0
28149,132.0,166.0,0.0
28150,90.0,564.0,0.0
28151,106.0,388.0,0.0
28152,266.0,504.0,0.0
28153,219.0,462.0,0.0
28154,189.0,303.0,0.0
28155,195.0,350.0,0.0
28156,138.0,503.0,0.0
28157,101.0,70.0,0.0
28158,126.0,327.0,0.0
28159,259.0,578.0,0.0
28160,56.0,524.0,0.0
28161,152.0,19.0,0.0
28162,190.0,402.0,0.0
28163,8.0,387.0,0.0
28164,240.0,338.0,0.0
28165,238.0,175.0,0.0
28166,25.0,508.0,0.0
28167,208.0,134.0,0.0
28168,195.0,461.0,0.0
28169,229.0,442.0,0.0
28170,154.0,344.0,0.0
28171,255.0,188.0,0.0
28172,106.0,28.0,0.0
28173,41.0,529.0,0.0
28174,29.0,357.0,0.0
28175,18.0,299.0,0.0
28176,254.0,24.0,0.0
28177,165.0,166.0,0.0
28178,211.0,291.0,0.0
28179,207.0,299.0,0.0
28180,187.0,96.0,0.0
28181,80.0,536.0,0.0
28182,161.0,365.0,0.0
28183,169.0,514.0,0.0
28184,161.0,502.0,0.0
28185,68.0,462.0,0.0
28186,148.0,91.0,0.0
28187,22.0,96.0,0.0
28188,227.0,342.0,0.0
28189,149.0,371.0,0.0
28190,239.0,112.0,0.0
28191,245.0,251.0,0.0
28192,262.0,306.0,0.0
28193,262.0,114.0,0.0
28194,227.0,389.0,0.0
28195,224.0,271.0,0.0
28196,53.0,506.0,0.0
28197,55.0,249.0,0.0
28198,60.0,581.0,0.0
28199,256.0,144.0,0.0
28200,169.0,314.0,0.0
28201,45.0,348.0,0.0
28202,139.0,87.0,0.0
28203,112.0,464.0,0.0
28204,100.0,226.0,0.0
28205,171.0,528.0,0.0
28206,136.0,383.0,0.0
28207,4.0,534.0,0.0
28208,239.0,12.0,0.0
28209,205.0,475.0,0.0
28210,17.0,336.0,0.0
28211,188.0,139.0,0.0
28212,99.0,225.0,0.0
28213,211.0,75.0,0.0
28214,180.0,252.0,0.0
28215,187.0,208.0,0.0
28216,36.0,75.0,0.0
28217,111.0,578.0,0.0
28218,64.0,303.0,0.0
28219,198.0,477.0,0.0
28220,67.0,132.0,0.0
28221,151.0,215.0,0.0
28222,252.0,511.0,0.0
28223,91.0,543.0,0.0
28224,238.0,1.0,0.0
28225,240.0,577.0,0.0
28226,3.0,185.0,0.0
28227,112.0,226.0,0.0
28228,50.0,263.0,0.0
28229,83.0,480.0,0.0
28230,235.0,354.0,0.0
28231,122.0,211.0,0.0
28232,58.0,217.0,0.0
28233,84.0,398.0,0.0
28234,185.0,106.0,0.0
28235,25.0,282.0,0.0
28236,141.0,177.0,0.0
28237,24.0,88.0,0.0
28238,263.0,345.0,0.0
28239,50.0,494.0,0.0
28240,130.0,264.0,0.0
28241,181.0,447.0,0.0
28242,181.0,275.0,0.0
28243,31.0,3.0,0.0
28244,62.0,185.0,0.0
28245,254.0,449.0,0.0
28246,208.0,469.0,0.0
28247,144.0,35.0,0.0
28248,148.0,222.0,0.0
28249,71.0,307.0,0.0
28250,25.0,82.0,0.0
28251,238.0,268.0,0.0
28252,21.0,371.0,0.0
28253,17.0,435.0,0.0
28254,238.0,56.0,0.0
28255,123.0,216.0,0.0
28256,183.0,114.0,0.0
28257,34.0,101.0,0.0
28258,198.0,118.0,0.0
28259,9.0,155.0,0.0
28260,259.0,427.0,0.0
28261,258.0,555.0,0.0
28262,33.0,81.0,0.0
28263,243.0,32.0,0.0
28264,258.0,349.0,0.0
28265,179.0,178.0,0.0
28266,12.0,90.0,0.0
28267,96.0,473.0,0.0
28268,86.0,394.0,0.0
28269,0.0,295.0,0.0
28270,27.0,156.0,0.0
28271,18.0,367.0,0.0
28272,200.0,47.0,0.0
28273,190.0,373.0,0.0
28274,15.0,212.0,0.0
28275,137.0,24.0,0.0
28276,33.0,380.0,0.0
28277,262.0,529.0,0.0
28278,87.0,309.0,0.0
28279,76.0,239.0,0.0
28280,68.0,122.0,0.0
28281,173.0,389.0,0.0
28282,159.0,332.0,0.0
28283,27.0,577.0,0.0
28284,175.0,51.0,0.0
28285,109.0,186.0,0.0
28286,86.0,521.0,0.0
28287,41.0,268.0,0.0
28288,122.0,514.0,0.0
28289,94.0,68.0,0.0
28290,259.0,500.0,0.0
28291,192.0,82.0,0.0
28292,24.0,189.0,0.0
28293,76.0,43.0,0.0
28294,50.0,426.0,0.0
28295,236.0,151.0,0.0
28296,251.0,29.0,0.0
28297,220.0,312.0,0.0
28298,24.0,133.0,0.0
28299,115.0,389.0,0.0
28300,267.0,97.0,0.0
28301,63.0,452.0,0.0
28302,36.0,482.0,0.0
28303,46.0,538.0,0.0
28304,92.0,280.0,0.0
28305,217.0,270.0,0.0
28306,127.0,69.0,0.0
28307,16.0,219.0,0.0
28308,142.0,137.0,0.0
28309,133.0,244.0,0.0
28310,189.0,3.0,0.0
28311,210.0,38.0,0.0
28312,228.0,340.0,0.0
28313,52.0,506.0,0.0
28314,149.0,250.0,0.0
28315,43.0,26.0,0.0
28316,244.0,418.0,0.0
28317,167.0,222.0,0.0
28318,125.0,220.0,0.0
28319,76.0,49.0,0.0
28320,172.0,145.0,0.0
28321,129.0,513.0,0.0
28322,101.0,27.0,0.0
28323,249.0,493.0,0.0
28324,259.0,548.0,0.0
28325,173.0,382.0,0.0
28326,268.0,508.0,0.0
28327,204.0,497.0,0.0
28328,231.0,427.0,0.0
28329,217.0,385.0,0.0
28330,198.0,430.0,0.0
28331,165.0,83.0,0.0
28332,32.0,547.0,0.0
28333,25.0,171.0,0.0
28334,121.0,422.0,0.0
28335,106.0,204.0,0.0
28336,91.0,18.0,0.0
28337,91.0,401.0,0.0
28338,143.0,563.0,0.0
28339,245.0,459.0,0.0
28340,205.0,6.0,0.0
28341,214.0,81.0,0.0
28342,161.0,153.0,0.0
28343,140.0,506.0,0.0
28344,21.0,283.0,0.0
28345,227.0,111.0,0.0
28346,78.0,106.0,0.0
28347,244.0,115.0,0.0
28348,211.0,297.0,0.0
28349,87.0,307.0,0.0
28350,33.0,26.0,0.0
28351,69.0,1.0,0.0
28352,37.0,377.0,0.0
28353,39.0,31.0,0.0
28354,41.0,400.0,0.0
28355,24.0,465.0,0.0
28356,29.0,555.0,0.0
28357,24.0,399.0,0.0
28358,249.0,475.0,0.0
28359,65.0,527.0,0.0
28360,168.0,481.0,0.0
28361,205.0,563.0,0.0
28362,193.0,281.0,0.0
28363,145.0,366.0,0.0
28364,199.0,539.0,0.0
28365,206.0,3.0,0.0
28366,238.0,454.0,0.0
28367,31.0,187.0,0.0
28368,6.0,348.0,0.0
28369,39.0,557.0,0.0
28370,137.0,281.0,0.0
28371,69.0,370.0,0.0
28372,22.0,252.0,0.0
28373,179.0,457.0,0.0
28374,86.0,235.0,0.0
28375,171.0,486.0,0.0
28376,81.0,477.0,0.0
28377,166.0,537.0,0.0
28378,41.0,86.0,0.0
28379,94.0,227.0,0.0
28380,131.0,174.0,0.0
28381,84.0,500.0,0.0
28382,168.0,574.0,0.0
28383,236.0,370.0,0.0
28384,168.0,205.0,0.0
28385,175.0,340.0,0.0
28386,70.0,498.0,0.0
28387,28.0,260.0,0.0
28388,172.0,60.0,0.0
28389,213.0,40.0,0.0
28390,64.0,371.0,0.0
28391,119.0,143.0,0.0
28392,35.0,296.0,0.0
28393,186.0,393.0,0.0
28394,246.0,131.0,0.0
28395,78.0,425.0,0.0
28396,245.0,293.0,0.0
28397,144.0,322.0,0.0
28398,157.0,265.0,0.0
28399,61.0,69.0,0.0
28400,45.0,313.0,0.0
28401,187.0,192.0,0.0
28402,66.0,241.0,0.0
28403,150.0,413.0,0.0
28404,15.0,44.0,0.0
28405,156.0,141.0,0.0
28406,121.0,489.0,0.0
28407,173.0,197.0,0.0
28408,169.0,112.0,0.0
28409,111.0,473.0,0.0
28410,212.0,566.0,0.0
28411,236.0,202.0,0.0
28412,189.0,512.0,0.0
28413,142.0,316.0,0.0
28414,128.0,483.0,0.0
28415,146.0,540.0,0.0
28416,211.0,408.0,0.0
28417,122.0,415.0,0.0
28418,192.0,461.0,0.0
28419,156.0,464.0,0.0
28420,64.0,15.0,0.0
28421,38.0,402.0,0.0
28422,152.0,43.0,0.0
28423,144.0,451.0,0.0
28424,189.0,316.0,0.0
28425,254.0,409.0,0.0
28426,228.0,412.0,0.0
28427,108.0,391.0,0.0
28428,191.0,131.0,0.0
28429,200.0,569.0,0.0
28430,104.0,301.0,0.0
28431,166.0,47.0,0.0
28432,212.0,531.0,0.0
28433,237.0,307.0,0.0
28434,161.0,155.0,0.0
28435,203.0,566.0,0.0
28436,177.0,151.0,0.0
28437,148.0,35.0,0.0
28438,85.0,212.0,0.0
28439,264.0,73.0,0.0
28440,248.0,205.0,0.0
28441,184.0,494.0,0.0
28442,37.0,487.0,0.0
28443,176.0,63.0,0.0
28444,159.0,196.0,0.0
28445,61.0,280.0,0.0
28446,41.0,308.0,0.0
28447,73.0,166.0,0.0
28448,235.0,485.0,0.0
28449,40.0,300.0,0.0
28450,98.0,376.0,0.0
28451,263.0,13.0,0.0
28452,53.0,234.0,0.0
28453,114.0,155.0,0.0
28454,10.0,328.0,0.0
28455,30.0,139.0,0.0
28456,213.0,8.0,0.0
28457,188.0,528.0,0.0
28458,190.0,34.0,0.0
28459,121.0,290.0,0.0
28460,250.0,217.0,0.0
28461,14.0,490.0,0.0
28462,92.0,364.0,0.0
28463,15.0,407.0,0.0
28464,217.0,129.0,0.0
28465,210.0,175.0,0.0
28466,247.0,462.0,0.0
28467,62.0,236.0,0.0
28468,2.0,451.0,0.0
28469,62.0,289.0,0.0
28470,84.0,577.0,0.0
28471,20.0,589.0,0.0
28472,147.0,354.0,0.0
28473,255.0,386.0,0.0
28474,222.0,530.0,0.0
28475,151.0,15.0,0.0
28476,5.0,450.0,0.0
28477,38.0,588.0,0.0
28478,93.0,253.0,0.0
28479,64.0,463.0,0.0
28480,118.0,523.0,0.0
28481,136.0,114.0,0.0
28482,28.0,519.0,0.0
28483,68.0,460.0,0.0
28484,152.0,564.0,0.0
28485,180.0,526.0,0.0
28486,90.0,90.0,0.0
28487,123.0,71.0,0.0
28488,247.0,403.0,0.0
28489,68.0,495.0,0.0
28490,264.0,594.0,0.0
28491,214.0,553.0,0.0
28492,209.0,270.0,0.0
28493,89.0,60.0,0.0
28494,22.0,0.0,0.0
28495,247.0,352.0,0.0
28496,100.0,257.0,0.0
28497,19.0,269.0,0.0
28498,35.0,537.0,0.0
28499,147.0,379.0,0.0
28500,266.0,483.0,0.0
28501,7.0,158.0,0.0
28502,69.0,342.0,0.0
28503,0.0,175.0,0.0
28504,248.0,475.0,0.0
28505,187.0,555.0,0.0
28506,47.0,554.0,0.0
28507,253.0,326.0,0.0
28508,223.0,546.0,0.0
28509,156.0,98.0,0.0
28510,198.0,135.0,0.0
28511,199.0,581.0,0.0
28512,190.0,171.0,0.0
28513,246.0,517.0,0.0
28514,261.0,540.0,0.0
28515,158.0,25.0,0.0
28516,38.0,475.0,0.0
28517,56.0,199.0,0.0
28518,132.0,343.0,0.0
28519,118.0,235.0,0.0
28520,167.0,200.0,0.0
28521,62.0,40.0,0.0
28522,194.0,8.0,0.0
28523,93.0,154.0,0.0
28524,37.0,372.0,0.0
28525,247.0,39.0,0.0
28526,109.0,265.0,0.0
28527,27.0,139.0,0.0
28528,166.0,356.0,0.0
28529,184.0,376.0,0.0
28530,263.0,590.0,0.0
28531,197.0,220.0,0.0
28532,261.0,327.0,0.0
28533,207.0,544.0,0.0
28534,102.0,230.0,0.0
28535,109.0,461.0,0.0
28536,16.0,384.0,0.0
28537,153.0,151.0,0.0
28538,68.0,380.0,0.0
28539,110.0,133.0,0.0
28540,39.0,67.0,0.0
28541,95.0,299.0,0.0
28542,5.0,338.0,0.0
28543,175.0,500.0,0.0
28544,44.0,353.0,0.0
28545,266.0,480.0,0.0
28546,250.0,548.0,0.0
28547,69.0,132.0,0.0
28548,130.0,3.0,0.0
28549,130.0,220.0,0.0
28550,146.0,542.0,0.0
28551,182.0,408.0,0.0
28552,179.0,222.0,0.0
28553,233.0,204.0,0.0
28554,69.0,319.0,0.0
28555,200.0,512.0,0.0
28556,41.0,534.0,0.0
28557,180.0,129.0,0.0
28558,39.0,132.0,0.0
28559,259.0,462.0,0.0
28560,255.0,536.0,0.0
28561,33.0,488.0,0.0
28562,0.0,165.0,0.0
28563,119.0,276.0,0.0
28564,10.0,534.0,0.0
28565,240.0,202.0,0.0
28566,192.0,62.0,0.0
28567,186.0,119.0,0.0
28568,64.0,469.0,0.0
28569,180.0,315.0,0.0
28570,141.0,415.0,0.0
28571,167.0,597.0,0.0
28572,173.0,567.0,0.0
28573,34.0,156.0,0.0
28574,194.0,303.0,0.0
28575,166.0,136.0,0.0
28576,49.0,324.0,0.0
28577,211.0,429.0,0.0
28578,209.0,359.0,0.0
28579,109.0,563.0,0.0
28580,15.0,48.0,0.0
28581,260.0,68.0,0.0
28582,217.0,589.0,0.0
28583,77.0,84.0,0.0
28584,50.0,529.0,0.0
28585,35.0,14.0,0.0
28586,243.0,539.0,0.0
28587,66.0,104.0,0.0
28588,8.0,419.0,0.0
28589,95.0,404.0,0.0
28590,139.0,165.0,0.0
28591,189.0,416.0,0.0
28592,125.0,546.0,0.0
28593,101.0,225.0,0.0
28594,54.0,402.0,0.0
28595,97.0,170.0,0.0
28596,55.0,147.0,0.0
28597,11.0,22.0,0.0
28598,135.0,512.0,0.0
28599,86.0,187.0,0.0
28600,38.0,238.0,0.0
28601,198.0,65.0,0.0
28602,97.0,168.0,0.0
28603,114.0,16.0,0.0
28604,157.0,489.0,0.0
28605,156.0,303.0,0.0
28606,116.0,406.0,0.0
28607,214.0,76.0,0.0
28608,73.0,582.0,0.0
28609,175.0,322.0,0.0
28610,100.0,157.0,0.0
28611,176.0,425.0,0.0
28612,155.0,34.0,0.0
28613,263.0,301.0,0.0
28614,229.0,441.0,0.0
28615,217.0,343.0,0.0
28616,221.0,81.0,0.0
28617,220.0,434.0,0.0
28618,215.0,328.0,0.0
28619,247.0,96.0,0.0
28620,58.0,2.0,0.0
28621,5.0,456.0,0.0
28622,26.0,416.0,0.0
28623,204.0,577.0,0.0
28624,255.0,259.0,0.0
28625,104.0,39.0,0.0
28626,203.0,21.0,0.0
28627,250.0,2.0,0.0
28628,8.0,500.0,0.0
28629,101.0,309.0,0.0
28630,216.0,399.0,0.0
28631,103.0,235.0,0.0
28632,69.0,16.0,0.0
28633,99.0,4.0,0.0
28634,152.0,246.0,0.0
28635,36.0,403.0,0.0
28636,219.0,513.0,0.0
28637,243.0,63.0,0.0
28638,258.0,519.0,0.0
28639,236.0,357.0,0.0
28640,45.0,167.0,0.0
28641,141.0,484.0,0.0
28642,111.0,387.0,0.0
28643,250.0,420.0,0.0
28644,244.0,431.0,0.0
28645,258.0,293.0,0.0
28646,260.0,227.0,0.0
28647,18.0,541.0,0.0
28648,133.0,450.0,0.0
28649,110.0,132.0,0.0
28650,257.0,566.0,0.0
28651,254.0,36.0,0.0
28652,88.0,279.0,0.0
28653,174.0,430.0,0.0
28654,146.0,6.0,0.0
28655,48.0,428.0,0.0
28656,167.0,15.0,0.0
28657,146.0,465.0,0.0
28658,253.0,266.0,0.0
28659,0.0,561.0,0.0
28660,246.0,261.0,0.0
28661,134.0,133.0,0.0
28662,172.0,50.0,0.0
28663,117.0,472.0,0.0
28664,118.0,568.0,0.0
28665,190.0,442.0,0.0
28666,209.0,575.0,0.0
28667,83.0,498.0,0.0
28668,216.0,236.0,0.0
28669,128.0,447.0,0.0
28670,142.0,51.0,0.0
28671,28.0,509.0,0.0
28672,264.0,352.0,0.0
28673,224.0,248.0,0.0
28674,168.0,190.0,0.0
28675,161.0,36.0,0.0
28676,30.0,26.0,0.0
28677,131.0,82.0,0.0
28678,175.0,576.0,0.0
28679,253.0,486.0,0.0
28680,232.0,451.0,0.0
28681,102.0,173.0,0.0
28682,32.0,466.0,0.0
28683,95.0,534.0,0.0
28684,196.0,196.0,0.0
28685,223.0,553.0,0.0
28686,76.0,191.0,0.0
28687,98.0,235.0,0.0
28688,244.0,515.0,0.0
28689,93.0,196.0,0.0
28690,6.0,205.0,0.0
28691,261.0,91.0,0.0
28692,70.0,72.0,0.0
28693,96.0,592.0,0.0
28694,179.0,293.0,0.0
28695,42.0,493.0,0.0
28696,24.0,23.0,0.0
28697,10.0,560.0,0.0
28698,223.0,407.0,0.0
28699,139.0,27.0,0.0
28700,53.0,522.0,0.0
28701,7.0,311.0,0.0
28702,61.0,348.0,0.0
28703,252.0,4.0,0.0
28704,183.0,302.0,0.0
28705,50.0,122.0,0.0
28706,82.0,253.0,0.0
28707,260.0,305.0,0.0
28708,196.0,158.0,0.0
28709,245.0,295.0,0.0
28710,242.0,591.0,0.0
28711,78.0,154.0,0.0
28712,66.0,148.0,0.0
28713,211.0,399.0,0.0
28714,241.0,493.0,0.0
28715,158.0,210.0,0.0
28716,6.0,149.0,0.0
28717,47.0,96.0,0.0
28718,32.0,192.0,0.0
28719,245.0,151.0,0.0
28720,91.0,274.0,0.0
28721,187.0,89.0,0.0
28722,122.0,583.0,0.0
28723,165.0,268.0,0.0
28724,103.0,497.0,0.0
28725,144.0,556.0,0.0
28726,203.0,224.0,0.0
28727,37.0,549.0,0.0
28728,94.0,469.0,0.0
28729,53.0,28.0,0.0
28730,92.0,18.0,0.0
28731,92.0,266.0,0.0
28732,87.0,585.0,0.0
28733,169.0,332.0,0.0
28734,196.0,0.0,0.0
28735,267.0,71.0,0.0
28736,57.0,28.0,0.0
28737,187.0,424.0,0.0
28738,170.0,293.0,0.0
28739,208.0,160.0,0.0
28740,139.0,417.0,0.0
28741,26.0,62.0,0.0
28742,44.0,98.0,0.0
28743,135.0,316.0,0.0
28744,126.0,172.0,0.0
28745,247.0,483.0,0.0
28746,78.0,208.0,0.0
28747,59.0,5.0,0.0
28748,128.0,19.0,0.0
28749,82.0,315.0,0.0
28750,113.0,468.0,0.0
28751,165.0,176.0,0.0
28752,17.0,365.0,0.0
28753,173.0,24.0,0.0
28754,185.0,184.0,0.0
28755,152.0,73.0,0.0
28756,60.0,404.0,0.0
28757,235.0,405.0,0.0
28758,155.0,363.0,0.0
28759,34.0,35.0,0.0
28760,125.0,70.0,0.0
28761,214.0,554.0,0.0
28762,234.0,31.0,0.0
28763,11.0,264.0,0.0
28764,188.0,260.0,0.0
28765,101.0,468.0,0.0
28766,62.0,303.0,0.0
28767,254.0,310.0,0.0
28768,119.0,319.0,0.0
28769,189.0,536.0,0.0
28770,41.0,289.0,0.0
28771,143.0,514.0,0.0
28772,166.0,409.0,0.0
28773,252.0,405.0,0.0
28774,79.0,346.0,0.0
28775,122.0,128.0,0.0
28776,4.0,246.0,0.0
28777,100.0,9.0,0.0
28778,74.0,333.0,0.0
28779,32.0,87.0,0.0
28780,34.0,293.0,0.0
28781,58.0,331.0,0.0
28782,119.0,419.0,0.0
28783,245.0,330.0,0.0
28784,247.0,189.0,0.0
28785,253.0,24.0,0.0
28786,255.0,304.0,0.0
28787,14.0,219.0,0.0
28788,91.0,195.0,0.0
28789,195.0,134.0,0.0
28790,48.0,571.0,0.0
28791,101.0,259.0,0.0
28792,122.0,52.0,0.0
28793,176.0,189.0,0.0
28794,245.0,591.0,0.0
28795,163.0,188.0,0.0
28796,123.0,297.0,0.0
28797,222.0,339.0,0.0
28798,262.0,48.0,0.0
28799,116.0,166.0,0.0
28800,180.0,111.0,0.0
28801,203.0,245.0,0.0
28802,103.0,564.0,0.0
28803,236.0,73.0,0.0
28804,246.0,477.0,0.0
28805,70.0,393.0,0.0
28806,43.0,113.0,0.0
28807,23.0,234.0,0.0
28808,121.0,305.0,0.0
28809,29.0,377.0,0.0
28810,266.0,394.0,0.0
28811,1.0,188.0,0.0
28812,249.0,557.0,0.0
28813,93.0,517.0,0.0
28814,13.0,114.0,0.0
28815,35.0,504.0,0.0
28816,52.0,579.0,0.0
28817,75.0,378.0,0.0
28818,119.0,351.0,0.0
28819,151.0,564.0,0.0
28820,139.0,462.0,0.0
28821,197.0,94.0,0.0
28822,236.0,138.0,0.0
28823,159.0,428.0,0.0
28824,49.0,67.0,0.0
28825,125.0,26.0,0.0
28826,140.0,254.0,0.0
28827,5.0,267.0,0.0
28828,2.0,564.0,0.0
28829,147.0,244.0,0.0
28830,264.0,76.0,0.0
28831,173.0,273.0,0.0
28832,240.0,122.0,0.0
28833,240.0,430.0,0.0
28834,123.0,440.0,0.0
28835,92.0,396.0,0.0
28836,157.0,258.0,0.0
28837,267.0,259.0,0.0
28838,83.0,364.0,0.0
28839,203.0,526.0,0.0
28840,80.0,364.0,0.0
28841,140.0,463.0,0.0
28842,213.0,279.0,0.0
28843,154.0,490.0,0.0
28844,41.0,71.0,0.0
28845,170.0,6.0,0.0
28846,237.0,249.0,0.0
28847,159.0,218.0,0.0
28848,141.0,180.0,0.0
28849,71.0,374.0,0.0
28850,161.0,134.0,0.0
28851,260.0,537.0,0.0
28852,232.0,5.0,0.0
28853,256.0,324.0,0.0
28854,114.0,252.0,0.0
28855,133.0,190.0,0.0
28856,206.0,362.0,0.0
28857,14.0,74.0,0.0
28858,151.0,353.0,0.0
28859,57.0,301.0,0.0
28860,6.0,64.0,0.0
28861,150.0,542.0,0.0
28862,5.0,271.0,0.0
28863,206.0,252.0,0.0
28864,111.0,329.0,0.0
28865,148.0,523.0,0.0
28866,83.0,54.0,0.0
28867,142.0,495.0,0.0
28868,54.0,135.0,0.0
28869,111.0,50.0,0.0
28870,245.0,490.0,0.0
28871,49.0,405.0,0.0
28872,47.0,46.0,0.0
28873,76.0,383.0,0.0
28874,173.0,592.0,0.0
28875,152.0,561.0,0.0
28876,55.0,8.0,0.0
28877,134.0,587.0,0.0
28878,56.0,232.0,0.0
28879,217.0,339.0,0.0
28880,85.0,248.0,0.0
28881,143.0,486.0,0.0
28882,47.0,77.0,0.0
28883,144.0,88.0,0.0
28884,110.0,451.0,0.0
28885,70.0,128.0,0.0
28886,82.0,37.0,0.0
28887,83.0,456.0,0.0
28888,123.0,378.0,0.0
28889,61.0,421.0,0.0
28890,24.0,441.0,0.0
28891,36.0,589.0,0.0
28892,184.0,594.0,0.0
28893,178.0,290.0,0.0
28894,78.0,296.0,0.0
28895,209.0,304.0,0.0
28896,134.0,567.0,0.0
28897,5.0,416.0,0.0
28898,184.0,221.0,0.0
28899,255.0,488.0,0.0
28900,169.0,488.0,0.0
28901,77.0,471.0,0.0
28902,144.0,325.0,0.0
28903,145.0,489.0,0.0
28904,206.0,360.0,0.0
28905,71.0,213.0,0.0
28906,260.0,86.0,0.0
28907,240.0,143.0,0.0
28908,219.0,510.0,0.0
28909,263.0,198.0,0.0
28910,119.0,312.0,0.0
28911,98.0,380.0,0.0
28912,264.0,510.0,0.0
28913,188.0,183.0,0.0
28914,101.0,447.0,0.0
28915,66.0,17.0,0.0
28916,36.0,369.0,0.0
28917,191.0,445.0,0.0
28918,182.0,23.0,0.0
28919,194.0,591.0,0.0
28920,239.0,447.0,0.0
28921,64.0,150.0,0.0
28922,142.0,167.0,0.0
28923,28.0,198.0,0.0
28924,240.0,594.0,0.0
28925,155.0,273.0,0.0
28926,18.0,93.0,0.0
28927,265.0,430.0,0.0
28928,252.0,409.0,0.0
28929,174.0,363.0,0.0
28930,204.0,394.0,0.0
28931,112.0,344.0,0.0
28932,48.0,400.0,0.0
28933,79.0,396.0,0.0
28934,59.0,213.0,0.0
28935,135.0,430.0,0.0
28936,89.0,289.0,0.0
28937,13.0,73.0,0.0
28938,59.0,314.0,0.0
28939,223.0,215.0,0.0
28940,92.0,334.0,0.0
28941,195.0,413.0,0.0
28942,72.0,594.0,0.0
28943,66.0,511.0,0.0
28944,237.0,126.0,0.0
28945,128.0,475.0,0.0
28946,110.0,268.0,0.0
28947,241.0,199.0,0.0
28948,133.0,103.0,0.0
28949,212.0,300.0,0.0
28950,198.0,160.0,0.0
28951,144.0,480.0,0.0
28952,101.0,564.0,0.0
28953,158.0,479.0,0.0
28954,60.0,561.0,0.0
28955,169.0,424.0,0.0
28956,120.0,248.0,0.0
28957,226.0,257.0,0.0
28958,7.0,300.0,0.0
28959,155.0,72.0,0.0
28960,185.0,33.0,0.0
28961,122.0,471.0,0.0
28962,132.0,472.0,0.0
28963,48.0,493.0,0.0
28964,180.0,171.0,0.0
28965,205.0,239.0,0.0
28966,99.0,580.0,0.0
28967,221.0,228.0,0.0
28968,25.0,588.0,0.0
28969,89.0,73.0,0.0
28970,146.0,228.0,0.0
28971,65.0,483.0,0.0
28972,236.0,384.0,0.0
28973,136.0,26.0,0.0
28974,89.0,65.0,0.0
28975,220.0,506.0,0.0
28976,24.0,214.0,0.0
28977,216.0,587.0,0.0
28978,45.0,28.0,0.0
28979,36.0,134.0,0.0
28980,16.0,171.0,0.0
28981,86.0,260.0,0.0
28982,122.0,26.0,0.0
28983,91.0,584.0,0.0
28984,172.0,119.0,0.0
28985,249.0,487.0,0.0
28986,189.0,377.0,0.0
28987,261.0,24.0,0.0
28988,172.0,537.0,0.0
28989,41.0,362.0,0.0
28990,78.0,94.0,0.0
28991,159.0,283.0,0.0
28992,111.0,305.0,0.0
28993,35.0,309.0,0.0
28994,104.0,553.0,0.0
28995,45.0,427.0,0.0
28996,0.0,222.0,0.0
28997,9.0,458.0,0.0
28998,55.0,100.0,0.0
28999,212.0,269.0,0.0
29000,137.0,559.0,0.0
29001,243.0,535.0,0.0
29002,127.0,567.0,0.0
29003,169.0,248.0,0.0
29004,192.0,490.0,0.0
29005,211.0,455.0,0.0
29006,89.0,518.0,0.0
29007,249.0,107.0,0.0
29008,62.0,6.0,0.0
29009,204.0,125.0,0.0
29010,200.0,306.0,0.0
29011,190.0,255.0,0.0
29012,161.0,320.0,0.0
29013,236.0,61.0,0.0
29014,82.0,340.0,0.0
29015,250.0,26.0,0.0
29016,35.0,117.0,0.0
29017,105.0,579.0,0.0
29018,167.0,322.0,0.0
29019,217.0,556.0,0.0
29020,14.0,498.0,0.0
29021,195.0,16.0,0.0
29022,248.0,139.0,0.0
29023,42.0,371.0,0.0
29024,97.0,546.0,0.0
29025,136.0,595.0,0.0
29026,204.0,169.0,0.0
29027,198.0,177.0,0.0
29028,57.0,408.0,0.0
29029,40.0,383.0,0.0
29030,228.0,540.0,0.0
29031,235.0,406.0,0.0
29032,139.0,160.0,0.0
29033,34.0,178.0,0.0
29034,16.0,107.0,0.0
29035,99.0,426.0,0.0
29036,127.0,359.0,0.0
29037,258.0,345.0,0.0
29038,232.0,174.0,0.0
29039,223.0,151.0,0.0
29040,102.0,394.0,0.0
29041,13.0,319.0,0.0
29042,107.0,529.0,0.0
29043,78.0,109.0,0.0
29044,105.0,226.0,0.0
29045,229.0,184.0,0.0
29046,188.0,256.0,0.0
29047,166.0,379.0,0.0
29048,149.0,468.0,0.0
29049,185.0,28.0,0.0
29050,199.0,37.0,0.0
29051,233.0,46.0,0.0
29052,139.0,469.0,0.0
29053,123.0,230.0,0.0
29054,11.0,110.0,0.0
29055,245.0,313.0,0.0
29056,46.0,381.0,0.0
29057,163.0,468.0,0.0
29058,251.0,516.0,0.0
29059,67.0,503.0,0.0
29060,36.0,583.0,0.0
29061,220.0,558.0,0.0
29062,40.0,374.0,0.0
29063,28.0,547.0,0.0
29064,2.0,422.0,0.0
29065,148.0,521.0,0.0
29066,82.0,472.0,0.0
29067,122.0,138.0,0.0
29068,118.0,357.0,0.0
29069,184.0,347.0,0.0
29070,257.0,379.0,0.0
29071,65.0,30.0,0.0
29072,125.0,592.0,0.0
29073,167.0,67.0,0.0
29074,49.0,377.0,0.0
29075,241.0,88.0,0.0
29076,41.0,266.0,0.0
29077,93.0,469.0,0.0
29078,92.0,326.0,0.0
29079,141.0,352.0,0.0
29080,4.0,248.0,0.0
29081,145.0,338.0,0.0
29082,144.0,29.0,0.0
29083,22.0,164.0,0.0
29084,203.0,149.0,0.0
29085,182.0,16.0,0.0
29086,163.0,149.0,0.0
29087,208.0,189.0,0.0
29088,109.0,326.0,0.0
29089,214.0,313.0,0.0
29090,238.0,204.0,0.0
29091,185.0,413.0,0.0
29092,262.0,307.0,0.0
29093,64.0,45.0,0.0
29094,137.0,391.0,0.0
29095,31.0,396.0,0.0
29096,172.0,589.0,0.0
29097,184.0,44.0,0.0
29098,158.0,437.0,0.0
29099,33.0,121.0,0.0
29100,260.0,375.0,0.0
29101,32.0,522.0,0.0
29102,147.0,544.0,0.0
29103,36.0,480.0,0.0
29104,66.0,484.0,0.0
29105,257.0,345.0,0.0
29106,82.0,390.0,0.0
29107,89.0,590.0,0.0
29108,250.0,525.0,0.0
29109,203.0,15.0,0.0
29110,184.0,46.0,0.0
29111,151.0,451.0,0.0
29112,239.0,82.0,0.0
29113,40.0,157.0,0.0
29114,0.0,286.0,0.0
29115,26.0,127.0,0.0
29116,209.0,86.0,0.0
29117,238.0,122.0,0.0
29118,5.0,31.0,0.0
29119,196.0,51.0,0.0
29120,202.0,259.0,0.0
29121,44.0,369.0,0.0
29122,154.0,328.0,0.0
29123,27.0,215.0,0.0
29124,191.0,99.0,0.0
29125,19.0,396.0,0.0
29126,107.0,269.0,0.0
29127,102.0,321.0,0.0
29128,208.0,93.0,0.0
29129,140.0,582.0,0.0
29130,233.0,399.0,0.0
29131,208.0,546.0,0.0
29132,16.0,397.0,0.0
29133,47.0,278.0,0.0
29134,176.0,76.0,0.0
29135,141.0,172.0,0.0
29136,136.0,485.0,0.0
29137,121.0,111.0,0.0
29138,196.0,368.0,0.0
29139,61.0,537.0,0.0
29140,221.0,158.0,0.0
29141,100.0,66.0,0.0
29142,14.0,30.0,0.0
29143,69.0,473.0,0.0
29144,137.0,182.0,0.0
29145,41.0,505.0,0.0
29146,12.0,380.0,0.0
29147,196.0,127.0,0.0
29148,243.0,410.0,0.0
29149,37.0,280.0,0.0
29150,88.0,597.0,0.0
29151,99.0,589.0,0.0
29152,72.0,526.0,0.0
29153,259.0,301.0,0.0
29154,255.0,221.0,0.0
29155,210.0,222.0,0.0
29156,172.0,513.0,0.0
29157,157.0,477.0,0.0
29158,135.0,250.0,0.0
29159,92.0,158.0,0.0
29160,92.0,540.0,0.0
29161,265.0,493.0,0.0
29162,220.0,13.0,0.0
29163,145.0,354.0,0.0
29164,267.0,279.0,0.0
29165,66.0,518.0,0.0
29166,97.0,438.0,0.0
29167,185.0,274.0,0.0
29168,41.0,466.0,0.0
29169,88.0,302.0,0.0
29170,145.0,471.0,0.0
29171,72.0,459.0,0.0
29172,204.0,82.0,0.0
29173,262.0,323.0,0.0
29174,2.0,503.0,0.0
29175,213.0,207.0,0.0
29176,241.0,333.0,0.0
29177,191.0,6.0,0.0
29178,157.0,330.0,0.0
29179,104.0,381.0,0.0
29180,234.0,134.0,0.0
29181,257.0,509.0,0.0
29182,157.0,364.0,0.0
29183,154.0,407.0,0.0
29184,41.0,160.0,0.0
29185,12.0,74.0,0.0
29186,220.0,88.0,0.0
29187,79.0,595.0,0.0
29188,59.0,591.0,0.0
29189,222.0,238.0,0.0
29190,202.0,344.0,0.0
29191,6.0,189.0,0.0
29192,232.0,304.0,0.0
29193,52.0,523.0,0.0
29194,236.0,365.0,0.0
29195,60.0,465.0,0.0
29196,31.0,2.0,0.0
29197,215.0,187.0,0.0
29198,116.0,386.0,0.0
29199,69.0,522.0,0.0
29200,33.0,500.0,0.0
29201,27.0,351.0,0.0
29202,138.0,63.0,0.0
29203,180.0,418.0,0.0
29204,26.0,460.0,0.0
29205,175.0,469.0,0.0
29206,120.0,124.0,0.0
29207,61.0,123.0,0.0
29208,126.0,355.0,0.0
29209,214.0,594.0,0.0
29210,6.0,534.0,0.0
29211,133.0,231.0,0.0
29212,55.0,150.0,0.0
29213,16.0,429.0,0.0
29214,246.0,518.0,0.0
29215,137.0,234.0,0.0
29216,36.0,260.0,0.0
29217,152.0,395.0,0.0
29218,198.0,98.0,0.0
29219,253.0,459.0,0.0
29220,149.0,80.0,0.0
29221,228.0,289.0,0.0
29222,81.0,443.0,0.0
29223,177.0,106.0,0.0
29224,60.0,268.0,0.0
29225,75.0,297.0,0.0
29226,151.0,482.0,0.0
29227,60.0,239.0,0.0
29228,250.0,580.0,0.0
29229,100.0,287.0,0.0
29230,137.0,240.0,0.0
29231,164.0,474.0,0.0
29232,183.0,319.0,0.0
29233,126.0,323.0,0.0
29234,238.0,272.0,0.0
29235,236.0,390.0,0.0
29236,0.0,86.0,0.0
29237,268.0,381.0,0.0
29238,252.0,568.0,0.0
29239,30.0,394.0,0.0
29240,214.0,56.0,0.0
29241,7.0,466.0,0.0
29242,230.0,20.0,0.0
29243,217.0,285.0,0.0
29244,197.0,109.0,0.0
29245,26.0,77.0,0.0
29246,83.0,315.0,0.0
29247,193.0,184.0,0.0
29248,262.0,34.0,0.0
29249,85.0,4.0,0.0
29250,71.0,346.0,0.0
29251,265.0,202.0,0.0
29252,7.0,283.0,0.0
29253,213.0,439.0,0.0
29254,161.0,26.0,0.0
29255,166.0,567.0,0.0
29256,245.0,582.0,0.0
29257,255.0,531.0,0.0
29258,71.0,16.0,0.0
29259,52.0,454.0,0.0
29260,36.0,456.0,0.0
29261,192.0,70.0,0.0
29262,199.0,125.0,0.0
29263,217.0,438.0,0.0
29264,99.0,494.0,0.0
29265,128.0,290.0,0.0
29266,233.0,188.0,0.0
29267,220.0,222.0,0.0
29268,93.0,17.0,0.0
29269,161.0,163.0,0.0
29270,36.0,184.0,0.0
29271,8.0,210.0,0.0
29272,234.0,54.0,0.0
29273,139.0,62.0,0.0
29274,148.0,531.0,0.0
29275,238.0,469.0,0.0
29276,13.0,277.0,0.0
29277,156.0,237.0,0.0
29278,196.0,28.0,0.0
29279,79.0,242.0,0.0
29280,0.0,100.0,0.0
29281,89.0,597.0,0.0
29282,26.0,345.0,0.0
29283,49.0,361.0,0.0
29284,108.0,590.0,0.0
29285,183.0,409.0,0.0
29286,235.0,286.0,0.0
29287,261.0,67.0,0.0
29288,260.0,35.0,0.0
29289,40.0,211.0,0.0
29290,0.0,73.0,0.0
29291,44.0,119.0,0.0
29292,127.0,352.0,0.0
29293,205.0,528.0,0.0
29294,50.0,547.0,0.0
29295,216.0,483.0,0.0
29296,98.0,425.0,0.0
29297,235.0,434.0,0.0
29298,0.0,199.0,0.0
29299,115.0,215.0,0.0
29300,256.0,486.0,0.0
29301,2.0,411.0,0.0
29302,81.0,483.0,0.0
29303,10.0,251.0,0.0
29304,34.0,253.0,0.0
29305,57.0,388.0,0.0
29306,191.0,351.0,0.0
29307,247.0,133.0,0.0
29308,69.0,597.0,0.0
29309,157.0,398.0,0.0
29310,160.0,392.0,0.0
29311,245.0,426.0,0.0
29312,227.0,481.0,0.0
29313,229.0,123.0,0.0
29314,116.0,552.0,0.0
29315,114.0,472.0,0.0
29316,46.0,269.0,0.0
29317,218.0,40.0,0.0
29318,173.0,580.0,0.0
29319,132.0,428.0,0.0
29320,62.0,123.0,0.0
29321,38.0,585.0,0.0
29322,230.0,562.0,0.0
29323,43.0,11.0,0.0
29324,106.0,421.0,0.0
29325,166.0,268.0,0.0
29326,26.0,75.0,0.0
29327,18.0,141.0,0.0
29328,102.0,457.0,0.0
29329,244.0,2.0,0.0
29330,99.0,569.0,0.0
29331,265.0,556.0,0.0
29332,222.0,395.0,0.0
29333,154.0,287.0,0.0
29334,224.0,551.0,0.0
29335,247.0,257.0,0.0
29336,121.0,475.0,0.0
29337,157.0,117.0,0.0
29338,29.0,519.0,0.0
29339,118.0,469.0,0.0
29340,211.0,55.0,0.0
29341,17.0,134.0,0.0
29342,113.0,257.0,0.0
29343,167.0,256.0,0.0
29344,12.0,171.0,0.0
29345,26.0,441.0,0.0
29346,221.0,116.0,0.0
29347,86.0,333.0,0.0
29348,55.0,78.0,0.0
29349,243.0,45.0,0.0
29350,104.0,401.0,0.0
29351,146.0,216.0,0.0
29352,232.0,423.0,0.0
29353,218.0,464.0,0.0
29354,132.0,592.0,0.0
29355,29.0,436.0,0.0
29356,137.0,456.0,0.0
29357,230.0,284.0,0.0
29358,203.0,161.0,0.0
29359,94.0,113.0,0.0
29360,38.0,534.0,0.0
29361,5.0,304.0,0.0
29362,99.0,16.0,0.0
29363,146.0,527.0,0.0
29364,167.0,519.0,0.0
29365,76.0,91.0,0.0
29366,223.0,357.0,0.0
29367,151.0,441.0,0.0
29368,46.0,553.0,0.0
29369,263.0,432.0,0.0
29370,141.0,515.0,0.0
29371,194.0,534.0,0.0
29372,98.0,551.0,0.0
29373,180.0,232.0,0.0
29374,226.0,475.0,0.0
29375,43.0,163.0,0.0
29376,204.0,457.0,0.0
29377,143.0,592.0,0.0
29378,87.0,328.0,0.0
29379,37.0,475.0,0.0
29380,69.0,520.0,0.0
29381,5.0,50.0,0.0
29382,151.0,162.0,0.0
29383,199.0,540.0,0.0
29384,33.0,5.0,0.0
29385,75.0,416.0,0.0
29386,255.0,380.0,0.0
29387,202.0,102.0,0.0
29388,115.0,298.0,0.0
29389,220.0,305.0,0.0
29390,220.0,79.0,0.0
29391,163.0,127.0,0.0
29392,152.0,401.0,0.0
29393,83.0,286.0,0.0
29394,170.0,294.0,0.0
29395,55.0,329.0,0.0
29396,112.0,115.0,0.0
29397,33.0,64.0,0.0
29398,62.0,235.0,0.0
29399,60.0,152.0,0.0
29400,224.0,529.0,0.0
29401,55.0,409.0,0.0
29402,229.0,280.0,0.0
29403,161.0,32.0,0.0
29404,255.0,513.0,0.0
29405,258.0,487.0,0.0
29406,110.0,459.0,0.0
29407,94.0,3.0,0.0
29408,181.0,37.0,0.0
29409,247.0,461.0,0.0
29410,197.0,284.0,0.0
29411,153.0,404.0,0.0
29412,213.0,56.0,0.0
29413,169.0,15.0,0.0
29414,220.0,229.0,0.0
29415,193.0,486.0,0.0
29416,119.0,478.0,0.0
29417,207.0,270.0,0.0
29418,201.0,88.0,0.0
29419,242.0,543.0,0.0
29420,125.0,22.0,0.0
29421,23.0,541.0,0.0
29422,247.0,394.0,0.0
29423,126.0,361.0,0.0
29424,134.0,431.0,0.0
29425,19.0,345.0,0.0
29426,106.0,318.0,0.0
29427,113.0,158.0,0.0
29428,146.0,74.0,0.0
29429,90.0,462.0,0.0
29430,112.0,474.0,0.0
29431,263.0,573.0,0.0
29432,253.0,487.0,0.0
29433,218.0,572.0,0.0
29434,214.0,4.0,0.0
29435,228.0,163.0,0.0
29436,93.0,148.0,0.0
29437,89.0,375.0,0.0
29438,89.0,439.0,0.0
29439,68.0,465.0,0.0
29440,157.0,81.0,0.0
29441,193.0,371.0,0.0
29442,88.0,444.0,0.0
29443,51.0,422.0,0.0
29444,67.0,517.0,0.0
29445,202.0,576.0,0.0
29446,181.0,426.0,0.0
29447,167.0,19.0,0.0
29448,110.0,4.0,0.0
29449,80.0,497.0,0.0
29450,174.0,206.0,0.0
29451,110.0,305.0,0.0
29452,266.0,419.0,0.0
29453,69.0,543.0,0.0
29454,203.0,495.0,0.0
29455,131.0,557.0,0.0
29456,186.0,561.0,0.0
29457,23.0,293.0,0.0
29458,186.0,557.0,0.0
29459,258.0,196.0,0.0
29460,35.0,281.0,0.0
29461,208.0,496.0,0.0
29462,190.0,108.0,0.0
29463,101.0,373.0,0.0
29464,171.0,228.0,0.0
29465,199.0,320.0,0.0
