,drug,disease,label
0,102.0,343.0,1.0
1,234.0,310.0,1.0
2,194.0,44.0,1.0
3,86.0,126.0,1.0
4,220.0,181.0,1.0
5,245.0,231.0,1.0
6,98.0,92.0,1.0
7,211.0,247.0,1.0
8,83.0,241.0,1.0
9,102.0,364.0,1.0
10,223.0,451.0,1.0
11,56.0,53.0,1.0
12,211.0,405.0,1.0
13,78.0,566.0,1.0
14,64.0,437.0,1.0
15,103.0,35.0,1.0
16,201.0,112.0,1.0
17,7.0,134.0,1.0
18,70.0,354.0,1.0
19,136.0,519.0,1.0
20,227.0,62.0,1.0
21,175.0,496.0,1.0
22,136.0,392.0,1.0
23,147.0,495.0,1.0
24,182.0,284.0,1.0
25,87.0,45.0,1.0
26,252.0,89.0,1.0
27,180.0,419.0,1.0
28,117.0,204.0,1.0
29,64.0,386.0,1.0
30,59.0,315.0,1.0
31,253.0,432.0,1.0
32,31.0,97.0,1.0
33,218.0,245.0,1.0
34,226.0,1.0,1.0
35,173.0,39.0,1.0
36,58.0,32.0,1.0
37,209.0,469.0,1.0
38,19.0,128.0,1.0
39,130.0,32.0,1.0
40,51.0,185.0,1.0
41,74.0,486.0,1.0
42,113.0,74.0,1.0
43,115.0,575.0,1.0
44,157.0,410.0,1.0
45,200.0,289.0,1.0
46,266.0,195.0,1.0
47,259.0,305.0,1.0
48,223.0,39.0,1.0
49,108.0,226.0,1.0
50,84.0,433.0,1.0
51,149.0,68.0,1.0
52,162.0,579.0,1.0
53,162.0,348.0,1.0
54,200.0,20.0,1.0
55,13.0,90.0,1.0
56,130.0,508.0,1.0
57,82.0,222.0,1.0
58,58.0,103.0,1.0
59,149.0,346.0,1.0
60,71.0,287.0,1.0
61,135.0,394.0,1.0
62,67.0,255.0,1.0
63,56.0,143.0,1.0
64,183.0,342.0,1.0
65,129.0,408.0,1.0
66,178.0,295.0,1.0
67,108.0,297.0,1.0
68,53.0,216.0,1.0
69,71.0,36.0,1.0
70,211.0,3.0,1.0
71,242.0,125.0,1.0
72,97.0,194.0,1.0
73,90.0,21.0,1.0
74,108.0,313.0,1.0
75,165.0,94.0,1.0
76,182.0,314.0,1.0
77,90.0,143.0,1.0
78,44.0,212.0,1.0
79,96.0,112.0,1.0
80,243.0,434.0,1.0
81,183.0,28.0,1.0
82,102.0,366.0,1.0
83,213.0,89.0,1.0
84,205.0,456.0,1.0
85,175.0,419.0,1.0
86,135.0,40.0,1.0
87,69.0,147.0,1.0
88,141.0,85.0,1.0
89,170.0,597.0,1.0
90,56.0,355.0,1.0
91,82.0,35.0,1.0
92,229.0,28.0,1.0
93,141.0,470.0,1.0
94,160.0,113.0,1.0
95,11.0,277.0,1.0
96,117.0,375.0,1.0
97,21.0,11.0,1.0
98,79.0,378.0,1.0
99,117.0,516.0,1.0
100,109.0,59.0,1.0
101,226.0,120.0,1.0
102,223.0,208.0,1.0
103,156.0,197.0,1.0
104,28.0,259.0,1.0
105,224.0,9.0,1.0
106,91.0,480.0,1.0
107,52.0,49.0,1.0
108,96.0,150.0,1.0
109,12.0,146.0,1.0
110,120.0,12.0,1.0
111,100.0,279.0,1.0
112,108.0,358.0,1.0
113,134.0,62.0,1.0
114,53.0,235.0,1.0
115,142.0,208.0,1.0
116,89.0,238.0,1.0
117,122.0,560.0,1.0
118,115.0,84.0,1.0
119,83.0,68.0,1.0
120,114.0,51.0,1.0
121,69.0,334.0,1.0
122,191.0,134.0,1.0
123,148.0,282.0,1.0
124,268.0,130.0,1.0
125,44.0,223.0,1.0
126,77.0,216.0,1.0
127,84.0,283.0,1.0
128,8.0,59.0,1.0
129,96.0,59.0,1.0
130,91.0,14.0,1.0
131,242.0,116.0,1.0
132,226.0,226.0,1.0
133,17.0,418.0,1.0
134,87.0,63.0,1.0
135,116.0,245.0,1.0
136,259.0,404.0,1.0
137,57.0,453.0,1.0
138,147.0,520.0,1.0
139,153.0,3.0,1.0
140,193.0,8.0,1.0
141,128.0,419.0,1.0
142,263.0,296.0,1.0
143,183.0,86.0,1.0
144,149.0,305.0,1.0
145,17.0,191.0,1.0
146,96.0,91.0,1.0
147,211.0,205.0,1.0
148,240.0,92.0,1.0
149,206.0,411.0,1.0
150,203.0,63.0,1.0
151,86.0,251.0,1.0
152,71.0,461.0,1.0
153,126.0,426.0,1.0
154,85.0,285.0,1.0
155,65.0,32.0,1.0
156,223.0,1.0,1.0
157,217.0,190.0,1.0
158,131.0,103.0,1.0
159,117.0,59.0,1.0
160,10.0,287.0,1.0
161,70.0,10.0,1.0
162,208.0,378.0,1.0
163,81.0,385.0,1.0
164,139.0,135.0,1.0
165,153.0,1.0,1.0
166,189.0,216.0,1.0
167,211.0,107.0,1.0
168,178.0,105.0,1.0
169,52.0,530.0,1.0
170,207.0,161.0,1.0
171,18.0,50.0,1.0
172,108.0,130.0,1.0
173,86.0,207.0,1.0
174,262.0,340.0,1.0
175,89.0,543.0,1.0
176,84.0,540.0,1.0
177,65.0,485.0,1.0
178,162.0,167.0,1.0
179,234.0,148.0,1.0
180,230.0,125.0,1.0
181,52.0,356.0,1.0
182,22.0,209.0,1.0
183,248.0,103.0,1.0
184,152.0,150.0,1.0
185,11.0,50.0,1.0
186,89.0,267.0,1.0
187,160.0,485.0,1.0
188,165.0,242.0,1.0
189,189.0,138.0,1.0
190,159.0,138.0,1.0
191,134.0,39.0,1.0
192,94.0,127.0,1.0
193,129.0,113.0,1.0
194,42.0,103.0,1.0
195,183.0,514.0,1.0
196,115.0,352.0,1.0
197,114.0,493.0,1.0
198,188.0,7.0,1.0
199,200.0,97.0,1.0
200,3.0,9.0,1.0
201,257.0,36.0,1.0
202,207.0,478.0,1.0
203,248.0,295.0,1.0
204,78.0,229.0,1.0
205,257.0,436.0,1.0
206,96.0,45.0,1.0
207,182.0,384.0,1.0
208,1.0,73.0,1.0
209,228.0,119.0,1.0
210,165.0,147.0,1.0
211,132.0,132.0,1.0
212,228.0,367.0,1.0
213,261.0,152.0,1.0
214,45.0,123.0,1.0
215,51.0,242.0,1.0
216,132.0,111.0,1.0
217,67.0,252.0,1.0
218,261.0,103.0,1.0
219,84.0,211.0,1.0
220,74.0,33.0,1.0
221,183.0,121.0,1.0
222,81.0,3.0,1.0
223,133.0,138.0,1.0
224,162.0,482.0,1.0
225,208.0,60.0,1.0
226,84.0,76.0,1.0
227,102.0,9.0,1.0
228,49.0,378.0,1.0
229,193.0,133.0,1.0
230,58.0,550.0,1.0
231,183.0,274.0,1.0
232,114.0,27.0,1.0
233,131.0,1.0,1.0
234,82.0,323.0,1.0
235,160.0,160.0,1.0
236,114.0,89.0,1.0
237,207.0,95.0,1.0
238,225.0,35.0,1.0
239,217.0,217.0,1.0
240,129.0,527.0,1.0
241,158.0,408.0,1.0
242,104.0,241.0,1.0
243,216.0,256.0,1.0
244,2.0,102.0,1.0
245,96.0,279.0,1.0
246,94.0,272.0,1.0
247,160.0,331.0,1.0
248,194.0,521.0,1.0
249,31.0,111.0,1.0
250,164.0,214.0,1.0
251,182.0,276.0,1.0
252,223.0,167.0,1.0
253,82.0,488.0,1.0
254,97.0,221.0,1.0
255,31.0,252.0,1.0
256,262.0,72.0,1.0
257,58.0,306.0,1.0
258,168.0,295.0,1.0
259,164.0,186.0,1.0
260,175.0,159.0,1.0
261,151.0,234.0,1.0
262,230.0,147.0,1.0
263,26.0,179.0,1.0
264,232.0,54.0,1.0
265,182.0,202.0,1.0
266,189.0,186.0,1.0
267,32.0,158.0,1.0
268,121.0,484.0,1.0
269,83.0,123.0,1.0
270,200.0,222.0,1.0
271,4.0,171.0,1.0
272,27.0,38.0,1.0
273,71.0,260.0,1.0
274,117.0,383.0,1.0
275,152.0,122.0,1.0
276,44.0,321.0,1.0
277,219.0,189.0,1.0
278,241.0,146.0,1.0
279,217.0,7.0,1.0
280,65.0,36.0,1.0
281,203.0,114.0,1.0
282,123.0,242.0,1.0
283,149.0,514.0,1.0
284,126.0,356.0,1.0
285,75.0,367.0,1.0
286,217.0,415.0,1.0
287,146.0,432.0,1.0
288,116.0,24.0,1.0
289,164.0,426.0,1.0
290,211.0,492.0,1.0
291,89.0,229.0,1.0
292,42.0,22.0,1.0
293,57.0,469.0,1.0
294,83.0,521.0,1.0
295,62.0,111.0,1.0
296,223.0,202.0,1.0
297,16.0,86.0,1.0
298,51.0,495.0,1.0
299,26.0,437.0,1.0
300,189.0,563.0,1.0
301,53.0,488.0,1.0
302,255.0,18.0,1.0
303,17.0,417.0,1.0
304,112.0,91.0,1.0
305,130.0,45.0,1.0
306,181.0,45.0,1.0
307,112.0,22.0,1.0
308,16.0,59.0,1.0
309,248.0,342.0,1.0
310,154.0,122.0,1.0
311,22.0,314.0,1.0
312,223.0,0.0,1.0
313,78.0,586.0,1.0
314,79.0,59.0,1.0
315,218.0,99.0,1.0
316,147.0,19.0,1.0
317,129.0,120.0,1.0
318,26.0,266.0,1.0
319,65.0,479.0,1.0
320,208.0,128.0,1.0
321,91.0,445.0,1.0
322,87.0,147.0,1.0
323,78.0,103.0,1.0
324,189.0,127.0,1.0
325,218.0,181.0,1.0
326,83.0,20.0,1.0
327,9.0,124.0,1.0
328,255.0,64.0,1.0
329,238.0,331.0,1.0
330,167.0,111.0,1.0
331,115.0,255.0,1.0
332,115.0,386.0,1.0
333,259.0,564.0,1.0
334,38.0,30.0,1.0
335,223.0,420.0,1.0
336,182.0,21.0,1.0
337,44.0,438.0,1.0
338,108.0,242.0,1.0
339,114.0,87.0,1.0
340,133.0,47.0,1.0
341,126.0,406.0,1.0
342,234.0,353.0,1.0
343,138.0,117.0,1.0
344,52.0,100.0,1.0
345,172.0,410.0,1.0
346,28.0,61.0,1.0
347,233.0,136.0,1.0
348,45.0,257.0,1.0
349,167.0,455.0,1.0
350,256.0,221.0,1.0
351,142.0,204.0,1.0
352,104.0,67.0,1.0
353,104.0,98.0,1.0
354,59.0,382.0,1.0
355,68.0,392.0,1.0
356,4.0,70.0,1.0
357,60.0,379.0,1.0
358,147.0,490.0,1.0
359,264.0,77.0,1.0
360,164.0,374.0,1.0
361,74.0,122.0,1.0
362,49.0,205.0,1.0
363,92.0,59.0,1.0
364,242.0,97.0,1.0
365,188.0,111.0,1.0
366,202.0,153.0,1.0
367,161.0,388.0,1.0
368,82.0,138.0,1.0
369,155.0,77.0,1.0
370,262.0,228.0,1.0
371,52.0,310.0,1.0
372,71.0,474.0,1.0
373,68.0,319.0,1.0
374,119.0,230.0,1.0
375,257.0,429.0,1.0
376,60.0,232.0,1.0
377,164.0,282.0,1.0
378,87.0,348.0,1.0
379,149.0,174.0,1.0
380,182.0,290.0,1.0
381,53.0,536.0,1.0
382,210.0,186.0,1.0
383,183.0,343.0,1.0
384,44.0,323.0,1.0
385,237.0,111.0,1.0
386,226.0,85.0,1.0
387,141.0,38.0,1.0
388,234.0,207.0,1.0
389,75.0,485.0,1.0
390,149.0,63.0,1.0
391,156.0,239.0,1.0
392,218.0,88.0,1.0
393,152.0,133.0,1.0
394,117.0,379.0,1.0
395,65.0,225.0,1.0
396,105.0,286.0,1.0
397,64.0,104.0,1.0
398,136.0,377.0,1.0
399,178.0,274.0,1.0
400,44.0,133.0,1.0
401,199.0,574.0,1.0
402,153.0,454.0,1.0
403,245.0,59.0,1.0
404,256.0,382.0,1.0
405,116.0,35.0,1.0
406,88.0,14.0,1.0
407,116.0,64.0,1.0
408,89.0,403.0,1.0
409,108.0,36.0,1.0
410,66.0,9.0,1.0
411,175.0,12.0,1.0
412,176.0,58.0,1.0
413,199.0,517.0,1.0
414,183.0,438.0,1.0
415,123.0,436.0,1.0
416,256.0,195.0,1.0
417,200.0,348.0,1.0
418,89.0,337.0,1.0
419,134.0,113.0,1.0
420,164.0,326.0,1.0
421,115.0,104.0,1.0
422,130.0,500.0,1.0
423,162.0,120.0,1.0
424,203.0,163.0,1.0
425,93.0,118.0,1.0
426,56.0,484.0,1.0
427,117.0,111.0,1.0
428,168.0,498.0,1.0
429,194.0,181.0,1.0
430,102.0,165.0,1.0
431,185.0,276.0,1.0
432,107.0,10.0,1.0
433,188.0,277.0,1.0
434,128.0,410.0,1.0
435,17.0,290.0,1.0
436,37.0,113.0,1.0
437,117.0,197.0,1.0
438,183.0,304.0,1.0
439,6.0,185.0,1.0
440,123.0,128.0,1.0
441,87.0,76.0,1.0
442,84.0,551.0,1.0
443,230.0,208.0,1.0
444,142.0,320.0,1.0
445,183.0,518.0,1.0
446,224.0,546.0,1.0
447,147.0,53.0,1.0
448,175.0,54.0,1.0
449,78.0,378.0,1.0
450,123.0,253.0,1.0
451,13.0,334.0,1.0
452,165.0,408.0,1.0
453,102.0,529.0,1.0
454,220.0,7.0,1.0
455,2.0,140.0,1.0
456,115.0,89.0,1.0
457,87.0,223.0,1.0
458,121.0,40.0,1.0
459,175.0,410.0,1.0
460,114.0,18.0,1.0
461,153.0,125.0,1.0
462,157.0,317.0,1.0
463,67.0,165.0,1.0
464,243.0,315.0,1.0
465,122.0,425.0,1.0
466,81.0,222.0,1.0
467,64.0,180.0,1.0
468,24.0,150.0,1.0
469,142.0,378.0,1.0
470,244.0,222.0,1.0
471,10.0,87.0,1.0
472,121.0,22.0,1.0
473,104.0,242.0,1.0
474,102.0,281.0,1.0
475,129.0,185.0,1.0
476,250.0,35.0,1.0
477,130.0,241.0,1.0
478,71.0,89.0,1.0
479,145.0,235.0,1.0
480,103.0,11.0,1.0
481,67.0,344.0,1.0
482,234.0,410.0,1.0
483,226.0,590.0,1.0
484,119.0,81.0,1.0
485,109.0,45.0,1.0
486,64.0,485.0,1.0
487,163.0,233.0,1.0
488,97.0,410.0,1.0
489,262.0,47.0,1.0
490,17.0,388.0,1.0
491,183.0,27.0,1.0
492,132.0,5.0,1.0
493,100.0,474.0,1.0
494,142.0,425.0,1.0
495,211.0,411.0,1.0
496,104.0,493.0,1.0
497,153.0,197.0,1.0
498,69.0,388.0,1.0
499,149.0,126.0,1.0
500,119.0,216.0,1.0
501,65.0,284.0,1.0
502,63.0,3.0,1.0
503,175.0,67.0,1.0
504,128.0,230.0,1.0
505,232.0,244.0,1.0
506,248.0,356.0,1.0
507,130.0,361.0,1.0
508,117.0,205.0,1.0
509,49.0,190.0,1.0
510,1.0,70.0,1.0
511,121.0,282.0,1.0
512,112.0,48.0,1.0
513,203.0,191.0,1.0
514,141.0,47.0,1.0
515,179.0,504.0,1.0
516,85.0,20.0,1.0
517,191.0,95.0,1.0
518,42.0,146.0,1.0
519,97.0,460.0,1.0
520,189.0,140.0,1.0
521,75.0,143.0,1.0
522,117.0,190.0,1.0
523,145.0,36.0,1.0
524,156.0,289.0,1.0
525,207.0,296.0,1.0
526,9.0,143.0,1.0
527,81.0,216.0,1.0
528,181.0,374.0,1.0
529,123.0,115.0,1.0
530,81.0,566.0,1.0
531,84.0,46.0,1.0
532,190.0,12.0,1.0
533,175.0,395.0,1.0
534,108.0,161.0,1.0
535,56.0,27.0,1.0
536,210.0,205.0,1.0
537,181.0,118.0,1.0
538,194.0,388.0,1.0
539,90.0,510.0,1.0
540,132.0,122.0,1.0
541,125.0,133.0,1.0
542,34.0,110.0,1.0
543,211.0,524.0,1.0
544,107.0,58.0,1.0
545,82.0,535.0,1.0
546,93.0,280.0,1.0
547,178.0,6.0,1.0
548,201.0,207.0,1.0
549,155.0,434.0,1.0
550,245.0,226.0,1.0
551,82.0,78.0,1.0
552,89.0,369.0,1.0
553,185.0,527.0,1.0
554,57.0,488.0,1.0
555,32.0,396.0,1.0
556,69.0,180.0,1.0
557,189.0,219.0,1.0
558,29.0,38.0,1.0
559,253.0,27.0,1.0
560,223.0,117.0,1.0
561,82.0,58.0,1.0
562,53.0,391.0,1.0
563,251.0,134.0,1.0
564,226.0,223.0,1.0
565,88.0,351.0,1.0
566,258.0,310.0,1.0
567,168.0,45.0,1.0
568,187.0,10.0,1.0
569,156.0,234.0,1.0
570,18.0,113.0,1.0
571,78.0,473.0,1.0
572,45.0,357.0,1.0
573,103.0,106.0,1.0
574,97.0,185.0,1.0
575,211.0,407.0,1.0
576,10.0,47.0,1.0
577,183.0,12.0,1.0
578,196.0,38.0,1.0
579,243.0,148.0,1.0
580,74.0,71.0,1.0
581,1.0,61.0,1.0
582,184.0,450.0,1.0
583,182.0,432.0,1.0
584,51.0,146.0,1.0
585,81.0,18.0,1.0
586,123.0,165.0,1.0
587,169.0,348.0,1.0
588,223.0,195.0,1.0
589,217.0,425.0,1.0
590,248.0,225.0,1.0
591,79.0,354.0,1.0
592,256.0,504.0,1.0
593,28.0,113.0,1.0
594,148.0,310.0,1.0
595,71.0,411.0,1.0
596,250.0,275.0,1.0
597,110.0,287.0,1.0
598,178.0,201.0,1.0
599,226.0,192.0,1.0
600,103.0,469.0,1.0
601,26.0,331.0,1.0
602,228.0,326.0,1.0
603,226.0,519.0,1.0
604,80.0,54.0,1.0
605,225.0,16.0,1.0
606,248.0,497.0,1.0
607,193.0,436.0,1.0
608,9.0,282.0,1.0
609,247.0,323.0,1.0
610,83.0,247.0,1.0
611,218.0,41.0,1.0
612,223.0,121.0,1.0
613,68.0,51.0,1.0
614,182.0,354.0,1.0
615,64.0,133.0,1.0
616,226.0,566.0,1.0
617,87.0,57.0,1.0
618,98.0,136.0,1.0
619,117.0,216.0,1.0
620,264.0,301.0,1.0
621,100.0,32.0,1.0
622,255.0,59.0,1.0
623,123.0,11.0,1.0
624,229.0,252.0,1.0
625,102.0,275.0,1.0
626,18.0,106.0,1.0
627,147.0,40.0,1.0
628,262.0,343.0,1.0
629,226.0,148.0,1.0
630,2.0,105.0,1.0
631,248.0,66.0,1.0
632,124.0,242.0,1.0
633,163.0,226.0,1.0
634,149.0,275.0,1.0
635,11.0,9.0,1.0
636,147.0,386.0,1.0
637,58.0,146.0,1.0
638,200.0,32.0,1.0
639,158.0,3.0,1.0
640,230.0,202.0,1.0
641,65.0,242.0,1.0
642,52.0,39.0,1.0
643,81.0,150.0,1.0
644,95.0,392.0,1.0
645,114.0,495.0,1.0
646,185.0,537.0,1.0
647,147.0,77.0,1.0
648,199.0,86.0,1.0
649,256.0,473.0,1.0
650,248.0,32.0,1.0
651,217.0,89.0,1.0
652,9.0,19.0,1.0
653,123.0,296.0,1.0
654,93.0,352.0,1.0
655,7.0,151.0,1.0
656,178.0,45.0,1.0
657,94.0,206.0,1.0
658,210.0,280.0,1.0
659,183.0,503.0,1.0
660,147.0,194.0,1.0
661,226.0,66.0,1.0
662,71.0,251.0,1.0
663,114.0,59.0,1.0
664,131.0,81.0,1.0
665,66.0,253.0,1.0
666,95.0,121.0,1.0
667,96.0,31.0,1.0
668,244.0,317.0,1.0
669,256.0,214.0,1.0
670,240.0,133.0,1.0
671,102.0,91.0,1.0
672,236.0,47.0,1.0
673,78.0,89.0,1.0
674,201.0,224.0,1.0
675,150.0,25.0,1.0
676,87.0,532.0,1.0
677,182.0,510.0,1.0
678,44.0,391.0,1.0
679,107.0,439.0,1.0
680,42.0,47.0,1.0
681,74.0,66.0,1.0
682,86.0,531.0,1.0
683,116.0,41.0,1.0
684,259.0,158.0,1.0
685,162.0,122.0,1.0
686,44.0,220.0,1.0
687,51.0,113.0,1.0
688,145.0,209.0,1.0
689,81.0,189.0,1.0
690,42.0,217.0,1.0
691,256.0,487.0,1.0
692,87.0,15.0,1.0
693,87.0,49.0,1.0
694,218.0,435.0,1.0
695,259.0,385.0,1.0
696,41.0,130.0,1.0
697,102.0,191.0,1.0
698,144.0,337.0,1.0
699,132.0,413.0,1.0
700,97.0,157.0,1.0
701,117.0,556.0,1.0
702,53.0,47.0,1.0
703,84.0,444.0,1.0
704,242.0,146.0,1.0
705,86.0,47.0,1.0
706,200.0,85.0,1.0
707,244.0,31.0,1.0
708,229.0,191.0,1.0
709,262.0,426.0,1.0
710,249.0,494.0,1.0
711,111.0,441.0,1.0
712,91.0,141.0,1.0
713,94.0,126.0,1.0
714,141.0,289.0,1.0
715,74.0,196.0,1.0
716,131.0,11.0,1.0
717,1.0,86.0,1.0
718,263.0,435.0,1.0
719,31.0,113.0,1.0
720,105.0,586.0,1.0
721,18.0,118.0,1.0
722,108.0,533.0,1.0
723,44.0,424.0,1.0
724,14.0,293.0,1.0
725,126.0,103.0,1.0
726,149.0,37.0,1.0
727,178.0,435.0,1.0
728,155.0,120.0,1.0
729,85.0,136.0,1.0
730,199.0,535.0,1.0
731,225.0,420.0,1.0
732,144.0,124.0,1.0
733,156.0,192.0,1.0
734,189.0,398.0,1.0
735,87.0,294.0,1.0
736,197.0,120.0,1.0
737,189.0,179.0,1.0
738,127.0,53.0,1.0
739,17.0,392.0,1.0
740,133.0,460.0,1.0
741,87.0,158.0,1.0
742,116.0,346.0,1.0
743,144.0,381.0,1.0
744,52.0,209.0,1.0
745,69.0,221.0,1.0
746,186.0,131.0,1.0
747,39.0,5.0,1.0
748,17.0,217.0,1.0
749,147.0,207.0,1.0
750,57.0,196.0,1.0
751,149.0,175.0,1.0
752,127.0,57.0,1.0
753,141.0,387.0,1.0
754,130.0,360.0,1.0
755,80.0,17.0,1.0
756,36.0,11.0,1.0
757,183.0,306.0,1.0
758,91.0,488.0,1.0
759,158.0,131.0,1.0
760,207.0,483.0,1.0
761,19.0,58.0,1.0
762,13.0,339.0,1.0
763,217.0,10.0,1.0
764,96.0,11.0,1.0
765,264.0,161.0,1.0
766,197.0,459.0,1.0
767,41.0,282.0,1.0
768,205.0,378.0,1.0
769,104.0,314.0,1.0
770,228.0,147.0,1.0
771,249.0,93.0,1.0
772,94.0,309.0,1.0
773,42.0,24.0,1.0
774,223.0,176.0,1.0
775,203.0,137.0,1.0
776,65.0,187.0,1.0
777,86.0,258.0,1.0
778,128.0,143.0,1.0
779,56.0,395.0,1.0
780,256.0,3.0,1.0
781,31.0,61.0,1.0
782,9.0,257.0,1.0
783,214.0,58.0,1.0
784,154.0,103.0,1.0
785,123.0,97.0,1.0
786,56.0,83.0,1.0
787,43.0,84.0,1.0
788,166.0,222.0,1.0
789,218.0,299.0,1.0
790,5.0,211.0,1.0
791,64.0,107.0,1.0
792,182.0,329.0,1.0
793,230.0,223.0,1.0
794,31.0,318.0,1.0
795,170.0,104.0,1.0
796,223.0,356.0,1.0
797,28.0,301.0,1.0
798,213.0,20.0,1.0
799,256.0,131.0,1.0
800,35.0,102.0,1.0
801,94.0,147.0,1.0
802,71.0,393.0,1.0
803,226.0,3.0,1.0
804,160.0,484.0,1.0
805,170.0,429.0,1.0
806,30.0,388.0,1.0
807,136.0,150.0,1.0
808,94.0,415.0,1.0
809,69.0,68.0,1.0
810,81.0,92.0,1.0
811,65.0,219.0,1.0
812,78.0,5.0,1.0
813,225.0,111.0,1.0
814,81.0,226.0,1.0
815,217.0,223.0,1.0
816,178.0,79.0,1.0
817,126.0,531.0,1.0
818,117.0,401.0,1.0
819,60.0,556.0,1.0
820,223.0,81.0,1.0
821,259.0,92.0,1.0
822,134.0,179.0,1.0
823,52.0,185.0,1.0
824,169.0,213.0,1.0
825,255.0,260.0,1.0
826,53.0,8.0,1.0
827,52.0,153.0,1.0
828,17.0,322.0,1.0
829,107.0,11.0,1.0
830,158.0,584.0,1.0
831,132.0,218.0,1.0
832,178.0,460.0,1.0
833,222.0,113.0,1.0
834,69.0,245.0,1.0
835,168.0,124.0,1.0
836,218.0,453.0,1.0
837,74.0,111.0,1.0
838,193.0,327.0,1.0
839,130.0,81.0,1.0
840,161.0,492.0,1.0
841,163.0,45.0,1.0
842,178.0,112.0,1.0
843,87.0,547.0,1.0
844,267.0,134.0,1.0
845,116.0,289.0,1.0
846,85.0,364.0,1.0
847,191.0,440.0,1.0
848,223.0,586.0,1.0
849,247.0,69.0,1.0
850,219.0,398.0,1.0
851,194.0,66.0,1.0
852,29.0,268.0,1.0
853,53.0,500.0,1.0
854,217.0,9.0,1.0
855,56.0,225.0,1.0
856,136.0,420.0,1.0
857,72.0,268.0,1.0
858,209.0,122.0,1.0
859,261.0,252.0,1.0
860,83.0,103.0,1.0
861,39.0,39.0,1.0
862,261.0,47.0,1.0
863,181.0,92.0,1.0
864,37.0,228.0,1.0
865,178.0,76.0,1.0
866,96.0,342.0,1.0
867,231.0,349.0,1.0
868,178.0,150.0,1.0
869,240.0,126.0,1.0
870,81.0,179.0,1.0
871,102.0,203.0,1.0
872,193.0,400.0,1.0
873,182.0,1.0,1.0
874,197.0,131.0,1.0
875,218.0,338.0,1.0
876,217.0,266.0,1.0
877,227.0,46.0,1.0
878,165.0,287.0,1.0
879,5.0,194.0,1.0
880,60.0,117.0,1.0
881,103.0,350.0,1.0
882,229.0,151.0,1.0
883,44.0,378.0,1.0
884,217.0,378.0,1.0
885,89.0,219.0,1.0
886,119.0,385.0,1.0
887,136.0,213.0,1.0
888,71.0,400.0,1.0
889,119.0,379.0,1.0
890,10.0,54.0,1.0
891,44.0,66.0,1.0
892,144.0,141.0,1.0
893,93.0,133.0,1.0
894,124.0,66.0,1.0
895,111.0,73.0,1.0
896,65.0,490.0,1.0
897,116.0,88.0,1.0
898,102.0,361.0,1.0
899,147.0,424.0,1.0
900,81.0,496.0,1.0
901,127.0,536.0,1.0
902,44.0,52.0,1.0
903,123.0,110.0,1.0
904,87.0,81.0,1.0
905,49.0,138.0,1.0
906,105.0,230.0,1.0
907,37.0,144.0,1.0
908,47.0,128.0,1.0
909,148.0,18.0,1.0
910,194.0,427.0,1.0
911,86.0,156.0,1.0
912,15.0,11.0,1.0
913,101.0,191.0,1.0
914,226.0,73.0,1.0
915,104.0,109.0,1.0
916,64.0,10.0,1.0
917,200.0,332.0,1.0
918,245.0,219.0,1.0
919,211.0,23.0,1.0
920,133.0,31.0,1.0
921,139.0,91.0,1.0
922,133.0,327.0,1.0
923,178.0,419.0,1.0
924,183.0,363.0,1.0
925,91.0,176.0,1.0
926,177.0,64.0,1.0
927,44.0,50.0,1.0
928,87.0,440.0,1.0
929,44.0,180.0,1.0
930,89.0,506.0,1.0
931,224.0,39.0,1.0
932,9.0,261.0,1.0
933,130.0,565.0,1.0
934,239.0,66.0,1.0
935,155.0,147.0,1.0
936,103.0,463.0,1.0
937,170.0,186.0,1.0
938,126.0,434.0,1.0
939,233.0,59.0,1.0
940,195.0,189.0,1.0
941,9.0,50.0,1.0
942,161.0,410.0,1.0
943,6.0,124.0,1.0
944,258.0,81.0,1.0
945,223.0,227.0,1.0
946,160.0,135.0,1.0
947,1.0,28.0,1.0
948,259.0,12.0,1.0
949,224.0,178.0,1.0
950,89.0,376.0,1.0
951,132.0,202.0,1.0
952,239.0,531.0,1.0
953,135.0,401.0,1.0
954,190.0,471.0,1.0
955,52.0,386.0,1.0
956,194.0,112.0,1.0
957,145.0,213.0,1.0
958,197.0,238.0,1.0
959,105.0,476.0,1.0
960,167.0,233.0,1.0
961,223.0,580.0,1.0
962,62.0,557.0,1.0
963,73.0,175.0,1.0
964,52.0,251.0,1.0
965,19.0,100.0,1.0
966,232.0,66.0,1.0
967,97.0,64.0,1.0
968,156.0,3.0,1.0
969,173.0,203.0,1.0
970,155.0,270.0,1.0
971,203.0,575.0,1.0
972,160.0,592.0,1.0
973,232.0,59.0,1.0
974,116.0,457.0,1.0
975,132.0,596.0,1.0
976,209.0,517.0,1.0
977,163.0,504.0,1.0
978,52.0,231.0,1.0
979,2.0,142.0,1.0
980,62.0,477.0,1.0
981,144.0,587.0,1.0
982,32.0,250.0,1.0
983,87.0,343.0,1.0
984,73.0,95.0,1.0
985,98.0,147.0,1.0
986,115.0,143.0,1.0
987,75.0,11.0,1.0
988,58.0,143.0,1.0
989,223.0,352.0,1.0
990,227.0,18.0,1.0
991,251.0,73.0,1.0
992,162.0,129.0,1.0
993,178.0,205.0,1.0
994,178.0,119.0,1.0
995,64.0,280.0,1.0
996,178.0,195.0,1.0
997,141.0,61.0,1.0
998,148.0,206.0,1.0
999,198.0,281.0,1.0
1000,39.0,413.0,1.0
1001,60.0,62.0,1.0
1002,181.0,103.0,1.0
1003,78.0,156.0,1.0
1004,223.0,316.0,1.0
1005,101.0,112.0,1.0
1006,51.0,214.0,1.0
1007,136.0,255.0,1.0
1008,154.0,597.0,1.0
1009,160.0,576.0,1.0
1010,172.0,92.0,1.0
1011,9.0,201.0,1.0
1012,178.0,507.0,1.0
1013,51.0,106.0,1.0
1014,258.0,393.0,1.0
1015,242.0,202.0,1.0
1016,193.0,164.0,1.0
1017,188.0,190.0,1.0
1018,75.0,202.0,1.0
1019,182.0,198.0,1.0
1020,84.0,60.0,1.0
1021,42.0,126.0,1.0
1022,135.0,112.0,1.0
1023,149.0,91.0,1.0
1024,135.0,207.0,1.0
1025,128.0,356.0,1.0
1026,247.0,168.0,1.0
1027,178.0,183.0,1.0
1028,156.0,120.0,1.0
1029,264.0,585.0,1.0
1030,196.0,154.0,1.0
1031,124.0,10.0,1.0
1032,147.0,161.0,1.0
1033,248.0,133.0,1.0
1034,153.0,104.0,1.0
1035,141.0,295.0,1.0
1036,83.0,40.0,1.0
1037,90.0,286.0,1.0
1038,32.0,437.0,1.0
1039,86.0,412.0,1.0
1040,146.0,226.0,1.0
1041,3.0,162.0,1.0
1042,191.0,65.0,1.0
1043,19.0,154.0,1.0
1044,4.0,35.0,1.0
1045,226.0,407.0,1.0
1046,75.0,64.0,1.0
1047,173.0,441.0,1.0
1048,102.0,506.0,1.0
1049,102.0,61.0,1.0
1050,200.0,218.0,1.0
1051,90.0,549.0,1.0
1052,246.0,138.0,1.0
1053,65.0,205.0,1.0
1054,67.0,85.0,1.0
1055,223.0,438.0,1.0
1056,89.0,423.0,1.0
1057,44.0,328.0,1.0
1058,103.0,146.0,1.0
1059,183.0,567.0,1.0
1060,175.0,223.0,1.0
1061,116.0,498.0,1.0
1062,71.0,407.0,1.0
1063,18.0,80.0,1.0
1064,234.0,222.0,1.0
1065,130.0,102.0,1.0
1066,82.0,69.0,1.0
1067,114.0,69.0,1.0
1068,17.0,133.0,1.0
1069,128.0,192.0,1.0
1070,214.0,579.0,1.0
1071,123.0,48.0,1.0
1072,246.0,105.0,1.0
1073,111.0,158.0,1.0
1074,42.0,39.0,1.0
1075,43.0,92.0,1.0
1076,57.0,70.0,1.0
1077,205.0,116.0,1.0
1078,202.0,152.0,1.0
1079,117.0,318.0,1.0
1080,114.0,21.0,1.0
1081,92.0,256.0,1.0
1082,51.0,219.0,1.0
1083,227.0,97.0,1.0
1084,178.0,72.0,1.0
1085,149.0,294.0,1.0
1086,114.0,261.0,1.0
1087,207.0,565.0,1.0
1088,147.0,30.0,1.0
1089,238.0,434.0,1.0
1090,94.0,118.0,1.0
1091,58.0,349.0,1.0
1092,147.0,150.0,1.0
1093,164.0,122.0,1.0
1094,52.0,89.0,1.0
1095,156.0,148.0,1.0
1096,129.0,7.0,1.0
1097,149.0,360.0,1.0
1098,91.0,304.0,1.0
1099,147.0,269.0,1.0
1100,17.0,387.0,1.0
1101,211.0,128.0,1.0
1102,34.0,291.0,1.0
1103,39.0,349.0,1.0
1104,228.0,89.0,1.0
1105,79.0,91.0,1.0
1106,89.0,386.0,1.0
1107,87.0,311.0,1.0
1108,124.0,122.0,1.0
1109,168.0,91.0,1.0
1110,66.0,11.0,1.0
1111,19.0,247.0,1.0
1112,199.0,83.0,1.0
1113,175.0,178.0,1.0
1114,219.0,10.0,1.0
1115,89.0,571.0,1.0
1116,199.0,170.0,1.0
1117,235.0,247.0,1.0
1118,107.0,246.0,1.0
1119,53.0,218.0,1.0
1120,98.0,453.0,1.0
1121,17.0,206.0,1.0
1122,166.0,216.0,1.0
1123,147.0,443.0,1.0
1124,64.0,219.0,1.0
1125,225.0,300.0,1.0
1126,87.0,553.0,1.0
1127,116.0,370.0,1.0
1128,125.0,336.0,1.0
1129,189.0,40.0,1.0
1130,212.0,284.0,1.0
1131,266.0,190.0,1.0
1132,52.0,353.0,1.0
1133,249.0,134.0,1.0
1134,123.0,280.0,1.0
1135,56.0,242.0,1.0
1136,86.0,382.0,1.0
1137,106.0,587.0,1.0
1138,52.0,373.0,1.0
1139,144.0,1.0,1.0
1140,56.0,40.0,1.0
1141,210.0,111.0,1.0
1142,89.0,100.0,1.0
1143,52.0,528.0,1.0
1144,263.0,292.0,1.0
1145,207.0,521.0,1.0
1146,168.0,504.0,1.0
1147,56.0,529.0,1.0
1148,160.0,11.0,1.0
1149,199.0,465.0,1.0
1150,104.0,165.0,1.0
1151,177.0,51.0,1.0
1152,134.0,321.0,1.0
1153,226.0,213.0,1.0
1154,164.0,170.0,1.0
1155,196.0,352.0,1.0
1156,84.0,357.0,1.0
1157,217.0,248.0,1.0
1158,128.0,287.0,1.0
1159,97.0,207.0,1.0
1160,149.0,433.0,1.0
1161,51.0,25.0,1.0
1162,209.0,143.0,1.0
1163,53.0,204.0,1.0
1164,139.0,267.0,1.0
1165,127.0,110.0,1.0
1166,189.0,229.0,1.0
1167,19.0,136.0,1.0
1168,263.0,61.0,1.0
1169,224.0,104.0,1.0
1170,53.0,22.0,1.0
1171,97.0,12.0,1.0
1172,51.0,220.0,1.0
1173,168.0,159.0,1.0
1174,153.0,126.0,1.0
1175,77.0,36.0,1.0
1176,247.0,58.0,1.0
1177,186.0,241.0,1.0
1178,9.0,230.0,1.0
1179,71.0,191.0,1.0
1180,39.0,420.0,1.0
1181,47.0,107.0,1.0
1182,93.0,47.0,1.0
1183,126.0,219.0,1.0
1184,148.0,125.0,1.0
1185,93.0,136.0,1.0
1186,26.0,289.0,1.0
1187,147.0,284.0,1.0
1188,196.0,146.0,1.0
1189,163.0,362.0,1.0
1190,84.0,502.0,1.0
1191,82.0,542.0,1.0
1192,205.0,11.0,1.0
1193,122.0,332.0,1.0
1194,65.0,391.0,1.0
1195,158.0,382.0,1.0
1196,146.0,99.0,1.0
1197,104.0,48.0,1.0
1198,208.0,114.0,1.0
1199,196.0,294.0,1.0
1200,200.0,130.0,1.0
1201,32.0,157.0,1.0
1202,247.0,146.0,1.0
1203,160.0,47.0,1.0
1204,207.0,164.0,1.0
1205,43.0,334.0,1.0
1206,153.0,5.0,1.0
1207,83.0,19.0,1.0
1208,82.0,145.0,1.0
1209,266.0,207.0,1.0
1210,148.0,358.0,1.0
1211,268.0,150.0,1.0
1212,71.0,57.0,1.0
1213,224.0,479.0,1.0
1214,22.0,63.0,1.0
1215,158.0,36.0,1.0
1216,87.0,102.0,1.0
1217,65.0,427.0,1.0
1218,193.0,253.0,1.0
1219,225.0,264.0,1.0
1220,226.0,591.0,1.0
1221,156.0,177.0,1.0
1222,2.0,125.0,1.0
1223,148.0,227.0,1.0
1224,49.0,1.0,1.0
1225,262.0,153.0,1.0
1226,148.0,33.0,1.0
1227,84.0,311.0,1.0
1228,63.0,191.0,1.0
1229,74.0,362.0,1.0
1230,227.0,573.0,1.0
1231,183.0,68.0,1.0
1232,17.0,378.0,1.0
1233,68.0,148.0,1.0
1234,165.0,349.0,1.0
1235,44.0,58.0,1.0
1236,77.0,65.0,1.0
1237,262.0,525.0,1.0
1238,181.0,126.0,1.0
1239,165.0,434.0,1.0
1240,8.0,144.0,1.0
1241,22.0,146.0,1.0
1242,201.0,227.0,1.0
1243,182.0,241.0,1.0
1244,48.0,147.0,1.0
1245,79.0,571.0,1.0
1246,108.0,91.0,1.0
1247,83.0,425.0,1.0
1248,84.0,77.0,1.0
1249,116.0,429.0,1.0
1250,261.0,223.0,1.0
1251,161.0,100.0,1.0
1252,19.0,9.0,1.0
1253,12.0,225.0,1.0
1254,136.0,253.0,1.0
1255,17.0,185.0,1.0
1256,209.0,351.0,1.0
1257,128.0,296.0,1.0
1258,164.0,34.0,1.0
1259,226.0,143.0,1.0
1260,123.0,50.0,1.0
1261,210.0,436.0,1.0
1262,56.0,433.0,1.0
1263,256.0,33.0,1.0
1264,223.0,158.0,1.0
1265,37.0,449.0,1.0
1266,9.0,69.0,1.0
1267,79.0,138.0,1.0
1268,44.0,482.0,1.0
1269,104.0,10.0,1.0
1270,102.0,83.0,1.0
1271,16.0,89.0,1.0
1272,164.0,517.0,1.0
1273,1.0,35.0,1.0
1274,148.0,202.0,1.0
1275,115.0,121.0,1.0
1276,37.0,447.0,1.0
1277,106.0,495.0,1.0
1278,87.0,250.0,1.0
1279,51.0,94.0,1.0
1280,57.0,36.0,1.0
1281,244.0,148.0,1.0
1282,116.0,92.0,1.0
1283,109.0,64.0,1.0
1284,37.0,245.0,1.0
1285,20.0,15.0,1.0
1286,8.0,253.0,1.0
1287,83.0,205.0,1.0
1288,69.0,236.0,1.0
1289,23.0,127.0,1.0
1290,262.0,556.0,1.0
1291,158.0,21.0,1.0
1292,90.0,463.0,1.0
1293,229.0,313.0,1.0
1294,97.0,222.0,1.0
1295,16.0,372.0,1.0
1296,103.0,374.0,1.0
1297,135.0,231.0,1.0
1298,225.0,143.0,1.0
1299,147.0,265.0,1.0
1300,86.0,557.0,1.0
1301,82.0,310.0,1.0
1302,102.0,352.0,1.0
1303,56.0,456.0,1.0
1304,175.0,208.0,1.0
1305,192.0,295.0,1.0
1306,4.0,179.0,1.0
1307,85.0,9.0,1.0
1308,248.0,30.0,1.0
1309,166.0,407.0,1.0
1310,177.0,36.0,1.0
1311,261.0,20.0,1.0
1312,39.0,463.0,1.0
1313,11.0,45.0,1.0
1314,31.0,449.0,1.0
1315,254.0,133.0,1.0
1316,82.0,0.0,1.0
1317,81.0,59.0,1.0
1318,130.0,234.0,1.0
1319,227.0,463.0,1.0
1320,214.0,221.0,1.0
1321,224.0,374.0,1.0
1322,161.0,384.0,1.0
1323,69.0,127.0,1.0
1324,245.0,425.0,1.0
1325,79.0,379.0,1.0
1326,123.0,277.0,1.0
1327,201.0,378.0,1.0
1328,186.0,382.0,1.0
1329,147.0,333.0,1.0
1330,148.0,147.0,1.0
1331,84.0,213.0,1.0
1332,57.0,233.0,1.0
1333,225.0,252.0,1.0
1334,84.0,593.0,1.0
1335,145.0,567.0,1.0
1336,259.0,267.0,1.0
1337,264.0,95.0,1.0
1338,175.0,236.0,1.0
1339,194.0,434.0,1.0
1340,130.0,112.0,1.0
1341,10.0,67.0,1.0
1342,115.0,39.0,1.0
1343,102.0,422.0,1.0
1344,92.0,568.0,1.0
1345,228.0,261.0,1.0
1346,61.0,36.0,1.0
1347,87.0,397.0,1.0
1348,22.0,296.0,1.0
1349,122.0,55.0,1.0
1350,8.0,77.0,1.0
1351,51.0,509.0,1.0
1352,18.0,320.0,1.0
1353,199.0,85.0,1.0
1354,82.0,495.0,1.0
1355,101.0,407.0,1.0
1356,242.0,224.0,1.0
1357,209.0,208.0,1.0
1358,147.0,567.0,1.0
1359,213.0,81.0,1.0
1360,44.0,20.0,1.0
1361,176.0,337.0,1.0
1362,31.0,453.0,1.0
1363,69.0,578.0,1.0
1364,248.0,62.0,1.0
1365,230.0,201.0,1.0
1366,214.0,277.0,1.0
1367,75.0,10.0,1.0
1368,102.0,289.0,1.0
1369,158.0,536.0,1.0
1370,38.0,156.0,1.0
1371,75.0,434.0,1.0
1372,132.0,525.0,1.0
1373,82.0,238.0,1.0
1374,82.0,220.0,1.0
1375,158.0,44.0,1.0
1376,56.0,302.0,1.0
1377,262.0,45.0,1.0
1378,241.0,103.0,1.0
1379,79.0,14.0,1.0
1380,74.0,256.0,1.0
1381,147.0,39.0,1.0
1382,164.0,154.0,1.0
1383,226.0,48.0,1.0
1384,97.0,474.0,1.0
1385,233.0,306.0,1.0
1386,202.0,40.0,1.0
1387,115.0,190.0,1.0
1388,218.0,266.0,1.0
1389,81.0,311.0,1.0
1390,262.0,316.0,1.0
1391,258.0,91.0,1.0
1392,52.0,119.0,1.0
1393,241.0,120.0,1.0
1394,193.0,181.0,1.0
1395,156.0,557.0,1.0
1396,58.0,252.0,1.0
1397,249.0,165.0,1.0
1398,159.0,37.0,1.0
1399,194.0,268.0,1.0
1400,60.0,97.0,1.0
1401,130.0,222.0,1.0
1402,141.0,186.0,1.0
1403,8.0,141.0,1.0
1404,223.0,327.0,1.0
1405,118.0,186.0,1.0
1406,116.0,575.0,1.0
1407,126.0,10.0,1.0
1408,168.0,84.0,1.0
1409,91.0,555.0,1.0
1410,89.0,492.0,1.0
1411,266.0,404.0,1.0
1412,69.0,104.0,1.0
1413,40.0,349.0,1.0
1414,102.0,58.0,1.0
1415,262.0,273.0,1.0
1416,186.0,385.0,1.0
1417,147.0,317.0,1.0
1418,260.0,66.0,1.0
1419,228.0,175.0,1.0
1420,17.0,402.0,1.0
1421,189.0,515.0,1.0
1422,182.0,308.0,1.0
1423,218.0,97.0,1.0
1424,257.0,294.0,1.0
1425,10.0,286.0,1.0
1426,56.0,436.0,1.0
1427,69.0,306.0,1.0
1428,9.0,147.0,1.0
1429,60.0,47.0,1.0
1430,17.0,395.0,1.0
1431,145.0,419.0,1.0
1432,218.0,65.0,1.0
1433,20.0,136.0,1.0
1434,149.0,230.0,1.0
1435,82.0,587.0,1.0
1436,158.0,351.0,1.0
1437,134.0,40.0,1.0
1438,160.0,115.0,1.0
1439,196.0,217.0,1.0
1440,101.0,186.0,1.0
1441,92.0,146.0,1.0
1442,114.0,37.0,1.0
1443,197.0,321.0,1.0
1444,53.0,61.0,1.0
1445,49.0,467.0,1.0
1446,164.0,181.0,1.0
1447,53.0,91.0,1.0
1448,224.0,218.0,1.0
1449,82.0,332.0,1.0
1450,139.0,357.0,1.0
1451,117.0,405.0,1.0
1452,17.0,190.0,1.0
1453,81.0,528.0,1.0
1454,14.0,304.0,1.0
1455,261.0,153.0,1.0
1456,207.0,28.0,1.0
1457,190.0,378.0,1.0
1458,94.0,92.0,1.0
1459,101.0,5.0,1.0
1460,96.0,201.0,1.0
1461,129.0,388.0,1.0
1462,31.0,153.0,1.0
1463,166.0,190.0,1.0
1464,222.0,146.0,1.0
1465,37.0,193.0,1.0
1466,51.0,71.0,1.0
1467,82.0,3.0,1.0
1468,248.0,78.0,1.0
1469,97.0,498.0,1.0
1470,248.0,70.0,1.0
1471,207.0,92.0,1.0
1472,51.0,491.0,1.0
1473,48.0,99.0,1.0
1474,17.0,167.0,1.0
1475,126.0,373.0,1.0
1476,248.0,184.0,1.0
1477,94.0,509.0,1.0
1478,41.0,22.0,1.0
1479,10.0,220.0,1.0
1480,245.0,356.0,1.0
1481,250.0,97.0,1.0
1482,64.0,116.0,1.0
1483,52.0,124.0,1.0
1484,75.0,264.0,1.0
1485,138.0,40.0,1.0
1486,105.0,219.0,1.0
1487,79.0,309.0,1.0
1488,182.0,186.0,1.0
1489,22.0,129.0,1.0
1490,85.0,99.0,1.0
1491,200.0,87.0,1.0
1492,75.0,97.0,1.0
1493,17.0,57.0,1.0
1494,248.0,87.0,1.0
1495,134.0,253.0,1.0
1496,262.0,460.0,1.0
1497,191.0,116.0,1.0
1498,114.0,122.0,1.0
1499,262.0,39.0,1.0
1500,102.0,52.0,1.0
1501,218.0,317.0,1.0
1502,141.0,17.0,1.0
1503,223.0,4.0,1.0
1504,223.0,105.0,1.0
1505,188.0,70.0,1.0
1506,138.0,339.0,1.0
1507,266.0,334.0,1.0
1508,148.0,175.0,1.0
1509,259.0,321.0,1.0
1510,225.0,21.0,1.0
1511,37.0,168.0,1.0
1512,199.0,40.0,1.0
1513,159.0,201.0,1.0
1514,175.0,205.0,1.0
1515,3.0,144.0,1.0
1516,96.0,12.0,1.0
1517,210.0,124.0,1.0
1518,170.0,374.0,1.0
1519,37.0,23.0,1.0
1520,132.0,70.0,1.0
1521,266.0,7.0,1.0
1522,6.0,44.0,1.0
1523,122.0,533.0,1.0
1524,84.0,10.0,1.0
1525,257.0,150.0,1.0
1526,85.0,306.0,1.0
1527,109.0,252.0,1.0
1528,20.0,109.0,1.0
1529,53.0,233.0,1.0
1530,164.0,30.0,1.0
1531,115.0,204.0,1.0
1532,183.0,77.0,1.0
1533,17.0,194.0,1.0
1534,77.0,221.0,1.0
1535,65.0,62.0,1.0
1536,186.0,17.0,1.0
1537,106.0,498.0,1.0
1538,148.0,332.0,1.0
1539,64.0,95.0,1.0
1540,7.0,59.0,1.0
1541,29.0,156.0,1.0
1542,232.0,19.0,1.0
1543,87.0,175.0,1.0
1544,13.0,121.0,1.0
1545,77.0,196.0,1.0
1546,146.0,130.0,1.0
1547,182.0,548.0,1.0
1548,57.0,37.0,1.0
1549,56.0,362.0,1.0
1550,135.0,138.0,1.0
1551,256.0,208.0,1.0
1552,123.0,514.0,1.0
1553,183.0,524.0,1.0
1554,228.0,146.0,1.0
1555,162.0,27.0,1.0
1556,149.0,104.0,1.0
1557,102.0,228.0,1.0
1558,168.0,50.0,1.0
1559,248.0,74.0,1.0
1560,175.0,198.0,1.0
1561,47.0,501.0,1.0
1562,91.0,259.0,1.0
1563,264.0,485.0,1.0
1564,183.0,177.0,1.0
1565,130.0,115.0,1.0
1566,147.0,270.0,1.0
1567,114.0,532.0,1.0
1568,44.0,225.0,1.0
1569,165.0,120.0,1.0
1570,90.0,332.0,1.0
1571,65.0,37.0,1.0
1572,136.0,429.0,1.0
1573,2.0,145.0,1.0
1574,127.0,245.0,1.0
1575,104.0,491.0,1.0
1576,9.0,262.0,1.0
1577,56.0,419.0,1.0
1578,60.0,238.0,1.0
1579,251.0,407.0,1.0
1580,96.0,487.0,1.0
1581,223.0,537.0,1.0
1582,155.0,46.0,1.0
1583,206.0,219.0,1.0
1584,89.0,264.0,1.0
1585,79.0,413.0,1.0
1586,81.0,151.0,1.0
1587,189.0,251.0,1.0
1588,149.0,9.0,1.0
1589,130.0,105.0,1.0
1590,262.0,148.0,1.0
1591,217.0,133.0,1.0
1592,16.0,22.0,1.0
1593,103.0,581.0,1.0
1594,105.0,597.0,1.0
1595,9.0,267.0,1.0
1596,140.0,81.0,1.0
1597,141.0,139.0,1.0
1598,224.0,384.0,1.0
1599,171.0,126.0,1.0
1600,29.0,40.0,1.0
1601,82.0,208.0,1.0
1602,241.0,438.0,1.0
1603,14.0,345.0,1.0
1604,51.0,137.0,1.0
1605,65.0,398.0,1.0
1606,116.0,33.0,1.0
1607,74.0,181.0,1.0
1608,77.0,209.0,1.0
1609,11.0,155.0,1.0
1610,214.0,47.0,1.0
1611,145.0,367.0,1.0
1612,52.0,184.0,1.0
1613,164.0,213.0,1.0
1614,156.0,24.0,1.0
1615,51.0,12.0,1.0
1616,261.0,45.0,1.0
1617,128.0,48.0,1.0
1618,18.0,420.0,1.0
1619,160.0,256.0,1.0
1620,44.0,11.0,1.0
1621,82.0,97.0,1.0
1622,194.0,77.0,1.0
1623,160.0,567.0,1.0
1624,70.0,97.0,1.0
1625,164.0,238.0,1.0
1626,238.0,211.0,1.0
1627,75.0,223.0,1.0
1628,186.0,378.0,1.0
1629,47.0,84.0,1.0
1630,178.0,97.0,1.0
1631,185.0,100.0,1.0
1632,103.0,69.0,1.0
1633,217.0,393.0,1.0
1634,44.0,420.0,1.0
1635,119.0,394.0,1.0
1636,48.0,274.0,1.0
1637,243.0,182.0,1.0
1638,75.0,319.0,1.0
1639,233.0,443.0,1.0
1640,49.0,104.0,1.0
1641,74.0,452.0,1.0
1642,75.0,7.0,1.0
1643,252.0,11.0,1.0
1644,51.0,300.0,1.0
1645,229.0,410.0,1.0
1646,87.0,559.0,1.0
1647,62.0,58.0,1.0
1648,90.0,252.0,1.0
1649,56.0,284.0,1.0
1650,122.0,75.0,1.0
1651,127.0,84.0,1.0
1652,164.0,382.0,1.0
1653,191.0,136.0,1.0
1654,89.0,481.0,1.0
1655,86.0,125.0,1.0
1656,117.0,525.0,1.0
1657,156.0,66.0,1.0
1658,226.0,214.0,1.0
1659,128.0,97.0,1.0
1660,9.0,264.0,1.0
1661,72.0,362.0,1.0
1662,170.0,356.0,1.0
1663,266.0,157.0,1.0
1664,117.0,185.0,1.0
1665,117.0,24.0,1.0
1666,12.0,151.0,1.0
1667,82.0,127.0,1.0
1668,59.0,195.0,1.0
1669,250.0,201.0,1.0
1670,208.0,45.0,1.0
1671,145.0,159.0,1.0
1672,229.0,126.0,1.0
1673,214.0,130.0,1.0
1674,35.0,226.0,1.0
1675,159.0,204.0,1.0
1676,102.0,540.0,1.0
1677,81.0,479.0,1.0
1678,138.0,390.0,1.0
1679,116.0,143.0,1.0
1680,143.0,436.0,1.0
1681,90.0,253.0,1.0
1682,259.0,501.0,1.0
1683,161.0,33.0,1.0
1684,211.0,390.0,1.0
1685,164.0,89.0,1.0
1686,169.0,576.0,1.0
1687,87.0,494.0,1.0
1688,29.0,97.0,1.0
1689,182.0,57.0,1.0
1690,162.0,61.0,1.0
1691,17.0,59.0,1.0
1692,94.0,95.0,1.0
1693,211.0,280.0,1.0
1694,181.0,100.0,1.0
1695,157.0,104.0,1.0
1696,208.0,224.0,1.0
1697,44.0,39.0,1.0
1698,183.0,58.0,1.0
1699,26.0,356.0,1.0
1700,62.0,81.0,1.0
1701,163.0,266.0,1.0
1702,105.0,227.0,1.0
1703,104.0,287.0,1.0
1704,177.0,52.0,1.0
1705,168.0,127.0,1.0
1706,2.0,138.0,1.0
1707,177.0,71.0,1.0
1708,70.0,5.0,1.0
1709,117.0,195.0,1.0
1710,137.0,103.0,1.0
1711,202.0,496.0,1.0
1712,103.0,547.0,1.0
1713,47.0,317.0,1.0
1714,82.0,482.0,1.0
1715,266.0,177.0,1.0
1716,144.0,116.0,1.0
1717,179.0,385.0,1.0
1718,241.0,39.0,1.0
1719,233.0,275.0,1.0
1720,239.0,227.0,1.0
1721,149.0,82.0,1.0
1722,115.0,66.0,1.0
1723,255.0,345.0,1.0
1724,139.0,284.0,1.0
1725,213.0,120.0,1.0
1726,47.0,313.0,1.0
1727,26.0,129.0,1.0
1728,189.0,33.0,1.0
1729,86.0,185.0,1.0
1730,27.0,253.0,1.0
1731,250.0,509.0,1.0
1732,12.0,312.0,1.0
1733,144.0,380.0,1.0
1734,27.0,103.0,1.0
1735,33.0,208.0,1.0
1736,37.0,80.0,1.0
1737,154.0,47.0,1.0
1738,178.0,382.0,1.0
1739,218.0,180.0,1.0
1740,245.0,186.0,1.0
1741,52.0,79.0,1.0
1742,129.0,411.0,1.0
1743,39.0,51.0,1.0
1744,99.0,112.0,1.0
1745,222.0,83.0,1.0
1746,164.0,492.0,1.0
1747,262.0,109.0,1.0
1748,263.0,355.0,1.0
1749,153.0,382.0,1.0
1750,19.0,80.0,1.0
1751,5.0,193.0,1.0
1752,58.0,184.0,1.0
1753,182.0,193.0,1.0
1754,185.0,181.0,1.0
1755,75.0,245.0,1.0
1756,117.0,116.0,1.0
1757,130.0,226.0,1.0
1758,71.0,147.0,1.0
1759,165.0,272.0,1.0
1760,162.0,570.0,1.0
1761,74.0,185.0,1.0
1762,116.0,359.0,1.0
1763,238.0,481.0,1.0
1764,129.0,58.0,1.0
1765,149.0,202.0,1.0
1766,164.0,168.0,1.0
1767,159.0,216.0,1.0
1768,180.0,97.0,1.0
1769,68.0,554.0,1.0
1770,141.0,116.0,1.0
1771,187.0,400.0,1.0
1772,182.0,246.0,1.0
1773,183.0,202.0,1.0
1774,257.0,225.0,1.0
1775,71.0,568.0,1.0
1776,90.0,141.0,1.0
1777,197.0,83.0,1.0
1778,17.0,222.0,1.0
1779,57.0,45.0,1.0
1780,96.0,214.0,1.0
1781,112.0,10.0,1.0
1782,64.0,66.0,1.0
1783,180.0,150.0,1.0
1784,100.0,219.0,1.0
1785,159.0,383.0,1.0
1786,256.0,190.0,1.0
1787,128.0,44.0,1.0
1788,182.0,247.0,1.0
1789,85.0,226.0,1.0
1790,53.0,374.0,1.0
1791,219.0,39.0,1.0
1792,217.0,116.0,1.0
1793,104.0,506.0,1.0
1794,147.0,130.0,1.0
1795,249.0,58.0,1.0
1796,188.0,100.0,1.0
1797,91.0,466.0,1.0
1798,188.0,146.0,1.0
1799,227.0,499.0,1.0
1800,11.0,157.0,1.0
1801,234.0,190.0,1.0
1802,35.0,36.0,1.0
1803,71.0,100.0,1.0
1804,90.0,77.0,1.0
1805,55.0,484.0,1.0
1806,217.0,141.0,1.0
1807,194.0,326.0,1.0
1808,178.0,389.0,1.0
1809,26.0,319.0,1.0
1810,51.0,276.0,1.0
1811,65.0,221.0,1.0
1812,14.0,118.0,1.0
1813,141.0,95.0,1.0
1814,105.0,571.0,1.0
1815,230.0,81.0,1.0
1816,226.0,81.0,1.0
1817,153.0,218.0,1.0
1818,256.0,181.0,1.0
1819,108.0,294.0,1.0
1820,182.0,365.0,1.0
1821,170.0,24.0,1.0
1822,42.0,215.0,1.0
1823,102.0,77.0,1.0
1824,64.0,209.0,1.0
1825,154.0,111.0,1.0
1826,229.0,10.0,1.0
1827,148.0,394.0,1.0
1828,178.0,209.0,1.0
1829,178.0,77.0,1.0
1830,210.0,0.0,1.0
1831,82.0,400.0,1.0
1832,224.0,81.0,1.0
1833,158.0,47.0,1.0
1834,99.0,12.0,1.0
1835,216.0,150.0,1.0
1836,164.0,114.0,1.0
1837,107.0,262.0,1.0
1838,91.0,583.0,1.0
1839,84.0,559.0,1.0
1840,210.0,10.0,1.0
1841,62.0,480.0,1.0
1842,71.0,104.0,1.0
1843,9.0,59.0,1.0
1844,199.0,484.0,1.0
1845,226.0,333.0,1.0
1846,119.0,222.0,1.0
1847,168.0,12.0,1.0
1848,104.0,337.0,1.0
1849,114.0,10.0,1.0
1850,67.0,239.0,1.0
1851,89.0,7.0,1.0
1852,148.0,409.0,1.0
1853,240.0,127.0,1.0
1854,64.0,161.0,1.0
1855,89.0,410.0,1.0
1856,129.0,84.0,1.0
1857,154.0,92.0,1.0
1858,86.0,221.0,1.0
1859,164.0,266.0,1.0
1860,155.0,575.0,1.0
1861,75.0,57.0,1.0
1862,224.0,111.0,1.0
1863,191.0,565.0,1.0
1864,159.0,205.0,1.0
1865,126.0,119.0,1.0
1866,199.0,544.0,1.0
1867,65.0,195.0,1.0
1868,60.0,207.0,1.0
1869,116.0,419.0,1.0
1870,102.0,121.0,1.0
1871,245.0,415.0,1.0
1872,175.0,254.0,1.0
1873,87.0,258.0,1.0
1874,175.0,28.0,1.0
1875,262.0,24.0,1.0
1876,218.0,209.0,1.0
1877,134.0,10.0,1.0
1878,235.0,10.0,1.0
1879,193.0,524.0,1.0
1880,219.0,382.0,1.0
1881,10.0,273.0,1.0
1882,53.0,181.0,1.0
1883,96.0,190.0,1.0
1884,185.0,186.0,1.0
1885,162.0,304.0,1.0
1886,160.0,354.0,1.0
1887,144.0,390.0,1.0
1888,203.0,80.0,1.0
1889,46.0,378.0,1.0
1890,138.0,124.0,1.0
1891,65.0,190.0,1.0
1892,138.0,11.0,1.0
1893,182.0,407.0,1.0
1894,156.0,204.0,1.0
1895,158.0,35.0,1.0
1896,141.0,167.0,1.0
1897,34.0,36.0,1.0
1898,17.0,394.0,1.0
1899,202.0,178.0,1.0
1900,123.0,126.0,1.0
1901,268.0,186.0,1.0
1902,88.0,317.0,1.0
1903,114.0,306.0,1.0
1904,115.0,112.0,1.0
1905,165.0,141.0,1.0
1906,115.0,49.0,1.0
1907,90.0,211.0,1.0
1908,180.0,61.0,1.0
1909,87.0,166.0,1.0
1910,266.0,231.0,1.0
1911,178.0,104.0,1.0
1912,161.0,112.0,1.0
1913,147.0,407.0,1.0
1914,87.0,100.0,1.0
1915,31.0,126.0,1.0
1916,51.0,515.0,1.0
1917,29.0,297.0,1.0
1918,88.0,219.0,1.0
1919,232.0,302.0,1.0
1920,183.0,321.0,1.0
1921,51.0,184.0,1.0
1922,193.0,427.0,1.0
1923,114.0,74.0,1.0
1924,183.0,463.0,1.0
1925,167.0,36.0,1.0
1926,241.0,236.0,1.0
1927,108.0,95.0,1.0
1928,35.0,44.0,1.0
1929,85.0,80.0,1.0
1930,12.0,324.0,1.0
1931,75.0,135.0,1.0
1932,126.0,409.0,1.0
1933,31.0,60.0,1.0
1934,35.0,444.0,1.0
1935,115.0,109.0,1.0
1936,160.0,179.0,1.0
1937,58.0,228.0,1.0
1938,177.0,497.0,1.0
1939,132.0,191.0,1.0
1940,102.0,583.0,1.0
1941,3.0,129.0,1.0
1942,230.0,11.0,1.0
1943,130.0,281.0,1.0
1944,44.0,434.0,1.0
1945,183.0,11.0,1.0
1946,35.0,308.0,1.0
1947,234.0,39.0,1.0
1948,94.0,116.0,1.0
1949,264.0,28.0,1.0
1950,195.0,527.0,1.0
1951,129.0,374.0,1.0
1952,78.0,504.0,1.0
1953,215.0,164.0,1.0
1954,182.0,175.0,1.0
1955,105.0,280.0,1.0
1956,229.0,57.0,1.0
1957,147.0,60.0,1.0
1958,178.0,326.0,1.0
1959,108.0,374.0,1.0
1960,259.0,138.0,1.0
1961,200.0,302.0,1.0
1962,177.0,282.0,1.0
1963,71.0,231.0,1.0
1964,132.0,104.0,1.0
1965,248.0,111.0,1.0
1966,164.0,191.0,1.0
1967,94.0,563.0,1.0
1968,145.0,117.0,1.0
1969,88.0,223.0,1.0
1970,75.0,251.0,1.0
1971,147.0,337.0,1.0
1972,2.0,99.0,1.0
1973,75.0,241.0,1.0
1974,100.0,47.0,1.0
1975,138.0,50.0,1.0
1976,260.0,273.0,1.0
1977,165.0,6.0,1.0
1978,248.0,223.0,1.0
1979,169.0,36.0,1.0
1980,139.0,103.0,1.0
1981,60.0,40.0,1.0
1982,86.0,1.0,1.0
1983,30.0,44.0,1.0
1984,78.0,10.0,1.0
1985,87.0,364.0,1.0
1986,147.0,206.0,1.0
1987,189.0,45.0,1.0
1988,52.0,505.0,1.0
1989,117.0,415.0,1.0
1990,208.0,27.0,1.0
1991,26.0,97.0,1.0
1992,128.0,332.0,1.0
1993,182.0,144.0,1.0
1994,196.0,59.0,1.0
1995,223.0,7.0,1.0
1996,232.0,51.0,1.0
1997,1.0,83.0,1.0
1998,75.0,54.0,1.0
1999,259.0,393.0,1.0
2000,175.0,530.0,1.0
2001,189.0,52.0,1.0
2002,155.0,502.0,1.0
2003,242.0,25.0,1.0
2004,147.0,141.0,1.0
2005,2.0,113.0,1.0
2006,81.0,379.0,1.0
2007,238.0,367.0,1.0
2008,223.0,18.0,1.0
2009,17.0,0.0,1.0
2010,11.0,87.0,1.0
2011,199.0,550.0,1.0
2012,130.0,450.0,1.0
2013,227.0,100.0,1.0
2014,164.0,103.0,1.0
2015,82.0,50.0,1.0
2016,191.0,61.0,1.0
2017,53.0,266.0,1.0
2018,81.0,130.0,1.0
2019,103.0,438.0,1.0
2020,74.0,236.0,1.0
2021,61.0,57.0,1.0
2022,145.0,310.0,1.0
2023,221.0,205.0,1.0
2024,69.0,516.0,1.0
2025,118.0,310.0,1.0
2026,75.0,0.0,1.0
2027,60.0,7.0,1.0
2028,117.0,66.0,1.0
2029,74.0,529.0,1.0
2030,10.0,175.0,1.0
2031,189.0,91.0,1.0
2032,178.0,11.0,1.0
2033,261.0,151.0,1.0
2034,113.0,159.0,1.0
2035,82.0,20.0,1.0
2036,5.0,185.0,1.0
2037,184.0,164.0,1.0
2038,187.0,417.0,1.0
2039,217.0,4.0,1.0
2040,127.0,141.0,1.0
2041,259.0,377.0,1.0
2042,114.0,130.0,1.0
2043,82.0,202.0,1.0
2044,128.0,91.0,1.0
2045,197.0,151.0,1.0
2046,151.0,12.0,1.0
2047,116.0,46.0,1.0
2048,158.0,89.0,1.0
2049,97.0,190.0,1.0
2050,71.0,195.0,1.0
2051,79.0,330.0,1.0
2052,107.0,194.0,1.0
2053,107.0,215.0,1.0
2054,148.0,337.0,1.0
2055,226.0,510.0,1.0
2056,89.0,135.0,1.0
2057,262.0,70.0,1.0
2058,182.0,233.0,1.0
2059,88.0,81.0,1.0
2060,82.0,254.0,1.0
2061,131.0,496.0,1.0
2062,178.0,13.0,1.0
2063,238.0,385.0,1.0
2064,20.0,111.0,1.0
2065,84.0,258.0,1.0
2066,60.0,300.0,1.0
2067,156.0,39.0,1.0
2068,174.0,539.0,1.0
2069,69.0,257.0,1.0
2070,199.0,181.0,1.0
2071,164.0,400.0,1.0
2072,101.0,510.0,1.0
2073,89.0,453.0,1.0
2074,212.0,195.0,1.0
2075,184.0,349.0,1.0
2076,49.0,357.0,1.0
2077,209.0,147.0,1.0
2078,67.0,413.0,1.0
2079,218.0,111.0,1.0
2080,144.0,184.0,1.0
2081,51.0,392.0,1.0
2082,134.0,150.0,1.0
2083,86.0,145.0,1.0
2084,182.0,431.0,1.0
2085,197.0,42.0,1.0
2086,175.0,577.0,1.0
2087,176.0,127.0,1.0
2088,256.0,282.0,1.0
2089,156.0,209.0,1.0
2090,214.0,111.0,1.0
2091,211.0,39.0,1.0
2092,134.0,508.0,1.0
2093,79.0,121.0,1.0
2094,238.0,348.0,1.0
2095,122.0,103.0,1.0
2096,122.0,186.0,1.0
2097,145.0,533.0,1.0
2098,178.0,47.0,1.0
2099,238.0,7.0,1.0
2100,126.0,223.0,1.0
2101,189.0,112.0,1.0
2102,7.0,47.0,1.0
2103,87.0,304.0,1.0
2104,234.0,205.0,1.0
2105,226.0,147.0,1.0
2106,75.0,174.0,1.0
2107,5.0,190.0,1.0
2108,135.0,45.0,1.0
2109,52.0,262.0,1.0
2110,104.0,389.0,1.0
2111,261.0,251.0,1.0
2112,205.0,463.0,1.0
2113,86.0,479.0,1.0
2114,105.0,59.0,1.0
2115,104.0,113.0,1.0
2116,93.0,522.0,1.0
2117,87.0,316.0,1.0
2118,266.0,96.0,1.0
2119,84.0,344.0,1.0
2120,74.0,190.0,1.0
2121,56.0,240.0,1.0
2122,28.0,35.0,1.0
2123,263.0,149.0,1.0
2124,159.0,38.0,1.0
2125,158.0,121.0,1.0
2126,156.0,222.0,1.0
2127,226.0,244.0,1.0
2128,91.0,66.0,1.0
2129,215.0,292.0,1.0
2130,201.0,586.0,1.0
2131,248.0,40.0,1.0
2132,216.0,186.0,1.0
2133,57.0,509.0,1.0
2134,91.0,326.0,1.0
2135,79.0,9.0,1.0
2136,52.0,351.0,1.0
2137,28.0,281.0,1.0
2138,142.0,223.0,1.0
2139,94.0,137.0,1.0
2140,205.0,55.0,1.0
2141,211.0,286.0,1.0
2142,116.0,67.0,1.0
2143,261.0,101.0,1.0
2144,16.0,245.0,1.0
2145,189.0,58.0,1.0
2146,8.0,202.0,1.0
2147,199.0,211.0,1.0
2148,51.0,11.0,1.0
2149,130.0,421.0,1.0
2150,206.0,205.0,1.0
2151,214.0,32.0,1.0
2152,115.0,8.0,1.0
2153,51.0,84.0,1.0
2154,96.0,509.0,1.0
2155,175.0,256.0,1.0
2156,40.0,323.0,1.0
2157,194.0,223.0,1.0
2158,150.0,388.0,1.0
2159,129.0,89.0,1.0
2160,127.0,367.0,1.0
2161,150.0,12.0,1.0
2162,232.0,269.0,1.0
2163,123.0,272.0,1.0
2164,61.0,166.0,1.0
2165,51.0,89.0,1.0
2166,90.0,245.0,1.0
2167,104.0,239.0,1.0
2168,64.0,207.0,1.0
2169,108.0,410.0,1.0
2170,132.0,39.0,1.0
2171,56.0,208.0,1.0
2172,177.0,452.0,1.0
2173,164.0,506.0,1.0
2174,56.0,47.0,1.0
2175,224.0,75.0,1.0
2176,223.0,19.0,1.0
2177,164.0,8.0,1.0
2178,91.0,45.0,1.0
2179,90.0,350.0,1.0
2180,42.0,131.0,1.0
2181,194.0,518.0,1.0
2182,130.0,253.0,1.0
2183,147.0,170.0,1.0
2184,194.0,27.0,1.0
2185,223.0,186.0,1.0
2186,94.0,521.0,1.0
2187,180.0,219.0,1.0
2188,82.0,368.0,1.0
2189,29.0,162.0,1.0
2190,105.0,251.0,1.0
2191,203.0,291.0,1.0
2192,226.0,189.0,1.0
2193,225.0,59.0,1.0
2194,123.0,145.0,1.0
2195,224.0,465.0,1.0
2196,102.0,66.0,1.0
2197,213.0,349.0,1.0
2198,53.0,447.0,1.0
2199,228.0,404.0,1.0
2200,96.0,382.0,1.0
2201,261.0,330.0,1.0
2202,223.0,135.0,1.0
2203,74.0,91.0,1.0
2204,81.0,131.0,1.0
2205,104.0,143.0,1.0
2206,141.0,178.0,1.0
2207,209.0,544.0,1.0
2208,175.0,111.0,1.0
2209,139.0,400.0,1.0
2210,82.0,77.0,1.0
2211,191.0,158.0,1.0
2212,162.0,328.0,1.0
2213,203.0,99.0,1.0
2214,8.0,31.0,1.0
2215,258.0,144.0,1.0
2216,122.0,478.0,1.0
2217,210.0,426.0,1.0
2218,180.0,236.0,1.0
2219,82.0,244.0,1.0
2220,263.0,337.0,1.0
2221,35.0,13.0,1.0
2222,223.0,89.0,1.0
2223,185.0,201.0,1.0
2224,16.0,130.0,1.0
2225,266.0,396.0,1.0
2226,1.0,36.0,1.0
2227,224.0,325.0,1.0
2228,206.0,386.0,1.0
2229,86.0,499.0,1.0
2230,102.0,429.0,1.0
2231,228.0,65.0,1.0
2232,51.0,354.0,1.0
2233,108.0,332.0,1.0
2234,183.0,284.0,1.0
2235,17.0,401.0,1.0
2236,90.0,256.0,1.0
2237,45.0,398.0,1.0
2238,16.0,215.0,1.0
2239,175.0,578.0,1.0
2240,228.0,106.0,1.0
2241,108.0,261.0,1.0
2242,152.0,369.0,1.0
2243,107.0,407.0,1.0
2244,94.0,209.0,1.0
2245,201.0,412.0,1.0
2246,223.0,209.0,1.0
2247,115.0,10.0,1.0
2248,135.0,256.0,1.0
2249,56.0,12.0,1.0
2250,53.0,239.0,1.0
2251,181.0,408.0,1.0
2252,234.0,223.0,1.0
2253,246.0,183.0,1.0
2254,39.0,398.0,1.0
2255,193.0,251.0,1.0
2256,261.0,561.0,1.0
2257,52.0,180.0,1.0
2258,191.0,378.0,1.0
2259,53.0,197.0,1.0
2260,84.0,579.0,1.0
2261,203.0,204.0,1.0
2262,153.0,369.0,1.0
2263,265.0,79.0,1.0
2264,102.0,79.0,1.0
2265,114.0,85.0,1.0
2266,96.0,523.0,1.0
2267,149.0,442.0,1.0
2268,75.0,9.0,1.0
2269,139.0,404.0,1.0
2270,178.0,38.0,1.0
2271,207.0,305.0,1.0
2272,82.0,330.0,1.0
2273,132.0,69.0,1.0
2274,183.0,486.0,1.0
2275,74.0,423.0,1.0
2276,52.0,136.0,1.0
2277,250.0,36.0,1.0
2278,181.0,36.0,1.0
2279,156.0,465.0,1.0
2280,234.0,141.0,1.0
2281,85.0,119.0,1.0
2282,121.0,78.0,1.0
2283,257.0,124.0,1.0
2284,75.0,37.0,1.0
2285,164.0,95.0,1.0
2286,228.0,75.0,1.0
2287,53.0,126.0,1.0
2288,79.0,26.0,1.0
2289,55.0,194.0,1.0
2290,163.0,110.0,1.0
2291,83.0,81.0,1.0
2292,114.0,146.0,1.0
2293,62.0,560.0,1.0
2294,33.0,124.0,1.0
2295,223.0,61.0,1.0
2296,114.0,585.0,1.0
2297,227.0,252.0,1.0
2298,90.0,78.0,1.0
2299,257.0,77.0,1.0
2300,103.0,191.0,1.0
2301,60.0,467.0,1.0
2302,234.0,26.0,1.0
2303,223.0,173.0,1.0
2304,126.0,135.0,1.0
2305,98.0,501.0,1.0
2306,105.0,459.0,1.0
2307,136.0,280.0,1.0
2308,74.0,398.0,1.0
2309,129.0,407.0,1.0
2310,135.0,91.0,1.0
2311,49.0,20.0,1.0
2312,113.0,35.0,1.0
2313,82.0,83.0,1.0
2314,226.0,511.0,1.0
2315,13.0,335.0,1.0
2316,230.0,207.0,1.0
2317,16.0,371.0,1.0
2318,176.0,100.0,1.0
2319,105.0,454.0,1.0
2320,147.0,502.0,1.0
2321,12.0,128.0,1.0
2322,84.0,28.0,1.0
2323,214.0,122.0,1.0
2324,179.0,92.0,1.0
2325,148.0,408.0,1.0
2326,42.0,284.0,1.0
2327,109.0,86.0,1.0
2328,168.0,118.0,1.0
2329,205.0,201.0,1.0
2330,87.0,283.0,1.0
2331,63.0,415.0,1.0
2332,181.0,134.0,1.0
2333,189.0,310.0,1.0
2334,87.0,209.0,1.0
2335,165.0,167.0,1.0
2336,160.0,81.0,1.0
2337,91.0,462.0,1.0
2338,169.0,241.0,1.0
2339,207.0,346.0,1.0
2340,88.0,195.0,1.0
2341,89.0,466.0,1.0
2342,10.0,113.0,1.0
2343,232.0,39.0,1.0
2344,116.0,553.0,1.0
2345,160.0,103.0,1.0
2346,149.0,336.0,1.0
2347,178.0,256.0,1.0
2348,242.0,35.0,1.0
2349,57.0,439.0,1.0
2350,37.0,50.0,1.0
2351,178.0,5.0,1.0
2352,82.0,104.0,1.0
2353,57.0,91.0,1.0
2354,1.0,42.0,1.0
2355,237.0,150.0,1.0
2356,85.0,304.0,1.0
2357,65.0,5.0,1.0
2358,9.0,58.0,1.0
2359,70.0,12.0,1.0
2360,61.0,286.0,1.0
2361,91.0,273.0,1.0
2362,150.0,32.0,1.0
2363,56.0,420.0,1.0
2364,163.0,242.0,1.0
2365,103.0,194.0,1.0
2366,165.0,326.0,1.0
2367,156.0,496.0,1.0
2368,224.0,19.0,1.0
2369,117.0,238.0,1.0
2370,214.0,206.0,1.0
2371,247.0,44.0,1.0
2372,183.0,507.0,1.0
2373,26.0,181.0,1.0
2374,153.0,204.0,1.0
2375,192.0,244.0,1.0
2376,8.0,244.0,1.0
2377,87.0,77.0,1.0
2378,3.0,140.0,1.0
2379,144.0,148.0,1.0
2380,199.0,491.0,1.0
2381,155.0,118.0,1.0
2382,56.0,125.0,1.0
2383,224.0,27.0,1.0
2384,177.0,350.0,1.0
2385,101.0,195.0,1.0
2386,149.0,72.0,1.0
2387,187.0,286.0,1.0
2388,217.0,241.0,1.0
2389,211.0,191.0,1.0
2390,6.0,7.0,1.0
2391,126.0,221.0,1.0
2392,117.0,289.0,1.0
2393,268.0,100.0,1.0
2394,102.0,259.0,1.0
2395,149.0,418.0,1.0
2396,102.0,115.0,1.0
2397,7.0,103.0,1.0
2398,262.0,57.0,1.0
2399,51.0,429.0,1.0
2400,73.0,113.0,1.0
2401,189.0,203.0,1.0
2402,207.0,146.0,1.0
2403,135.0,575.0,1.0
2404,223.0,197.0,1.0
2405,176.0,504.0,1.0
2406,157.0,126.0,1.0
2407,44.0,107.0,1.0
2408,46.0,498.0,1.0
2409,261.0,116.0,1.0
2410,128.0,147.0,1.0
2411,98.0,145.0,1.0
2412,71.0,394.0,1.0
2413,207.0,321.0,1.0
2414,65.0,138.0,1.0
2415,67.0,576.0,1.0
2416,11.0,295.0,1.0
2417,266.0,130.0,1.0
2418,203.0,88.0,1.0
2419,115.0,597.0,1.0
2420,87.0,191.0,1.0
2421,116.0,10.0,1.0
2422,177.0,196.0,1.0
2423,178.0,169.0,1.0
2424,259.0,314.0,1.0
2425,230.0,216.0,1.0
2426,105.0,465.0,1.0
2427,84.0,62.0,1.0
2428,130.0,273.0,1.0
2429,103.0,103.0,1.0
2430,166.0,399.0,1.0
2431,141.0,120.0,1.0
2432,33.0,113.0,1.0
2433,137.0,35.0,1.0
2434,26.0,208.0,1.0
2435,162.0,243.0,1.0
2436,127.0,260.0,1.0
2437,165.0,239.0,1.0
2438,250.0,111.0,1.0
2439,219.0,191.0,1.0
2440,173.0,524.0,1.0
2441,28.0,34.0,1.0
2442,0.0,15.0,1.0
2443,191.0,314.0,1.0
2444,60.0,125.0,1.0
2445,60.0,113.0,1.0
2446,126.0,185.0,1.0
2447,109.0,226.0,1.0
2448,19.0,114.0,1.0
2449,152.0,44.0,1.0
2450,35.0,20.0,1.0
2451,178.0,457.0,1.0
2452,30.0,120.0,1.0
2453,182.0,316.0,1.0
2454,178.0,208.0,1.0
2455,223.0,571.0,1.0
2456,75.0,191.0,1.0
2457,214.0,240.0,1.0
2458,178.0,407.0,1.0
2459,223.0,309.0,1.0
2460,105.0,351.0,1.0
2461,72.0,121.0,1.0
2462,181.0,404.0,1.0
2463,195.0,195.0,1.0
2464,52.0,245.0,1.0
2465,79.0,492.0,1.0
2466,211.0,157.0,1.0
2467,81.0,473.0,1.0
2468,153.0,199.0,1.0
2469,199.0,236.0,1.0
2470,129.0,191.0,1.0
2471,227.0,61.0,1.0
2472,175.0,50.0,1.0
2473,249.0,90.0,1.0
2474,203.0,0.0,1.0
2475,45.0,206.0,1.0
2476,82.0,117.0,1.0
2477,67.0,321.0,1.0
2478,126.0,47.0,1.0
2479,220.0,201.0,1.0
2480,104.0,313.0,1.0
2481,132.0,223.0,1.0
2482,90.0,196.0,1.0
2483,232.0,178.0,1.0
2484,136.0,32.0,1.0
2485,186.0,0.0,1.0
2486,242.0,398.0,1.0
2487,222.0,122.0,1.0
2488,42.0,214.0,1.0
2489,248.0,2.0,1.0
2490,183.0,181.0,1.0
2491,8.0,74.0,1.0
2492,60.0,24.0,1.0
2493,202.0,63.0,1.0
2494,250.0,464.0,1.0
2495,198.0,61.0,1.0
2496,143.0,567.0,1.0
2497,96.0,226.0,1.0
2498,1.0,34.0,1.0
2499,78.0,205.0,1.0
2500,182.0,199.0,1.0
2501,242.0,103.0,1.0
2502,81.0,471.0,1.0
2503,226.0,463.0,1.0
2504,108.0,62.0,1.0
2505,158.0,202.0,1.0
2506,183.0,97.0,1.0
2507,105.0,410.0,1.0
2508,75.0,356.0,1.0
2509,164.0,145.0,1.0
2510,211.0,319.0,1.0
2511,158.0,10.0,1.0
2512,160.0,147.0,1.0
2513,264.0,128.0,1.0
2514,178.0,398.0,1.0
2515,185.0,563.0,1.0
2516,177.0,68.0,1.0
2517,135.0,327.0,1.0
2518,223.0,337.0,1.0
2519,207.0,512.0,1.0
2520,17.0,219.0,1.0
2521,226.0,146.0,1.0
2522,39.0,146.0,1.0
2523,164.0,583.0,1.0
2524,10.0,296.0,1.0
2525,17.0,309.0,1.0
2526,123.0,226.0,1.0
2527,97.0,124.0,1.0
2528,31.0,201.0,1.0
2529,149.0,380.0,1.0
2530,47.0,120.0,1.0
2531,261.0,272.0,1.0
2532,178.0,216.0,1.0
2533,229.0,47.0,1.0
2534,177.0,427.0,1.0
2535,65.0,80.0,1.0
2536,84.0,365.0,1.0
2537,150.0,506.0,1.0
2538,175.0,180.0,1.0
2539,128.0,276.0,1.0
2540,262.0,300.0,1.0
2541,190.0,409.0,1.0
2542,90.0,40.0,1.0
2543,226.0,520.0,1.0
2544,62.0,282.0,1.0
2545,58.0,314.0,1.0
2546,52.0,496.0,1.0
2547,74.0,51.0,1.0
2548,225.0,343.0,1.0
2549,160.0,291.0,1.0
2550,137.0,11.0,1.0
2551,56.0,247.0,1.0
2552,67.0,74.0,1.0
2553,2.0,97.0,1.0
2554,39.0,118.0,1.0
2555,182.0,50.0,1.0
2556,178.0,185.0,1.0
2557,199.0,36.0,1.0
2558,226.0,308.0,1.0
2559,51.0,149.0,1.0
2560,259.0,143.0,1.0
2561,244.0,420.0,1.0
2562,26.0,252.0,1.0
2563,11.0,315.0,1.0
2564,149.0,216.0,1.0
2565,212.0,379.0,1.0
2566,214.0,21.0,1.0
2567,81.0,230.0,1.0
2568,124.0,83.0,1.0
2569,177.0,441.0,1.0
2570,117.0,532.0,1.0
2571,31.0,230.0,1.0
2572,57.0,57.0,1.0
2573,11.0,136.0,1.0
2574,64.0,326.0,1.0
2575,104.0,510.0,1.0
2576,29.0,52.0,1.0
2577,56.0,223.0,1.0
2578,63.0,393.0,1.0
2579,53.0,138.0,1.0
2580,211.0,311.0,1.0
2581,258.0,243.0,1.0
2582,250.0,39.0,1.0
2583,264.0,356.0,1.0
2584,165.0,100.0,1.0
2585,107.0,216.0,1.0
2586,17.0,91.0,1.0
2587,116.0,118.0,1.0
2588,90.0,89.0,1.0
2589,205.0,532.0,1.0
2590,128.0,246.0,1.0
2591,117.0,564.0,1.0
2592,107.0,59.0,1.0
2593,89.0,177.0,1.0
2594,145.0,221.0,1.0
2595,102.0,293.0,1.0
2596,48.0,146.0,1.0
2597,44.0,454.0,1.0
2598,82.0,426.0,1.0
2599,67.0,51.0,1.0
2600,82.0,493.0,1.0
2601,181.0,556.0,1.0
2602,71.0,18.0,1.0
2603,51.0,203.0,1.0
2604,75.0,80.0,1.0
2605,178.0,96.0,1.0
2606,197.0,380.0,1.0
2607,155.0,503.0,1.0
2608,248.0,446.0,1.0
2609,191.0,226.0,1.0
2610,234.0,57.0,1.0
2611,80.0,47.0,1.0
2612,49.0,89.0,1.0
2613,132.0,344.0,1.0
2614,17.0,379.0,1.0
2615,147.0,182.0,1.0
2616,163.0,100.0,1.0
2617,242.0,299.0,1.0
2618,145.0,116.0,1.0
2619,73.0,218.0,1.0
2620,195.0,119.0,1.0
2621,84.0,509.0,1.0
2622,250.0,42.0,1.0
2623,187.0,378.0,1.0
2624,71.0,398.0,1.0
2625,224.0,219.0,1.0
2626,181.0,471.0,1.0
2627,1.0,30.0,1.0
2628,177.0,236.0,1.0
2629,182.0,133.0,1.0
2630,154.0,553.0,1.0
2631,158.0,257.0,1.0
2632,27.0,59.0,1.0
2633,209.0,119.0,1.0
2634,189.0,10.0,1.0
2635,257.0,48.0,1.0
2636,132.0,50.0,1.0
2637,231.0,449.0,1.0
2638,232.0,44.0,1.0
2639,102.0,93.0,1.0
2640,202.0,95.0,1.0
2641,182.0,172.0,1.0
2642,9.0,279.0,1.0
2643,141.0,298.0,1.0
2644,195.0,220.0,1.0
2645,103.0,59.0,1.0
2646,234.0,309.0,1.0
2647,193.0,532.0,1.0
2648,224.0,129.0,1.0
2649,108.0,315.0,1.0
2650,250.0,43.0,1.0
2651,248.0,17.0,1.0
2652,101.0,77.0,1.0
2653,217.0,314.0,1.0
2654,218.0,153.0,1.0
2655,88.0,368.0,1.0
2656,185.0,70.0,1.0
2657,156.0,505.0,1.0
2658,234.0,224.0,1.0
2659,189.0,68.0,1.0
2660,5.0,212.0,1.0
2661,181.0,10.0,1.0
2662,126.0,206.0,1.0
2663,247.0,47.0,1.0
2664,85.0,591.0,1.0
2665,100.0,209.0,1.0
2666,90.0,282.0,1.0
2667,74.0,133.0,1.0
2668,7.0,58.0,1.0
2669,42.0,12.0,1.0
2670,89.0,252.0,1.0
2671,56.0,136.0,1.0
2672,259.0,191.0,1.0
2673,178.0,32.0,1.0
2674,261.0,167.0,1.0
2675,258.0,484.0,1.0
2676,89.0,10.0,1.0
2677,44.0,59.0,1.0
2678,44.0,150.0,1.0
2679,229.0,120.0,1.0
2680,225.0,313.0,1.0
2681,13.0,35.0,1.0
2682,99.0,437.0,1.0
2683,69.0,399.0,1.0
2684,82.0,245.0,1.0
2685,78.0,148.0,1.0
2686,233.0,397.0,1.0
2687,101.0,10.0,1.0
2688,233.0,93.0,1.0
2689,90.0,374.0,1.0
2690,205.0,164.0,1.0
2691,183.0,146.0,1.0
2692,244.0,133.0,1.0
2693,183.0,38.0,1.0
2694,116.0,103.0,1.0
2695,178.0,371.0,1.0
2696,127.0,172.0,1.0
2697,116.0,96.0,1.0
2698,165.0,45.0,1.0
2699,56.0,386.0,1.0
2700,75.0,43.0,1.0
2701,2.0,133.0,1.0
2702,87.0,64.0,1.0
2703,64.0,58.0,1.0
2704,150.0,245.0,1.0
2705,148.0,251.0,1.0
2706,215.0,482.0,1.0
2707,49.0,223.0,1.0
2708,175.0,303.0,1.0
2709,57.0,107.0,1.0
2710,17.0,304.0,1.0
2711,180.0,253.0,1.0
2712,31.0,50.0,1.0
2713,88.0,128.0,1.0
2714,81.0,86.0,1.0
2715,194.0,100.0,1.0
2716,229.0,66.0,1.0
2717,186.0,421.0,1.0
2718,74.0,36.0,1.0
2719,82.0,230.0,1.0
2720,168.0,52.0,1.0
2721,205.0,236.0,1.0
2722,230.0,576.0,1.0
2723,82.0,321.0,1.0
2724,117.0,280.0,1.0
2725,28.0,27.0,1.0
2726,156.0,412.0,1.0
2727,103.0,10.0,1.0
2728,163.0,47.0,1.0
2729,211.0,428.0,1.0
2730,205.0,527.0,1.0
2731,37.0,458.0,1.0
2732,116.0,357.0,1.0
2733,158.0,557.0,1.0
2734,56.0,544.0,1.0
2735,98.0,456.0,1.0
2736,203.0,432.0,1.0
2737,82.0,168.0,1.0
2738,82.0,146.0,1.0
2739,248.0,275.0,1.0
2740,175.0,147.0,1.0
2741,178.0,363.0,1.0
2742,168.0,109.0,1.0
2743,56.0,413.0,1.0
2744,87.0,271.0,1.0
2745,214.0,24.0,1.0
2746,106.0,240.0,1.0
2747,245.0,0.0,1.0
2748,205.0,69.0,1.0
2749,245.0,195.0,1.0
2750,218.0,169.0,1.0
2751,64.0,247.0,1.0
2752,87.0,419.0,1.0
2753,264.0,20.0,1.0
2754,56.0,437.0,1.0
2755,82.0,317.0,1.0
2756,117.0,471.0,1.0
2757,71.0,409.0,1.0
2758,200.0,34.0,1.0
2759,84.0,326.0,1.0
2760,232.0,88.0,1.0
2761,85.0,388.0,1.0
2762,233.0,495.0,1.0
2763,60.0,31.0,1.0
2764,102.0,370.0,1.0
2765,164.0,27.0,1.0
2766,65.0,511.0,1.0
2767,116.0,37.0,1.0
2768,225.0,248.0,1.0
2769,264.0,297.0,1.0
2770,223.0,222.0,1.0
2771,250.0,59.0,1.0
2772,81.0,310.0,1.0
2773,71.0,111.0,1.0
2774,43.0,44.0,1.0
2775,50.0,508.0,1.0
2776,47.0,499.0,1.0
2777,153.0,399.0,1.0
2778,2.0,123.0,1.0
2779,52.0,0.0,1.0
2780,65.0,251.0,1.0
2781,42.0,195.0,1.0
2782,246.0,252.0,1.0
2783,162.0,322.0,1.0
2784,191.0,47.0,1.0
2785,99.0,39.0,1.0
2786,60.0,365.0,1.0
2787,75.0,230.0,1.0
2788,64.0,318.0,1.0
2789,6.0,232.0,1.0
2790,15.0,59.0,1.0
2791,86.0,89.0,1.0
2792,223.0,34.0,1.0
2793,56.0,482.0,1.0
2794,82.0,324.0,1.0
2795,2.0,132.0,1.0
2796,82.0,38.0,1.0
2797,87.0,395.0,1.0
2798,32.0,121.0,1.0
2799,212.0,202.0,1.0
2800,182.0,594.0,1.0
2801,31.0,147.0,1.0
2802,53.0,92.0,1.0
2803,16.0,120.0,1.0
2804,105.0,258.0,1.0
2805,164.0,436.0,1.0
2806,62.0,351.0,1.0
2807,149.0,485.0,1.0
2808,2.0,135.0,1.0
2809,114.0,84.0,1.0
2810,126.0,1.0,1.0
2811,147.0,448.0,1.0
2812,52.0,516.0,1.0
2813,189.0,92.0,1.0
2814,93.0,117.0,1.0
2815,127.0,47.0,1.0
2816,136.0,433.0,1.0
2817,67.0,50.0,1.0
2818,127.0,64.0,1.0
2819,42.0,216.0,1.0
2820,168.0,250.0,1.0
2821,248.0,102.0,1.0
2822,257.0,514.0,1.0
2823,156.0,398.0,1.0
2824,218.0,37.0,1.0
2825,160.0,236.0,1.0
2826,164.0,53.0,1.0
2827,26.0,313.0,1.0
2828,264.0,35.0,1.0
2829,97.0,406.0,1.0
2830,117.0,230.0,1.0
2831,105.0,499.0,1.0
2832,232.0,274.0,1.0
2833,147.0,230.0,1.0
2834,234.0,218.0,1.0
2835,143.0,125.0,1.0
2836,178.0,352.0,1.0
2837,120.0,207.0,1.0
2838,161.0,334.0,1.0
2839,162.0,293.0,1.0
2840,162.0,339.0,1.0
2841,171.0,378.0,1.0
2842,207.0,66.0,1.0
2843,42.0,138.0,1.0
2844,1.0,50.0,1.0
2845,196.0,118.0,1.0
2846,206.0,425.0,1.0
2847,82.0,272.0,1.0
2848,75.0,179.0,1.0
2849,189.0,245.0,1.0
2850,155.0,226.0,1.0
2851,16.0,357.0,1.0
2852,99.0,542.0,1.0
2853,266.0,0.0,1.0
2854,48.0,261.0,1.0
2855,104.0,496.0,1.0
2856,119.0,206.0,1.0
2857,160.0,498.0,1.0
2858,63.0,59.0,1.0
2859,226.0,58.0,1.0
2860,183.0,594.0,1.0
2861,33.0,66.0,1.0
2862,94.0,45.0,1.0
2863,151.0,111.0,1.0
2864,50.0,395.0,1.0
2865,25.0,103.0,1.0
2866,115.0,100.0,1.0
2867,160.0,220.0,1.0
2868,189.0,104.0,1.0
2869,223.0,565.0,1.0
2870,248.0,95.0,1.0
2871,113.0,59.0,1.0
2872,64.0,566.0,1.0
2873,135.0,382.0,1.0
2874,228.0,22.0,1.0
2875,81.0,206.0,1.0
2876,160.0,164.0,1.0
2877,123.0,112.0,1.0
2878,217.0,100.0,1.0
2879,188.0,262.0,1.0
2880,114.0,54.0,1.0
2881,97.0,195.0,1.0
2882,89.0,121.0,1.0
2883,178.0,157.0,1.0
2884,182.0,51.0,1.0
2885,222.0,550.0,1.0
2886,96.0,62.0,1.0
2887,268.0,90.0,1.0
2888,115.0,467.0,1.0
2889,235.0,28.0,1.0
2890,34.0,116.0,1.0
2891,193.0,45.0,1.0
2892,149.0,365.0,1.0
2893,85.0,50.0,1.0
2894,70.0,382.0,1.0
2895,182.0,474.0,1.0
2896,52.0,305.0,1.0
2897,10.0,228.0,1.0
2898,34.0,300.0,1.0
2899,149.0,66.0,1.0
2900,197.0,178.0,1.0
2901,229.0,77.0,1.0
2902,130.0,420.0,1.0
2903,66.0,544.0,1.0
2904,122.0,337.0,1.0
2905,104.0,424.0,1.0
2906,202.0,50.0,1.0
2907,149.0,457.0,1.0
2908,8.0,146.0,1.0
2909,153.0,234.0,1.0
2910,65.0,125.0,1.0
2911,51.0,247.0,1.0
2912,18.0,134.0,1.0
2913,24.0,253.0,1.0
2914,5.0,68.0,1.0
2915,89.0,534.0,1.0
2916,250.0,547.0,1.0
2917,69.0,170.0,1.0
2918,158.0,320.0,1.0
2919,121.0,119.0,1.0
2920,206.0,116.0,1.0
2921,19.0,239.0,1.0
2922,65.0,192.0,1.0
2923,56.0,97.0,1.0
2924,204.0,179.0,1.0
2925,210.0,66.0,1.0
2926,144.0,87.0,1.0
2927,89.0,257.0,1.0
2928,130.0,194.0,1.0
2929,149.0,547.0,1.0
2930,74.0,534.0,1.0
2931,192.0,156.0,1.0
2932,85.0,594.0,1.0
2933,160.0,378.0,1.0
2934,182.0,146.0,1.0
2935,116.0,269.0,1.0
2936,165.0,205.0,1.0
2937,83.0,120.0,1.0
2938,122.0,263.0,1.0
2939,202.0,136.0,1.0
2940,232.0,58.0,1.0
2941,68.0,443.0,1.0
2942,214.0,216.0,1.0
2943,90.0,36.0,1.0
2944,183.0,147.0,1.0
2945,248.0,202.0,1.0
2946,93.0,87.0,1.0
2947,42.0,219.0,1.0
2948,148.0,22.0,1.0
2949,223.0,543.0,1.0
2950,82.0,470.0,1.0
2951,35.0,60.0,1.0
2952,224.0,501.0,1.0
2953,234.0,588.0,1.0
2954,178.0,566.0,1.0
2955,180.0,326.0,1.0
2956,122.0,27.0,1.0
2957,89.0,116.0,1.0
2958,97.0,466.0,1.0
2959,79.0,157.0,1.0
2960,135.0,219.0,1.0
2961,108.0,561.0,1.0
2962,149.0,341.0,1.0
2963,59.0,190.0,1.0
2964,264.0,595.0,1.0
2965,256.0,372.0,1.0
2966,148.0,527.0,1.0
2967,129.0,14.0,1.0
2968,33.0,120.0,1.0
2969,183.0,245.0,1.0
2970,69.0,512.0,1.0
2971,128.0,18.0,1.0
2972,162.0,241.0,1.0
2973,191.0,36.0,1.0
2974,256.0,225.0,1.0
2975,224.0,143.0,1.0
2976,77.0,58.0,1.0
2977,168.0,218.0,1.0
2978,82.0,246.0,1.0
2979,265.0,10.0,1.0
2980,202.0,93.0,1.0
2981,189.0,47.0,1.0
2982,99.0,117.0,1.0
2983,113.0,146.0,1.0
2984,67.0,104.0,1.0
2985,128.0,378.0,1.0
2986,247.0,70.0,1.0
2987,160.0,272.0,1.0
2988,69.0,230.0,1.0
2989,191.0,213.0,1.0
2990,179.0,185.0,1.0
2991,89.0,214.0,1.0
2992,183.0,308.0,1.0
2993,228.0,409.0,1.0
2994,177.0,346.0,1.0
2995,77.0,117.0,1.0
2996,248.0,366.0,1.0
2997,207.0,61.0,1.0
2998,6.0,230.0,1.0
2999,193.0,394.0,1.0
3000,12.0,120.0,1.0
3001,130.0,254.0,1.0
3002,44.0,47.0,1.0
3003,154.0,9.0,1.0
3004,81.0,241.0,1.0
3005,83.0,70.0,1.0
3006,183.0,300.0,1.0
3007,215.0,80.0,1.0
3008,223.0,564.0,1.0
3009,100.0,91.0,1.0
3010,193.0,541.0,1.0
3011,92.0,20.0,1.0
3012,144.0,5.0,1.0
3013,178.0,527.0,1.0
3014,189.0,118.0,1.0
3015,160.0,482.0,1.0
3016,219.0,207.0,1.0
3017,104.0,178.0,1.0
3018,209.0,35.0,1.0
3019,75.0,459.0,1.0
3020,142.0,209.0,1.0
3021,158.0,107.0,1.0
3022,205.0,257.0,1.0
3023,73.0,116.0,1.0
3024,194.0,195.0,1.0
3025,70.0,255.0,1.0
3026,71.0,14.0,1.0
3027,11.0,314.0,1.0
3028,52.0,282.0,1.0
3029,214.0,523.0,1.0
3030,97.0,223.0,1.0
3031,164.0,138.0,1.0
3032,97.0,398.0,1.0
3033,250.0,343.0,1.0
3034,90.0,120.0,1.0
3035,87.0,358.0,1.0
3036,118.0,214.0,1.0
3037,197.0,214.0,1.0
3038,256.0,224.0,1.0
3039,94.0,146.0,1.0
3040,31.0,265.0,1.0
3041,85.0,595.0,1.0
3042,13.0,86.0,1.0
3043,108.0,146.0,1.0
3044,106.0,506.0,1.0
3045,69.0,260.0,1.0
3046,223.0,510.0,1.0
3047,185.0,228.0,1.0
3048,263.0,27.0,1.0
3049,104.0,282.0,1.0
3050,56.0,116.0,1.0
3051,100.0,44.0,1.0
3052,82.0,207.0,1.0
3053,84.0,589.0,1.0
3054,56.0,271.0,1.0
3055,72.0,292.0,1.0
3056,126.0,200.0,1.0
3057,168.0,260.0,1.0
3058,261.0,39.0,1.0
3059,147.0,346.0,1.0
3060,117.0,146.0,1.0
3061,120.0,1.0,1.0
3062,57.0,421.0,1.0
3063,248.0,282.0,1.0
3064,82.0,354.0,1.0
3065,136.0,47.0,1.0
3066,65.0,411.0,1.0
3067,185.0,39.0,1.0
3068,250.0,87.0,1.0
3069,104.0,347.0,1.0
3070,11.0,36.0,1.0
3071,31.0,35.0,1.0
3072,148.0,81.0,1.0
3073,263.0,161.0,1.0
3074,164.0,314.0,1.0
3075,227.0,95.0,1.0
3076,220.0,323.0,1.0
3077,121.0,179.0,1.0
3078,130.0,54.0,1.0
3079,117.0,120.0,1.0
3080,51.0,520.0,1.0
3081,264.0,252.0,1.0
3082,211.0,266.0,1.0
3083,49.0,379.0,1.0
3084,57.0,47.0,1.0
3085,196.0,328.0,1.0
3086,191.0,120.0,1.0
3087,68.0,146.0,1.0
3088,102.0,27.0,1.0
3089,175.0,161.0,1.0
3090,121.0,351.0,1.0
3091,165.0,237.0,1.0
3092,93.0,191.0,1.0
3093,105.0,420.0,1.0
3094,242.0,191.0,1.0
3095,16.0,49.0,1.0
3096,187.0,202.0,1.0
3097,267.0,21.0,1.0
3098,96.0,262.0,1.0
3099,261.0,59.0,1.0
3100,150.0,191.0,1.0
3101,208.0,199.0,1.0
3102,197.0,570.0,1.0
3103,189.0,121.0,1.0
3104,78.0,534.0,1.0
3105,262.0,318.0,1.0
3106,72.0,222.0,1.0
3107,51.0,190.0,1.0
3108,227.0,392.0,1.0
3109,181.0,26.0,1.0
3110,85.0,194.0,1.0
3111,63.0,417.0,1.0
3112,168.0,197.0,1.0
3113,52.0,77.0,1.0
3114,264.0,120.0,1.0
3115,109.0,261.0,1.0
3116,132.0,109.0,1.0
3117,139.0,0.0,1.0
3118,44.0,469.0,1.0
3119,175.0,259.0,1.0
3120,95.0,233.0,1.0
3121,144.0,566.0,1.0
3122,90.0,346.0,1.0
3123,92.0,524.0,1.0
3124,225.0,80.0,1.0
3125,109.0,44.0,1.0
3126,81.0,401.0,1.0
3127,130.0,367.0,1.0
3128,226.0,64.0,1.0
3129,193.0,194.0,1.0
3130,78.0,117.0,1.0
3131,1.0,54.0,1.0
3132,4.0,172.0,1.0
3133,51.0,83.0,1.0
3134,200.0,336.0,1.0
3135,12.0,320.0,1.0
3136,224.0,149.0,1.0
3137,69.0,146.0,1.0
3138,29.0,194.0,1.0
3139,10.0,44.0,1.0
3140,78.0,342.0,1.0
3141,165.0,47.0,1.0
3142,175.0,222.0,1.0
3143,67.0,424.0,1.0
3144,138.0,333.0,1.0
3145,153.0,438.0,1.0
3146,52.0,12.0,1.0
3147,258.0,104.0,1.0
3148,222.0,38.0,1.0
3149,65.0,89.0,1.0
3150,94.0,523.0,1.0
3151,96.0,153.0,1.0
3152,130.0,18.0,1.0
3153,164.0,37.0,1.0
3154,218.0,39.0,1.0
3155,147.0,521.0,1.0
3156,168.0,487.0,1.0
3157,103.0,509.0,1.0
3158,262.0,500.0,1.0
3159,102.0,420.0,1.0
3160,223.0,558.0,1.0
3161,203.0,66.0,1.0
3162,56.0,408.0,1.0
3163,186.0,159.0,1.0
3164,94.0,89.0,1.0
3165,42.0,179.0,1.0
3166,85.0,279.0,1.0
3167,145.0,414.0,1.0
3168,17.0,5.0,1.0
3169,69.0,44.0,1.0
3170,24.0,428.0,1.0
3171,210.0,358.0,1.0
3172,212.0,267.0,1.0
3173,124.0,287.0,1.0
3174,145.0,470.0,1.0
3175,84.0,36.0,1.0
3176,130.0,282.0,1.0
3177,128.0,527.0,1.0
3178,175.0,352.0,1.0
3179,156.0,266.0,1.0
3180,193.0,399.0,1.0
3181,218.0,35.0,1.0
3182,230.0,32.0,1.0
3183,183.0,73.0,1.0
3184,248.0,64.0,1.0
3185,248.0,59.0,1.0
3186,159.0,382.0,1.0
3187,226.0,27.0,1.0
3188,94.0,511.0,1.0
3189,113.0,126.0,1.0
3190,150.0,404.0,1.0
3191,39.0,315.0,1.0
3192,160.0,315.0,1.0
3193,233.0,85.0,1.0
3194,155.0,19.0,1.0
3195,115.0,205.0,1.0
3196,129.0,201.0,1.0
3197,32.0,12.0,1.0
3198,18.0,155.0,1.0
3199,81.0,321.0,1.0
3200,170.0,213.0,1.0
3201,193.0,388.0,1.0
3202,186.0,31.0,1.0
3203,65.0,191.0,1.0
3204,71.0,467.0,1.0
3205,261.0,138.0,1.0
3206,4.0,173.0,1.0
3207,219.0,216.0,1.0
3208,51.0,153.0,1.0
3209,51.0,121.0,1.0
3210,102.0,140.0,1.0
3211,82.0,334.0,1.0
3212,126.0,189.0,1.0
3213,89.0,47.0,1.0
3214,2.0,26.0,1.0
3215,233.0,118.0,1.0
3216,108.0,177.0,1.0
3217,224.0,184.0,1.0
3218,161.0,92.0,1.0
3219,193.0,50.0,1.0
3220,248.0,104.0,1.0
3221,266.0,310.0,1.0
3222,102.0,356.0,1.0
3223,165.0,251.0,1.0
3224,229.0,81.0,1.0
3225,131.0,177.0,1.0
3226,32.0,262.0,1.0
3227,107.0,7.0,1.0
3228,218.0,593.0,1.0
3229,115.0,398.0,1.0
3230,88.0,103.0,1.0
3231,223.0,131.0,1.0
3232,130.0,556.0,1.0
3233,56.0,534.0,1.0
3234,85.0,345.0,1.0
3235,117.0,130.0,1.0
3236,67.0,11.0,1.0
3237,128.0,554.0,1.0
3238,223.0,251.0,1.0
3239,239.0,10.0,1.0
3240,71.0,402.0,1.0
3241,156.0,12.0,1.0
3242,223.0,527.0,1.0
3243,147.0,241.0,1.0
3244,262.0,457.0,1.0
3245,233.0,120.0,1.0
3246,181.0,143.0,1.0
3247,130.0,491.0,1.0
3248,259.0,583.0,1.0
3249,43.0,126.0,1.0
3250,7.0,36.0,1.0
3251,97.0,66.0,1.0
3252,118.0,10.0,1.0
3253,79.0,407.0,1.0
3254,106.0,320.0,1.0
3255,259.0,87.0,1.0
3256,85.0,164.0,1.0
3257,129.0,131.0,1.0
3258,39.0,12.0,1.0
3259,182.0,150.0,1.0
3260,145.0,109.0,1.0
3261,205.0,272.0,1.0
3262,74.0,583.0,1.0
3263,126.0,516.0,1.0
3264,223.0,416.0,1.0
3265,121.0,73.0,1.0
3266,199.0,260.0,1.0
3267,158.0,400.0,1.0
3268,45.0,190.0,1.0
3269,123.0,31.0,1.0
3270,142.0,202.0,1.0
3271,160.0,211.0,1.0
3272,129.0,223.0,1.0
3273,69.0,3.0,1.0
3274,59.0,406.0,1.0
3275,168.0,494.0,1.0
3276,159.0,47.0,1.0
3277,89.0,22.0,1.0
3278,205.0,196.0,1.0
3279,208.0,252.0,1.0
3280,203.0,583.0,1.0
3281,86.0,223.0,1.0
3282,248.0,269.0,1.0
3283,95.0,84.0,1.0
3284,129.0,377.0,1.0
3285,227.0,343.0,1.0
3286,143.0,234.0,1.0
3287,53.0,125.0,1.0
3288,31.0,275.0,1.0
3289,88.0,202.0,1.0
3290,130.0,576.0,1.0
3291,56.0,146.0,1.0
3292,112.0,218.0,1.0
3293,256.0,416.0,1.0
3294,223.0,411.0,1.0
3295,136.0,89.0,1.0
3296,187.0,203.0,1.0
3297,235.0,571.0,1.0
3298,211.0,50.0,1.0
3299,155.0,51.0,1.0
3300,186.0,47.0,1.0
3301,218.0,438.0,1.0
3302,81.0,22.0,1.0
3303,62.0,257.0,1.0
3304,65.0,384.0,1.0
3305,191.0,583.0,1.0
3306,147.0,181.0,1.0
3307,234.0,434.0,1.0
3308,172.0,120.0,1.0
3309,266.0,379.0,1.0
3310,250.0,251.0,1.0
3311,226.0,111.0,1.0
3312,144.0,558.0,1.0
3313,217.0,36.0,1.0
3314,87.0,27.0,1.0
3315,213.0,411.0,1.0
3316,180.0,367.0,1.0
3317,44.0,351.0,1.0
3318,208.0,99.0,1.0
3319,85.0,10.0,1.0
3320,74.0,302.0,1.0
3321,164.0,31.0,1.0
3322,127.0,138.0,1.0
3323,84.0,306.0,1.0
3324,77.0,78.0,1.0
3325,82.0,519.0,1.0
3326,256.0,10.0,1.0
3327,51.0,127.0,1.0
3328,89.0,113.0,1.0
3329,180.0,532.0,1.0
3330,239.0,121.0,1.0
3331,226.0,595.0,1.0
3332,84.0,15.0,1.0
3333,211.0,59.0,1.0
3334,214.0,330.0,1.0
3335,60.0,472.0,1.0
3336,264.0,568.0,1.0
3337,57.0,58.0,1.0
3338,175.0,116.0,1.0
3339,131.0,424.0,1.0
3340,159.0,111.0,1.0
3341,116.0,550.0,1.0
3342,65.0,169.0,1.0
3343,105.0,93.0,1.0
3344,70.0,236.0,1.0
3345,261.0,128.0,1.0
3346,152.0,31.0,1.0
3347,114.0,545.0,1.0
3348,71.0,103.0,1.0
3349,202.0,52.0,1.0
3350,223.0,103.0,1.0
3351,147.0,550.0,1.0
3352,116.0,441.0,1.0
3353,115.0,374.0,1.0
3354,52.0,280.0,1.0
3355,208.0,229.0,1.0
3356,60.0,515.0,1.0
3357,191.0,240.0,1.0
3358,21.0,120.0,1.0
3359,91.0,305.0,1.0
3360,84.0,556.0,1.0
3361,218.0,89.0,1.0
3362,64.0,260.0,1.0
3363,82.0,105.0,1.0
3364,200.0,172.0,1.0
3365,191.0,293.0,1.0
3366,140.0,218.0,1.0
3367,63.0,35.0,1.0
3368,218.0,113.0,1.0
3369,115.0,136.0,1.0
3370,50.0,66.0,1.0
3371,22.0,288.0,1.0
3372,227.0,226.0,1.0
3373,141.0,9.0,1.0
3374,222.0,241.0,1.0
3375,89.0,74.0,1.0
3376,164.0,117.0,1.0
3377,84.0,288.0,1.0
3378,119.0,48.0,1.0
3379,263.0,113.0,1.0
3380,156.0,185.0,1.0
3381,248.0,51.0,1.0
3382,224.0,191.0,1.0
3383,255.0,236.0,1.0
3384,116.0,246.0,1.0
3385,97.0,150.0,1.0
3386,87.0,439.0,1.0
3387,81.0,405.0,1.0
3388,122.0,165.0,1.0
3389,94.0,505.0,1.0
3390,209.0,179.0,1.0
3391,40.0,293.0,1.0
3392,242.0,375.0,1.0
3393,82.0,412.0,1.0
3394,102.0,41.0,1.0
3395,175.0,9.0,1.0
3396,251.0,23.0,1.0
3397,262.0,572.0,1.0
3398,26.0,204.0,1.0
3399,22.0,47.0,1.0
3400,248.0,589.0,1.0
3401,178.0,39.0,1.0
3402,19.0,146.0,1.0
3403,266.0,569.0,1.0
3404,22.0,321.0,1.0
3405,181.0,111.0,1.0
3406,114.0,492.0,1.0
3407,56.0,533.0,1.0
3408,100.0,112.0,1.0
3409,81.0,467.0,1.0
3410,196.0,155.0,1.0
3411,149.0,333.0,1.0
3412,1.0,76.0,1.0
3413,147.0,301.0,1.0
3414,52.0,202.0,1.0
3415,33.0,334.0,1.0
3416,178.0,192.0,1.0
3417,182.0,274.0,1.0
3418,16.0,157.0,1.0
3419,45.0,490.0,1.0
3420,196.0,186.0,1.0
3421,156.0,143.0,1.0
3422,145.0,100.0,1.0
3423,228.0,68.0,1.0
3424,230.0,323.0,1.0
3425,117.0,223.0,1.0
3426,147.0,64.0,1.0
3427,146.0,532.0,1.0
3428,146.0,1.0,1.0
3429,91.0,100.0,1.0
3430,136.0,104.0,1.0
3431,39.0,83.0,1.0
3432,75.0,220.0,1.0
3433,156.0,107.0,1.0
3434,132.0,230.0,1.0
3435,132.0,379.0,1.0
3436,71.0,66.0,1.0
3437,123.0,256.0,1.0
3438,92.0,529.0,1.0
3439,1.0,57.0,1.0
3440,82.0,6.0,1.0
3441,166.0,117.0,1.0
3442,193.0,135.0,1.0
3443,185.0,266.0,1.0
3444,197.0,515.0,1.0
3445,126.0,386.0,1.0
3446,178.0,573.0,1.0
3447,147.0,69.0,1.0
3448,126.0,45.0,1.0
3449,79.0,47.0,1.0
3450,136.0,229.0,1.0
3451,147.0,20.0,1.0
3452,259.0,153.0,1.0
3453,86.0,59.0,1.0
3454,65.0,196.0,1.0
3455,226.0,18.0,1.0
3456,245.0,404.0,1.0
3457,225.0,259.0,1.0
3458,127.0,496.0,1.0
3459,136.0,311.0,1.0
3460,163.0,31.0,1.0
3461,22.0,156.0,1.0
3462,122.0,205.0,1.0
3463,27.0,1.0,1.0
3464,232.0,252.0,1.0
3465,222.0,313.0,1.0
3466,210.0,413.0,1.0
3467,130.0,15.0,1.0
3468,147.0,29.0,1.0
3469,94.0,36.0,1.0
3470,60.0,186.0,1.0
3471,213.0,424.0,1.0
3472,90.0,39.0,1.0
3473,130.0,202.0,1.0
3474,223.0,511.0,1.0
3475,40.0,468.0,1.0
3476,232.0,85.0,1.0
3477,189.0,185.0,1.0
3478,211.0,31.0,1.0
3479,30.0,447.0,1.0
3480,33.0,90.0,1.0
3481,5.0,206.0,1.0
3482,250.0,228.0,1.0
3483,17.0,411.0,1.0
3484,71.0,416.0,1.0
3485,235.0,47.0,1.0
3486,196.0,22.0,1.0
3487,88.0,382.0,1.0
3488,266.0,416.0,1.0
3489,266.0,229.0,1.0
3490,56.0,348.0,1.0
3491,72.0,327.0,1.0
3492,113.0,66.0,1.0
3493,165.0,58.0,1.0
3494,61.0,50.0,1.0
3495,71.0,208.0,1.0
3496,69.0,185.0,1.0
3497,165.0,273.0,1.0
3498,53.0,525.0,1.0
3499,79.0,49.0,1.0
3500,12.0,317.0,1.0
3501,207.0,269.0,1.0
3502,266.0,393.0,1.0
3503,32.0,118.0,1.0
3504,236.0,243.0,1.0
3505,79.0,464.0,1.0
3506,42.0,77.0,1.0
3507,87.0,275.0,1.0
3508,117.0,206.0,1.0
3509,210.0,412.0,1.0
3510,68.0,80.0,1.0
3511,103.0,439.0,1.0
3512,115.0,388.0,1.0
3513,52.0,47.0,1.0
3514,217.0,287.0,1.0
3515,142.0,66.0,1.0
3516,248.0,261.0,1.0
3517,68.0,215.0,1.0
3518,99.0,472.0,1.0
3519,60.0,217.0,1.0
3520,56.0,44.0,1.0
3521,65.0,319.0,1.0
3522,255.0,70.0,1.0
3523,35.0,120.0,1.0
3524,264.0,166.0,1.0
3525,82.0,260.0,1.0
3526,164.0,146.0,1.0
3527,23.0,251.0,1.0
3528,22.0,347.0,1.0
3529,67.0,179.0,1.0
3530,22.0,311.0,1.0
3531,94.0,91.0,1.0
3532,126.0,216.0,1.0
3533,101.0,434.0,1.0
3534,202.0,452.0,1.0
3535,256.0,189.0,1.0
3536,245.0,375.0,1.0
3537,86.0,467.0,1.0
3538,102.0,219.0,1.0
3539,60.0,92.0,1.0
3540,60.0,229.0,1.0
3541,186.0,430.0,1.0
3542,142.0,100.0,1.0
3543,227.0,309.0,1.0
3544,187.0,491.0,1.0
3545,94.0,512.0,1.0
3546,44.0,201.0,1.0
3547,225.0,58.0,1.0
3548,185.0,112.0,1.0
3549,116.0,145.0,1.0
3550,52.0,31.0,1.0
3551,21.0,424.0,1.0
3552,177.0,181.0,1.0
3553,44.0,309.0,1.0
3554,223.0,404.0,1.0
3555,94.0,25.0,1.0
3556,104.0,20.0,1.0
3557,261.0,168.0,1.0
3558,175.0,169.0,1.0
3559,17.0,89.0,1.0
3560,118.0,464.0,1.0
3561,164.0,235.0,1.0
3562,264.0,162.0,1.0
3563,196.0,204.0,1.0
3564,82.0,532.0,1.0
3565,178.0,135.0,1.0
3566,22.0,31.0,1.0
3567,146.0,269.0,1.0
3568,40.0,316.0,1.0
3569,158.0,141.0,1.0
3570,90.0,172.0,1.0
3571,54.0,261.0,1.0
3572,9.0,37.0,1.0
3573,67.0,138.0,1.0
3574,136.0,274.0,1.0
3575,121.0,331.0,1.0
3576,93.0,45.0,1.0
3577,160.0,9.0,1.0
3578,144.0,534.0,1.0
3579,168.0,106.0,1.0
3580,82.0,247.0,1.0
3581,71.0,218.0,1.0
3582,175.0,326.0,1.0
3583,250.0,282.0,1.0
3584,208.0,305.0,1.0
3585,109.0,65.0,1.0
3586,182.0,81.0,1.0
3587,132.0,351.0,1.0
3588,130.0,484.0,1.0
3589,65.0,435.0,1.0
3590,56.0,250.0,1.0
3591,148.0,385.0,1.0
3592,248.0,92.0,1.0
3593,248.0,301.0,1.0
3594,175.0,199.0,1.0
3595,253.0,263.0,1.0
3596,266.0,407.0,1.0
3597,250.0,121.0,1.0
3598,115.0,410.0,1.0
3599,245.0,112.0,1.0
3600,145.0,126.0,1.0
3601,95.0,252.0,1.0
3602,164.0,190.0,1.0
3603,219.0,150.0,1.0
3604,153.0,31.0,1.0
3605,81.0,205.0,1.0
3606,182.0,584.0,1.0
3607,205.0,235.0,1.0
3608,114.0,73.0,1.0
3609,136.0,0.0,1.0
3610,102.0,65.0,1.0
3611,22.0,168.0,1.0
3612,116.0,437.0,1.0
3613,254.0,415.0,1.0
3614,136.0,92.0,1.0
3615,217.0,404.0,1.0
3616,116.0,121.0,1.0
3617,37.0,120.0,1.0
3618,89.0,202.0,1.0
3619,48.0,305.0,1.0
3620,183.0,517.0,1.0
3621,42.0,59.0,1.0
3622,248.0,69.0,1.0
3623,82.0,453.0,1.0
3624,180.0,215.0,1.0
3625,136.0,501.0,1.0
3626,194.0,193.0,1.0
3627,48.0,502.0,1.0
3628,116.0,111.0,1.0
3629,127.0,89.0,1.0
3630,217.0,156.0,1.0
3631,191.0,153.0,1.0
3632,189.0,280.0,1.0
3633,217.0,12.0,1.0
3634,112.0,147.0,1.0
3635,165.0,114.0,1.0
3636,65.0,146.0,1.0
3637,156.0,456.0,1.0
3638,197.0,6.0,1.0
3639,183.0,51.0,1.0
3640,39.0,229.0,1.0
3641,97.0,220.0,1.0
3642,65.0,66.0,1.0
3643,83.0,143.0,1.0
3644,200.0,365.0,1.0
3645,52.0,197.0,1.0
3646,98.0,126.0,1.0
3647,52.0,257.0,1.0
3648,56.0,438.0,1.0
3649,16.0,64.0,1.0
3650,2.0,93.0,1.0
3651,81.0,26.0,1.0
3652,211.0,161.0,1.0
3653,259.0,124.0,1.0
3654,44.0,491.0,1.0
3655,83.0,48.0,1.0
3656,157.0,129.0,1.0
3657,223.0,419.0,1.0
3658,5.0,117.0,1.0
3659,183.0,305.0,1.0
3660,176.0,204.0,1.0
3661,105.0,398.0,1.0
3662,83.0,116.0,1.0
3663,182.0,379.0,1.0
3664,107.0,132.0,1.0
3665,65.0,569.0,1.0
3666,128.0,164.0,1.0
3667,153.0,310.0,1.0
3668,23.0,253.0,1.0
3669,215.0,204.0,1.0
3670,83.0,245.0,1.0
3671,148.0,38.0,1.0
3672,259.0,557.0,1.0
3673,74.0,222.0,1.0
3674,63.0,416.0,1.0
3675,85.0,326.0,1.0
3676,258.0,58.0,1.0
3677,64.0,337.0,1.0
3678,88.0,401.0,1.0
3679,67.0,414.0,1.0
3680,53.0,537.0,1.0
3681,82.0,328.0,1.0
3682,122.0,447.0,1.0
3683,97.0,433.0,1.0
3684,208.0,274.0,1.0
3685,247.0,72.0,1.0
3686,156.0,0.0,1.0
3687,9.0,35.0,1.0
3688,183.0,222.0,1.0
3689,197.0,310.0,1.0
3690,86.0,44.0,1.0
3691,238.0,52.0,1.0
3692,34.0,47.0,1.0
3693,227.0,20.0,1.0
3694,74.0,518.0,1.0
3695,126.0,420.0,1.0
3696,102.0,75.0,1.0
3697,225.0,10.0,1.0
3698,123.0,392.0,1.0
3699,182.0,89.0,1.0
3700,84.0,69.0,1.0
3701,22.0,426.0,1.0
3702,26.0,66.0,1.0
3703,122.0,197.0,1.0
3704,89.0,227.0,1.0
3705,19.0,36.0,1.0
3706,259.0,69.0,1.0
3707,166.0,357.0,1.0
3708,164.0,121.0,1.0
3709,88.0,414.0,1.0
3710,126.0,49.0,1.0
3711,197.0,216.0,1.0
3712,223.0,235.0,1.0
3713,224.0,141.0,1.0
3714,88.0,1.0,1.0
3715,189.0,247.0,1.0
3716,217.0,232.0,1.0
3717,264.0,132.0,1.0
3718,89.0,80.0,1.0
3719,223.0,191.0,1.0
3720,62.0,454.0,1.0
3721,257.0,33.0,1.0
3722,205.0,203.0,1.0
3723,127.0,369.0,1.0
3724,123.0,395.0,1.0
3725,49.0,221.0,1.0
3726,33.0,129.0,1.0
3727,241.0,33.0,1.0
3728,58.0,168.0,1.0
3729,104.0,150.0,1.0
3730,52.0,33.0,1.0
3731,98.0,133.0,1.0
3732,203.0,116.0,1.0
3733,14.0,31.0,1.0
3734,224.0,204.0,1.0
3735,173.0,413.0,1.0
3736,223.0,310.0,1.0
3737,53.0,39.0,1.0
3738,133.0,241.0,1.0
3739,96.0,378.0,1.0
3740,8.0,150.0,1.0
3741,104.0,126.0,1.0
3742,160.0,227.0,1.0
3743,59.0,451.0,1.0
3744,75.0,232.0,1.0
3745,65.0,236.0,1.0
3746,250.0,8.0,1.0
3747,235.0,235.0,1.0
3748,58.0,4.0,1.0
3749,102.0,302.0,1.0
3750,218.0,296.0,1.0
3751,183.0,201.0,1.0
3752,256.0,475.0,1.0
3753,62.0,59.0,1.0
3754,175.0,575.0,1.0
3755,149.0,43.0,1.0
3756,84.0,595.0,1.0
3757,123.0,279.0,1.0
3758,135.0,362.0,1.0
3759,65.0,81.0,1.0
3760,67.0,64.0,1.0
3761,256.0,418.0,1.0
3762,217.0,227.0,1.0
3763,139.0,377.0,1.0
3764,104.0,11.0,1.0
3765,78.0,193.0,1.0
3766,145.0,393.0,1.0
3767,203.0,420.0,1.0
3768,259.0,416.0,1.0
3769,59.0,214.0,1.0
3770,129.0,415.0,1.0
3771,65.0,320.0,1.0
3772,108.0,15.0,1.0
3773,51.0,518.0,1.0
3774,49.0,392.0,1.0
3775,116.0,254.0,1.0
3776,79.0,587.0,1.0
3777,165.0,233.0,1.0
3778,225.0,282.0,1.0
3779,248.0,72.0,1.0
3780,83.0,367.0,1.0
3781,199.0,146.0,1.0
3782,156.0,534.0,1.0
3783,42.0,385.0,1.0
3784,218.0,161.0,1.0
3785,102.0,99.0,1.0
3786,88.0,62.0,1.0
3787,69.0,66.0,1.0
3788,105.0,157.0,1.0
3789,117.0,330.0,1.0
3790,227.0,103.0,1.0
3791,116.0,44.0,1.0
3792,78.0,413.0,1.0
3793,227.0,89.0,1.0
3794,175.0,26.0,1.0
3795,42.0,474.0,1.0
3796,81.0,125.0,1.0
3797,188.0,136.0,1.0
3798,135.0,315.0,1.0
3799,138.0,89.0,1.0
3800,91.0,59.0,1.0
3801,226.0,46.0,1.0
3802,9.0,70.0,1.0
3803,37.0,164.0,1.0
3804,8.0,168.0,1.0
3805,45.0,35.0,1.0
3806,84.0,91.0,1.0
3807,90.0,150.0,1.0
3808,106.0,86.0,1.0
3809,58.0,432.0,1.0
3810,130.0,48.0,1.0
3811,105.0,400.0,1.0
3812,210.0,180.0,1.0
3813,145.0,230.0,1.0
3814,13.0,256.0,1.0
3815,135.0,216.0,1.0
3816,127.0,116.0,1.0
3817,237.0,243.0,1.0
3818,93.0,92.0,1.0
3819,65.0,11.0,1.0
3820,193.0,429.0,1.0
3821,102.0,443.0,1.0
3822,234.0,197.0,1.0
3823,205.0,67.0,1.0
3824,116.0,65.0,1.0
3825,56.0,490.0,1.0
3826,71.0,26.0,1.0
3827,105.0,396.0,1.0
3828,216.0,66.0,1.0
3829,227.0,96.0,1.0
3830,42.0,205.0,1.0
3831,131.0,284.0,1.0
3832,81.0,411.0,1.0
3833,75.0,246.0,1.0
3834,136.0,137.0,1.0
3835,53.0,217.0,1.0
3836,70.0,127.0,1.0
3837,223.0,332.0,1.0
3838,116.0,36.0,1.0
3839,226.0,283.0,1.0
3840,196.0,411.0,1.0
3841,102.0,17.0,1.0
3842,146.0,138.0,1.0
3843,194.0,222.0,1.0
3844,102.0,282.0,1.0
3845,180.0,58.0,1.0
3846,102.0,37.0,1.0
3847,108.0,175.0,1.0
3848,28.0,20.0,1.0
3849,67.0,97.0,1.0
3850,263.0,305.0,1.0
3851,175.0,17.0,1.0
3852,250.0,133.0,1.0
3853,117.0,530.0,1.0
3854,10.0,90.0,1.0
3855,121.0,160.0,1.0
3856,149.0,351.0,1.0
3857,56.0,98.0,1.0
3858,132.0,103.0,1.0
3859,32.0,415.0,1.0
3860,68.0,400.0,1.0
3861,175.0,97.0,1.0
3862,208.0,168.0,1.0
3863,10.0,291.0,1.0
3864,223.0,49.0,1.0
3865,100.0,205.0,1.0
3866,206.0,382.0,1.0
3867,104.0,589.0,1.0
3868,31.0,451.0,1.0
3869,58.0,50.0,1.0
3870,262.0,102.0,1.0
3871,81.0,386.0,1.0
3872,25.0,27.0,1.0
3873,183.0,95.0,1.0
3874,37.0,66.0,1.0
3875,124.0,111.0,1.0
3876,134.0,89.0,1.0
3877,38.0,161.0,1.0
3878,128.0,350.0,1.0
3879,251.0,45.0,1.0
3880,187.0,204.0,1.0
3881,262.0,89.0,1.0
3882,83.0,474.0,1.0
3883,9.0,17.0,1.0
3884,147.0,548.0,1.0
3885,234.0,282.0,1.0
3886,164.0,533.0,1.0
3887,130.0,170.0,1.0
3888,82.0,15.0,1.0
3889,222.0,121.0,1.0
3890,116.0,236.0,1.0
3891,51.0,367.0,1.0
3892,130.0,111.0,1.0
3893,147.0,488.0,1.0
3894,165.0,222.0,1.0
3895,194.0,246.0,1.0
3896,156.0,504.0,1.0
3897,175.0,95.0,1.0
3898,187.0,389.0,1.0
3899,251.0,100.0,1.0
3900,123.0,597.0,1.0
3901,252.0,60.0,1.0
3902,105.0,239.0,1.0
3903,196.0,131.0,1.0
3904,128.0,67.0,1.0
3905,52.0,10.0,1.0
3906,16.0,45.0,1.0
3907,64.0,27.0,1.0
3908,160.0,79.0,1.0
3909,130.0,11.0,1.0
3910,175.0,57.0,1.0
3911,56.0,540.0,1.0
3912,223.0,190.0,1.0
3913,102.0,55.0,1.0
3914,116.0,60.0,1.0
3915,186.0,445.0,1.0
3916,79.0,126.0,1.0
3917,234.0,230.0,1.0
3918,241.0,175.0,1.0
3919,197.0,478.0,1.0
3920,98.0,45.0,1.0
3921,65.0,513.0,1.0
3922,226.0,10.0,1.0
3923,104.0,172.0,1.0
3924,186.0,347.0,1.0
3925,144.0,351.0,1.0
3926,213.0,226.0,1.0
3927,102.0,591.0,1.0
3928,94.0,356.0,1.0
3929,51.0,36.0,1.0
3930,101.0,125.0,1.0
3931,128.0,135.0,1.0
3932,182.0,349.0,1.0
3933,149.0,85.0,1.0
3934,65.0,460.0,1.0
3935,82.0,251.0,1.0
3936,183.0,190.0,1.0
3937,9.0,77.0,1.0
3938,17.0,389.0,1.0
3939,227.0,246.0,1.0
3940,53.0,470.0,1.0
3941,132.0,227.0,1.0
3942,200.0,103.0,1.0
3943,214.0,453.0,1.0
3944,203.0,106.0,1.0
3945,16.0,97.0,1.0
3946,143.0,413.0,1.0
3947,156.0,199.0,1.0
3948,87.0,44.0,1.0
3949,196.0,104.0,1.0
3950,170.0,384.0,1.0
3951,135.0,66.0,1.0
3952,51.0,119.0,1.0
3953,155.0,61.0,1.0
3954,108.0,61.0,1.0
3955,178.0,530.0,1.0
3956,262.0,191.0,1.0
3957,51.0,21.0,1.0
3958,237.0,160.0,1.0
3959,83.0,311.0,1.0
3960,70.0,469.0,1.0
3961,102.0,122.0,1.0
3962,211.0,91.0,1.0
3963,154.0,100.0,1.0
3964,41.0,297.0,1.0
3965,180.0,1.0,1.0
3966,64.0,35.0,1.0
3967,131.0,31.0,1.0
3968,203.0,90.0,1.0
3969,263.0,445.0,1.0
3970,105.0,388.0,1.0
3971,147.0,356.0,1.0
3972,114.0,120.0,1.0
3973,149.0,156.0,1.0
3974,144.0,191.0,1.0
3975,224.0,7.0,1.0
3976,119.0,373.0,1.0
3977,174.0,10.0,1.0
3978,248.0,63.0,1.0
3979,207.0,222.0,1.0
3980,156.0,243.0,1.0
3981,262.0,243.0,1.0
3982,16.0,363.0,1.0
3983,224.0,286.0,1.0
3984,135.0,152.0,1.0
3985,43.0,111.0,1.0
3986,202.0,439.0,1.0
3987,21.0,241.0,1.0
3988,116.0,119.0,1.0
3989,191.0,430.0,1.0
3990,123.0,181.0,1.0
3991,136.0,223.0,1.0
3992,177.0,66.0,1.0
3993,96.0,94.0,1.0
3994,178.0,111.0,1.0
3995,113.0,12.0,1.0
3996,130.0,190.0,1.0
3997,104.0,38.0,1.0
3998,108.0,229.0,1.0
3999,69.0,40.0,1.0
4000,130.0,436.0,1.0
4001,207.0,237.0,1.0
4002,88.0,12.0,1.0
4003,187.0,5.0,1.0
4004,165.0,420.0,1.0
4005,72.0,408.0,1.0
4006,96.0,461.0,1.0
4007,248.0,300.0,1.0
4008,59.0,95.0,1.0
4009,104.0,342.0,1.0
4010,182.0,181.0,1.0
4011,225.0,26.0,1.0
4012,70.0,582.0,1.0
4013,213.0,47.0,1.0
4014,246.0,39.0,1.0
4015,89.0,57.0,1.0
4016,116.0,361.0,1.0
4017,186.0,166.0,1.0
4018,164.0,273.0,1.0
4019,65.0,68.0,1.0
4020,165.0,125.0,1.0
4021,45.0,495.0,1.0
4022,203.0,158.0,1.0
4023,94.0,93.0,1.0
4024,245.0,10.0,1.0
4025,224.0,136.0,1.0
4026,60.0,42.0,1.0
4027,74.0,282.0,1.0
4028,207.0,555.0,1.0
4029,256.0,49.0,1.0
4030,65.0,564.0,1.0
4031,56.0,281.0,1.0
4032,151.0,596.0,1.0
4033,60.0,391.0,1.0
4034,248.0,500.0,1.0
4035,89.0,232.0,1.0
4036,207.0,162.0,1.0
4037,175.0,146.0,1.0
4038,146.0,113.0,1.0
4039,88.0,216.0,1.0
4040,40.0,469.0,1.0
4041,77.0,295.0,1.0
4042,218.0,592.0,1.0
4043,84.0,523.0,1.0
4044,103.0,196.0,1.0
4045,180.0,179.0,1.0
4046,116.0,95.0,1.0
4047,150.0,144.0,1.0
4048,204.0,239.0,1.0
4049,56.0,459.0,1.0
4050,99.0,132.0,1.0
4051,134.0,66.0,1.0
4052,152.0,296.0,1.0
4053,226.0,203.0,1.0
4054,244.0,514.0,1.0
4055,210.0,277.0,1.0
4056,153.0,343.0,1.0
4057,142.0,117.0,1.0
4058,87.0,260.0,1.0
4059,9.0,273.0,1.0
4060,45.0,375.0,1.0
4061,81.0,543.0,1.0
4062,226.0,264.0,1.0
4063,124.0,168.0,1.0
4064,224.0,118.0,1.0
4065,117.0,10.0,1.0
4066,189.0,195.0,1.0
4067,95.0,112.0,1.0
4068,172.0,352.0,1.0
4069,223.0,200.0,1.0
4070,108.0,565.0,1.0
4071,127.0,106.0,1.0
4072,82.0,569.0,1.0
4073,42.0,63.0,1.0
4074,160.0,491.0,1.0
4075,254.0,516.0,1.0
4076,13.0,332.0,1.0
4077,37.0,145.0,1.0
4078,235.0,517.0,1.0
4079,217.0,194.0,1.0
4080,56.0,304.0,1.0
4081,51.0,256.0,1.0
4082,147.0,11.0,1.0
4083,214.0,384.0,1.0
4084,208.0,130.0,1.0
4085,199.0,156.0,1.0
4086,183.0,287.0,1.0
4087,223.0,198.0,1.0
4088,226.0,258.0,1.0
4089,77.0,17.0,1.0
4090,226.0,259.0,1.0
4091,17.0,321.0,1.0
4092,147.0,135.0,1.0
4093,200.0,342.0,1.0
4094,231.0,343.0,1.0
4095,194.0,99.0,1.0
4096,127.0,294.0,1.0
4097,71.0,378.0,1.0
4098,96.0,89.0,1.0
4099,53.0,411.0,1.0
4100,181.0,398.0,1.0
4101,116.0,295.0,1.0
4102,160.0,97.0,1.0
4103,56.0,290.0,1.0
4104,74.0,0.0,1.0
4105,141.0,288.0,1.0
4106,48.0,113.0,1.0
4107,193.0,145.0,1.0
4108,1.0,85.0,1.0
4109,102.0,51.0,1.0
4110,129.0,241.0,1.0
4111,99.0,315.0,1.0
4112,117.0,106.0,1.0
4113,13.0,337.0,1.0
4114,53.0,326.0,1.0
4115,257.0,241.0,1.0
4116,158.0,411.0,1.0
4117,133.0,97.0,1.0
4118,51.0,40.0,1.0
4119,132.0,100.0,1.0
4120,206.0,95.0,1.0
4121,207.0,191.0,1.0
4122,54.0,271.0,1.0
4123,259.0,464.0,1.0
4124,262.0,36.0,1.0
4125,214.0,367.0,1.0
4126,153.0,547.0,1.0
4127,212.0,407.0,1.0
4128,160.0,12.0,1.0
4129,267.0,38.0,1.0
4130,48.0,255.0,1.0
4131,136.0,351.0,1.0
4132,116.0,392.0,1.0
4133,136.0,192.0,1.0
4134,17.0,116.0,1.0
4135,227.0,68.0,1.0
4136,223.0,157.0,1.0
4137,165.0,395.0,1.0
4138,195.0,223.0,1.0
4139,165.0,312.0,1.0
4140,68.0,66.0,1.0
4141,234.0,571.0,1.0
4142,87.0,204.0,1.0
4143,49.0,185.0,1.0
4144,187.0,95.0,1.0
4145,16.0,289.0,1.0
4146,240.0,149.0,1.0
4147,79.0,112.0,1.0
4148,97.0,525.0,1.0
4149,3.0,130.0,1.0
4150,69.0,62.0,1.0
4151,91.0,27.0,1.0
4152,129.0,347.0,1.0
4153,16.0,46.0,1.0
4154,190.0,191.0,1.0
4155,46.0,45.0,1.0
4156,266.0,69.0,1.0
4157,156.0,190.0,1.0
4158,52.0,216.0,1.0
4159,214.0,219.0,1.0
4160,199.0,39.0,1.0
4161,209.0,343.0,1.0
4162,186.0,475.0,1.0
4163,102.0,500.0,1.0
4164,223.0,10.0,1.0
4165,82.0,564.0,1.0
4166,223.0,539.0,1.0
4167,96.0,10.0,1.0
4168,147.0,125.0,1.0
4169,87.0,595.0,1.0
4170,90.0,485.0,1.0
4171,189.0,22.0,1.0
4172,60.0,230.0,1.0
4173,207.0,52.0,1.0
4174,259.0,116.0,1.0
4175,5.0,200.0,1.0
4176,20.0,250.0,1.0
4177,104.0,140.0,1.0
4178,56.0,126.0,1.0
4179,123.0,302.0,1.0
4180,75.0,266.0,1.0
4181,81.0,353.0,1.0
4182,147.0,208.0,1.0
4183,122.0,521.0,1.0
4184,217.0,195.0,1.0
4185,56.0,323.0,1.0
4186,104.0,22.0,1.0
4187,183.0,482.0,1.0
4188,229.0,36.0,1.0
4189,105.0,244.0,1.0
4190,65.0,208.0,1.0
4191,17.0,310.0,1.0
4192,136.0,174.0,1.0
4193,248.0,274.0,1.0
4194,267.0,100.0,1.0
4195,256.0,86.0,1.0
4196,203.0,52.0,1.0
4197,116.0,102.0,1.0
4198,65.0,220.0,1.0
4199,226.0,246.0,1.0
4200,69.0,218.0,1.0
4201,128.0,452.0,1.0
4202,197.0,26.0,1.0
4203,105.0,331.0,1.0
4204,150.0,168.0,1.0
4205,103.0,520.0,1.0
4206,81.0,8.0,1.0
4207,145.0,566.0,1.0
4208,52.0,93.0,1.0
4209,91.0,73.0,1.0
4210,56.0,360.0,1.0
4211,54.0,118.0,1.0
4212,150.0,129.0,1.0
4213,155.0,91.0,1.0
4214,129.0,412.0,1.0
4215,39.0,465.0,1.0
4216,65.0,143.0,1.0
4217,84.0,147.0,1.0
4218,232.0,52.0,1.0
4219,69.0,202.0,1.0
4220,26.0,45.0,1.0
4221,182.0,224.0,1.0
4222,60.0,555.0,1.0
4223,68.0,136.0,1.0
4224,17.0,103.0,1.0
4225,89.0,218.0,1.0
4226,107.0,348.0,1.0
4227,223.0,182.0,1.0
4228,84.0,39.0,1.0
4229,64.0,52.0,1.0
4230,243.0,451.0,1.0
4231,114.0,253.0,1.0
4232,183.0,59.0,1.0
4233,71.0,496.0,1.0
4234,162.0,431.0,1.0
4235,178.0,117.0,1.0
4236,126.0,413.0,1.0
4237,205.0,289.0,1.0
4238,174.0,476.0,1.0
4239,261.0,141.0,1.0
4240,181.0,97.0,1.0
4241,53.0,375.0,1.0
4242,262.0,573.0,1.0
4243,158.0,96.0,1.0
4244,69.0,163.0,1.0
4245,178.0,387.0,1.0
4246,13.0,330.0,1.0
4247,63.0,7.0,1.0
4248,49.0,506.0,1.0
4249,247.0,141.0,1.0
4250,81.0,201.0,1.0
4251,83.0,450.0,1.0
4252,189.0,120.0,1.0
4253,44.0,317.0,1.0
4254,123.0,282.0,1.0
4255,182.0,334.0,1.0
4256,249.0,45.0,1.0
4257,81.0,510.0,1.0
4258,75.0,62.0,1.0
4259,211.0,12.0,1.0
4260,81.0,132.0,1.0
4261,10.0,102.0,1.0
4262,114.0,362.0,1.0
4263,94.0,44.0,1.0
4264,116.0,51.0,1.0
4265,0.0,8.0,1.0
4266,59.0,416.0,1.0
4267,104.0,154.0,1.0
4268,108.0,311.0,1.0
4269,258.0,69.0,1.0
4270,141.0,356.0,1.0
4271,164.0,498.0,1.0
4272,212.0,47.0,1.0
4273,209.0,491.0,1.0
4274,226.0,509.0,1.0
4275,176.0,259.0,1.0
4276,175.0,125.0,1.0
4277,232.0,424.0,1.0
4278,86.0,378.0,1.0
4279,175.0,203.0,1.0
4280,123.0,9.0,1.0
4281,256.0,396.0,1.0
4282,179.0,10.0,1.0
4283,48.0,115.0,1.0
4284,262.0,226.0,1.0
4285,189.0,455.0,1.0
4286,197.0,229.0,1.0
4287,17.0,186.0,1.0
4288,135.0,193.0,1.0
4289,63.0,103.0,1.0
4290,116.0,150.0,1.0
4291,84.0,19.0,1.0
4292,250.0,241.0,1.0
4293,82.0,427.0,1.0
4294,115.0,145.0,1.0
4295,187.0,534.0,1.0
4296,49.0,434.0,1.0
4297,158.0,66.0,1.0
4298,229.0,206.0,1.0
4299,119.0,382.0,1.0
4300,102.0,597.0,1.0
4301,45.0,494.0,1.0
4302,156.0,129.0,1.0
4303,214.0,92.0,1.0
4304,44.0,118.0,1.0
4305,82.0,218.0,1.0
4306,60.0,44.0,1.0
4307,138.0,67.0,1.0
4308,105.0,78.0,1.0
4309,242.0,241.0,1.0
4310,182.0,113.0,1.0
4311,117.0,234.0,1.0
4312,178.0,241.0,1.0
4313,102.0,24.0,1.0
4314,51.0,526.0,1.0
4315,74.0,70.0,1.0
4316,155.0,335.0,1.0
4317,233.0,51.0,1.0
4318,126.0,120.0,1.0
4319,248.0,442.0,1.0
4320,141.0,321.0,1.0
4321,259.0,44.0,1.0
4322,75.0,92.0,1.0
4323,172.0,8.0,1.0
4324,82.0,530.0,1.0
4325,0.0,4.0,1.0
4326,123.0,234.0,1.0
4327,193.0,18.0,1.0
4328,26.0,160.0,1.0
4329,89.0,200.0,1.0
4330,226.0,281.0,1.0
4331,104.0,92.0,1.0
4332,214.0,100.0,1.0
4333,124.0,449.0,1.0
4334,133.0,560.0,1.0
4335,17.0,127.0,1.0
4336,244.0,156.0,1.0
4337,94.0,130.0,1.0
4338,188.0,334.0,1.0
4339,178.0,568.0,1.0
4340,102.0,78.0,1.0
4341,87.0,313.0,1.0
4342,65.0,326.0,1.0
4343,57.0,123.0,1.0
4344,250.0,1.0,1.0
4345,141.0,459.0,1.0
4346,195.0,64.0,1.0
4347,249.0,91.0,1.0
4348,179.0,388.0,1.0
4349,219.0,214.0,1.0
4350,74.0,253.0,1.0
4351,148.0,143.0,1.0
4352,217.0,207.0,1.0
4353,102.0,161.0,1.0
4354,56.0,294.0,1.0
4355,28.0,88.0,1.0
4356,205.0,122.0,1.0
4357,183.0,66.0,1.0
4358,22.0,153.0,1.0
4359,69.0,436.0,1.0
4360,134.0,115.0,1.0
4361,250.0,422.0,1.0
4362,122.0,89.0,1.0
4363,164.0,104.0,1.0
4364,33.0,322.0,1.0
4365,89.0,122.0,1.0
4366,87.0,426.0,1.0
4367,262.0,321.0,1.0
4368,113.0,459.0,1.0
4369,147.0,32.0,1.0
4370,232.0,65.0,1.0
4371,148.0,120.0,1.0
4372,117.0,44.0,1.0
4373,82.0,39.0,1.0
4374,131.0,74.0,1.0
4375,141.0,126.0,1.0
4376,108.0,120.0,1.0
4377,44.0,490.0,1.0
4378,87.0,159.0,1.0
4379,167.0,136.0,1.0
4380,150.0,58.0,1.0
4381,266.0,206.0,1.0
4382,193.0,221.0,1.0
4383,6.0,92.0,1.0
4384,268.0,414.0,1.0
4385,248.0,85.0,1.0
4386,52.0,384.0,1.0
4387,218.0,275.0,1.0
4388,182.0,121.0,1.0
4389,130.0,85.0,1.0
4390,116.0,356.0,1.0
4391,228.0,23.0,1.0
4392,77.0,245.0,1.0
4393,94.0,245.0,1.0
4394,206.0,311.0,1.0
4395,81.0,231.0,1.0
4396,53.0,136.0,1.0
4397,165.0,236.0,1.0
4398,128.0,123.0,1.0
4399,149.0,476.0,1.0
4400,133.0,253.0,1.0
4401,178.0,377.0,1.0
4402,147.0,221.0,1.0
4403,65.0,63.0,1.0
4404,49.0,416.0,1.0
4405,48.0,44.0,1.0
4406,115.0,47.0,1.0
4407,145.0,141.0,1.0
4408,208.0,380.0,1.0
4409,268.0,136.0,1.0
4410,160.0,39.0,1.0
4411,17.0,112.0,1.0
4412,102.0,81.0,1.0
4413,78.0,99.0,1.0
4414,122.0,256.0,1.0
4415,258.0,500.0,1.0
4416,59.0,189.0,1.0
4417,24.0,66.0,1.0
4418,116.0,137.0,1.0
4419,67.0,241.0,1.0
4420,117.0,542.0,1.0
4421,11.0,220.0,1.0
4422,91.0,337.0,1.0
4423,91.0,565.0,1.0
4424,44.0,253.0,1.0
4425,221.0,3.0,1.0
4426,178.0,360.0,1.0
4427,64.0,565.0,1.0
4428,184.0,315.0,1.0
4429,263.0,594.0,1.0
4430,104.0,423.0,1.0
4431,256.0,12.0,1.0
4432,189.0,131.0,1.0
4433,26.0,40.0,1.0
4434,77.0,203.0,1.0
4435,182.0,410.0,1.0
4436,19.0,134.0,1.0
4437,15.0,1.0,1.0
4438,129.0,534.0,1.0
4439,183.0,39.0,1.0
4440,121.0,89.0,1.0
4441,114.0,540.0,1.0
4442,177.0,359.0,1.0
4443,132.0,400.0,1.0
4444,214.0,317.0,1.0
4445,87.0,69.0,1.0
4446,64.0,167.0,1.0
4447,79.0,81.0,1.0
4448,86.0,92.0,1.0
4449,189.0,26.0,1.0
4450,164.0,2.0,1.0
4451,124.0,128.0,1.0
4452,44.0,81.0,1.0
4453,218.0,58.0,1.0
4454,74.0,445.0,1.0
4455,54.0,91.0,1.0
4456,72.0,49.0,1.0
4457,83.0,50.0,1.0
4458,141.0,573.0,1.0
4459,123.0,178.0,1.0
4460,164.0,41.0,1.0
4461,65.0,342.0,1.0
4462,262.0,9.0,1.0
4463,90.0,164.0,1.0
4464,52.0,48.0,1.0
4465,19.0,45.0,1.0
4466,40.0,57.0,1.0
4467,187.0,8.0,1.0
4468,64.0,44.0,1.0
4469,9.0,76.0,1.0
4470,183.0,367.0,1.0
4471,29.0,281.0,1.0
4472,9.0,223.0,1.0
4473,218.0,53.0,1.0
4474,259.0,310.0,1.0
4475,22.0,295.0,1.0
4476,94.0,21.0,1.0
4477,222.0,130.0,1.0
4478,256.0,205.0,1.0
4479,226.0,248.0,1.0
4480,52.0,91.0,1.0
4481,81.0,223.0,1.0
4482,81.0,416.0,1.0
4483,259.0,168.0,1.0
4484,106.0,142.0,1.0
4485,1.0,37.0,1.0
4486,219.0,411.0,1.0
4487,178.0,41.0,1.0
4488,217.0,22.0,1.0
4489,114.0,62.0,1.0
4490,207.0,74.0,1.0
4491,147.0,151.0,1.0
4492,225.0,263.0,1.0
4493,82.0,394.0,1.0
4494,147.0,171.0,1.0
4495,218.0,87.0,1.0
4496,196.0,161.0,1.0
4497,102.0,101.0,1.0
4498,65.0,209.0,1.0
4499,58.0,97.0,1.0
4500,38.0,102.0,1.0
4501,175.0,505.0,1.0
4502,134.0,143.0,1.0
4503,227.0,255.0,1.0
4504,250.0,398.0,1.0
4505,28.0,254.0,1.0
4506,28.0,297.0,1.0
4507,56.0,496.0,1.0
4508,234.0,33.0,1.0
4509,145.0,485.0,1.0
4510,158.0,451.0,1.0
4511,193.0,156.0,1.0
4512,122.0,10.0,1.0
4513,75.0,186.0,1.0
4514,87.0,282.0,1.0
4515,90.0,66.0,1.0
4516,156.0,356.0,1.0
4517,220.0,554.0,1.0
4518,143.0,39.0,1.0
4519,189.0,384.0,1.0
4520,176.0,411.0,1.0
4521,56.0,453.0,1.0
4522,183.0,479.0,1.0
4523,106.0,520.0,1.0
4524,252.0,350.0,1.0
4525,208.0,17.0,1.0
4526,98.0,330.0,1.0
4527,147.0,496.0,1.0
4528,97.0,45.0,1.0
4529,149.0,277.0,1.0
4530,53.0,148.0,1.0
4531,66.0,559.0,1.0
4532,150.0,91.0,1.0
4533,129.0,320.0,1.0
4534,149.0,69.0,1.0
4535,178.0,357.0,1.0
4536,195.0,186.0,1.0
4537,149.0,121.0,1.0
4538,52.0,529.0,1.0
4539,205.0,567.0,1.0
4540,139.0,464.0,1.0
4541,79.0,382.0,1.0
4542,79.0,38.0,1.0
4543,126.0,310.0,1.0
4544,175.0,117.0,1.0
4545,170.0,205.0,1.0
4546,218.0,304.0,1.0
4547,15.0,353.0,1.0
4548,227.0,146.0,1.0
4549,148.0,134.0,1.0
4550,147.0,451.0,1.0
4551,216.0,235.0,1.0
4552,22.0,226.0,1.0
4553,26.0,350.0,1.0
4554,104.0,168.0,1.0
4555,47.0,500.0,1.0
4556,17.0,381.0,1.0
4557,82.0,169.0,1.0
4558,232.0,150.0,1.0
4559,106.0,112.0,1.0
4560,200.0,210.0,1.0
4561,98.0,94.0,1.0
4562,7.0,117.0,1.0
4563,66.0,97.0,1.0
4564,178.0,327.0,1.0
4565,81.0,262.0,1.0
4566,49.0,116.0,1.0
4567,194.0,429.0,1.0
4568,116.0,474.0,1.0
4569,204.0,450.0,1.0
4570,179.0,471.0,1.0
4571,52.0,534.0,1.0
4572,205.0,256.0,1.0
4573,158.0,356.0,1.0
4574,234.0,38.0,1.0
4575,37.0,220.0,1.0
4576,247.0,572.0,1.0
4577,87.0,508.0,1.0
4578,171.0,159.0,1.0
4579,17.0,10.0,1.0
4580,108.0,305.0,1.0
4581,117.0,504.0,1.0
4582,164.0,206.0,1.0
4583,231.0,170.0,1.0
4584,94.0,31.0,1.0
4585,217.0,224.0,1.0
4586,125.0,272.0,1.0
4587,264.0,150.0,1.0
4588,51.0,62.0,1.0
4589,185.0,262.0,1.0
4590,175.0,400.0,1.0
4591,165.0,277.0,1.0
4592,102.0,147.0,1.0
4593,25.0,54.0,1.0
4594,85.0,430.0,1.0
4595,266.0,282.0,1.0
4596,249.0,21.0,1.0
4597,89.0,259.0,1.0
4598,185.0,597.0,1.0
4599,160.0,549.0,1.0
4600,52.0,394.0,1.0
4601,158.0,122.0,1.0
4602,255.0,22.0,1.0
4603,191.0,432.0,1.0
4604,245.0,232.0,1.0
4605,79.0,507.0,1.0
4606,5.0,210.0,1.0
4607,130.0,2.0,1.0
4608,86.0,411.0,1.0
4609,68.0,306.0,1.0
4610,93.0,223.0,1.0
4611,200.0,100.0,1.0
4612,196.0,381.0,1.0
4613,65.0,213.0,1.0
4614,108.0,122.0,1.0
4615,55.0,143.0,1.0
4616,138.0,462.0,1.0
4617,74.0,368.0,1.0
4618,87.0,71.0,1.0
4619,107.0,334.0,1.0
4620,89.0,382.0,1.0
4621,248.0,194.0,1.0
4622,213.0,147.0,1.0
4623,65.0,218.0,1.0
4624,89.0,194.0,1.0
4625,60.0,525.0,1.0
4626,149.0,562.0,1.0
4627,138.0,72.0,1.0
4628,238.0,146.0,1.0
4629,88.0,347.0,1.0
4630,133.0,416.0,1.0
4631,56.0,249.0,1.0
4632,74.0,194.0,1.0
4633,65.0,201.0,1.0
4634,177.0,40.0,1.0
4635,223.0,504.0,1.0
4636,113.0,363.0,1.0
4637,17.0,80.0,1.0
4638,200.0,303.0,1.0
4639,245.0,221.0,1.0
4640,156.0,427.0,1.0
4641,5.0,207.0,1.0
4642,39.0,217.0,1.0
4643,13.0,331.0,1.0
4644,248.0,16.0,1.0
4645,181.0,127.0,1.0
4646,127.0,247.0,1.0
4647,147.0,146.0,1.0
4648,75.0,130.0,1.0
4649,160.0,109.0,1.0
4650,246.0,180.0,1.0
4651,104.0,160.0,1.0
4652,35.0,70.0,1.0
4653,69.0,525.0,1.0
4654,26.0,305.0,1.0
4655,87.0,540.0,1.0
4656,147.0,51.0,1.0
4657,2.0,148.0,1.0
4658,139.0,25.0,1.0
4659,194.0,103.0,1.0
4660,68.0,331.0,1.0
4661,79.0,471.0,1.0
4662,12.0,156.0,1.0
4663,177.0,77.0,1.0
4664,160.0,253.0,1.0
4665,42.0,310.0,1.0
4666,203.0,165.0,1.0
4667,147.0,540.0,1.0
4668,259.0,434.0,1.0
4669,26.0,379.0,1.0
4670,142.0,309.0,1.0
4671,89.0,311.0,1.0
4672,110.0,242.0,1.0
4673,248.0,57.0,1.0
4674,49.0,69.0,1.0
4675,197.0,43.0,1.0
4676,122.0,77.0,1.0
4677,81.0,112.0,1.0
4678,191.0,178.0,1.0
4679,207.0,428.0,1.0
4680,84.0,40.0,1.0
4681,68.0,8.0,1.0
4682,174.0,109.0,1.0
4683,168.0,120.0,1.0
4684,226.0,15.0,1.0
4685,52.0,133.0,1.0
4686,13.0,77.0,1.0
4687,150.0,320.0,1.0
4688,181.0,47.0,1.0
4689,203.0,59.0,1.0
4690,51.0,33.0,1.0
4691,130.0,218.0,1.0
4692,87.0,407.0,1.0
4693,45.0,159.0,1.0
4694,110.0,27.0,1.0
4695,130.0,342.0,1.0
4696,78.0,126.0,1.0
4697,131.0,60.0,1.0
4698,104.0,292.0,1.0
4699,6.0,222.0,1.0
4700,149.0,270.0,1.0
4701,65.0,258.0,1.0
4702,128.0,549.0,1.0
4703,35.0,45.0,1.0
4704,145.0,196.0,1.0
4705,87.0,253.0,1.0
4706,147.0,191.0,1.0
4707,79.0,411.0,1.0
4708,71.0,391.0,1.0
4709,56.0,469.0,1.0
4710,165.0,168.0,1.0
4711,195.0,190.0,1.0
4712,183.0,443.0,1.0
4713,223.0,180.0,1.0
4714,183.0,494.0,1.0
4715,247.0,293.0,1.0
4716,16.0,36.0,1.0
4717,213.0,294.0,1.0
4718,91.0,191.0,1.0
4719,9.0,53.0,1.0
4720,147.0,507.0,1.0
4721,59.0,207.0,1.0
4722,49.0,232.0,1.0
4723,147.0,510.0,1.0
4724,1.0,29.0,1.0
4725,67.0,226.0,1.0
4726,263.0,65.0,1.0
4727,27.0,241.0,1.0
4728,199.0,546.0,1.0
4729,228.0,207.0,1.0
4730,248.0,35.0,1.0
4731,203.0,175.0,1.0
4732,102.0,64.0,1.0
4733,148.0,342.0,1.0
4734,115.0,227.0,1.0
4735,97.0,201.0,1.0
4736,219.0,379.0,1.0
4737,200.0,326.0,1.0
4738,185.0,342.0,1.0
4739,35.0,147.0,1.0
4740,175.0,284.0,1.0
4741,40.0,146.0,1.0
4742,91.0,240.0,1.0
4743,171.0,91.0,1.0
4744,45.0,197.0,1.0
4745,177.0,413.0,1.0
4746,119.0,387.0,1.0
4747,31.0,150.0,1.0
4748,134.0,47.0,1.0
4749,81.0,11.0,1.0
4750,81.0,118.0,1.0
4751,183.0,337.0,1.0
4752,87.0,393.0,1.0
4753,147.0,96.0,1.0
4754,232.0,104.0,1.0
4755,71.0,460.0,1.0
4756,258.0,195.0,1.0
4757,105.0,84.0,1.0
4758,223.0,225.0,1.0
4759,183.0,596.0,1.0
4760,194.0,581.0,1.0
4761,174.0,31.0,1.0
4762,234.0,368.0,1.0
4763,160.0,379.0,1.0
4764,147.0,327.0,1.0
4765,176.0,465.0,1.0
4766,147.0,573.0,1.0
4767,155.0,149.0,1.0
4768,233.0,247.0,1.0
4769,128.0,484.0,1.0
4770,251.0,316.0,1.0
4771,81.0,267.0,1.0
4772,56.0,337.0,1.0
4773,12.0,277.0,1.0
4774,34.0,313.0,1.0
4775,70.0,47.0,1.0
4776,81.0,394.0,1.0
4777,123.0,93.0,1.0
4778,113.0,45.0,1.0
4779,56.0,177.0,1.0
4780,183.0,43.0,1.0
4781,128.0,241.0,1.0
4782,105.0,479.0,1.0
4783,117.0,507.0,1.0
4784,116.0,21.0,1.0
4785,114.0,1.0,1.0
4786,65.0,357.0,1.0
4787,129.0,474.0,1.0
4788,234.0,337.0,1.0
4789,184.0,379.0,1.0
4790,49.0,10.0,1.0
4791,44.0,196.0,1.0
4792,122.0,538.0,1.0
4793,264.0,283.0,1.0
4794,126.0,466.0,1.0
4795,223.0,223.0,1.0
4796,65.0,202.0,1.0
4797,156.0,400.0,1.0
4798,176.0,247.0,1.0
4799,148.0,112.0,1.0
4800,186.0,550.0,1.0
4801,247.0,228.0,1.0
4802,10.0,122.0,1.0
4803,258.0,358.0,1.0
4804,149.0,211.0,1.0
4805,45.0,424.0,1.0
4806,148.0,556.0,1.0
4807,130.0,255.0,1.0
4808,123.0,194.0,1.0
4809,153.0,47.0,1.0
4810,172.0,519.0,1.0
4811,171.0,202.0,1.0
4812,256.0,126.0,1.0
4813,146.0,10.0,1.0
4814,149.0,570.0,1.0
4815,195.0,352.0,1.0
4816,90.0,57.0,1.0
4817,56.0,96.0,1.0
4818,141.0,51.0,1.0
4819,170.0,45.0,1.0
4820,84.0,356.0,1.0
4821,22.0,139.0,1.0
4822,250.0,11.0,1.0
4823,116.0,208.0,1.0
4824,207.0,294.0,1.0
4825,22.0,239.0,1.0
4826,133.0,574.0,1.0
4827,56.0,539.0,1.0
4828,226.0,20.0,1.0
4829,75.0,369.0,1.0
4830,44.0,247.0,1.0
4831,129.0,47.0,1.0
4832,147.0,80.0,1.0
4833,105.0,111.0,1.0
4834,71.0,516.0,1.0
4835,156.0,343.0,1.0
4836,136.0,194.0,1.0
4837,22.0,54.0,1.0
4838,65.0,355.0,1.0
4839,202.0,508.0,1.0
4840,218.0,397.0,1.0
4841,133.0,59.0,1.0
4842,262.0,139.0,1.0
4843,209.0,266.0,1.0
4844,223.0,207.0,1.0
4845,226.0,219.0,1.0
4846,208.0,63.0,1.0
4847,22.0,21.0,1.0
4848,168.0,216.0,1.0
4849,228.0,46.0,1.0
4850,120.0,32.0,1.0
4851,193.0,142.0,1.0
4852,64.0,156.0,1.0
4853,242.0,356.0,1.0
4854,203.0,153.0,1.0
4855,64.0,562.0,1.0
4856,126.0,408.0,1.0
4857,64.0,12.0,1.0
4858,226.0,306.0,1.0
4859,22.0,292.0,1.0
4860,127.0,255.0,1.0
4861,202.0,191.0,1.0
4862,207.0,113.0,1.0
4863,64.0,567.0,1.0
4864,151.0,138.0,1.0
4865,141.0,111.0,1.0
4866,1.0,48.0,1.0
4867,156.0,410.0,1.0
4868,31.0,289.0,1.0
4869,250.0,24.0,1.0
4870,19.0,106.0,1.0
4871,110.0,96.0,1.0
4872,60.0,223.0,1.0
4873,150.0,400.0,1.0
4874,123.0,245.0,1.0
4875,64.0,125.0,1.0
4876,28.0,146.0,1.0
4877,232.0,71.0,1.0
4878,87.0,201.0,1.0
4879,224.0,378.0,1.0
4880,192.0,204.0,1.0
4881,17.0,74.0,1.0
4882,91.0,441.0,1.0
4883,129.0,229.0,1.0
4884,51.0,382.0,1.0
4885,145.0,138.0,1.0
4886,94.0,429.0,1.0
4887,141.0,533.0,1.0
4888,166.0,492.0,1.0
4889,203.0,117.0,1.0
4890,101.0,91.0,1.0
4891,102.0,395.0,1.0
4892,36.0,159.0,1.0
4893,66.0,485.0,1.0
4894,2.0,144.0,1.0
4895,56.0,350.0,1.0
4896,85.0,32.0,1.0
4897,89.0,189.0,1.0
4898,194.0,111.0,1.0
4899,60.0,552.0,1.0
4900,126.0,81.0,1.0
4901,105.0,113.0,1.0
4902,230.0,10.0,1.0
4903,145.0,376.0,1.0
4904,200.0,427.0,1.0
4905,241.0,343.0,1.0
4906,210.0,168.0,1.0
4907,189.0,43.0,1.0
4908,207.0,59.0,1.0
4909,85.0,64.0,1.0
4910,129.0,22.0,1.0
4911,68.0,150.0,1.0
4912,175.0,174.0,1.0
4913,256.0,202.0,1.0
4914,183.0,219.0,1.0
4915,227.0,194.0,1.0
4916,46.0,24.0,1.0
4917,52.0,268.0,1.0
4918,133.0,431.0,1.0
4919,201.0,116.0,1.0
4920,96.0,272.0,1.0
4921,136.0,97.0,1.0
4922,266.0,217.0,1.0
4923,189.0,201.0,1.0
4924,81.0,476.0,1.0
4925,128.0,73.0,1.0
4926,81.0,7.0,1.0
4927,64.0,176.0,1.0
4928,75.0,3.0,1.0
4929,225.0,50.0,1.0
4930,193.0,523.0,1.0
4931,169.0,9.0,1.0
4932,186.0,66.0,1.0
4933,96.0,110.0,1.0
4934,89.0,505.0,1.0
4935,139.0,391.0,1.0
4936,236.0,362.0,1.0
4937,116.0,85.0,1.0
4938,86.0,138.0,1.0
4939,87.0,153.0,1.0
4940,116.0,265.0,1.0
4941,24.0,354.0,1.0
4942,109.0,40.0,1.0
4943,84.0,513.0,1.0
4944,82.0,277.0,1.0
4945,143.0,253.0,1.0
4946,53.0,186.0,1.0
4947,221.0,147.0,1.0
4948,126.0,136.0,1.0
4949,130.0,247.0,1.0
4950,164.0,375.0,1.0
4951,79.0,482.0,1.0
4952,150.0,24.0,1.0
4953,122.0,281.0,1.0
4954,56.0,440.0,1.0
4955,16.0,70.0,1.0
4956,203.0,270.0,1.0
4957,2.0,110.0,1.0
4958,183.0,341.0,1.0
4959,229.0,103.0,1.0
4960,79.0,207.0,1.0
4961,56.0,144.0,1.0
4962,183.0,478.0,1.0
4963,183.0,93.0,1.0
4964,261.0,154.0,1.0
4965,183.0,185.0,1.0
4966,196.0,235.0,1.0
4967,226.0,518.0,1.0
4968,53.0,81.0,1.0
4969,158.0,50.0,1.0
4970,130.0,440.0,1.0
4971,17.0,416.0,1.0
4972,102.0,496.0,1.0
4973,127.0,8.0,1.0
4974,124.0,179.0,1.0
4975,86.0,410.0,1.0
4976,84.0,435.0,1.0
4977,78.0,466.0,1.0
4978,170.0,133.0,1.0
4979,72.0,521.0,1.0
4980,217.0,95.0,1.0
4981,247.0,456.0,1.0
4982,130.0,20.0,1.0
4983,177.0,179.0,1.0
4984,259.0,64.0,1.0
4985,102.0,67.0,1.0
4986,147.0,33.0,1.0
4987,264.0,137.0,1.0
4988,82.0,24.0,1.0
4989,114.0,577.0,1.0
4990,79.0,39.0,1.0
4991,97.0,320.0,1.0
4992,144.0,120.0,1.0
4993,96.0,136.0,1.0
4994,250.0,364.0,1.0
4995,242.0,62.0,1.0
4996,82.0,399.0,1.0
4997,104.0,196.0,1.0
4998,87.0,356.0,1.0
4999,9.0,283.0,1.0
5000,160.0,64.0,1.0
5001,51.0,228.0,1.0
5002,83.0,578.0,1.0
5003,107.0,542.0,1.0
5004,102.0,285.0,1.0
5005,250.0,125.0,1.0
5006,242.0,81.0,1.0
5007,75.0,122.0,1.0
5008,178.0,10.0,1.0
5009,6.0,191.0,1.0
5010,25.0,61.0,1.0
5011,68.0,268.0,1.0
5012,28.0,149.0,1.0
5013,237.0,58.0,1.0
5014,11.0,116.0,1.0
5015,166.0,191.0,1.0
5016,69.0,45.0,1.0
5017,84.0,35.0,1.0
5018,127.0,111.0,1.0
5019,156.0,145.0,1.0
5020,81.0,66.0,1.0
5021,7.0,128.0,1.0
5022,54.0,306.0,1.0
5023,78.0,398.0,1.0
5024,22.0,427.0,1.0
5025,107.0,554.0,1.0
5026,197.0,147.0,1.0
5027,182.0,591.0,1.0
5028,119.0,402.0,1.0
5029,87.0,202.0,1.0
5030,71.0,470.0,1.0
5031,214.0,45.0,1.0
5032,123.0,460.0,1.0
5033,39.0,314.0,1.0
5034,147.0,100.0,1.0
5035,136.0,70.0,1.0
5036,214.0,125.0,1.0
5037,22.0,375.0,1.0
5038,177.0,203.0,1.0
5039,77.0,483.0,1.0
5040,189.0,348.0,1.0
5041,164.0,252.0,1.0
5042,207.0,468.0,1.0
5043,138.0,343.0,1.0
5044,39.0,7.0,1.0
5045,182.0,517.0,1.0
5046,75.0,282.0,1.0
5047,85.0,236.0,1.0
5048,266.0,126.0,1.0
5049,86.0,186.0,1.0
5050,75.0,36.0,1.0
5051,261.0,147.0,1.0
5052,71.0,232.0,1.0
5053,79.0,190.0,1.0
5054,74.0,86.0,1.0
5055,82.0,95.0,1.0
5056,78.0,218.0,1.0
5057,88.0,100.0,1.0
5058,71.0,399.0,1.0
5059,96.0,35.0,1.0
5060,243.0,196.0,1.0
5061,207.0,246.0,1.0
5062,248.0,222.0,1.0
5063,53.0,358.0,1.0
5064,223.0,95.0,1.0
5065,127.0,26.0,1.0
5066,31.0,73.0,1.0
5067,118.0,382.0,1.0
5068,21.0,52.0,1.0
5069,90.0,3.0,1.0
5070,163.0,126.0,1.0
5071,107.0,388.0,1.0
5072,75.0,210.0,1.0
5073,32.0,142.0,1.0
5074,53.0,534.0,1.0
5075,128.0,282.0,1.0
5076,99.0,227.0,1.0
5077,168.0,112.0,1.0
5078,147.0,72.0,1.0
5079,148.0,287.0,1.0
5080,38.0,113.0,1.0
5081,104.0,153.0,1.0
5082,259.0,415.0,1.0
5083,87.0,487.0,1.0
5084,145.0,233.0,1.0
5085,16.0,264.0,1.0
5086,25.0,435.0,1.0
5087,20.0,45.0,1.0
5088,128.0,36.0,1.0
5089,209.0,438.0,1.0
5090,74.0,202.0,1.0
5091,203.0,115.0,1.0
5092,93.0,504.0,1.0
5093,147.0,368.0,1.0
5094,186.0,213.0,1.0
5095,147.0,534.0,1.0
5096,136.0,347.0,1.0
5097,159.0,378.0,1.0
5098,147.0,255.0,1.0
5099,164.0,175.0,1.0
5100,81.0,126.0,1.0
5101,234.0,528.0,1.0
5102,69.0,486.0,1.0
5103,52.0,221.0,1.0
5104,65.0,1.0,1.0
5105,82.0,115.0,1.0
5106,156.0,122.0,1.0
5107,116.0,281.0,1.0
5108,35.0,154.0,1.0
5109,71.0,353.0,1.0
5110,37.0,462.0,1.0
5111,51.0,69.0,1.0
5112,178.0,7.0,1.0
5113,87.0,226.0,1.0
5114,165.0,196.0,1.0
5115,65.0,47.0,1.0
5116,56.0,172.0,1.0
5117,190.0,403.0,1.0
5118,199.0,130.0,1.0
5119,191.0,130.0,1.0
5120,158.0,198.0,1.0
5121,191.0,268.0,1.0
5122,200.0,53.0,1.0
5123,256.0,253.0,1.0
5124,114.0,462.0,1.0
5125,8.0,254.0,1.0
5126,185.0,190.0,1.0
5127,130.0,160.0,1.0
5128,4.0,68.0,1.0
5129,67.0,77.0,1.0
5130,109.0,246.0,1.0
5131,52.0,416.0,1.0
5132,115.0,589.0,1.0
5133,158.0,205.0,1.0
5134,44.0,143.0,1.0
5135,203.0,143.0,1.0
5136,83.0,95.0,1.0
5137,259.0,391.0,1.0
5138,87.0,52.0,1.0
5139,189.0,492.0,1.0
5140,51.0,522.0,1.0
5141,144.0,92.0,1.0
5142,9.0,265.0,1.0
5143,138.0,22.0,1.0
5144,248.0,280.0,1.0
5145,225.0,446.0,1.0
5146,149.0,70.0,1.0
5147,77.0,555.0,1.0
5148,222.0,515.0,1.0
5149,116.0,259.0,1.0
5150,69.0,175.0,1.0
5151,217.0,66.0,1.0
5152,268.0,141.0,1.0
5153,183.0,270.0,1.0
5154,93.0,145.0,1.0
5155,224.0,25.0,1.0
5156,223.0,287.0,1.0
5157,182.0,9.0,1.0
5158,2.0,90.0,1.0
5159,102.0,149.0,1.0
5160,64.0,251.0,1.0
5161,86.0,191.0,1.0
5162,117.0,7.0,1.0
5163,217.0,214.0,1.0
5164,141.0,478.0,1.0
5165,245.0,348.0,1.0
5166,217.0,117.0,1.0
5167,182.0,59.0,1.0
5168,229.0,67.0,1.0
5169,228.0,203.0,1.0
5170,250.0,210.0,1.0
5171,79.0,415.0,1.0
5172,86.0,504.0,1.0
5173,265.0,116.0,1.0
5174,22.0,36.0,1.0
5175,127.0,166.0,1.0
5176,87.0,7.0,1.0
5177,17.0,126.0,1.0
5178,264.0,82.0,1.0
5179,52.0,403.0,1.0
5180,130.0,51.0,1.0
5181,82.0,193.0,1.0
5182,255.0,77.0,1.0
5183,87.0,37.0,1.0
5184,128.0,574.0,1.0
5185,122.0,573.0,1.0
5186,262.0,143.0,1.0
5187,84.0,267.0,1.0
5188,244.0,323.0,1.0
5189,90.0,81.0,1.0
5190,84.0,287.0,1.0
5191,268.0,152.0,1.0
5192,218.0,313.0,1.0
5193,51.0,49.0,1.0
5194,13.0,59.0,1.0
5195,195.0,25.0,1.0
5196,109.0,369.0,1.0
5197,222.0,175.0,1.0
5198,105.0,16.0,1.0
5199,53.0,62.0,1.0
5200,93.0,190.0,1.0
5201,183.0,137.0,1.0
5202,84.0,127.0,1.0
5203,248.0,56.0,1.0
5204,56.0,264.0,1.0
5205,19.0,305.0,1.0
5206,181.0,377.0,1.0
5207,74.0,245.0,1.0
5208,245.0,201.0,1.0
5209,156.0,449.0,1.0
5210,90.0,354.0,1.0
5211,10.0,307.0,1.0
5212,113.0,370.0,1.0
5213,2.0,122.0,1.0
5214,149.0,280.0,1.0
5215,175.0,490.0,1.0
5216,183.0,85.0,1.0
5217,156.0,100.0,1.0
5218,83.0,343.0,1.0
5219,87.0,196.0,1.0
5220,122.0,115.0,1.0
5221,82.0,190.0,1.0
5222,255.0,145.0,1.0
5223,188.0,127.0,1.0
5224,175.0,241.0,1.0
5225,168.0,138.0,1.0
5226,145.0,0.0,1.0
5227,202.0,392.0,1.0
5228,261.0,178.0,1.0
5229,177.0,38.0,1.0
5230,5.0,39.0,1.0
5231,193.0,177.0,1.0
5232,16.0,343.0,1.0
5233,168.0,474.0,1.0
5234,1.0,51.0,1.0
5235,74.0,214.0,1.0
5236,197.0,496.0,1.0
5237,105.0,131.0,1.0
5238,130.0,30.0,1.0
5239,199.0,154.0,1.0
5240,183.0,325.0,1.0
5241,145.0,423.0,1.0
5242,13.0,146.0,1.0
5243,52.0,434.0,1.0
5244,87.0,58.0,1.0
5245,37.0,124.0,1.0
5246,217.0,398.0,1.0
5247,259.0,417.0,1.0
5248,148.0,307.0,1.0
5249,233.0,274.0,1.0
5250,209.0,175.0,1.0
5251,84.0,37.0,1.0
5252,98.0,513.0,1.0
5253,65.0,470.0,1.0
5254,259.0,229.0,1.0
5255,3.0,90.0,1.0
5256,149.0,172.0,1.0
5257,153.0,429.0,1.0
5258,44.0,289.0,1.0
5259,128.0,318.0,1.0
5260,203.0,252.0,1.0
5261,106.0,127.0,1.0
5262,133.0,394.0,1.0
5263,138.0,147.0,1.0
5264,17.0,47.0,1.0
5265,71.0,205.0,1.0
5266,82.0,205.0,1.0
5267,189.0,399.0,1.0
5268,50.0,420.0,1.0
5269,42.0,207.0,1.0
5270,26.0,359.0,1.0
5271,51.0,181.0,1.0
5272,136.0,257.0,1.0
5273,231.0,203.0,1.0
5274,117.0,356.0,1.0
5275,87.0,381.0,1.0
5276,65.0,216.0,1.0
5277,149.0,39.0,1.0
5278,169.0,459.0,1.0
5279,187.0,92.0,1.0
5280,117.0,228.0,1.0
5281,64.0,379.0,1.0
5282,102.0,28.0,1.0
5283,98.0,66.0,1.0
5284,68.0,430.0,1.0
5285,5.0,196.0,1.0
5286,94.0,242.0,1.0
5287,117.0,251.0,1.0
5288,145.0,31.0,1.0
5289,114.0,223.0,1.0
5290,84.0,340.0,1.0
5291,156.0,536.0,1.0
5292,245.0,588.0,1.0
5293,266.0,35.0,1.0
5294,0.0,5.0,1.0
5295,233.0,459.0,1.0
5296,226.0,99.0,1.0
5297,147.0,50.0,1.0
5298,251.0,47.0,1.0
5299,114.0,111.0,1.0
5300,102.0,565.0,1.0
5301,169.0,124.0,1.0
5302,165.0,240.0,1.0
5303,26.0,95.0,1.0
5304,175.0,467.0,1.0
5305,134.0,459.0,1.0
5306,53.0,10.0,1.0
5307,117.0,224.0,1.0
5308,220.0,180.0,1.0
5309,256.0,320.0,1.0
5310,81.0,89.0,1.0
5311,264.0,309.0,1.0
5312,156.0,112.0,1.0
5313,87.0,122.0,1.0
5314,145.0,58.0,1.0
5315,186.0,176.0,1.0
5316,267.0,273.0,1.0
5317,82.0,456.0,1.0
5318,136.0,436.0,1.0
5319,153.0,26.0,1.0
5320,2.0,124.0,1.0
5321,84.0,197.0,1.0
5322,117.0,408.0,1.0
5323,31.0,9.0,1.0
5324,226.0,367.0,1.0
5325,158.0,8.0,1.0
5326,46.0,496.0,1.0
5327,82.0,81.0,1.0
5328,105.0,148.0,1.0
5329,210.0,81.0,1.0
5330,199.0,208.0,1.0
5331,182.0,397.0,1.0
5332,129.0,3.0,1.0
5333,73.0,191.0,1.0
5334,245.0,103.0,1.0
5335,169.0,427.0,1.0
5336,155.0,161.0,1.0
5337,122.0,217.0,1.0
5338,95.0,438.0,1.0
5339,203.0,213.0,1.0
5340,207.0,130.0,1.0
5341,102.0,256.0,1.0
5342,114.0,259.0,1.0
5343,42.0,227.0,1.0
5344,11.0,294.0,1.0
5345,127.0,593.0,1.0
5346,145.0,146.0,1.0
5347,106.0,81.0,1.0
5348,129.0,36.0,1.0
5349,234.0,404.0,1.0
5350,8.0,240.0,1.0
5351,22.0,171.0,1.0
5352,223.0,185.0,1.0
5353,218.0,19.0,1.0
5354,90.0,533.0,1.0
5355,23.0,10.0,1.0
5356,266.0,185.0,1.0
5357,183.0,365.0,1.0
5358,13.0,327.0,1.0
5359,37.0,159.0,1.0
5360,45.0,426.0,1.0
5361,116.0,411.0,1.0
5362,74.0,120.0,1.0
5363,101.0,12.0,1.0
5364,154.0,509.0,1.0
5365,17.0,377.0,1.0
5366,71.0,262.0,1.0
5367,159.0,81.0,1.0
5368,226.0,377.0,1.0
5369,123.0,66.0,1.0
5370,198.0,70.0,1.0
5371,178.0,210.0,1.0
5372,114.0,40.0,1.0
5373,17.0,376.0,1.0
5374,248.0,53.0,1.0
5375,164.0,301.0,1.0
5376,267.0,120.0,1.0
5377,226.0,556.0,1.0
5378,147.0,184.0,1.0
5379,105.0,460.0,1.0
5380,168.0,521.0,1.0
5381,140.0,282.0,1.0
5382,178.0,46.0,1.0
5383,207.0,436.0,1.0
5384,141.0,226.0,1.0
5385,43.0,91.0,1.0
5386,115.0,498.0,1.0
5387,214.0,251.0,1.0
5388,116.0,81.0,1.0
5389,114.0,50.0,1.0
5390,138.0,178.0,1.0
5391,8.0,98.0,1.0
5392,87.0,459.0,1.0
5393,248.0,33.0,1.0
5394,1.0,19.0,1.0
5395,197.0,257.0,1.0
5396,178.0,231.0,1.0
5397,2.0,100.0,1.0
5398,226.0,594.0,1.0
5399,199.0,554.0,1.0
5400,102.0,301.0,1.0
5401,226.0,230.0,1.0
5402,63.0,0.0,1.0
5403,162.0,37.0,1.0
5404,87.0,541.0,1.0
5405,217.0,251.0,1.0
5406,168.0,126.0,1.0
5407,156.0,596.0,1.0
5408,16.0,27.0,1.0
5409,153.0,207.0,1.0
5410,158.0,383.0,1.0
5411,82.0,93.0,1.0
5412,182.0,103.0,1.0
5413,69.0,413.0,1.0
5414,142.0,451.0,1.0
5415,248.0,50.0,1.0
5416,45.0,59.0,1.0
5417,129.0,470.0,1.0
5418,115.0,92.0,1.0
5419,85.0,219.0,1.0
5420,130.0,424.0,1.0
5421,55.0,441.0,1.0
5422,187.0,492.0,1.0
5423,209.0,146.0,1.0
5424,158.0,227.0,1.0
5425,75.0,261.0,1.0
5426,145.0,315.0,1.0
5427,57.0,255.0,1.0
5428,82.0,407.0,1.0
5429,65.0,474.0,1.0
5430,193.0,503.0,1.0
5431,178.0,368.0,1.0
5432,149.0,548.0,1.0
5433,85.0,252.0,1.0
5434,85.0,91.0,1.0
5435,123.0,223.0,1.0
5436,83.0,496.0,1.0
5437,56.0,254.0,1.0
5438,19.0,147.0,1.0
5439,150.0,216.0,1.0
5440,211.0,337.0,1.0
5441,126.0,202.0,1.0
5442,85.0,70.0,1.0
5443,216.0,116.0,1.0
5444,141.0,379.0,1.0
5445,147.0,3.0,1.0
5446,89.0,213.0,1.0
5447,193.0,434.0,1.0
5448,185.0,24.0,1.0
5449,145.0,124.0,1.0
5450,85.0,76.0,1.0
5451,191.0,159.0,1.0
5452,56.0,457.0,1.0
5453,222.0,178.0,1.0
5454,108.0,445.0,1.0
5455,218.0,60.0,1.0
5456,104.0,226.0,1.0
5457,28.0,130.0,1.0
5458,129.0,307.0,1.0
5459,159.0,65.0,1.0
5460,203.0,159.0,1.0
5461,124.0,277.0,1.0
5462,212.0,416.0,1.0
5463,196.0,32.0,1.0
5464,126.0,147.0,1.0
5465,198.0,141.0,1.0
5466,266.0,222.0,1.0
5467,106.0,70.0,1.0
5468,65.0,111.0,1.0
5469,141.0,113.0,1.0
5470,245.0,66.0,1.0
5471,60.0,58.0,1.0
5472,47.0,464.0,1.0
5473,171.0,556.0,1.0
5474,244.0,434.0,1.0
5475,211.0,126.0,1.0
5476,87.0,306.0,1.0
5477,53.0,123.0,1.0
5478,74.0,47.0,1.0
5479,56.0,28.0,1.0
5480,85.0,510.0,1.0
5481,200.0,211.0,1.0
5482,113.0,81.0,1.0
5483,178.0,284.0,1.0
5484,182.0,143.0,1.0
5485,150.0,225.0,1.0
5486,121.0,527.0,1.0
5487,142.0,423.0,1.0
5488,17.0,218.0,1.0
5489,224.0,577.0,1.0
5490,189.0,225.0,1.0
5491,248.0,233.0,1.0
5492,22.0,50.0,1.0
5493,126.0,287.0,1.0
5494,186.0,146.0,1.0
5495,49.0,222.0,1.0
5496,10.0,288.0,1.0
5497,238.0,395.0,1.0
5498,123.0,459.0,1.0
5499,39.0,207.0,1.0
5500,178.0,59.0,1.0
5501,218.0,319.0,1.0
5502,54.0,71.0,1.0
5503,178.0,173.0,1.0
5504,147.0,45.0,1.0
5505,222.0,458.0,1.0
5506,65.0,356.0,1.0
5507,68.0,77.0,1.0
5508,149.0,220.0,1.0
5509,226.0,37.0,1.0
5510,81.0,219.0,1.0
5511,108.0,162.0,1.0
5512,74.0,415.0,1.0
5513,56.0,39.0,1.0
5514,16.0,259.0,1.0
5515,129.0,10.0,1.0
5516,187.0,217.0,1.0
5517,60.0,553.0,1.0
5518,123.0,42.0,1.0
5519,261.0,120.0,1.0
5520,178.0,533.0,1.0
5521,64.0,175.0,1.0
5522,82.0,86.0,1.0
5523,226.0,17.0,1.0
5524,49.0,391.0,1.0
5525,230.0,133.0,1.0
5526,87.0,279.0,1.0
5527,71.0,216.0,1.0
5528,164.0,147.0,1.0
5529,180.0,223.0,1.0
5530,252.0,170.0,1.0
5531,145.0,219.0,1.0
5532,53.0,250.0,1.0
5533,59.0,460.0,1.0
5534,166.0,10.0,1.0
5535,189.0,394.0,1.0
5536,218.0,326.0,1.0
5537,176.0,352.0,1.0
5538,97.0,70.0,1.0
5539,156.0,124.0,1.0
5540,137.0,190.0,1.0
5541,223.0,261.0,1.0
5542,81.0,199.0,1.0
5543,149.0,71.0,1.0
5544,182.0,327.0,1.0
5545,189.0,80.0,1.0
5546,9.0,24.0,1.0
5547,203.0,425.0,1.0
5548,147.0,9.0,1.0
5549,71.0,201.0,1.0
5550,207.0,572.0,1.0
5551,158.0,410.0,1.0
5552,193.0,51.0,1.0
5553,182.0,535.0,1.0
5554,117.0,138.0,1.0
5555,189.0,226.0,1.0
5556,52.0,146.0,1.0
5557,128.0,493.0,1.0
5558,9.0,29.0,1.0
5559,136.0,582.0,1.0
5560,145.0,115.0,1.0
5561,229.0,164.0,1.0
5562,182.0,295.0,1.0
5563,165.0,214.0,1.0
5564,84.0,308.0,1.0
5565,136.0,103.0,1.0
5566,129.0,360.0,1.0
5567,45.0,97.0,1.0
5568,82.0,523.0,1.0
5569,57.0,130.0,1.0
5570,259.0,78.0,1.0
5571,257.0,11.0,1.0
5572,116.0,247.0,1.0
5573,104.0,115.0,1.0
5574,223.0,99.0,1.0
5575,236.0,45.0,1.0
5576,178.0,427.0,1.0
5577,194.0,92.0,1.0
5578,256.0,558.0,1.0
5579,223.0,125.0,1.0
5580,86.0,224.0,1.0
5581,236.0,100.0,1.0
5582,84.0,95.0,1.0
5583,197.0,38.0,1.0
5584,44.0,282.0,1.0
5585,105.0,100.0,1.0
5586,35.0,457.0,1.0
5587,164.0,233.0,1.0
5588,261.0,110.0,1.0
5589,177.0,172.0,1.0
5590,130.0,459.0,1.0
5591,172.0,91.0,1.0
5592,252.0,289.0,1.0
5593,128.0,453.0,1.0
5594,224.0,371.0,1.0
5595,121.0,241.0,1.0
5596,234.0,11.0,1.0
5597,223.0,480.0,1.0
5598,261.0,113.0,1.0
5599,256.0,122.0,1.0
5600,170.0,10.0,1.0
5601,170.0,91.0,1.0
5602,211.0,113.0,1.0
5603,200.0,215.0,1.0
5604,93.0,523.0,1.0
5605,37.0,147.0,1.0
5606,162.0,349.0,1.0
5607,235.0,12.0,1.0
5608,195.0,460.0,1.0
5609,103.0,122.0,1.0
5610,118.0,191.0,1.0
5611,133.0,150.0,1.0
5612,124.0,208.0,1.0
5613,150.0,429.0,1.0
5614,33.0,156.0,1.0
5615,223.0,314.0,1.0
5616,52.0,126.0,1.0
5617,178.0,168.0,1.0
5618,129.0,32.0,1.0
5619,79.0,117.0,1.0
5620,22.0,432.0,1.0
5621,262.0,1.0,1.0
5622,226.0,8.0,1.0
5623,165.0,74.0,1.0
5624,185.0,58.0,1.0
5625,84.0,585.0,1.0
5626,161.0,10.0,1.0
5627,90.0,408.0,1.0
5628,182.0,47.0,1.0
5629,65.0,46.0,1.0
5630,130.0,143.0,1.0
5631,133.0,220.0,1.0
5632,185.0,207.0,1.0
5633,259.0,588.0,1.0
5634,71.0,527.0,1.0
5635,22.0,57.0,1.0
5636,101.0,147.0,1.0
5637,44.0,208.0,1.0
5638,115.0,571.0,1.0
5639,52.0,147.0,1.0
5640,248.0,146.0,1.0
5641,106.0,10.0,1.0
5642,116.0,89.0,1.0
5643,144.0,273.0,1.0
5644,156.0,543.0,1.0
5645,32.0,348.0,1.0
5646,65.0,147.0,1.0
5647,78.0,12.0,1.0
5648,81.0,504.0,1.0
5649,64.0,493.0,1.0
5650,195.0,205.0,1.0
5651,89.0,438.0,1.0
5652,165.0,498.0,1.0
5653,17.0,38.0,1.0
5654,83.0,400.0,1.0
5655,102.0,253.0,1.0
5656,226.0,270.0,1.0
5657,57.0,494.0,1.0
5658,136.0,228.0,1.0
5659,219.0,391.0,1.0
5660,128.0,327.0,1.0
5661,187.0,454.0,1.0
5662,44.0,175.0,1.0
5663,146.0,573.0,1.0
5664,146.0,577.0,1.0
5665,211.0,223.0,1.0
5666,114.0,46.0,1.0
5667,104.0,148.0,1.0
5668,131.0,9.0,1.0
5669,117.0,0.0,1.0
5670,58.0,289.0,1.0
5671,203.0,485.0,1.0
5672,196.0,425.0,1.0
5673,51.0,206.0,1.0
5674,22.0,106.0,1.0
5675,37.0,70.0,1.0
5676,79.0,351.0,1.0
5677,51.0,251.0,1.0
5678,256.0,7.0,1.0
5679,71.0,386.0,1.0
5680,96.0,563.0,1.0
5681,207.0,51.0,1.0
5682,75.0,259.0,1.0
5683,259.0,157.0,1.0
5684,183.0,83.0,1.0
5685,104.0,111.0,1.0
5686,136.0,79.0,1.0
5687,156.0,453.0,1.0
5688,109.0,73.0,1.0
5689,81.0,119.0,1.0
5690,66.0,10.0,1.0
5691,26.0,122.0,1.0
5692,202.0,48.0,1.0
5693,126.0,95.0,1.0
5694,94.0,222.0,1.0
5695,158.0,91.0,1.0
5696,207.0,475.0,1.0
5697,205.0,298.0,1.0
5698,185.0,242.0,1.0
5699,92.0,208.0,1.0
5700,231.0,184.0,1.0
5701,44.0,277.0,1.0
5702,37.0,89.0,1.0
5703,102.0,62.0,1.0
5704,126.0,180.0,1.0
5705,245.0,222.0,1.0
5706,188.0,137.0,1.0
5707,218.0,105.0,1.0
5708,28.0,442.0,1.0
5709,136.0,120.0,1.0
5710,107.0,43.0,1.0
5711,165.0,21.0,1.0
5712,26.0,36.0,1.0
5713,120.0,146.0,1.0
5714,16.0,44.0,1.0
5715,215.0,146.0,1.0
5716,132.0,31.0,1.0
5717,1.0,89.0,1.0
5718,183.0,10.0,1.0
5719,267.0,106.0,1.0
5720,83.0,91.0,1.0
5721,64.0,429.0,1.0
5722,155.0,271.0,1.0
5723,149.0,478.0,1.0
5724,31.0,196.0,1.0
5725,71.0,505.0,1.0
5726,261.0,255.0,1.0
5727,17.0,375.0,1.0
5728,109.0,363.0,1.0
5729,56.0,259.0,1.0
5730,82.0,100.0,1.0
5731,176.0,111.0,1.0
5732,116.0,59.0,1.0
5733,226.0,14.0,1.0
5734,87.0,372.0,1.0
5735,81.0,277.0,1.0
5736,39.0,401.0,1.0
5737,228.0,45.0,1.0
5738,246.0,92.0,1.0
5739,130.0,31.0,1.0
5740,159.0,536.0,1.0
5741,14.0,9.0,1.0
5742,122.0,141.0,1.0
5743,211.0,384.0,1.0
5744,88.0,207.0,1.0
5745,54.0,522.0,1.0
5746,193.0,25.0,1.0
5747,104.0,419.0,1.0
5748,98.0,25.0,1.0
5749,211.0,317.0,1.0
5750,227.0,105.0,1.0
5751,82.0,434.0,1.0
5752,248.0,60.0,1.0
5753,100.0,12.0,1.0
5754,10.0,89.0,1.0
5755,141.0,426.0,1.0
5756,53.0,144.0,1.0
5757,258.0,100.0,1.0
5758,44.0,146.0,1.0
5759,179.0,378.0,1.0
5760,84.0,214.0,1.0
5761,52.0,26.0,1.0
5762,105.0,31.0,1.0
5763,132.0,62.0,1.0
5764,113.0,127.0,1.0
5765,178.0,64.0,1.0
5766,261.0,143.0,1.0
5767,58.0,179.0,1.0
5768,263.0,483.0,1.0
5769,117.0,392.0,1.0
5770,224.0,90.0,1.0
5771,44.0,147.0,1.0
5772,56.0,278.0,1.0
5773,170.0,474.0,1.0
5774,214.0,284.0,1.0
5775,74.0,472.0,1.0
5776,52.0,377.0,1.0
5777,52.0,368.0,1.0
5778,56.0,156.0,1.0
5779,190.0,206.0,1.0
5780,22.0,291.0,1.0
5781,51.0,512.0,1.0
5782,78.0,113.0,1.0
5783,151.0,50.0,1.0
5784,3.0,154.0,1.0
5785,129.0,404.0,1.0
5786,87.0,447.0,1.0
5787,35.0,178.0,1.0
5788,102.0,423.0,1.0
5789,130.0,438.0,1.0
5790,189.0,11.0,1.0
5791,224.0,190.0,1.0
5792,139.0,197.0,1.0
5793,217.0,527.0,1.0
5794,266.0,232.0,1.0
5795,185.0,434.0,1.0
5796,248.0,456.0,1.0
5797,74.0,394.0,1.0
5798,128.0,425.0,1.0
5799,5.0,203.0,1.0
5800,163.0,413.0,1.0
5801,243.0,127.0,1.0
5802,71.0,492.0,1.0
5803,1.0,65.0,1.0
5804,150.0,194.0,1.0
5805,18.0,111.0,1.0
5806,248.0,360.0,1.0
5807,84.0,305.0,1.0
5808,128.0,196.0,1.0
5809,122.0,357.0,1.0
5810,8.0,243.0,1.0
5811,149.0,33.0,1.0
5812,63.0,378.0,1.0
5813,234.0,470.0,1.0
5814,82.0,142.0,1.0
5815,56.0,194.0,1.0
5816,64.0,138.0,1.0
5817,89.0,205.0,1.0
5818,222.0,312.0,1.0
5819,32.0,304.0,1.0
5820,153.0,192.0,1.0
5821,160.0,336.0,1.0
5822,178.0,351.0,1.0
5823,81.0,177.0,1.0
5824,75.0,146.0,1.0
5825,153.0,216.0,1.0
5826,124.0,84.0,1.0
5827,202.0,490.0,1.0
5828,145.0,326.0,1.0
5829,105.0,546.0,1.0
5830,182.0,177.0,1.0
5831,118.0,394.0,1.0
5832,60.0,190.0,1.0
5833,200.0,35.0,1.0
5834,150.0,273.0,1.0
5835,46.0,233.0,1.0
5836,218.0,36.0,1.0
5837,227.0,578.0,1.0
5838,22.0,167.0,1.0
5839,262.0,129.0,1.0
5840,40.0,304.0,1.0
5841,23.0,122.0,1.0
5842,217.0,135.0,1.0
5843,264.0,168.0,1.0
5844,153.0,492.0,1.0
5845,182.0,204.0,1.0
5846,42.0,223.0,1.0
5847,126.0,534.0,1.0
5848,83.0,77.0,1.0
5849,74.0,92.0,1.0
5850,113.0,535.0,1.0
5851,51.0,365.0,1.0
5852,63.0,48.0,1.0
5853,223.0,8.0,1.0
5854,130.0,120.0,1.0
5855,49.0,309.0,1.0
5856,87.0,308.0,1.0
5857,139.0,117.0,1.0
5858,178.0,250.0,1.0
5859,123.0,120.0,1.0
5860,87.0,535.0,1.0
5861,9.0,48.0,1.0
5862,97.0,219.0,1.0
5863,32.0,47.0,1.0
5864,247.0,19.0,1.0
5865,178.0,230.0,1.0
5866,205.0,103.0,1.0
5867,139.0,398.0,1.0
5868,69.0,150.0,1.0
5869,13.0,51.0,1.0
5870,243.0,91.0,1.0
5871,117.0,464.0,1.0
5872,51.0,22.0,1.0
5873,199.0,225.0,1.0
5874,208.0,204.0,1.0
5875,223.0,32.0,1.0
5876,214.0,556.0,1.0
5877,39.0,414.0,1.0
5878,236.0,10.0,1.0
5879,98.0,409.0,1.0
5880,104.0,35.0,1.0
5881,16.0,146.0,1.0
5882,186.0,296.0,1.0
5883,257.0,97.0,1.0
5884,183.0,22.0,1.0
5885,114.0,44.0,1.0
5886,31.0,103.0,1.0
5887,218.0,278.0,1.0
5888,117.0,513.0,1.0
5889,183.0,96.0,1.0
5890,189.0,9.0,1.0
5891,83.0,38.0,1.0
5892,163.0,400.0,1.0
5893,2.0,84.0,1.0
5894,107.0,219.0,1.0
5895,97.0,192.0,1.0
5896,141.0,315.0,1.0
5897,200.0,39.0,1.0
5898,72.0,201.0,1.0
5899,44.0,24.0,1.0
5900,207.0,205.0,1.0
5901,57.0,157.0,1.0
5902,65.0,261.0,1.0
5903,226.0,65.0,1.0
5904,149.0,223.0,1.0
5905,234.0,386.0,1.0
5906,180.0,452.0,1.0
5907,70.0,253.0,1.0
5908,46.0,10.0,1.0
5909,175.0,156.0,1.0
5910,102.0,160.0,1.0
5911,158.0,148.0,1.0
5912,132.0,378.0,1.0
5913,200.0,225.0,1.0
5914,60.0,310.0,1.0
5915,188.0,199.0,1.0
5916,172.0,227.0,1.0
5917,209.0,497.0,1.0
5918,62.0,89.0,1.0
5919,149.0,92.0,1.0
5920,64.0,426.0,1.0
5921,231.0,229.0,1.0
5922,17.0,221.0,1.0
5923,14.0,112.0,1.0
5924,264.0,9.0,1.0
5925,165.0,465.0,1.0
5926,200.0,10.0,1.0
5927,178.0,36.0,1.0
5928,97.0,32.0,1.0
5929,81.0,266.0,1.0
5930,258.0,194.0,1.0
5931,127.0,130.0,1.0
5932,84.0,554.0,1.0
5933,97.0,382.0,1.0
5934,182.0,561.0,1.0
5935,71.0,267.0,1.0
5936,69.0,434.0,1.0
5937,84.0,321.0,1.0
5938,200.0,64.0,1.0
5939,182.0,228.0,1.0
5940,203.0,448.0,1.0
5941,193.0,581.0,1.0
5942,45.0,223.0,1.0
5943,55.0,50.0,1.0
5944,256.0,81.0,1.0
5945,69.0,279.0,1.0
5946,31.0,143.0,1.0
5947,97.0,394.0,1.0
5948,85.0,241.0,1.0
5949,133.0,255.0,1.0
5950,50.0,21.0,1.0
5951,214.0,66.0,1.0
5952,126.0,143.0,1.0
5953,114.0,420.0,1.0
5954,199.0,256.0,1.0
5955,164.0,353.0,1.0
5956,189.0,25.0,1.0
5957,196.0,138.0,1.0
5958,234.0,35.0,1.0
5959,234.0,411.0,1.0
5960,205.0,68.0,1.0
5961,103.0,460.0,1.0
5962,129.0,100.0,1.0
5963,268.0,114.0,1.0
5964,218.0,55.0,1.0
5965,19.0,168.0,1.0
5966,87.0,10.0,1.0
5967,232.0,462.0,1.0
5968,162.0,142.0,1.0
5969,102.0,63.0,1.0
5970,83.0,282.0,1.0
5971,218.0,70.0,1.0
5972,233.0,252.0,1.0
5973,162.0,58.0,1.0
5974,52.0,388.0,1.0
5975,17.0,92.0,1.0
5976,132.0,91.0,1.0
5977,136.0,186.0,1.0
5978,195.0,10.0,1.0
5979,42.0,391.0,1.0
5980,94.0,106.0,1.0
5981,93.0,262.0,1.0
5982,142.0,398.0,1.0
5983,74.0,400.0,1.0
5984,65.0,48.0,1.0
5985,88.0,413.0,1.0
5986,147.0,85.0,1.0
5987,128.0,57.0,1.0
5988,178.0,374.0,1.0
5989,44.0,489.0,1.0
5990,31.0,23.0,1.0
5991,189.0,556.0,1.0
5992,48.0,264.0,1.0
5993,108.0,191.0,1.0
5994,162.0,251.0,1.0
5995,76.0,256.0,1.0
5996,202.0,44.0,1.0
5997,222.0,6.0,1.0
5998,207.0,570.0,1.0
5999,182.0,114.0,1.0
6000,130.0,350.0,1.0
6001,147.0,219.0,1.0
6002,254.0,388.0,1.0
6003,223.0,367.0,1.0
6004,81.0,352.0,1.0
6005,102.0,349.0,1.0
6006,10.0,241.0,1.0
6007,82.0,217.0,1.0
6008,203.0,304.0,1.0
6009,124.0,256.0,1.0
6010,175.0,225.0,1.0
6011,128.0,512.0,1.0
6012,72.0,447.0,1.0
6013,259.0,309.0,1.0
6014,175.0,538.0,1.0
6015,1.0,84.0,1.0
6016,260.0,213.0,1.0
6017,178.0,220.0,1.0
6018,5.0,215.0,1.0
6019,81.0,372.0,1.0
6020,6.0,186.0,1.0
6021,147.0,81.0,1.0
6022,82.0,212.0,1.0
6023,141.0,451.0,1.0
6024,122.0,512.0,1.0
6025,26.0,147.0,1.0
6026,70.0,59.0,1.0
6027,178.0,529.0,1.0
6028,105.0,193.0,1.0
6029,231.0,369.0,1.0
6030,56.0,20.0,1.0
6031,201.0,95.0,1.0
6032,9.0,45.0,1.0
6033,132.0,420.0,1.0
6034,58.0,485.0,1.0
6035,117.0,583.0,1.0
6036,230.0,342.0,1.0
6037,223.0,203.0,1.0
6038,98.0,89.0,1.0
6039,65.0,533.0,1.0
6040,44.0,436.0,1.0
6041,200.0,268.0,1.0
6042,63.0,5.0,1.0
6043,4.0,146.0,1.0
6044,163.0,84.0,1.0
6045,75.0,527.0,1.0
6046,49.0,38.0,1.0
6047,168.0,238.0,1.0
6048,128.0,24.0,1.0
6049,102.0,82.0,1.0
6050,164.0,250.0,1.0
6051,37.0,461.0,1.0
6052,32.0,103.0,1.0
6053,98.0,70.0,1.0
6054,74.0,136.0,1.0
6055,2.0,141.0,1.0
6056,228.0,341.0,1.0
6057,266.0,49.0,1.0
6058,116.0,262.0,1.0
6059,16.0,65.0,1.0
6060,226.0,332.0,1.0
6061,195.0,92.0,1.0
6062,178.0,337.0,1.0
6063,31.0,454.0,1.0
6064,113.0,328.0,1.0
6065,229.0,345.0,1.0
6066,191.0,298.0,1.0
6067,207.0,275.0,1.0
6068,131.0,143.0,1.0
6069,239.0,197.0,1.0
6070,97.0,379.0,1.0
6071,147.0,358.0,1.0
6072,82.0,505.0,1.0
6073,64.0,31.0,1.0
6074,65.0,461.0,1.0
6075,207.0,357.0,1.0
6076,17.0,202.0,1.0
6077,226.0,202.0,1.0
6078,182.0,299.0,1.0
6079,34.0,31.0,1.0
6080,17.0,100.0,1.0
6081,17.0,372.0,1.0
6082,170.0,106.0,1.0
6083,210.0,147.0,1.0
6084,82.0,329.0,1.0
6085,44.0,479.0,1.0
6086,96.0,95.0,1.0
6087,87.0,365.0,1.0
6088,249.0,146.0,1.0
6089,148.0,48.0,1.0
6090,108.0,53.0,1.0
6091,186.0,200.0,1.0
6092,218.0,277.0,1.0
6093,65.0,18.0,1.0
6094,124.0,204.0,1.0
6095,264.0,272.0,1.0
6096,13.0,201.0,1.0
6097,168.0,129.0,1.0
6098,113.0,337.0,1.0
6099,217.0,111.0,1.0
6100,265.0,253.0,1.0
6101,262.0,194.0,1.0
6102,74.0,1.0,1.0
6103,189.0,135.0,1.0
6104,231.0,89.0,1.0
6105,95.0,58.0,1.0
6106,82.0,388.0,1.0
6107,119.0,205.0,1.0
6108,169.0,147.0,1.0
6109,203.0,269.0,1.0
6110,122.0,419.0,1.0
6111,139.0,230.0,1.0
6112,17.0,374.0,1.0
6113,197.0,495.0,1.0
6114,156.0,5.0,1.0
6115,176.0,47.0,1.0
6116,175.0,422.0,1.0
6117,160.0,43.0,1.0
6118,71.0,305.0,1.0
6119,173.0,263.0,1.0
6120,127.0,576.0,1.0
6121,183.0,272.0,1.0
6122,123.0,493.0,1.0
6123,67.0,59.0,1.0
6124,117.0,457.0,1.0
6125,65.0,451.0,1.0
6126,238.0,223.0,1.0
6127,123.0,45.0,1.0
6128,232.0,84.0,1.0
6129,104.0,482.0,1.0
6130,226.0,30.0,1.0
6131,141.0,175.0,1.0
6132,147.0,359.0,1.0
6133,116.0,579.0,1.0
6134,207.0,78.0,1.0
6135,248.0,54.0,1.0
6136,189.0,194.0,1.0
6137,102.0,136.0,1.0
6138,188.0,156.0,1.0
6139,25.0,105.0,1.0
6140,78.0,190.0,1.0
6141,145.0,130.0,1.0
6142,82.0,294.0,1.0
6143,10.0,306.0,1.0
6144,9.0,62.0,1.0
6145,138.0,242.0,1.0
6146,191.0,114.0,1.0
6147,201.0,531.0,1.0
6148,159.0,190.0,1.0
6149,102.0,247.0,1.0
6150,115.0,320.0,1.0
6151,108.0,475.0,1.0
6152,136.0,388.0,1.0
6153,129.0,51.0,1.0
6154,105.0,147.0,1.0
6155,248.0,302.0,1.0
6156,227.0,58.0,1.0
6157,37.0,59.0,1.0
6158,130.0,100.0,1.0
6159,117.0,191.0,1.0
6160,213.0,101.0,1.0
6161,141.0,425.0,1.0
6162,264.0,47.0,1.0
6163,74.0,77.0,1.0
6164,96.0,191.0,1.0
6165,200.0,37.0,1.0
6166,3.0,11.0,1.0
6167,185.0,135.0,1.0
6168,6.0,224.0,1.0
6169,209.0,226.0,1.0
6170,257.0,111.0,1.0
6171,94.0,1.0,1.0
6172,67.0,388.0,1.0
6173,238.0,486.0,1.0
6174,263.0,17.0,1.0
6175,102.0,593.0,1.0
6176,214.0,420.0,1.0
6177,261.0,460.0,1.0
6178,150.0,147.0,1.0
6179,230.0,91.0,1.0
6180,169.0,120.0,1.0
6181,37.0,313.0,1.0
6182,114.0,271.0,1.0
6183,126.0,191.0,1.0
6184,127.0,337.0,1.0
6185,248.0,255.0,1.0
6186,84.0,160.0,1.0
6187,261.0,282.0,1.0
6188,94.0,145.0,1.0
6189,148.0,59.0,1.0
6190,29.0,225.0,1.0
6191,135.0,125.0,1.0
6192,2.0,96.0,1.0
6193,165.0,126.0,1.0
6194,34.0,103.0,1.0
6195,208.0,553.0,1.0
6196,230.0,215.0,1.0
6197,96.0,501.0,1.0
6198,94.0,420.0,1.0
6199,57.0,460.0,1.0
6200,102.0,200.0,1.0
6201,97.0,360.0,1.0
6202,78.0,125.0,1.0
6203,106.0,233.0,1.0
6204,17.0,189.0,1.0
6205,65.0,198.0,1.0
6206,242.0,59.0,1.0
6207,65.0,388.0,1.0
6208,118.0,216.0,1.0
6209,205.0,550.0,1.0
6210,233.0,594.0,1.0
6211,130.0,238.0,1.0
6212,177.0,118.0,1.0
6213,162.0,113.0,1.0
6214,183.0,361.0,1.0
6215,74.0,229.0,1.0
6216,203.0,539.0,1.0
6217,127.0,36.0,1.0
6218,149.0,236.0,1.0
6219,132.0,10.0,1.0
6220,213.0,327.0,1.0
6221,113.0,22.0,1.0
6222,31.0,351.0,1.0
6223,188.0,1.0,1.0
6224,116.0,147.0,1.0
6225,52.0,533.0,1.0
6226,229.0,113.0,1.0
6227,228.0,57.0,1.0
6228,144.0,66.0,1.0
6229,162.0,141.0,1.0
6230,210.0,193.0,1.0
6231,145.0,59.0,1.0
6232,250.0,215.0,1.0
6233,230.0,219.0,1.0
6234,183.0,317.0,1.0
6235,182.0,580.0,1.0
6236,74.0,201.0,1.0
6237,261.0,424.0,1.0
6238,188.0,257.0,1.0
6239,268.0,140.0,1.0
6240,199.0,241.0,1.0
6241,127.0,595.0,1.0
6242,218.0,356.0,1.0
6243,196.0,480.0,1.0
6244,147.0,88.0,1.0
6245,262.0,294.0,1.0
6246,52.0,62.0,1.0
6247,51.0,118.0,1.0
6248,89.0,21.0,1.0
6249,129.0,409.0,1.0
6250,28.0,54.0,1.0
6251,64.0,103.0,1.0
6252,58.0,150.0,1.0
6253,40.0,168.0,1.0
6254,87.0,183.0,1.0
6255,45.0,392.0,1.0
6256,199.0,4.0,1.0
6257,116.0,580.0,1.0
6258,182.0,216.0,1.0
6259,87.0,498.0,1.0
6260,223.0,217.0,1.0
6261,147.0,267.0,1.0
6262,189.0,434.0,1.0
6263,266.0,95.0,1.0
6264,82.0,43.0,1.0
6265,147.0,57.0,1.0
6266,205.0,216.0,1.0
6267,96.0,539.0,1.0
6268,174.0,290.0,1.0
6269,250.0,489.0,1.0
6270,178.0,501.0,1.0
6271,149.0,477.0,1.0
6272,53.0,119.0,1.0
6273,176.0,90.0,1.0
6274,82.0,185.0,1.0
6275,67.0,287.0,1.0
6276,219.0,218.0,1.0
6277,259.0,62.0,1.0
6278,226.0,274.0,1.0
6279,256.0,409.0,1.0
6280,159.0,202.0,1.0
6281,217.0,466.0,1.0
6282,153.0,116.0,1.0
6283,71.0,563.0,1.0
6284,145.0,181.0,1.0
6285,143.0,59.0,1.0
6286,84.0,66.0,1.0
6287,82.0,243.0,1.0
6288,75.0,400.0,1.0
6289,256.0,23.0,1.0
6290,178.0,378.0,1.0
6291,9.0,51.0,1.0
6292,232.0,37.0,1.0
6293,47.0,266.0,1.0
6294,105.0,374.0,1.0
6295,161.0,59.0,1.0
6296,64.0,378.0,1.0
6297,117.0,314.0,1.0
6298,16.0,60.0,1.0
6299,115.0,434.0,1.0
6300,244.0,150.0,1.0
6301,183.0,106.0,1.0
6302,226.0,303.0,1.0
6303,189.0,108.0,1.0
6304,225.0,281.0,1.0
6305,96.0,103.0,1.0
6306,226.0,252.0,1.0
6307,89.0,493.0,1.0
6308,182.0,442.0,1.0
6309,79.0,3.0,1.0
6310,129.0,224.0,1.0
6311,228.0,93.0,1.0
6312,194.0,541.0,1.0
6313,168.0,92.0,1.0
6314,53.0,238.0,1.0
6315,21.0,349.0,1.0
6316,149.0,454.0,1.0
6317,222.0,120.0,1.0
6318,102.0,146.0,1.0
6319,185.0,45.0,1.0
6320,262.0,122.0,1.0
6321,191.0,167.0,1.0
6322,52.0,229.0,1.0
6323,79.0,227.0,1.0
6324,96.0,36.0,1.0
6325,22.0,27.0,1.0
6326,259.0,383.0,1.0
6327,99.0,530.0,1.0
6328,182.0,427.0,1.0
6329,175.0,568.0,1.0
6330,99.0,222.0,1.0
6331,64.0,113.0,1.0
6332,44.0,268.0,1.0
6333,40.0,66.0,1.0
6334,211.0,284.0,1.0
6335,1.0,44.0,1.0
6336,149.0,489.0,1.0
6337,101.0,126.0,1.0
6338,223.0,399.0,1.0
6339,168.0,453.0,1.0
6340,194.0,39.0,1.0
6341,105.0,103.0,1.0
6342,185.0,580.0,1.0
6343,90.0,204.0,1.0
6344,16.0,34.0,1.0
6345,129.0,378.0,1.0
6346,164.0,417.0,1.0
6347,248.0,525.0,1.0
6348,81.0,195.0,1.0
6349,100.0,420.0,1.0
6350,229.0,412.0,1.0
6351,34.0,99.0,1.0
6352,165.0,455.0,1.0
6353,178.0,438.0,1.0
6354,44.0,194.0,1.0
6355,65.0,119.0,1.0
6356,211.0,4.0,1.0
6357,106.0,409.0,1.0
6358,243.0,253.0,1.0
6359,126.0,138.0,1.0
6360,96.0,207.0,1.0
6361,147.0,366.0,1.0
6362,138.0,349.0,1.0
6363,72.0,146.0,1.0
6364,147.0,537.0,1.0
6365,130.0,510.0,1.0
6366,225.0,57.0,1.0
6367,161.0,111.0,1.0
6368,102.0,113.0,1.0
6369,1.0,47.0,1.0
6370,155.0,281.0,1.0
6371,17.0,117.0,1.0
6372,200.0,440.0,1.0
6373,94.0,330.0,1.0
6374,19.0,292.0,1.0
6375,105.0,74.0,1.0
6376,52.0,116.0,1.0
6377,225.0,246.0,1.0
6378,165.0,421.0,1.0
6379,178.0,346.0,1.0
6380,264.0,546.0,1.0
6381,207.0,256.0,1.0
6382,136.0,248.0,1.0
6383,230.0,97.0,1.0
6384,81.0,417.0,1.0
6385,84.0,493.0,1.0
6386,211.0,103.0,1.0
6387,5.0,124.0,1.0
6388,145.0,279.0,1.0
6389,102.0,388.0,1.0
6390,262.0,349.0,1.0
6391,90.0,233.0,1.0
6392,245.0,131.0,1.0
6393,126.0,471.0,1.0
6394,56.0,161.0,1.0
6395,92.0,39.0,1.0
6396,195.0,27.0,1.0
6397,82.0,382.0,1.0
6398,89.0,404.0,1.0
6399,89.0,284.0,1.0
6400,85.0,238.0,1.0
6401,220.0,211.0,1.0
6402,90.0,37.0,1.0
6403,162.0,450.0,1.0
6404,44.0,441.0,1.0
6405,175.0,363.0,1.0
6406,51.0,431.0,1.0
6407,144.0,570.0,1.0
6408,162.0,47.0,1.0
6409,37.0,153.0,1.0
6410,149.0,86.0,1.0
6411,97.0,214.0,1.0
6412,238.0,136.0,1.0
6413,53.0,278.0,1.0
6414,104.0,112.0,1.0
6415,64.0,366.0,1.0
6416,154.0,1.0,1.0
6417,218.0,294.0,1.0
6418,164.0,453.0,1.0
6419,22.0,293.0,1.0
6420,175.0,204.0,1.0
6421,136.0,569.0,1.0
6422,102.0,45.0,1.0
6423,105.0,570.0,1.0
6424,257.0,44.0,1.0
6425,223.0,194.0,1.0
6426,89.0,417.0,1.0
6427,189.0,357.0,1.0
6428,118.0,400.0,1.0
6429,69.0,513.0,1.0
6430,84.0,229.0,1.0
6431,139.0,202.0,1.0
6432,258.0,233.0,1.0
6433,81.0,221.0,1.0
6434,224.0,263.0,1.0
6435,107.0,571.0,1.0
6436,155.0,468.0,1.0
6437,105.0,104.0,1.0
6438,52.0,106.0,1.0
6439,56.0,176.0,1.0
6440,183.0,242.0,1.0
6441,87.0,90.0,1.0
6442,249.0,97.0,1.0
6443,51.0,524.0,1.0
6444,145.0,144.0,1.0
6445,216.0,82.0,1.0
6446,196.0,227.0,1.0
6447,114.0,53.0,1.0
6448,9.0,269.0,1.0
6449,178.0,226.0,1.0
6450,179.0,383.0,1.0
6451,130.0,107.0,1.0
6452,16.0,308.0,1.0
6453,139.0,407.0,1.0
6454,26.0,226.0,1.0
6455,71.0,214.0,1.0
6456,230.0,181.0,1.0
6457,249.0,251.0,1.0
6458,227.0,295.0,1.0
6459,104.0,90.0,1.0
6460,235.0,138.0,1.0
6461,81.0,81.0,1.0
6462,153.0,257.0,1.0
6463,261.0,455.0,1.0
6464,148.0,219.0,1.0
6465,90.0,130.0,1.0
6466,82.0,560.0,1.0
6467,144.0,219.0,1.0
6468,35.0,220.0,1.0
6469,51.0,164.0,1.0
6470,234.0,221.0,1.0
6471,15.0,113.0,1.0
6472,149.0,50.0,1.0
6473,35.0,43.0,1.0
6474,102.0,70.0,1.0
6475,194.0,143.0,1.0
6476,235.0,92.0,1.0
6477,130.0,313.0,1.0
6478,98.0,410.0,1.0
6479,164.0,226.0,1.0
6480,65.0,223.0,1.0
6481,210.0,213.0,1.0
6482,65.0,117.0,1.0
6483,79.0,4.0,1.0
6484,44.0,427.0,1.0
6485,136.0,218.0,1.0
6486,148.0,96.0,1.0
6487,188.0,429.0,1.0
6488,192.0,580.0,1.0
6489,46.0,92.0,1.0
6490,159.0,59.0,1.0
6491,79.0,383.0,1.0
6492,135.0,117.0,1.0
6493,16.0,73.0,1.0
6494,128.0,111.0,1.0
6495,13.0,341.0,1.0
6496,200.0,269.0,1.0
6497,187.0,272.0,1.0
6498,102.0,295.0,1.0
6499,81.0,280.0,1.0
6500,178.0,463.0,1.0
6501,71.0,189.0,1.0
6502,85.0,266.0,1.0
6503,165.0,545.0,1.0
6504,227.0,347.0,1.0
6505,183.0,78.0,1.0
6506,32.0,120.0,1.0
6507,165.0,36.0,1.0
6508,75.0,524.0,1.0
6509,195.0,0.0,1.0
6510,65.0,180.0,1.0
6511,104.0,70.0,1.0
6512,178.0,410.0,1.0
6513,178.0,124.0,1.0
6514,132.0,492.0,1.0
6515,153.0,417.0,1.0
6516,177.0,170.0,1.0
6517,143.0,496.0,1.0
6518,88.0,66.0,1.0
6519,86.0,262.0,1.0
6520,21.0,89.0,1.0
6521,110.0,122.0,1.0
6522,199.0,18.0,1.0
6523,82.0,379.0,1.0
6524,128.0,351.0,1.0
6525,116.0,234.0,1.0
6526,231.0,430.0,1.0
6527,165.0,206.0,1.0
6528,264.0,61.0,1.0
6529,235.0,146.0,1.0
6530,65.0,206.0,1.0
6531,223.0,467.0,1.0
6532,224.0,334.0,1.0
6533,102.0,31.0,1.0
6534,16.0,118.0,1.0
6535,30.0,263.0,1.0
6536,31.0,62.0,1.0
6537,70.0,81.0,1.0
6538,74.0,530.0,1.0
6539,17.0,393.0,1.0
6540,229.0,229.0,1.0
6541,102.0,23.0,1.0
6542,71.0,406.0,1.0
6543,162.0,513.0,1.0
6544,132.0,157.0,1.0
6545,44.0,488.0,1.0
6546,51.0,136.0,1.0
6547,39.0,216.0,1.0
6548,35.0,143.0,1.0
6549,250.0,135.0,1.0
6550,130.0,155.0,1.0
6551,245.0,206.0,1.0
6552,155.0,241.0,1.0
6553,193.0,104.0,1.0
6554,149.0,124.0,1.0
6555,21.0,57.0,1.0
6556,74.0,20.0,1.0
6557,89.0,315.0,1.0
6558,56.0,241.0,1.0
6559,233.0,45.0,1.0
6560,22.0,316.0,1.0
6561,266.0,112.0,1.0
6562,180.0,146.0,1.0
6563,79.0,408.0,1.0
6564,102.0,222.0,1.0
6565,56.0,45.0,1.0
6566,102.0,474.0,1.0
6567,107.0,197.0,1.0
6568,209.0,581.0,1.0
6569,69.0,423.0,1.0
6570,148.0,92.0,1.0
6571,87.0,207.0,1.0
6572,213.0,126.0,1.0
6573,89.0,62.0,1.0
6574,45.0,294.0,1.0
6575,48.0,9.0,1.0
6576,64.0,50.0,1.0
6577,209.0,392.0,1.0
6578,189.0,522.0,1.0
6579,11.0,269.0,1.0
6580,189.0,191.0,1.0
6581,180.0,361.0,1.0
6582,168.0,133.0,1.0
6583,104.0,23.0,1.0
6584,102.0,154.0,1.0
6585,87.0,437.0,1.0
6586,75.0,559.0,1.0
6587,225.0,33.0,1.0
6588,138.0,296.0,1.0
6589,31.0,66.0,1.0
6590,209.0,430.0,1.0
6591,10.0,225.0,1.0
6592,105.0,242.0,1.0
6593,196.0,562.0,1.0
6594,202.0,272.0,1.0
6595,64.0,4.0,1.0
6596,81.0,91.0,1.0
6597,87.0,116.0,1.0
6598,196.0,191.0,1.0
6599,103.0,456.0,1.0
6600,259.0,227.0,1.0
6601,232.0,76.0,1.0
6602,144.0,413.0,1.0
6603,116.0,273.0,1.0
6604,67.0,10.0,1.0
6605,199.0,485.0,1.0
6606,44.0,156.0,1.0
6607,45.0,282.0,1.0
6608,65.0,410.0,1.0
6609,191.0,113.0,1.0
6610,161.0,282.0,1.0
6611,207.0,44.0,1.0
6612,130.0,165.0,1.0
6613,82.0,180.0,1.0
6614,65.0,137.0,1.0
6615,37.0,45.0,1.0
6616,207.0,73.0,1.0
6617,44.0,356.0,1.0
6618,65.0,234.0,1.0
6619,242.0,567.0,1.0
6620,217.0,460.0,1.0
6621,264.0,315.0,1.0
6622,173.0,259.0,1.0
6623,245.0,5.0,1.0
6624,159.0,130.0,1.0
6625,223.0,220.0,1.0
6626,123.0,146.0,1.0
6627,94.0,111.0,1.0
6628,230.0,186.0,1.0
6629,51.0,154.0,1.0
6630,35.0,456.0,1.0
6631,16.0,362.0,1.0
6632,88.0,310.0,1.0
6633,134.0,118.0,1.0
6634,52.0,69.0,1.0
6635,135.0,564.0,1.0
6636,132.0,234.0,1.0
6637,240.0,21.0,1.0
6638,178.0,202.0,1.0
6639,156.0,75.0,1.0
6640,133.0,153.0,1.0
6641,259.0,247.0,1.0
6642,182.0,439.0,1.0
6643,185.0,127.0,1.0
6644,78.0,186.0,1.0
6645,79.0,374.0,1.0
6646,226.0,408.0,1.0
6647,179.0,399.0,1.0
6648,105.0,494.0,1.0
6649,223.0,566.0,1.0
6650,79.0,206.0,1.0
6651,164.0,352.0,1.0
6652,216.0,419.0,1.0
6653,150.0,90.0,1.0
6654,218.0,183.0,1.0
6655,87.0,125.0,1.0
6656,39.0,1.0,1.0
6657,228.0,330.0,1.0
6658,79.0,569.0,1.0
6659,1.0,26.0,1.0
6660,87.0,26.0,1.0
6661,149.0,517.0,1.0
6662,164.0,55.0,1.0
6663,109.0,20.0,1.0
6664,262.0,66.0,1.0
6665,226.0,102.0,1.0
6666,72.0,539.0,1.0
6667,117.0,378.0,1.0
6668,228.0,343.0,1.0
6669,194.0,3.0,1.0
6670,117.0,100.0,1.0
6671,60.0,15.0,1.0
6672,200.0,253.0,1.0
6673,74.0,192.0,1.0
6674,150.0,434.0,1.0
6675,75.0,477.0,1.0
6676,214.0,106.0,1.0
6677,51.0,156.0,1.0
6678,126.0,205.0,1.0
6679,141.0,561.0,1.0
6680,17.0,405.0,1.0
6681,191.0,289.0,1.0
6682,69.0,99.0,1.0
6683,130.0,481.0,1.0
6684,104.0,137.0,1.0
6685,9.0,56.0,1.0
6686,210.0,378.0,1.0
6687,56.0,220.0,1.0
6688,150.0,384.0,1.0
6689,256.0,425.0,1.0
6690,266.0,426.0,1.0
6691,184.0,213.0,1.0
6692,81.0,120.0,1.0
6693,148.0,327.0,1.0
6694,231.0,147.0,1.0
6695,217.0,229.0,1.0
6696,266.0,219.0,1.0
6697,128.0,210.0,1.0
6698,185.0,103.0,1.0
6699,139.0,378.0,1.0
6700,81.0,12.0,1.0
6701,250.0,44.0,1.0
6702,96.0,98.0,1.0
6703,160.0,226.0,1.0
6704,69.0,113.0,1.0
6705,145.0,337.0,1.0
6706,31.0,379.0,1.0
6707,175.0,36.0,1.0
6708,147.0,562.0,1.0
6709,182.0,74.0,1.0
6710,87.0,453.0,1.0
6711,162.0,208.0,1.0
6712,183.0,580.0,1.0
6713,74.0,126.0,1.0
6714,226.0,460.0,1.0
6715,129.0,277.0,1.0
6716,10.0,294.0,1.0
6717,243.0,100.0,1.0
6718,129.0,33.0,1.0
6719,268.0,89.0,1.0
6720,250.0,32.0,1.0
6721,15.0,61.0,1.0
6722,30.0,210.0,1.0
6723,148.0,76.0,1.0
6724,87.0,66.0,1.0
6725,74.0,39.0,1.0
6726,165.0,134.0,1.0
6727,207.0,88.0,1.0
6728,97.0,135.0,1.0
6729,121.0,201.0,1.0
6730,8.0,86.0,1.0
6731,171.0,219.0,1.0
6732,236.0,21.0,1.0
6733,50.0,143.0,1.0
6734,52.0,196.0,1.0
6735,102.0,445.0,1.0
6736,112.0,111.0,1.0
6737,88.0,168.0,1.0
6738,142.0,120.0,1.0
6739,261.0,300.0,1.0
6740,150.0,277.0,1.0
6741,42.0,473.0,1.0
6742,146.0,423.0,1.0
6743,164.0,1.0,1.0
6744,166.0,148.0,1.0
6745,17.0,135.0,1.0
6746,34.0,191.0,1.0
6747,178.0,120.0,1.0
6748,208.0,119.0,1.0
6749,226.0,47.0,1.0
6750,121.0,103.0,1.0
6751,107.0,434.0,1.0
6752,147.0,554.0,1.0
6753,88.0,423.0,1.0
6754,105.0,124.0,1.0
6755,197.0,251.0,1.0
6756,162.0,166.0,1.0
6757,125.0,143.0,1.0
6758,156.0,498.0,1.0
6759,132.0,459.0,1.0
6760,127.0,183.0,1.0
6761,256.0,391.0,1.0
6762,59.0,186.0,1.0
6763,178.0,103.0,1.0
6764,147.0,574.0,1.0
6765,264.0,294.0,1.0
6766,56.0,66.0,1.0
6767,256.0,100.0,1.0
6768,113.0,287.0,1.0
6769,247.0,290.0,1.0
6770,147.0,482.0,1.0
6771,52.0,80.0,1.0
6772,248.0,284.0,1.0
6773,207.0,31.0,1.0
6774,168.0,195.0,1.0
6775,234.0,216.0,1.0
6776,223.0,17.0,1.0
6777,147.0,277.0,1.0
6778,117.0,89.0,1.0
6779,230.0,118.0,1.0
6780,31.0,359.0,1.0
6781,147.0,259.0,1.0
6782,82.0,415.0,1.0
6783,206.0,214.0,1.0
6784,220.0,97.0,1.0
6785,64.0,401.0,1.0
6786,195.0,286.0,1.0
6787,258.0,231.0,1.0
6788,85.0,146.0,1.0
6789,203.0,293.0,1.0
6790,144.0,75.0,1.0
6791,134.0,481.0,1.0
6792,37.0,316.0,1.0
6793,10.0,208.0,1.0
6794,31.0,341.0,1.0
6795,262.0,388.0,1.0
6796,11.0,113.0,1.0
6797,172.0,518.0,1.0
6798,144.0,95.0,1.0
6799,82.0,186.0,1.0
6800,96.0,202.0,1.0
6801,149.0,491.0,1.0
6802,258.0,5.0,1.0
6803,64.0,456.0,1.0
6804,90.0,9.0,1.0
6805,212.0,205.0,1.0
6806,51.0,177.0,1.0
6807,132.0,7.0,1.0
6808,60.0,407.0,1.0
6809,224.0,145.0,1.0
6810,87.0,12.0,1.0
6811,165.0,59.0,1.0
6812,117.0,287.0,1.0
6813,62.0,536.0,1.0
6814,130.0,293.0,1.0
6815,14.0,72.0,1.0
6816,96.0,133.0,1.0
6817,150.0,153.0,1.0
6818,208.0,517.0,1.0
6819,168.0,143.0,1.0
6820,6.0,208.0,1.0
6821,211.0,116.0,1.0
6822,190.0,581.0,1.0
6823,234.0,401.0,1.0
6824,223.0,305.0,1.0
6825,16.0,35.0,1.0
6826,16.0,358.0,1.0
6827,180.0,147.0,1.0
6828,236.0,107.0,1.0
6829,217.0,113.0,1.0
6830,128.0,159.0,1.0
6831,186.0,463.0,1.0
6832,175.0,100.0,1.0
6833,52.0,219.0,1.0
6834,225.0,77.0,1.0
6835,171.0,192.0,1.0
6836,228.0,196.0,1.0
6837,248.0,65.0,1.0
6838,121.0,181.0,1.0
6839,17.0,64.0,1.0
6840,199.0,226.0,1.0
6841,227.0,72.0,1.0
6842,31.0,171.0,1.0
6843,213.0,282.0,1.0
6844,229.0,354.0,1.0
6845,82.0,501.0,1.0
6846,2.0,115.0,1.0
6847,242.0,22.0,1.0
6848,224.0,126.0,1.0
6849,37.0,241.0,1.0
6850,262.0,456.0,1.0
6851,136.0,400.0,1.0
6852,201.0,392.0,1.0
6853,250.0,91.0,1.0
6854,193.0,170.0,1.0
6855,135.0,204.0,1.0
6856,262.0,142.0,1.0
6857,218.0,456.0,1.0
6858,102.0,244.0,1.0
6859,242.0,248.0,1.0
6860,150.0,272.0,1.0
6861,223.0,400.0,1.0
6862,162.0,84.0,1.0
6863,94.0,96.0,1.0
6864,77.0,207.0,1.0
6865,141.0,239.0,1.0
6866,224.0,66.0,1.0
6867,175.0,153.0,1.0
6868,184.0,411.0,1.0
6869,64.0,302.0,1.0
6870,182.0,441.0,1.0
6871,132.0,356.0,1.0
6872,208.0,116.0,1.0
6873,64.0,298.0,1.0
6874,186.0,100.0,1.0
6875,96.0,156.0,1.0
6876,169.0,164.0,1.0
6877,186.0,193.0,1.0
6878,189.0,148.0,1.0
6879,81.0,202.0,1.0
6880,71.0,447.0,1.0
6881,2.0,137.0,1.0
6882,135.0,413.0,1.0
6883,255.0,327.0,1.0
6884,207.0,226.0,1.0
6885,176.0,91.0,1.0
6886,77.0,27.0,1.0
6887,214.0,31.0,1.0
6888,53.0,15.0,1.0
6889,87.0,359.0,1.0
6890,189.0,530.0,1.0
6891,75.0,574.0,1.0
6892,150.0,494.0,1.0
6893,92.0,179.0,1.0
6894,90.0,49.0,1.0
6895,75.0,104.0,1.0
6896,103.0,51.0,1.0
6897,112.0,42.0,1.0
6898,90.0,123.0,1.0
6899,64.0,204.0,1.0
6900,71.0,207.0,1.0
6901,28.0,215.0,1.0
6902,90.0,170.0,1.0
6903,44.0,388.0,1.0
6904,256.0,377.0,1.0
6905,96.0,57.0,1.0
6906,262.0,242.0,1.0
6907,64.0,470.0,1.0
6908,9.0,26.0,1.0
6909,105.0,429.0,1.0
6910,3.0,153.0,1.0
6911,135.0,186.0,1.0
6912,194.0,120.0,1.0
6913,165.0,325.0,1.0
6914,10.0,308.0,1.0
6915,105.0,36.0,1.0
6916,39.0,416.0,1.0
6917,84.0,136.0,1.0
6918,168.0,66.0,1.0
6919,44.0,342.0,1.0
6920,116.0,162.0,1.0
6921,115.0,400.0,1.0
6922,116.0,45.0,1.0
6923,69.0,14.0,1.0
6924,64.0,561.0,1.0
6925,65.0,59.0,1.0
6926,205.0,526.0,1.0
6927,252.0,344.0,1.0
6928,86.0,119.0,1.0
6929,104.0,36.0,1.0
6930,182.0,215.0,1.0
6931,256.0,401.0,1.0
6932,178.0,219.0,1.0
6933,153.0,95.0,1.0
6934,5.0,10.0,1.0
6935,102.0,59.0,1.0
6936,162.0,320.0,1.0
6937,82.0,464.0,1.0
6938,178.0,69.0,1.0
6939,113.0,103.0,1.0
6940,117.0,586.0,1.0
6941,9.0,83.0,1.0
6942,232.0,62.0,1.0
6943,74.0,482.0,1.0
6944,74.0,81.0,1.0
6945,64.0,105.0,1.0
6946,87.0,561.0,1.0
6947,119.0,219.0,1.0
6948,153.0,209.0,1.0
6949,181.0,586.0,1.0
6950,82.0,31.0,1.0
6951,109.0,19.0,1.0
6952,79.0,249.0,1.0
6953,133.0,516.0,1.0
6954,57.0,34.0,1.0
6955,218.0,445.0,1.0
6956,245.0,202.0,1.0
6957,91.0,265.0,1.0
6958,106.0,254.0,1.0
6959,121.0,146.0,1.0
6960,135.0,81.0,1.0
6961,67.0,397.0,1.0
6962,69.0,222.0,1.0
6963,89.0,197.0,1.0
6964,238.0,156.0,1.0
6965,44.0,14.0,1.0
6966,117.0,337.0,1.0
6967,193.0,384.0,1.0
6968,82.0,130.0,1.0
6969,226.0,532.0,1.0
6970,223.0,120.0,1.0
6971,178.0,358.0,1.0
6972,142.0,374.0,1.0
6973,218.0,242.0,1.0
6974,100.0,245.0,1.0
6975,84.0,120.0,1.0
6976,225.0,9.0,1.0
6977,191.0,60.0,1.0
6978,23.0,433.0,1.0
6979,158.0,222.0,1.0
6980,201.0,216.0,1.0
6981,127.0,191.0,1.0
6982,145.0,204.0,1.0
6983,141.0,559.0,1.0
6984,98.0,518.0,1.0
6985,8.0,126.0,1.0
6986,23.0,434.0,1.0
6987,44.0,350.0,1.0
6988,139.0,10.0,1.0
6989,136.0,126.0,1.0
6990,13.0,47.0,1.0
6991,256.0,393.0,1.0
6992,207.0,511.0,1.0
6993,107.0,368.0,1.0
6994,123.0,190.0,1.0
6995,185.0,25.0,1.0
6996,50.0,10.0,1.0
6997,149.0,549.0,1.0
6998,223.0,307.0,1.0
6999,90.0,435.0,1.0
7000,145.0,95.0,1.0
7001,211.0,13.0,1.0
7002,254.0,125.0,1.0
7003,127.0,400.0,1.0
7004,140.0,226.0,1.0
7005,103.0,9.0,1.0
7006,187.0,474.0,1.0
7007,205.0,370.0,1.0
7008,119.0,186.0,1.0
7009,218.0,566.0,1.0
7010,180.0,259.0,1.0
7011,242.0,95.0,1.0
7012,84.0,215.0,1.0
7013,218.0,485.0,1.0
7014,71.0,226.0,1.0
7015,44.0,92.0,1.0
7016,130.0,135.0,1.0
7017,15.0,89.0,1.0
7018,182.0,578.0,1.0
7019,52.0,326.0,1.0
7020,74.0,382.0,1.0
7021,232.0,261.0,1.0
7022,249.0,152.0,1.0
7023,65.0,14.0,1.0
7024,86.0,12.0,1.0
7025,195.0,156.0,1.0
7026,96.0,519.0,1.0
7027,79.0,7.0,1.0
7028,97.0,20.0,1.0
7029,5.0,12.0,1.0
7030,17.0,157.0,1.0
7031,147.0,491.0,1.0
7032,171.0,429.0,1.0
7033,67.0,554.0,1.0
7034,226.0,255.0,1.0
7035,84.0,45.0,1.0
7036,156.0,447.0,1.0
7037,69.0,27.0,1.0
7038,259.0,293.0,1.0
7039,195.0,143.0,1.0
7040,197.0,95.0,1.0
7041,153.0,378.0,1.0
7042,258.0,38.0,1.0
7043,64.0,295.0,1.0
7044,98.0,106.0,1.0
7045,113.0,78.0,1.0
7046,254.0,317.0,1.0
7047,118.0,399.0,1.0
7048,104.0,69.0,1.0
7049,182.0,393.0,1.0
7050,116.0,266.0,1.0
7051,248.0,394.0,1.0
7052,18.0,147.0,1.0
7053,241.0,81.0,1.0
7054,223.0,460.0,1.0
7055,63.0,202.0,1.0
7056,37.0,349.0,1.0
7057,45.0,107.0,1.0
7058,114.0,499.0,1.0
7059,90.0,344.0,1.0
7060,82.0,153.0,1.0
7061,11.0,90.0,1.0
7062,113.0,221.0,1.0
7063,84.0,177.0,1.0
7064,14.0,348.0,1.0
7065,180.0,568.0,1.0
7066,144.0,70.0,1.0
7067,51.0,467.0,1.0
7068,234.0,417.0,1.0
7069,56.0,424.0,1.0
7070,249.0,253.0,1.0
7071,129.0,504.0,1.0
7072,209.0,236.0,1.0
7073,71.0,145.0,1.0
7074,162.0,190.0,1.0
7075,2.0,106.0,1.0
7076,226.0,524.0,1.0
7077,52.0,232.0,1.0
7078,195.0,146.0,1.0
7079,74.0,395.0,1.0
7080,78.0,464.0,1.0
7081,136.0,587.0,1.0
7082,138.0,47.0,1.0
7083,102.0,548.0,1.0
7084,182.0,503.0,1.0
7085,182.0,20.0,1.0
7086,102.0,127.0,1.0
7087,82.0,320.0,1.0
7088,130.0,186.0,1.0
7089,261.0,92.0,1.0
7090,144.0,525.0,1.0
7091,123.0,541.0,1.0
7092,238.0,302.0,1.0
7093,79.0,384.0,1.0
7094,239.0,91.0,1.0
7095,163.0,317.0,1.0
7096,74.0,150.0,1.0
7097,147.0,18.0,1.0
7098,141.0,36.0,1.0
7099,110.0,374.0,1.0
7100,197.0,112.0,1.0
7101,184.0,59.0,1.0
7102,234.0,195.0,1.0
7103,229.0,459.0,1.0
7104,35.0,35.0,1.0
7105,178.0,174.0,1.0
7106,105.0,168.0,1.0
7107,164.0,205.0,1.0
7108,229.0,245.0,1.0
7109,173.0,484.0,1.0
7110,248.0,541.0,1.0
7111,65.0,116.0,1.0
7112,226.0,444.0,1.0
7113,234.0,111.0,1.0
7114,224.0,205.0,1.0
7115,146.0,75.0,1.0
7116,104.0,457.0,1.0
7117,75.0,35.0,1.0
7118,74.0,226.0,1.0
7119,96.0,33.0,1.0
7120,71.0,186.0,1.0
7121,90.0,190.0,1.0
7122,179.0,353.0,1.0
7123,91.0,36.0,1.0
7124,258.0,204.0,1.0
7125,195.0,206.0,1.0
7126,75.0,512.0,1.0
7127,62.0,24.0,1.0
7128,235.0,420.0,1.0
7129,234.0,525.0,1.0
7130,79.0,145.0,1.0
7131,207.0,552.0,1.0
7132,126.0,48.0,1.0
7133,182.0,546.0,1.0
7134,31.0,30.0,1.0
7135,116.0,58.0,1.0
7136,127.0,112.0,1.0
7137,31.0,247.0,1.0
7138,139.0,201.0,1.0
7139,226.0,352.0,1.0
7140,51.0,260.0,1.0
7141,148.0,241.0,1.0
7142,116.0,222.0,1.0
7143,65.0,188.0,1.0
7144,126.0,394.0,1.0
7145,160.0,20.0,1.0
7146,75.0,327.0,1.0
7147,225.0,161.0,1.0
7148,202.0,309.0,1.0
7149,130.0,365.0,1.0
7150,259.0,398.0,1.0
7151,104.0,134.0,1.0
7152,165.0,121.0,1.0
7153,193.0,39.0,1.0
7154,208.0,61.0,1.0
7155,135.0,47.0,1.0
7156,158.0,427.0,1.0
7157,156.0,44.0,1.0
7158,100.0,194.0,1.0
7159,90.0,194.0,1.0
7160,199.0,203.0,1.0
7161,175.0,313.0,1.0
7162,135.0,391.0,1.0
7163,259.0,504.0,1.0
7164,238.0,310.0,1.0
7165,88.0,278.0,1.0
7166,65.0,51.0,1.0
7167,129.0,119.0,1.0
7168,213.0,69.0,1.0
7169,230.0,241.0,1.0
7170,210.0,488.0,1.0
7171,228.0,301.0,1.0
7172,257.0,434.0,1.0
7173,178.0,395.0,1.0
7174,96.0,327.0,1.0
7175,91.0,55.0,1.0
7176,47.0,10.0,1.0
7177,55.0,485.0,1.0
7178,135.0,378.0,1.0
7179,26.0,318.0,1.0
7180,213.0,143.0,1.0
7181,86.0,196.0,1.0
7182,168.0,325.0,1.0
7183,135.0,103.0,1.0
7184,61.0,532.0,1.0
7185,139.0,403.0,1.0
7186,103.0,62.0,1.0
7187,173.0,120.0,1.0
7188,126.0,337.0,1.0
7189,130.0,43.0,1.0
7190,133.0,226.0,1.0
7191,259.0,396.0,1.0
7192,87.0,252.0,1.0
7193,102.0,463.0,1.0
7194,87.0,216.0,1.0
7195,86.0,112.0,1.0
7196,165.0,92.0,1.0
7197,49.0,36.0,1.0
7198,248.0,429.0,1.0
7199,125.0,99.0,1.0
7200,16.0,29.0,1.0
7201,2.0,129.0,1.0
7202,165.0,40.0,1.0
7203,79.0,466.0,1.0
7204,50.0,128.0,1.0
7205,178.0,182.0,1.0
7206,162.0,316.0,1.0
7207,102.0,213.0,1.0
7208,119.0,409.0,1.0
7209,156.0,136.0,1.0
7210,175.0,64.0,1.0
7211,160.0,150.0,1.0
7212,75.0,85.0,1.0
7213,161.0,126.0,1.0
7214,185.0,384.0,1.0
7215,114.0,364.0,1.0
7216,182.0,191.0,1.0
7217,1.0,23.0,1.0
7218,102.0,204.0,1.0
7219,219.0,290.0,1.0
7220,51.0,349.0,1.0
7221,44.0,485.0,1.0
7222,100.0,398.0,1.0
7223,44.0,179.0,1.0
7224,56.0,77.0,1.0
7225,82.0,378.0,1.0
7226,103.0,40.0,1.0
7227,144.0,232.0,1.0
7228,195.0,287.0,1.0
7229,157.0,219.0,1.0
7230,189.0,125.0,1.0
7231,183.0,119.0,1.0
7232,225.0,81.0,1.0
7233,116.0,252.0,1.0
7234,22.0,420.0,1.0
7235,178.0,310.0,1.0
7236,100.0,213.0,1.0
7237,53.0,213.0,1.0
7238,264.0,178.0,1.0
7239,75.0,77.0,1.0
7240,148.0,256.0,1.0
7241,9.0,255.0,1.0
7242,90.0,241.0,1.0
7243,10.0,143.0,1.0
7244,105.0,433.0,1.0
7245,179.0,191.0,1.0
7246,53.0,188.0,1.0
7247,157.0,230.0,1.0
7248,189.0,221.0,1.0
7249,114.0,11.0,1.0
7250,147.0,1.0,1.0
7251,245.0,11.0,1.0
7252,42.0,33.0,1.0
7253,85.0,522.0,1.0
7254,200.0,537.0,1.0
7255,231.0,143.0,1.0
7256,130.0,17.0,1.0
7257,105.0,377.0,1.0
7258,175.0,310.0,1.0
7259,105.0,118.0,1.0
7260,210.0,337.0,1.0
7261,193.0,343.0,1.0
7262,87.0,54.0,1.0
7263,127.0,535.0,1.0
7264,257.0,574.0,1.0
7265,175.0,376.0,1.0
7266,229.0,361.0,1.0
7267,104.0,93.0,1.0
7268,128.0,220.0,1.0
7269,201.0,393.0,1.0
7270,46.0,425.0,1.0
7271,81.0,157.0,1.0
7272,42.0,7.0,1.0
7273,195.0,256.0,1.0
7274,60.0,244.0,1.0
7275,191.0,147.0,1.0
7276,74.0,221.0,1.0
7277,217.0,504.0,1.0
7278,37.0,460.0,1.0
7279,205.0,449.0,1.0
7280,219.0,267.0,1.0
7281,84.0,92.0,1.0
7282,101.0,384.0,1.0
7283,94.0,156.0,1.0
7284,105.0,24.0,1.0
7285,79.0,148.0,1.0
7286,244.0,561.0,1.0
7287,26.0,141.0,1.0
7288,228.0,50.0,1.0
7289,189.0,205.0,1.0
7290,189.0,233.0,1.0
7291,39.0,191.0,1.0
7292,232.0,265.0,1.0
7293,74.0,205.0,1.0
7294,16.0,23.0,1.0
7295,128.0,83.0,1.0
7296,144.0,189.0,1.0
7297,44.0,10.0,1.0
7298,147.0,34.0,1.0
7299,90.0,386.0,1.0
7300,180.0,220.0,1.0
7301,178.0,50.0,1.0
7302,14.0,316.0,1.0
7303,82.0,42.0,1.0
7304,230.0,220.0,1.0
7305,248.0,529.0,1.0
7306,101.0,100.0,1.0
7307,130.0,22.0,1.0
7308,163.0,145.0,1.0
7309,122.0,445.0,1.0
7310,135.0,205.0,1.0
7311,70.0,122.0,1.0
7312,79.0,310.0,1.0
7313,67.0,208.0,1.0
7314,160.0,177.0,1.0
7315,136.0,260.0,1.0
7316,172.0,43.0,1.0
7317,225.0,456.0,1.0
7318,3.0,156.0,1.0
7319,102.0,132.0,1.0
7320,0.0,11.0,1.0
7321,120.0,125.0,1.0
7322,60.0,12.0,1.0
7323,212.0,378.0,1.0
7324,234.0,400.0,1.0
7325,6.0,227.0,1.0
7326,94.0,282.0,1.0
7327,148.0,189.0,1.0
7328,218.0,182.0,1.0
7329,102.0,518.0,1.0
7330,65.0,570.0,1.0
7331,169.0,202.0,1.0
7332,147.0,118.0,1.0
7333,166.0,368.0,1.0
7334,193.0,190.0,1.0
7335,158.0,534.0,1.0
7336,11.0,98.0,1.0
7337,119.0,310.0,1.0
7338,135.0,410.0,1.0
7339,155.0,20.0,1.0
7340,145.0,10.0,1.0
7341,111.0,555.0,1.0
7342,113.0,171.0,1.0
7343,120.0,95.0,1.0
7344,228.0,100.0,1.0
7345,214.0,415.0,1.0
7346,47.0,309.0,1.0
7347,191.0,296.0,1.0
7348,51.0,245.0,1.0
7349,87.0,431.0,1.0
7350,211.0,43.0,1.0
7351,268.0,84.0,1.0
7352,158.0,360.0,1.0
7353,149.0,99.0,1.0
7354,30.0,35.0,1.0
7355,108.0,19.0,1.0
7356,68.0,120.0,1.0
7357,61.0,47.0,1.0
7358,234.0,543.0,1.0
7359,87.0,394.0,1.0
7360,103.0,367.0,1.0
7361,199.0,177.0,1.0
7362,105.0,107.0,1.0
7363,261.0,140.0,1.0
7364,177.0,18.0,1.0
7365,177.0,135.0,1.0
7366,199.0,143.0,1.0
7367,8.0,239.0,1.0
7368,264.0,60.0,1.0
7369,191.0,50.0,1.0
7370,147.0,285.0,1.0
7371,108.0,304.0,1.0
7372,126.0,505.0,1.0
7373,87.0,186.0,1.0
7374,18.0,159.0,1.0
7375,91.0,411.0,1.0
7376,96.0,394.0,1.0
7377,64.0,314.0,1.0
7378,31.0,135.0,1.0
7379,264.0,121.0,1.0
7380,15.0,78.0,1.0
7381,68.0,386.0,1.0
7382,155.0,88.0,1.0
7383,136.0,44.0,1.0
7384,60.0,10.0,1.0
7385,89.0,14.0,1.0
7386,247.0,9.0,1.0
7387,51.0,215.0,1.0
7388,245.0,528.0,1.0
7389,43.0,0.0,1.0
7390,186.0,12.0,1.0
7391,147.0,49.0,1.0
7392,99.0,320.0,1.0
7393,134.0,146.0,1.0
7394,242.0,234.0,1.0
7395,248.0,18.0,1.0
7396,82.0,517.0,1.0
7397,48.0,201.0,1.0
7398,81.0,148.0,1.0
7399,138.0,487.0,1.0
7400,159.0,100.0,1.0
7401,0.0,2.0,1.0
7402,63.0,231.0,1.0
7403,21.0,45.0,1.0
7404,130.0,425.0,1.0
7405,106.0,153.0,1.0
7406,12.0,307.0,1.0
7407,82.0,556.0,1.0
7408,28.0,56.0,1.0
7409,142.0,241.0,1.0
7410,60.0,33.0,1.0
7411,117.0,231.0,1.0
7412,182.0,27.0,1.0
7413,17.0,81.0,1.0
7414,200.0,527.0,1.0
7415,143.0,10.0,1.0
7416,144.0,453.0,1.0
7417,120.0,527.0,1.0
7418,9.0,266.0,1.0
7419,65.0,214.0,1.0
7420,138.0,57.0,1.0
7421,177.0,527.0,1.0
7422,225.0,73.0,1.0
7423,226.0,443.0,1.0
7424,101.0,47.0,1.0
7425,267.0,143.0,1.0
7426,31.0,194.0,1.0
7427,231.0,527.0,1.0
7428,35.0,0.0,1.0
7429,191.0,284.0,1.0
7430,147.0,289.0,1.0
7431,5.0,199.0,1.0
7432,126.0,217.0,1.0
7433,155.0,306.0,1.0
7434,21.0,146.0,1.0
7435,129.0,83.0,1.0
7436,53.0,467.0,1.0
7437,8.0,241.0,1.0
7438,79.0,204.0,1.0
7439,159.0,158.0,1.0
7440,94.0,100.0,1.0
7441,226.0,44.0,1.0
7442,158.0,216.0,1.0
7443,226.0,118.0,1.0
7444,17.0,353.0,1.0
7445,75.0,5.0,1.0
7446,125.0,49.0,1.0
7447,123.0,147.0,1.0
7448,75.0,59.0,1.0
7449,103.0,333.0,1.0
7450,266.0,277.0,1.0
7451,16.0,194.0,1.0
7452,247.0,97.0,1.0
7453,17.0,122.0,1.0
7454,222.0,527.0,1.0
7455,81.0,62.0,1.0
7456,51.0,523.0,1.0
7457,81.0,167.0,1.0
7458,139.0,33.0,1.0
7459,247.0,103.0,1.0
7460,203.0,482.0,1.0
7461,149.0,42.0,1.0
7462,243.0,104.0,1.0
7463,132.0,1.0,1.0
7464,22.0,87.0,1.0
7465,255.0,193.0,1.0
7466,100.0,45.0,1.0
7467,141.0,31.0,1.0
7468,116.0,84.0,1.0
7469,122.0,147.0,1.0
7470,122.0,57.0,1.0
7471,64.0,177.0,1.0
7472,89.0,91.0,1.0
7473,75.0,260.0,1.0
7474,156.0,89.0,1.0
7475,114.0,35.0,1.0
7476,8.0,245.0,1.0
7477,259.0,167.0,1.0
7478,51.0,287.0,1.0
7479,226.0,5.0,1.0
7480,226.0,39.0,1.0
7481,199.0,253.0,1.0
7482,72.0,36.0,1.0
7483,178.0,578.0,1.0
7484,184.0,9.0,1.0
7485,165.0,22.0,1.0
7486,106.0,59.0,1.0
7487,94.0,104.0,1.0
7488,159.0,409.0,1.0
7489,38.0,23.0,1.0
7490,196.0,378.0,1.0
7491,147.0,367.0,1.0
7492,205.0,362.0,1.0
7493,45.0,236.0,1.0
7494,185.0,194.0,1.0
7495,114.0,143.0,1.0
7496,22.0,345.0,1.0
7497,128.0,82.0,1.0
7498,256.0,420.0,1.0
7499,82.0,188.0,1.0
7500,16.0,57.0,1.0
7501,149.0,177.0,1.0
7502,210.0,102.0,1.0
7503,132.0,12.0,1.0
7504,97.0,95.0,1.0
7505,35.0,181.0,1.0
7506,239.0,492.0,1.0
7507,113.0,31.0,1.0
7508,90.0,175.0,1.0
7509,183.0,590.0,1.0
7510,84.0,146.0,1.0
7511,90.0,118.0,1.0
7512,259.0,26.0,1.0
7513,263.0,31.0,1.0
7514,263.0,146.0,1.0
7515,53.0,84.0,1.0
7516,56.0,138.0,1.0
7517,116.0,104.0,1.0
7518,257.0,75.0,1.0
7519,177.0,306.0,1.0
7520,102.0,441.0,1.0
7521,106.0,266.0,1.0
7522,162.0,146.0,1.0
7523,93.0,104.0,1.0
7524,58.0,481.0,1.0
7525,71.0,570.0,1.0
7526,105.0,354.0,1.0
7527,119.0,398.0,1.0
7528,147.0,108.0,1.0
7529,29.0,136.0,1.0
7530,115.0,428.0,1.0
7531,141.0,378.0,1.0
7532,132.0,66.0,1.0
7533,242.0,135.0,1.0
7534,157.0,111.0,1.0
7535,65.0,211.0,1.0
7536,157.0,325.0,1.0
7537,267.0,326.0,1.0
7538,181.0,22.0,1.0
7539,149.0,324.0,1.0
7540,145.0,120.0,1.0
7541,211.0,143.0,1.0
7542,49.0,31.0,1.0
7543,211.0,125.0,1.0
7544,126.0,96.0,1.0
7545,203.0,366.0,1.0
7546,256.0,348.0,1.0
7547,16.0,156.0,1.0
7548,222.0,153.0,1.0
7549,135.0,12.0,1.0
7550,87.0,171.0,1.0
7551,82.0,571.0,1.0
7552,128.0,17.0,1.0
7553,226.0,201.0,1.0
7554,32.0,141.0,1.0
7555,102.0,575.0,1.0
7556,178.0,451.0,1.0
7557,130.0,485.0,1.0
7558,17.0,400.0,1.0
7559,154.0,69.0,1.0
7560,250.0,154.0,1.0
7561,104.0,251.0,1.0
7562,147.0,177.0,1.0
7563,139.0,5.0,1.0
7564,10.0,158.0,1.0
7565,155.0,45.0,1.0
7566,64.0,210.0,1.0
7567,183.0,379.0,1.0
7568,268.0,101.0,1.0
7569,117.0,404.0,1.0
7570,200.0,105.0,1.0
7571,223.0,432.0,1.0
7572,31.0,241.0,1.0
7573,218.0,367.0,1.0
7574,144.0,279.0,1.0
7575,60.0,284.0,1.0
7576,187.0,195.0,1.0
7577,121.0,11.0,1.0
7578,96.0,216.0,1.0
7579,229.0,0.0,1.0
7580,35.0,300.0,1.0
7581,183.0,338.0,1.0
7582,85.0,184.0,1.0
7583,202.0,130.0,1.0
7584,182.0,44.0,1.0
7585,228.0,441.0,1.0
7586,165.0,226.0,1.0
7587,38.0,11.0,1.0
7588,51.0,321.0,1.0
7589,7.0,136.0,1.0
7590,48.0,316.0,1.0
7591,71.0,237.0,1.0
7592,207.0,27.0,1.0
7593,116.0,40.0,1.0
7594,183.0,164.0,1.0
7595,149.0,75.0,1.0
7596,42.0,221.0,1.0
7597,175.0,485.0,1.0
7598,228.0,11.0,1.0
7599,200.0,258.0,1.0
7600,160.0,447.0,1.0
7601,153.0,132.0,1.0
7602,71.0,268.0,1.0
7603,251.0,408.0,1.0
7604,248.0,125.0,1.0
7605,183.0,9.0,1.0
7606,189.0,77.0,1.0
7607,63.0,138.0,1.0
7608,19.0,50.0,1.0
7609,56.0,130.0,1.0
7610,144.0,487.0,1.0
7611,97.0,216.0,1.0
7612,130.0,106.0,1.0
7613,135.0,467.0,1.0
7614,259.0,96.0,1.0
7615,13.0,184.0,1.0
7616,60.0,415.0,1.0
7617,74.0,179.0,1.0
7618,56.0,67.0,1.0
7619,130.0,437.0,1.0
7620,64.0,538.0,1.0
7621,142.0,130.0,1.0
7622,51.0,20.0,1.0
7623,242.0,10.0,1.0
7624,174.0,81.0,1.0
7625,126.0,530.0,1.0
7626,4.0,169.0,1.0
7627,9.0,284.0,1.0
7628,45.0,176.0,1.0
7629,17.0,131.0,1.0
7630,127.0,114.0,1.0
7631,130.0,289.0,1.0
7632,196.0,27.0,1.0
7633,147.0,459.0,1.0
7634,191.0,235.0,1.0
7635,193.0,280.0,1.0
7636,239.0,257.0,1.0
7637,213.0,7.0,1.0
7638,75.0,403.0,1.0
7639,104.0,100.0,1.0
7640,56.0,289.0,1.0
7641,264.0,241.0,1.0
7642,172.0,310.0,1.0
7643,94.0,124.0,1.0
7644,256.0,326.0,1.0
7645,255.0,502.0,1.0
7646,126.0,474.0,1.0
7647,177.0,164.0,1.0
7648,76.0,35.0,1.0
7649,217.0,112.0,1.0
7650,51.0,388.0,1.0
7651,128.0,222.0,1.0
7652,165.0,496.0,1.0
7653,81.0,402.0,1.0
7654,227.0,372.0,1.0
7655,135.0,189.0,1.0
7656,3.0,143.0,1.0
7657,18.0,94.0,1.0
7658,145.0,218.0,1.0
7659,180.0,481.0,1.0
7660,202.0,552.0,1.0
7661,104.0,294.0,1.0
7662,136.0,1.0,1.0
7663,218.0,560.0,1.0
7664,128.0,213.0,1.0
7665,105.0,3.0,1.0
7666,81.0,290.0,1.0
7667,0.0,12.0,1.0
7668,126.0,214.0,1.0
7669,233.0,61.0,1.0
7670,89.0,420.0,1.0
7671,148.0,45.0,1.0
7672,156.0,277.0,1.0
7673,83.0,66.0,1.0
7674,126.0,417.0,1.0
7675,79.0,531.0,1.0
7676,208.0,87.0,1.0
7677,96.0,141.0,1.0
7678,64.0,560.0,1.0
7679,114.0,246.0,1.0
7680,149.0,155.0,1.0
7681,183.0,554.0,1.0
7682,107.0,113.0,1.0
7683,78.0,191.0,1.0
7684,84.0,241.0,1.0
7685,64.0,408.0,1.0
7686,165.0,175.0,1.0
7687,119.0,10.0,1.0
7688,147.0,213.0,1.0
7689,39.0,197.0,1.0
7690,135.0,342.0,1.0
7691,114.0,367.0,1.0
7692,265.0,532.0,1.0
7693,226.0,265.0,1.0
7694,104.0,456.0,1.0
7695,96.0,21.0,1.0
7696,126.0,126.0,1.0
7697,126.0,383.0,1.0
7698,260.0,156.0,1.0
7699,230.0,427.0,1.0
7700,134.0,350.0,1.0
7701,84.0,14.0,1.0
7702,92.0,350.0,1.0
7703,158.0,69.0,1.0
7704,28.0,367.0,1.0
7705,150.0,136.0,1.0
7706,175.0,307.0,1.0
7707,218.0,228.0,1.0
7708,166.0,451.0,1.0
7709,161.0,219.0,1.0
7710,87.0,554.0,1.0
7711,164.0,411.0,1.0
7712,129.0,79.0,1.0
7713,64.0,492.0,1.0
7714,210.0,89.0,1.0
7715,95.0,59.0,1.0
7716,64.0,114.0,1.0
7717,78.0,219.0,1.0
7718,248.0,367.0,1.0
7719,104.0,208.0,1.0
7720,52.0,84.0,1.0
7721,119.0,378.0,1.0
7722,147.0,302.0,1.0
7723,7.0,130.0,1.0
7724,119.0,5.0,1.0
7725,202.0,123.0,1.0
7726,200.0,135.0,1.0
7727,176.0,206.0,1.0
7728,69.0,186.0,1.0
7729,229.0,508.0,1.0
7730,247.0,380.0,1.0
7731,213.0,222.0,1.0
7732,161.0,377.0,1.0
7733,250.0,179.0,1.0
7734,134.0,245.0,1.0
7735,205.0,458.0,1.0
7736,206.0,209.0,1.0
7737,178.0,572.0,1.0
7738,97.0,566.0,1.0
7739,193.0,230.0,1.0
7740,209.0,576.0,1.0
7741,17.0,96.0,1.0
7742,82.0,173.0,1.0
7743,203.0,168.0,1.0
7744,248.0,23.0,1.0
7745,81.0,134.0,1.0
7746,116.0,175.0,1.0
7747,156.0,194.0,1.0
7748,102.0,308.0,1.0
7749,1.0,64.0,1.0
7750,102.0,36.0,1.0
7751,177.0,156.0,1.0
7752,67.0,529.0,1.0
7753,105.0,143.0,1.0
7754,217.0,202.0,1.0
7755,67.0,218.0,1.0
7756,171.0,58.0,1.0
7757,75.0,111.0,1.0
7758,201.0,10.0,1.0
7759,210.0,12.0,1.0
7760,101.0,530.0,1.0
7761,199.0,20.0,1.0
7762,9.0,285.0,1.0
7763,97.0,1.0,1.0
7764,90.0,225.0,1.0
7765,130.0,109.0,1.0
7766,108.0,50.0,1.0
7767,219.0,12.0,1.0
7768,67.0,113.0,1.0
7769,175.0,305.0,1.0
7770,224.0,395.0,1.0
7771,89.0,71.0,1.0
7772,30.0,47.0,1.0
7773,219.0,148.0,1.0
7774,65.0,97.0,1.0
7775,178.0,343.0,1.0
7776,87.0,161.0,1.0
7777,108.0,378.0,1.0
7778,173.0,179.0,1.0
7779,2.0,118.0,1.0
7780,161.0,66.0,1.0
7781,82.0,201.0,1.0
7782,197.0,334.0,1.0
7783,86.0,33.0,1.0
7784,65.0,332.0,1.0
7785,182.0,245.0,1.0
7786,226.0,26.0,1.0
7787,191.0,168.0,1.0
7788,51.0,225.0,1.0
7789,103.0,184.0,1.0
7790,238.0,27.0,1.0
7791,195.0,266.0,1.0
7792,63.0,100.0,1.0
7793,229.0,59.0,1.0
7794,83.0,226.0,1.0
7795,257.0,251.0,1.0
7796,153.0,425.0,1.0
7797,189.0,136.0,1.0
7798,223.0,371.0,1.0
7799,215.0,539.0,1.0
7800,104.0,420.0,1.0
7801,234.0,60.0,1.0
7802,132.0,374.0,1.0
7803,49.0,415.0,1.0
7804,149.0,47.0,1.0
7805,97.0,388.0,1.0
7806,79.0,564.0,1.0
7807,240.0,25.0,1.0
7808,261.0,100.0,1.0
7809,74.0,269.0,1.0
7810,107.0,3.0,1.0
7811,96.0,280.0,1.0
7812,156.0,248.0,1.0
7813,183.0,595.0,1.0
7814,52.0,422.0,1.0
7815,234.0,232.0,1.0
7816,130.0,216.0,1.0
7817,147.0,524.0,1.0
7818,39.0,68.0,1.0
7819,225.0,41.0,1.0
7820,191.0,321.0,1.0
7821,83.0,487.0,1.0
7822,189.0,38.0,1.0
7823,56.0,320.0,1.0
7824,225.0,69.0,1.0
7825,224.0,45.0,1.0
7826,160.0,458.0,1.0
7827,132.0,209.0,1.0
7828,216.0,175.0,1.0
7829,243.0,55.0,1.0
7830,165.0,317.0,1.0
7831,252.0,184.0,1.0
7832,87.0,221.0,1.0
7833,97.0,97.0,1.0
7834,216.0,9.0,1.0
7835,87.0,517.0,1.0
7836,217.0,198.0,1.0
7837,148.0,216.0,1.0
7838,183.0,63.0,1.0
7839,22.0,109.0,1.0
7840,150.0,21.0,1.0
7841,128.0,175.0,1.0
7842,248.0,463.0,1.0
7843,16.0,16.0,1.0
7844,179.0,434.0,1.0
7845,244.0,241.0,1.0
7846,84.0,65.0,1.0
7847,149.0,61.0,1.0
7848,2.0,112.0,1.0
7849,11.0,208.0,1.0
7850,39.0,125.0,1.0
7851,62.0,147.0,1.0
7852,96.0,374.0,1.0
7853,56.0,273.0,1.0
7854,154.0,120.0,1.0
7855,211.0,40.0,1.0
7856,13.0,135.0,1.0
7857,212.0,310.0,1.0
7858,177.0,484.0,1.0
7859,39.0,402.0,1.0
7860,81.0,276.0,1.0
7861,145.0,127.0,1.0
7862,102.0,296.0,1.0
7863,16.0,18.0,1.0
7864,149.0,590.0,1.0
7865,113.0,176.0,1.0
7866,191.0,277.0,1.0
7867,119.0,217.0,1.0
7868,102.0,126.0,1.0
7869,187.0,390.0,1.0
7870,259.0,117.0,1.0
7871,100.0,379.0,1.0
7872,156.0,147.0,1.0
7873,74.0,233.0,1.0
7874,117.0,113.0,1.0
7875,4.0,11.0,1.0
7876,207.0,259.0,1.0
7877,56.0,277.0,1.0
7878,200.0,113.0,1.0
7879,156.0,38.0,1.0
7880,56.0,485.0,1.0
7881,250.0,469.0,1.0
7882,147.0,559.0,1.0
7883,65.0,136.0,1.0
7884,147.0,95.0,1.0
7885,186.0,547.0,1.0
7886,169.0,179.0,1.0
7887,181.0,59.0,1.0
7888,69.0,419.0,1.0
7889,203.0,61.0,1.0
7890,250.0,83.0,1.0
7891,144.0,505.0,1.0
7892,248.0,352.0,1.0
7893,88.0,95.0,1.0
7894,138.0,346.0,1.0
7895,175.0,406.0,1.0
7896,122.0,485.0,1.0
7897,127.0,592.0,1.0
7898,97.0,445.0,1.0
7899,16.0,361.0,1.0
7900,96.0,147.0,1.0
7901,116.0,542.0,1.0
7902,149.0,150.0,1.0
7903,177.0,537.0,1.0
7904,136.0,197.0,1.0
7905,67.0,469.0,1.0
7906,32.0,244.0,1.0
7907,83.0,395.0,1.0
7908,15.0,172.0,1.0
7909,263.0,16.0,1.0
7910,71.0,550.0,1.0
7911,39.0,185.0,1.0
7912,178.0,341.0,1.0
7913,182.0,495.0,1.0
7914,102.0,163.0,1.0
7915,114.0,23.0,1.0
7916,132.0,153.0,1.0
7917,62.0,254.0,1.0
7918,224.0,146.0,1.0
7919,178.0,426.0,1.0
7920,29.0,269.0,1.0
7921,102.0,430.0,1.0
7922,51.0,458.0,1.0
7923,2.0,47.0,1.0
7924,144.0,278.0,1.0
7925,96.0,186.0,1.0
7926,145.0,214.0,1.0
7927,98.0,193.0,1.0
7928,81.0,51.0,1.0
7929,224.0,571.0,1.0
7930,239.0,59.0,1.0
7931,193.0,324.0,1.0
7932,16.0,225.0,1.0
7933,220.0,103.0,1.0
7934,130.0,256.0,1.0
7935,128.0,238.0,1.0
7936,223.0,241.0,1.0
7937,141.0,230.0,1.0
7938,56.0,31.0,1.0
7939,130.0,235.0,1.0
7940,31.0,122.0,1.0
7941,2.0,146.0,1.0
7942,56.0,245.0,1.0
7943,2.0,109.0,1.0
7944,98.0,523.0,1.0
7945,150.0,137.0,1.0
7946,105.0,337.0,1.0
7947,71.0,375.0,1.0
7948,107.0,429.0,1.0
7949,218.0,74.0,1.0
7950,266.0,223.0,1.0
7951,182.0,400.0,1.0
7952,122.0,292.0,1.0
7953,39.0,205.0,1.0
7954,51.0,87.0,1.0
7955,189.0,507.0,1.0
7956,12.0,113.0,1.0
7957,86.0,462.0,1.0
7958,258.0,320.0,1.0
7959,201.0,213.0,1.0
7960,89.0,310.0,1.0
7961,18.0,154.0,1.0
7962,51.0,112.0,1.0
7963,86.0,310.0,1.0
7964,114.0,275.0,1.0
7965,1.0,33.0,1.0
7966,202.0,92.0,1.0
7967,78.0,375.0,1.0
7968,145.0,241.0,1.0
7969,136.0,399.0,1.0
7970,259.0,31.0,1.0
7971,185.0,9.0,1.0
7972,114.0,91.0,1.0
7973,185.0,280.0,1.0
7974,56.0,266.0,1.0
7975,122.0,356.0,1.0
7976,105.0,342.0,1.0
7977,1.0,25.0,1.0
7978,53.0,398.0,1.0
7979,224.0,132.0,1.0
7980,20.0,143.0,1.0
7981,183.0,116.0,1.0
7982,173.0,50.0,1.0
7983,241.0,427.0,1.0
7984,178.0,164.0,1.0
7985,65.0,173.0,1.0
7986,196.0,386.0,1.0
7987,9.0,272.0,1.0
7988,53.0,386.0,1.0
7989,26.0,281.0,1.0
7990,69.0,518.0,1.0
7991,153.0,460.0,1.0
7992,8.0,80.0,1.0
7993,257.0,49.0,1.0
7994,65.0,12.0,1.0
7995,82.0,546.0,1.0
7996,265.0,317.0,1.0
7997,258.0,150.0,1.0
7998,176.0,249.0,1.0
7999,258.0,59.0,1.0
8000,153.0,258.0,1.0
8001,65.0,382.0,1.0
8002,223.0,490.0,1.0
8003,95.0,418.0,1.0
8004,191.0,58.0,1.0
8005,102.0,54.0,1.0
8006,213.0,220.0,1.0
8007,120.0,0.0,1.0
8008,156.0,553.0,1.0
8009,187.0,103.0,1.0
8010,63.0,309.0,1.0
8011,17.0,409.0,1.0
8012,82.0,406.0,1.0
8013,191.0,269.0,1.0
8014,229.0,177.0,1.0
8015,218.0,143.0,1.0
8016,105.0,238.0,1.0
8017,191.0,89.0,1.0
8018,92.0,282.0,1.0
8019,82.0,131.0,1.0
8020,65.0,20.0,1.0
8021,87.0,0.0,1.0
8022,189.0,231.0,1.0
8023,165.0,374.0,1.0
8024,91.0,58.0,1.0
8025,146.0,102.0,1.0
8026,92.0,76.0,1.0
8027,205.0,175.0,1.0
8028,102.0,85.0,1.0
8029,96.0,100.0,1.0
8030,155.0,64.0,1.0
8031,183.0,491.0,1.0
8032,234.0,124.0,1.0
8033,113.0,47.0,1.0
8034,130.0,233.0,1.0
8035,186.0,252.0,1.0
8036,81.0,305.0,1.0
8037,62.0,488.0,1.0
8038,230.0,574.0,1.0
8039,75.0,418.0,1.0
8040,193.0,201.0,1.0
8041,31.0,11.0,1.0
8042,68.0,39.0,1.0
8043,203.0,152.0,1.0
8044,105.0,10.0,1.0
8045,189.0,1.0,1.0
8046,26.0,171.0,1.0
8047,33.0,304.0,1.0
8048,142.0,381.0,1.0
8049,200.0,256.0,1.0
8050,17.0,399.0,1.0
8051,115.0,223.0,1.0
8052,149.0,130.0,1.0
8053,71.0,223.0,1.0
8054,257.0,91.0,1.0
8055,77.0,223.0,1.0
8056,34.0,90.0,1.0
8057,101.0,386.0,1.0
8058,8.0,81.0,1.0
8059,71.0,472.0,1.0
8060,87.0,86.0,1.0
8061,164.0,120.0,1.0
8062,260.0,10.0,1.0
8063,68.0,236.0,1.0
8064,79.0,393.0,1.0
8065,136.0,234.0,1.0
8066,105.0,496.0,1.0
8067,228.0,81.0,1.0
8068,8.0,82.0,1.0
8069,101.0,464.0,1.0
8070,52.0,5.0,1.0
8071,240.0,91.0,1.0
8072,166.0,197.0,1.0
8073,82.0,513.0,1.0
8074,168.0,137.0,1.0
8075,226.0,196.0,1.0
8076,144.0,32.0,1.0
8077,172.0,351.0,1.0
8078,87.0,79.0,1.0
8079,170.0,89.0,1.0
8080,83.0,269.0,1.0
8081,223.0,418.0,1.0
8082,200.0,203.0,1.0
8083,94.0,10.0,1.0
8084,16.0,77.0,1.0
8085,179.0,528.0,1.0
8086,250.0,194.0,1.0
8087,74.0,434.0,1.0
8088,239.0,454.0,1.0
8089,124.0,395.0,1.0
8090,145.0,311.0,1.0
8091,75.0,342.0,1.0
8092,186.0,218.0,1.0
8093,89.0,44.0,1.0
8094,69.0,148.0,1.0
8095,22.0,161.0,1.0
8096,16.0,61.0,1.0
8097,165.0,10.0,1.0
8098,200.0,89.0,1.0
8099,85.0,293.0,1.0
8100,21.0,147.0,1.0
8101,225.0,89.0,1.0
8102,101.0,153.0,1.0
8103,257.0,276.0,1.0
8104,44.0,83.0,1.0
8105,232.0,126.0,1.0
8106,248.0,245.0,1.0
8107,42.0,472.0,1.0
8108,134.0,191.0,1.0
8109,116.0,54.0,1.0
8110,217.0,148.0,1.0
8111,108.0,553.0,1.0
8112,183.0,69.0,1.0
8113,229.0,389.0,1.0
8114,81.0,571.0,1.0
8115,231.0,342.0,1.0
8116,207.0,282.0,1.0
8117,251.0,243.0,1.0
8118,233.0,333.0,1.0
8119,16.0,67.0,1.0
8120,238.0,189.0,1.0
8121,223.0,177.0,1.0
8122,65.0,551.0,1.0
8123,221.0,191.0,1.0
8124,105.0,0.0,1.0
8125,232.0,81.0,1.0
8126,105.0,317.0,1.0
8127,261.0,89.0,1.0
8128,2.0,9.0,1.0
8129,182.0,130.0,1.0
8130,148.0,427.0,1.0
8131,77.0,190.0,1.0
8132,94.0,434.0,1.0
8133,136.0,121.0,1.0
8134,229.0,311.0,1.0
8135,218.0,76.0,1.0
8136,32.0,133.0,1.0
8137,141.0,87.0,1.0
8138,117.0,36.0,1.0
8139,228.0,430.0,1.0
8140,83.0,518.0,1.0
8141,22.0,133.0,1.0
8142,128.0,126.0,1.0
8143,104.0,45.0,1.0
8144,256.0,411.0,1.0
8145,203.0,113.0,1.0
8146,91.0,224.0,1.0
8147,242.0,79.0,1.0
8148,262.0,141.0,1.0
8149,116.0,161.0,1.0
8150,75.0,460.0,1.0
8151,58.0,147.0,1.0
8152,248.0,384.0,1.0
8153,200.0,8.0,1.0
8154,15.0,50.0,1.0
8155,226.0,361.0,1.0
8156,119.0,534.0,1.0
8157,71.0,81.0,1.0
8158,250.0,323.0,1.0
8159,164.0,180.0,1.0
8160,154.0,343.0,1.0
8161,158.0,130.0,1.0
8162,7.0,116.0,1.0
8163,79.0,386.0,1.0
8164,60.0,382.0,1.0
8165,100.0,136.0,1.0
8166,261.0,245.0,1.0
8167,139.0,310.0,1.0
8168,131.0,534.0,1.0
8169,180.0,272.0,1.0
8170,74.0,584.0,1.0
8171,205.0,190.0,1.0
8172,16.0,136.0,1.0
8173,102.0,86.0,1.0
8174,29.0,61.0,1.0
8175,146.0,178.0,1.0
8176,145.0,22.0,1.0
8177,39.0,467.0,1.0
8178,265.0,194.0,1.0
8179,144.0,388.0,1.0
8180,100.0,119.0,1.0
8181,75.0,190.0,1.0
8182,107.0,92.0,1.0
8183,189.0,106.0,1.0
8184,102.0,105.0,1.0
8185,28.0,11.0,1.0
8186,155.0,27.0,1.0
8187,200.0,119.0,1.0
8188,156.0,191.0,1.0
8189,72.0,465.0,1.0
8190,183.0,74.0,1.0
8191,148.0,248.0,1.0
8192,147.0,5.0,1.0
8193,127.0,194.0,1.0
8194,42.0,393.0,1.0
8195,250.0,53.0,1.0
8196,239.0,451.0,1.0
8197,208.0,440.0,1.0
8198,51.0,208.0,1.0
8199,256.0,48.0,1.0
8200,124.0,89.0,1.0
8201,185.0,253.0,1.0
8202,136.0,506.0,1.0
8203,60.0,537.0,1.0
8204,160.0,40.0,1.0
8205,196.0,586.0,1.0
8206,203.0,96.0,1.0
8207,167.0,110.0,1.0
8208,189.0,411.0,1.0
8209,60.0,112.0,1.0
8210,69.0,143.0,1.0
8211,75.0,431.0,1.0
8212,81.0,516.0,1.0
8213,165.0,354.0,1.0
8214,224.0,43.0,1.0
8215,223.0,442.0,1.0
8216,52.0,66.0,1.0
8217,205.0,81.0,1.0
8218,105.0,127.0,1.0
8219,248.0,79.0,1.0
8220,65.0,185.0,1.0
8221,78.0,543.0,1.0
8222,256.0,59.0,1.0
8223,165.0,130.0,1.0
8224,82.0,492.0,1.0
8225,31.0,22.0,1.0
8226,200.0,592.0,1.0
8227,16.0,39.0,1.0
8228,135.0,89.0,1.0
8229,150.0,4.0,1.0
8230,153.0,235.0,1.0
8231,144.0,207.0,1.0
8232,64.0,494.0,1.0
8233,9.0,280.0,1.0
8234,79.0,353.0,1.0
8235,42.0,14.0,1.0
8236,183.0,179.0,1.0
8237,252.0,66.0,1.0
8238,90.0,154.0,1.0
8239,130.0,319.0,1.0
8240,143.0,68.0,1.0
8241,195.0,348.0,1.0
8242,249.0,80.0,1.0
8243,190.0,133.0,1.0
8244,207.0,230.0,1.0
8245,20.0,50.0,1.0
8246,211.0,89.0,1.0
8247,128.0,272.0,1.0
8248,150.0,50.0,1.0
8249,88.0,468.0,1.0
8250,18.0,146.0,1.0
8251,259.0,231.0,1.0
8252,22.0,430.0,1.0
8253,77.0,407.0,1.0
8254,130.0,225.0,1.0
8255,52.0,145.0,1.0
8256,199.0,165.0,1.0
8257,104.0,58.0,1.0
8258,96.0,111.0,1.0
8259,210.0,59.0,1.0
8260,16.0,367.0,1.0
8261,43.0,384.0,1.0
8262,69.0,8.0,1.0
8263,189.0,202.0,1.0
8264,141.0,416.0,1.0
8265,119.0,231.0,1.0
8266,105.0,272.0,1.0
8267,142.0,7.0,1.0
8268,225.0,556.0,1.0
8269,32.0,129.0,1.0
8270,85.0,493.0,1.0
8271,224.0,522.0,1.0
8272,44.0,400.0,1.0
8273,17.0,130.0,1.0
8274,176.0,410.0,1.0
8275,59.0,267.0,1.0
8276,255.0,463.0,1.0
8277,161.0,106.0,1.0
8278,164.0,162.0,1.0
8279,118.0,391.0,1.0
8280,51.0,358.0,1.0
8281,74.0,255.0,1.0
8282,83.0,374.0,1.0
8283,51.0,72.0,1.0
8284,144.0,58.0,1.0
8285,74.0,116.0,1.0
8286,207.0,64.0,1.0
8287,233.0,44.0,1.0
8288,223.0,44.0,1.0
8289,10.0,269.0,1.0
8290,177.0,331.0,1.0
8291,44.0,486.0,1.0
8292,113.0,122.0,1.0
8293,42.0,202.0,1.0
8294,231.0,57.0,1.0
8295,196.0,116.0,1.0
8296,5.0,218.0,1.0
8297,91.0,370.0,1.0
8298,157.0,31.0,1.0
8299,124.0,290.0,1.0
8300,98.0,482.0,1.0
8301,89.0,203.0,1.0
8302,189.0,423.0,1.0
8303,226.0,87.0,1.0
8304,182.0,188.0,1.0
8305,82.0,490.0,1.0
8306,177.0,50.0,1.0
8307,71.0,146.0,1.0
8308,58.0,538.0,1.0
8309,189.0,14.0,1.0
8310,203.0,51.0,1.0
8311,183.0,203.0,1.0
8312,138.0,311.0,1.0
8313,56.0,315.0,1.0
8314,115.0,122.0,1.0
8315,67.0,364.0,1.0
8316,2.0,24.0,1.0
8317,175.0,182.0,1.0
8318,130.0,40.0,1.0
8319,138.0,120.0,1.0
8320,122.0,179.0,1.0
8321,31.0,67.0,1.0
8322,32.0,136.0,1.0
8323,266.0,100.0,1.0
8324,207.0,298.0,1.0
8325,223.0,40.0,1.0
8326,187.0,216.0,1.0
8327,86.0,91.0,1.0
8328,51.0,57.0,1.0
8329,213.0,91.0,1.0
8330,246.0,247.0,1.0
8331,248.0,234.0,1.0
8332,32.0,58.0,1.0
8333,5.0,97.0,1.0
8334,22.0,45.0,1.0
8335,85.0,51.0,1.0
8336,268.0,80.0,1.0
8337,175.0,451.0,1.0
8338,203.0,13.0,1.0
8339,78.0,368.0,1.0
8340,69.0,72.0,1.0
8341,195.0,452.0,1.0
8342,115.0,378.0,1.0
8343,174.0,578.0,1.0
8344,244.0,91.0,1.0
8345,114.0,56.0,1.0
8346,228.0,31.0,1.0
8347,207.0,273.0,1.0
8348,160.0,201.0,1.0
8349,84.0,345.0,1.0
8350,133.0,496.0,1.0
8351,60.0,52.0,1.0
8352,60.0,251.0,1.0
8353,78.0,133.0,1.0
8354,145.0,81.0,1.0
8355,121.0,253.0,1.0
8356,17.0,314.0,1.0
8357,228.0,302.0,1.0
8358,83.0,113.0,1.0
8359,206.0,47.0,1.0
8360,51.0,329.0,1.0
8361,11.0,146.0,1.0
8362,37.0,10.0,1.0
8363,256.0,241.0,1.0
8364,99.0,92.0,1.0
8365,178.0,86.0,1.0
8366,48.0,253.0,1.0
8367,135.0,227.0,1.0
8368,91.0,385.0,1.0
8369,26.0,89.0,1.0
8370,256.0,588.0,1.0
8371,94.0,375.0,1.0
8372,79.0,66.0,1.0
8373,123.0,164.0,1.0
8374,116.0,22.0,1.0
8375,225.0,39.0,1.0
8376,137.0,410.0,1.0
8377,230.0,225.0,1.0
8378,144.0,147.0,1.0
8379,165.0,38.0,1.0
8380,104.0,349.0,1.0
8381,81.0,190.0,1.0
8382,227.0,313.0,1.0
8383,79.0,201.0,1.0
8384,135.0,190.0,1.0
8385,165.0,62.0,1.0
8386,44.0,294.0,1.0
8387,114.0,181.0,1.0
8388,38.0,56.0,1.0
8389,92.0,194.0,1.0
8390,133.0,326.0,1.0
8391,141.0,89.0,1.0
8392,158.0,456.0,1.0
8393,79.0,5.0,1.0
8394,199.0,194.0,1.0
8395,128.0,109.0,1.0
8396,218.0,1.0,1.0
8397,87.0,427.0,1.0
8398,188.0,360.0,1.0
8399,102.0,226.0,1.0
8400,53.0,89.0,1.0
8401,218.0,170.0,1.0
8402,138.0,207.0,1.0
8403,252.0,181.0,1.0
8404,147.0,92.0,1.0
8405,57.0,122.0,1.0
8406,130.0,223.0,1.0
8407,243.0,150.0,1.0
8408,53.0,436.0,1.0
8409,106.0,35.0,1.0
8410,168.0,44.0,1.0
8411,238.0,538.0,1.0
8412,147.0,203.0,1.0
8413,81.0,35.0,1.0
8414,20.0,55.0,1.0
8415,182.0,201.0,1.0
8416,98.0,100.0,1.0
8417,65.0,156.0,1.0
8418,264.0,305.0,1.0
8419,56.0,9.0,1.0
8420,116.0,530.0,1.0
8421,135.0,70.0,1.0
8422,226.0,70.0,1.0
8423,130.0,229.0,1.0
8424,60.0,126.0,1.0
8425,183.0,188.0,1.0
8426,232.0,45.0,1.0
8427,57.0,172.0,1.0
8428,82.0,136.0,1.0
8429,116.0,78.0,1.0
8430,106.0,273.0,1.0
8431,183.0,62.0,1.0
8432,249.0,241.0,1.0
8433,9.0,263.0,1.0
8434,252.0,9.0,1.0
8435,55.0,28.0,1.0
8436,258.0,31.0,1.0
8437,3.0,158.0,1.0
8438,87.0,334.0,1.0
8439,8.0,246.0,1.0
8440,195.0,489.0,1.0
8441,110.0,252.0,1.0
8442,209.0,578.0,1.0
8443,107.0,91.0,1.0
8444,214.0,35.0,1.0
8445,114.0,237.0,1.0
8446,139.0,434.0,1.0
8447,78.0,22.0,1.0
8448,185.0,59.0,1.0
8449,238.0,11.0,1.0
8450,175.0,383.0,1.0
8451,129.0,6.0,1.0
8452,212.0,227.0,1.0
8453,19.0,291.0,1.0
8454,182.0,58.0,1.0
8455,108.0,535.0,1.0
8456,56.0,255.0,1.0
8457,169.0,194.0,1.0
8458,119.0,62.0,1.0
8459,199.0,175.0,1.0
8460,261.0,253.0,1.0
8461,199.0,584.0,1.0
8462,138.0,241.0,1.0
8463,48.0,444.0,1.0
8464,128.0,408.0,1.0
8465,108.0,139.0,1.0
8466,184.0,50.0,1.0
8467,94.0,233.0,1.0
8468,248.0,168.0,1.0
8469,85.0,269.0,1.0
8470,134.0,147.0,1.0
8471,44.0,478.0,1.0
8472,44.0,12.0,1.0
8473,164.0,39.0,1.0
8474,223.0,468.0,1.0
8475,223.0,175.0,1.0
8476,51.0,419.0,1.0
8477,156.0,429.0,1.0
8478,94.0,387.0,1.0
8479,149.0,356.0,1.0
8480,259.0,555.0,1.0
8481,75.0,553.0,1.0
8482,85.0,37.0,1.0
8483,234.0,372.0,1.0
8484,54.0,27.0,1.0
8485,263.0,129.0,1.0
8486,168.0,134.0,1.0
8487,132.0,534.0,1.0
8488,9.0,89.0,1.0
8489,115.0,596.0,1.0
8490,132.0,411.0,1.0
8491,152.0,132.0,1.0
8492,79.0,197.0,1.0
8493,15.0,194.0,1.0
8494,126.0,39.0,1.0
8495,87.0,446.0,1.0
8496,199.0,358.0,1.0
8497,69.0,130.0,1.0
8498,148.0,89.0,1.0
8499,167.0,362.0,1.0
8500,125.0,48.0,1.0
8501,96.0,1.0,1.0
8502,44.0,432.0,1.0
8503,262.0,52.0,1.0
8504,90.0,289.0,1.0
8505,236.0,38.0,1.0
8506,16.0,88.0,1.0
8507,208.0,31.0,1.0
8508,86.0,7.0,1.0
8509,69.0,103.0,1.0
8510,51.0,386.0,1.0
8511,94.0,479.0,1.0
8512,104.0,81.0,1.0
8513,226.0,423.0,1.0
8514,229.0,500.0,1.0
8515,209.0,50.0,1.0
8516,191.0,382.0,1.0
8517,82.0,249.0,1.0
8518,51.0,378.0,1.0
8519,188.0,25.0,1.0
8520,130.0,311.0,1.0
8521,95.0,86.0,1.0
8522,65.0,145.0,1.0
8523,227.0,32.0,1.0
8524,264.0,55.0,1.0
8525,55.0,259.0,1.0
8526,81.0,111.0,1.0
8527,75.0,51.0,1.0
8528,5.0,89.0,1.0
8529,173.0,146.0,1.0
8530,207.0,304.0,1.0
8531,104.0,157.0,1.0
8532,224.0,120.0,1.0
8533,29.0,302.0,1.0
8534,191.0,118.0,1.0
8535,207.0,239.0,1.0
8536,126.0,360.0,1.0
8537,149.0,62.0,1.0
8538,128.0,15.0,1.0
8539,89.0,207.0,1.0
8540,52.0,224.0,1.0
8541,132.0,310.0,1.0
8542,129.0,148.0,1.0
8543,162.0,478.0,1.0
8544,88.0,188.0,1.0
8545,148.0,426.0,1.0
8546,81.0,209.0,1.0
8547,39.0,0.0,1.0
8548,250.0,145.0,1.0
8549,90.0,178.0,1.0
8550,165.0,136.0,1.0
8551,77.0,116.0,1.0
8552,207.0,86.0,1.0
8553,256.0,222.0,1.0
8554,74.0,147.0,1.0
8555,165.0,523.0,1.0
8556,248.0,191.0,1.0
8557,220.0,526.0,1.0
8558,215.0,447.0,1.0
8559,223.0,212.0,1.0
8560,87.0,143.0,1.0
8561,64.0,296.0,1.0
8562,45.0,420.0,1.0
8563,175.0,368.0,1.0
8564,258.0,92.0,1.0
8565,72.0,21.0,1.0
8566,226.0,164.0,1.0
8567,212.0,231.0,1.0
8568,199.0,164.0,1.0
8569,229.0,122.0,1.0
8570,115.0,12.0,1.0
8571,217.0,400.0,1.0
8572,228.0,281.0,1.0
8573,9.0,36.0,1.0
8574,71.0,219.0,1.0
8575,197.0,79.0,1.0
8576,18.0,76.0,1.0
8577,218.0,155.0,1.0
8578,226.0,72.0,1.0
8579,149.0,215.0,1.0
8580,84.0,277.0,1.0
8581,173.0,462.0,1.0
8582,156.0,487.0,1.0
8583,117.0,305.0,1.0
8584,267.0,251.0,1.0
8585,62.0,337.0,1.0
8586,263.0,561.0,1.0
8587,155.0,285.0,1.0
8588,34.0,106.0,1.0
8589,149.0,349.0,1.0
8590,6.0,103.0,1.0
8591,150.0,251.0,1.0
8592,74.0,189.0,1.0
8593,224.0,308.0,1.0
8594,194.0,247.0,1.0
8595,89.0,0.0,1.0
8596,75.0,521.0,1.0
8597,228.0,70.0,1.0
8598,108.0,17.0,1.0
8599,56.0,103.0,1.0
8600,182.0,157.0,1.0
8601,147.0,116.0,1.0
8602,123.0,267.0,1.0
8603,31.0,281.0,1.0
8604,51.0,223.0,1.0
8605,183.0,70.0,1.0
8606,56.0,447.0,1.0
8607,214.0,343.0,1.0
8608,145.0,398.0,1.0
8609,91.0,545.0,1.0
8610,178.0,37.0,1.0
8611,259.0,528.0,1.0
8612,9.0,260.0,1.0
8613,89.0,198.0,1.0
8614,34.0,100.0,1.0
8615,119.0,57.0,1.0
8616,178.0,196.0,1.0
8617,46.0,66.0,1.0
8618,211.0,563.0,1.0
8619,147.0,288.0,1.0
8620,65.0,522.0,1.0
8621,59.0,219.0,1.0
8622,102.0,532.0,1.0
8623,30.0,31.0,1.0
8624,225.0,342.0,1.0
8625,225.0,271.0,1.0
8626,68.0,57.0,1.0
8627,183.0,156.0,1.0
8628,160.0,36.0,1.0
8629,128.0,77.0,1.0
8630,114.0,384.0,1.0
8631,256.0,191.0,1.0
8632,63.0,195.0,1.0
8633,207.0,372.0,1.0
8634,165.0,201.0,1.0
8635,81.0,135.0,1.0
8636,136.0,239.0,1.0
8637,114.0,226.0,1.0
8638,234.0,409.0,1.0
8639,151.0,328.0,1.0
8640,3.0,157.0,1.0
8641,3.0,24.0,1.0
8642,232.0,297.0,1.0
8643,257.0,420.0,1.0
8644,71.0,534.0,1.0
8645,116.0,113.0,1.0
8646,81.0,208.0,1.0
8647,170.0,92.0,1.0
8648,178.0,495.0,1.0
8649,117.0,217.0,1.0
8650,147.0,480.0,1.0
8651,79.0,280.0,1.0
8652,165.0,191.0,1.0
8653,178.0,52.0,1.0
8654,159.0,284.0,1.0
8655,136.0,5.0,1.0
8656,238.0,255.0,1.0
8657,220.0,190.0,1.0
8658,110.0,61.0,1.0
8659,13.0,23.0,1.0
8660,87.0,418.0,1.0
8661,14.0,103.0,1.0
8662,3.0,155.0,1.0
8663,149.0,146.0,1.0
8664,42.0,10.0,1.0
8665,147.0,27.0,1.0
8666,192.0,216.0,1.0
8667,230.0,59.0,1.0
8668,122.0,161.0,1.0
8669,211.0,159.0,1.0
8670,189.0,145.0,1.0
8671,256.0,156.0,1.0
8672,51.0,521.0,1.0
8673,224.0,408.0,1.0
8674,223.0,320.0,1.0
8675,114.0,429.0,1.0
8676,149.0,343.0,1.0
8677,197.0,93.0,1.0
8678,89.0,185.0,1.0
8679,248.0,264.0,1.0
8680,95.0,120.0,1.0
8681,194.0,11.0,1.0
8682,256.0,223.0,1.0
8683,133.0,434.0,1.0
8684,261.0,349.0,1.0
8685,129.0,506.0,1.0
8686,155.0,87.0,1.0
8687,1.0,81.0,1.0
8688,97.0,403.0,1.0
8689,68.0,85.0,1.0
8690,158.0,197.0,1.0
8691,174.0,193.0,1.0
8692,48.0,257.0,1.0
8693,12.0,325.0,1.0
8694,228.0,80.0,1.0
8695,88.0,35.0,1.0
8696,21.0,272.0,1.0
8697,64.0,17.0,1.0
8698,176.0,551.0,1.0
8699,89.0,434.0,1.0
8700,250.0,546.0,1.0
8701,69.0,112.0,1.0
8702,145.0,118.0,1.0
8703,99.0,385.0,1.0
8704,199.0,220.0,1.0
8705,39.0,391.0,1.0
8706,227.0,191.0,1.0
8707,199.0,9.0,1.0
8708,191.0,423.0,1.0
8709,156.0,8.0,1.0
8710,149.0,253.0,1.0
8711,132.0,63.0,1.0
8712,177.0,143.0,1.0
8713,136.0,59.0,1.0
8714,168.0,496.0,1.0
8715,106.0,195.0,1.0
8716,215.0,31.0,1.0
8717,129.0,49.0,1.0
8718,102.0,411.0,1.0
8719,122.0,95.0,1.0
8720,96.0,589.0,1.0
8721,223.0,14.0,1.0
8722,84.0,9.0,1.0
8723,152.0,10.0,1.0
8724,228.0,18.0,1.0
8725,58.0,158.0,1.0
8726,87.0,445.0,1.0
8727,43.0,21.0,1.0
8728,219.0,185.0,1.0
8729,98.0,527.0,1.0
8730,65.0,210.0,1.0
8731,234.0,233.0,1.0
8732,82.0,391.0,1.0
8733,156.0,544.0,1.0
8734,83.0,10.0,1.0
8735,75.0,147.0,1.0
8736,145.0,14.0,1.0
8737,102.0,263.0,1.0
8738,226.0,76.0,1.0
8739,17.0,398.0,1.0
8740,86.0,564.0,1.0
8741,195.0,103.0,1.0
8742,219.0,227.0,1.0
8743,224.0,241.0,1.0
8744,205.0,194.0,1.0
8745,38.0,61.0,1.0
8746,82.0,474.0,1.0
8747,225.0,55.0,1.0
8748,102.0,19.0,1.0
8749,117.0,131.0,1.0
8750,156.0,420.0,1.0
8751,122.0,424.0,1.0
8752,126.0,377.0,1.0
8753,223.0,3.0,1.0
8754,9.0,88.0,1.0
8755,65.0,126.0,1.0
8756,82.0,124.0,1.0
8757,9.0,259.0,1.0
8758,233.0,280.0,1.0
8759,183.0,64.0,1.0
8760,60.0,254.0,1.0
8761,223.0,64.0,1.0
8762,223.0,214.0,1.0
8763,6.0,226.0,1.0
8764,69.0,343.0,1.0
8765,258.0,592.0,1.0
8766,91.0,130.0,1.0
8767,43.0,429.0,1.0
8768,164.0,466.0,1.0
8769,88.0,454.0,1.0
8770,128.0,39.0,1.0
8771,121.0,108.0,1.0
8772,223.0,326.0,1.0
8773,56.0,543.0,1.0
8774,189.0,378.0,1.0
8775,203.0,98.0,1.0
8776,2.0,147.0,1.0
8777,19.0,90.0,1.0
8778,234.0,241.0,1.0
8779,263.0,36.0,1.0
8780,233.0,335.0,1.0
8781,127.0,163.0,1.0
8782,78.0,382.0,1.0
8783,57.0,97.0,1.0
8784,9.0,161.0,1.0
8785,62.0,100.0,1.0
8786,75.0,24.0,1.0
8787,183.0,186.0,1.0
8788,13.0,154.0,1.0
8789,235.0,480.0,1.0
8790,78.0,31.0,1.0
8791,56.0,22.0,1.0
8792,178.0,51.0,1.0
8793,93.0,91.0,1.0
8794,132.0,368.0,1.0
8795,259.0,490.0,1.0
8796,236.0,126.0,1.0
8797,220.0,287.0,1.0
8798,182.0,207.0,1.0
8799,105.0,128.0,1.0
8800,126.0,124.0,1.0
8801,17.0,207.0,1.0
8802,156.0,87.0,1.0
8803,103.0,81.0,1.0
8804,229.0,37.0,1.0
8805,44.0,99.0,1.0
8806,96.0,498.0,1.0
8807,130.0,596.0,1.0
8808,259.0,112.0,1.0
8809,208.0,191.0,1.0
8810,79.0,536.0,1.0
8811,116.0,77.0,1.0
8812,183.0,585.0,1.0
8813,83.0,178.0,1.0
8814,83.0,148.0,1.0
8815,96.0,126.0,1.0
8816,102.0,21.0,1.0
8817,37.0,109.0,1.0
8818,65.0,197.0,1.0
8819,238.0,32.0,1.0
8820,149.0,241.0,1.0
8821,75.0,312.0,1.0
8822,26.0,354.0,1.0
8823,193.0,329.0,1.0
8824,120.0,202.0,1.0
8825,82.0,2.0,1.0
8826,132.0,398.0,1.0
8827,160.0,355.0,1.0
8828,75.0,32.0,1.0
8829,85.0,274.0,1.0
8830,115.0,95.0,1.0
8831,227.0,141.0,1.0
8832,261.0,44.0,1.0
8833,261.0,86.0,1.0
8834,130.0,44.0,1.0
8835,224.0,326.0,1.0
8836,59.0,417.0,1.0
8837,31.0,253.0,1.0
8838,149.0,503.0,1.0
8839,218.0,335.0,1.0
8840,183.0,448.0,1.0
8841,69.0,517.0,1.0
8842,182.0,537.0,1.0
8843,202.0,89.0,1.0
8844,233.0,430.0,1.0
8845,183.0,340.0,1.0
8846,150.0,38.0,1.0
8847,165.0,294.0,1.0
8848,75.0,89.0,1.0
8849,81.0,337.0,1.0
8850,138.0,32.0,1.0
8851,87.0,277.0,1.0
8852,200.0,288.0,1.0
8853,217.0,96.0,1.0
8854,180.0,40.0,1.0
8855,251.0,114.0,1.0
8856,223.0,456.0,1.0
8857,108.0,527.0,1.0
8858,119.0,337.0,1.0
8859,113.0,100.0,1.0
8860,45.0,343.0,1.0
8861,22.0,157.0,1.0
8862,207.0,181.0,1.0
8863,141.0,148.0,1.0
8864,50.0,47.0,1.0
8865,165.0,480.0,1.0
8866,81.0,314.0,1.0
8867,113.0,67.0,1.0
8868,114.0,88.0,1.0
8869,81.0,292.0,1.0
8870,116.0,28.0,1.0
8871,82.0,498.0,1.0
8872,197.0,51.0,1.0
8873,89.0,131.0,1.0
8874,214.0,44.0,1.0
8875,147.0,190.0,1.0
8876,96.0,127.0,1.0
8877,56.0,317.0,1.0
8878,16.0,76.0,1.0
8879,37.0,238.0,1.0
8880,172.0,133.0,1.0
8881,44.0,259.0,1.0
8882,207.0,220.0,1.0
8883,18.0,239.0,1.0
8884,224.0,382.0,1.0
8885,89.0,70.0,1.0
8886,22.0,429.0,1.0
8887,106.0,413.0,1.0
8888,223.0,20.0,1.0
8889,106.0,84.0,1.0
8890,116.0,256.0,1.0
8891,197.0,47.0,1.0
8892,51.0,81.0,1.0
8893,179.0,394.0,1.0
8894,141.0,44.0,1.0
8895,22.0,128.0,1.0
8896,75.0,335.0,1.0
8897,211.0,47.0,1.0
8898,51.0,465.0,1.0
8899,225.0,567.0,1.0
8900,114.0,333.0,1.0
8901,120.0,10.0,1.0
8902,9.0,22.0,1.0
8903,260.0,117.0,1.0
8904,139.0,425.0,1.0
8905,56.0,8.0,1.0
8906,13.0,326.0,1.0
8907,64.0,59.0,1.0
8908,197.0,11.0,1.0
8909,71.0,280.0,1.0
8910,65.0,104.0,1.0
8911,217.0,434.0,1.0
8912,5.0,195.0,1.0
8913,145.0,399.0,1.0
8914,211.0,551.0,1.0
8915,262.0,590.0,1.0
8916,129.0,40.0,1.0
8917,130.0,387.0,1.0
8918,144.0,426.0,1.0
8919,203.0,305.0,1.0
8920,44.0,121.0,1.0
8921,17.0,148.0,1.0
8922,75.0,181.0,1.0
8923,205.0,208.0,1.0
8924,261.0,336.0,1.0
8925,63.0,357.0,1.0
8926,82.0,376.0,1.0
8927,147.0,169.0,1.0
8928,150.0,152.0,1.0
8929,223.0,96.0,1.0
8930,150.0,84.0,1.0
8931,250.0,296.0,1.0
8932,144.0,216.0,1.0
8933,37.0,428.0,1.0
8934,42.0,412.0,1.0
8935,165.0,9.0,1.0
8936,141.0,12.0,1.0
8937,138.0,287.0,1.0
8938,9.0,246.0,1.0
8939,7.0,233.0,1.0
8940,119.0,12.0,1.0
8941,226.0,106.0,1.0
8942,214.0,202.0,1.0
8943,191.0,102.0,1.0
8944,83.0,352.0,1.0
8945,160.0,90.0,1.0
8946,182.0,43.0,1.0
8947,87.0,594.0,1.0
8948,96.0,129.0,1.0
8949,147.0,275.0,1.0
8950,213.0,106.0,1.0
8951,262.0,428.0,1.0
8952,261.0,129.0,1.0
8953,83.0,124.0,1.0
8954,191.0,291.0,1.0
8955,127.0,388.0,1.0
8956,21.0,143.0,1.0
8957,78.0,112.0,1.0
8958,129.0,221.0,1.0
8959,177.0,194.0,1.0
8960,84.0,591.0,1.0
8961,65.0,10.0,1.0
8962,194.0,91.0,1.0
8963,9.0,10.0,1.0
8964,147.0,103.0,1.0
8965,2.0,39.0,1.0
8966,57.0,420.0,1.0
8967,69.0,529.0,1.0
8968,10.0,152.0,1.0
8969,102.0,553.0,1.0
8970,113.0,134.0,1.0
8971,65.0,222.0,1.0
8972,251.0,91.0,1.0
8973,126.0,460.0,1.0
8974,77.0,526.0,1.0
8975,97.0,120.0,1.0
8976,257.0,50.0,1.0
8977,110.0,532.0,1.0
8978,72.0,34.0,1.0
8979,99.0,391.0,1.0
8980,51.0,39.0,1.0
8981,44.0,203.0,1.0
8982,203.0,50.0,1.0
8983,90.0,481.0,1.0
8984,185.0,38.0,1.0
8985,38.0,29.0,1.0
8986,205.0,347.0,1.0
8987,207.0,102.0,1.0
8988,158.0,569.0,1.0
8989,160.0,344.0,1.0
8990,197.0,268.0,1.0
8991,165.0,453.0,1.0
8992,207.0,135.0,1.0
8993,135.0,92.0,1.0
8994,87.0,433.0,1.0
8995,89.0,391.0,1.0
8996,129.0,530.0,1.0
8997,102.0,40.0,1.0
8998,17.0,293.0,1.0
8999,71.0,558.0,1.0
9000,40.0,103.0,1.0
9001,150.0,94.0,1.0
9002,145.0,382.0,1.0
9003,135.0,453.0,1.0
9004,226.0,123.0,1.0
9005,262.0,168.0,1.0
9006,223.0,593.0,1.0
9007,87.0,276.0,1.0
9008,165.0,501.0,1.0
9009,108.0,435.0,1.0
9010,71.0,117.0,1.0
9011,96.0,128.0,1.0
9012,33.0,35.0,1.0
9013,164.0,54.0,1.0
9014,42.0,220.0,1.0
9015,72.0,154.0,1.0
9016,87.0,197.0,1.0
9017,45.0,325.0,1.0
9018,223.0,492.0,1.0
9019,47.0,197.0,1.0
9020,13.0,50.0,1.0
9021,165.0,284.0,1.0
9022,76.0,282.0,1.0
9023,49.0,284.0,1.0
9024,82.0,91.0,1.0
9025,81.0,319.0,1.0
9026,226.0,521.0,1.0
9027,136.0,204.0,1.0
9028,207.0,80.0,1.0
9029,97.0,117.0,1.0
9030,167.0,485.0,1.0
9031,42.0,241.0,1.0
9032,183.0,118.0,1.0
9033,228.0,282.0,1.0
9034,91.0,295.0,1.0
9035,17.0,385.0,1.0
9036,130.0,306.0,1.0
9037,259.0,202.0,1.0
9038,65.0,87.0,1.0
9039,185.0,145.0,1.0
9040,259.0,402.0,1.0
9041,74.0,492.0,1.0
9042,196.0,416.0,1.0
9043,205.0,361.0,1.0
9044,186.0,113.0,1.0
9045,180.0,194.0,1.0
9046,30.0,130.0,1.0
9047,71.0,349.0,1.0
9048,262.0,64.0,1.0
9049,82.0,387.0,1.0
9050,262.0,120.0,1.0
9051,202.0,206.0,1.0
9052,117.0,388.0,1.0
9053,256.0,206.0,1.0
9054,5.0,208.0,1.0
9055,224.0,472.0,1.0
9056,69.0,514.0,1.0
9057,17.0,360.0,1.0
9058,44.0,68.0,1.0
9059,16.0,301.0,1.0
9060,65.0,254.0,1.0
9061,180.0,211.0,1.0
9062,214.0,191.0,1.0
9063,75.0,510.0,1.0
9064,237.0,84.0,1.0
9065,65.0,276.0,1.0
9066,3.0,114.0,1.0
9067,264.0,583.0,1.0
9068,81.0,537.0,1.0
9069,195.0,77.0,1.0
9070,184.0,120.0,1.0
9071,228.0,118.0,1.0
9072,162.0,467.0,1.0
9073,206.0,57.0,1.0
9074,234.0,231.0,1.0
9075,145.0,44.0,1.0
9076,194.0,266.0,1.0
9077,144.0,157.0,1.0
9078,90.0,450.0,1.0
9079,202.0,108.0,1.0
9080,15.0,354.0,1.0
9081,259.0,146.0,1.0
9082,151.0,106.0,1.0
9083,242.0,394.0,1.0
9084,199.0,135.0,1.0
9085,245.0,48.0,1.0
9086,189.0,95.0,1.0
9087,224.0,412.0,1.0
9088,19.0,157.0,1.0
9089,130.0,348.0,1.0
9090,139.0,63.0,1.0
9091,226.0,282.0,1.0
9092,178.0,392.0,1.0
9093,81.0,393.0,1.0
9094,96.0,282.0,1.0
9095,225.0,19.0,1.0
9096,185.0,252.0,1.0
9097,264.0,39.0,1.0
9098,109.0,146.0,1.0
9099,87.0,238.0,1.0
9100,258.0,111.0,1.0
9101,97.0,81.0,1.0
9102,71.0,10.0,1.0
9103,35.0,61.0,1.0
9104,108.0,65.0,1.0
9105,147.0,218.0,1.0
9106,217.0,388.0,1.0
9107,88.0,394.0,1.0
9108,84.0,124.0,1.0
9109,180.0,54.0,1.0
9110,4.0,178.0,1.0
9111,114.0,102.0,1.0
9112,164.0,257.0,1.0
9113,181.0,596.0,1.0
9114,228.0,69.0,1.0
9115,259.0,195.0,1.0
9116,103.0,248.0,1.0
9117,251.0,111.0,1.0
9118,147.0,530.0,1.0
9119,173.0,143.0,1.0
9120,124.0,196.0,1.0
9121,266.0,309.0,1.0
9122,108.0,356.0,1.0
9123,3.0,151.0,1.0
9124,81.0,415.0,1.0
9125,116.0,48.0,1.0
9126,117.0,536.0,1.0
9127,186.0,87.0,1.0
9128,82.0,521.0,1.0
9129,35.0,81.0,1.0
9130,163.0,23.0,1.0
9131,65.0,95.0,1.0
9132,9.0,268.0,1.0
9133,154.0,112.0,1.0
9134,37.0,58.0,1.0
9135,74.0,157.0,1.0
9136,79.0,470.0,1.0
9137,262.0,288.0,1.0
9138,242.0,131.0,1.0
9139,155.0,50.0,1.0
9140,84.0,286.0,1.0
9141,230.0,157.0,1.0
9142,191.0,27.0,1.0
9143,232.0,22.0,1.0
9144,84.0,426.0,1.0
9145,240.0,100.0,1.0
9146,126.0,104.0,1.0
9147,116.0,70.0,1.0
9148,96.0,328.0,1.0
9149,69.0,356.0,1.0
9150,164.0,429.0,1.0
9151,83.0,220.0,1.0
9152,56.0,286.0,1.0
9153,11.0,291.0,1.0
9154,126.0,224.0,1.0
9155,258.0,24.0,1.0
9156,152.0,20.0,1.0
9157,164.0,311.0,1.0
9158,126.0,379.0,1.0
9159,207.0,208.0,1.0
9160,156.0,218.0,1.0
9161,183.0,380.0,1.0
9162,51.0,147.0,1.0
9163,90.0,348.0,1.0
9164,72.0,287.0,1.0
9165,71.0,12.0,1.0
9166,217.0,410.0,1.0
9167,183.0,259.0,1.0
9168,264.0,36.0,1.0
9169,108.0,205.0,1.0
9170,94.0,35.0,1.0
9171,226.0,545.0,1.0
9172,218.0,64.0,1.0
9173,133.0,310.0,1.0
9174,51.0,77.0,1.0
9175,94.0,310.0,1.0
9176,168.0,107.0,1.0
9177,183.0,273.0,1.0
9178,94.0,223.0,1.0
9179,234.0,12.0,1.0
9180,165.0,266.0,1.0
9181,68.0,541.0,1.0
9182,58.0,298.0,1.0
9183,150.0,89.0,1.0
9184,156.0,394.0,1.0
9185,11.0,316.0,1.0
9186,156.0,374.0,1.0
9187,183.0,283.0,1.0
9188,71.0,39.0,1.0
9189,211.0,202.0,1.0
9190,52.0,87.0,1.0
9191,267.0,146.0,1.0
9192,221.0,391.0,1.0
9193,75.0,66.0,1.0
9194,248.0,343.0,1.0
9195,116.0,226.0,1.0
9196,102.0,76.0,1.0
9197,223.0,75.0,1.0
9198,155.0,97.0,1.0
9199,89.0,5.0,1.0
9200,87.0,47.0,1.0
9201,87.0,94.0,1.0
9202,226.0,517.0,1.0
9203,183.0,373.0,1.0
9204,1.0,68.0,1.0
9205,252.0,52.0,1.0
9206,101.0,392.0,1.0
9207,112.0,9.0,1.0
9208,261.0,134.0,1.0
9209,211.0,54.0,1.0
9210,51.0,97.0,1.0
9211,12.0,103.0,1.0
9212,160.0,421.0,1.0
9213,238.0,546.0,1.0
9214,156.0,125.0,1.0
9215,91.0,47.0,1.0
9216,49.0,315.0,1.0
9217,229.0,319.0,1.0
9218,245.0,205.0,1.0
9219,234.0,50.0,1.0
9220,263.0,269.0,1.0
9221,196.0,47.0,1.0
9222,84.0,360.0,1.0
9223,82.0,567.0,1.0
9224,223.0,466.0,1.0
9225,199.0,360.0,1.0
9226,193.0,132.0,1.0
9227,56.0,184.0,1.0
9228,259.0,175.0,1.0
9229,178.0,213.0,1.0
9230,56.0,86.0,1.0
9231,52.0,191.0,1.0
9232,72.0,164.0,1.0
9233,15.0,351.0,1.0
9234,240.0,107.0,1.0
9235,222.0,35.0,1.0
9236,9.0,73.0,1.0
9237,144.0,188.0,1.0
9238,251.0,66.0,1.0
9239,13.0,328.0,1.0
9240,136.0,36.0,1.0
9241,30.0,84.0,1.0
9242,135.0,38.0,1.0
9243,11.0,311.0,1.0
9244,258.0,131.0,1.0
9245,102.0,252.0,1.0
9246,104.0,489.0,1.0
9247,89.0,251.0,1.0
9248,164.0,378.0,1.0
9249,127.0,447.0,1.0
9250,101.0,45.0,1.0
9251,239.0,400.0,1.0
9252,116.0,277.0,1.0
9253,172.0,257.0,1.0
9254,189.0,190.0,1.0
9255,131.0,87.0,1.0
9256,193.0,242.0,1.0
9257,141.0,125.0,1.0
9258,208.0,206.0,1.0
9259,156.0,88.0,1.0
9260,134.0,9.0,1.0
9261,49.0,202.0,1.0
9262,17.0,231.0,1.0
9263,106.0,44.0,1.0
9264,212.0,219.0,1.0
9265,241.0,190.0,1.0
9266,141.0,584.0,1.0
9267,46.0,47.0,1.0
9268,232.0,177.0,1.0
9269,28.0,109.0,1.0
9270,179.0,17.0,1.0
9271,228.0,198.0,1.0
9272,132.0,118.0,1.0
9273,144.0,257.0,1.0
9274,94.0,81.0,1.0
9275,29.0,65.0,1.0
9276,82.0,126.0,1.0
9277,175.0,3.0,1.0
9278,246.0,111.0,1.0
9279,149.0,385.0,1.0
9280,58.0,462.0,1.0
9281,185.0,47.0,1.0
9282,207.0,100.0,1.0
9283,108.0,367.0,1.0
9284,45.0,113.0,1.0
9285,183.0,46.0,1.0
9286,175.0,408.0,1.0
9287,86.0,216.0,1.0
9288,19.0,130.0,1.0
9289,227.0,253.0,1.0
9290,239.0,571.0,1.0
9291,65.0,200.0,1.0
9292,10.0,300.0,1.0
9293,141.0,101.0,1.0
9294,39.0,117.0,1.0
9295,67.0,147.0,1.0
9296,164.0,201.0,1.0
9297,102.0,119.0,1.0
9298,139.0,3.0,1.0
9299,110.0,141.0,1.0
9300,205.0,113.0,1.0
9301,91.0,81.0,1.0
9302,90.0,7.0,1.0
9303,116.0,590.0,1.0
9304,198.0,113.0,1.0
9305,105.0,89.0,1.0
9306,78.0,70.0,1.0
9307,87.0,215.0,1.0
9308,256.0,204.0,1.0
9309,75.0,44.0,1.0
9310,22.0,158.0,1.0
9311,83.0,62.0,1.0
9312,105.0,79.0,1.0
9313,183.0,5.0,1.0
9314,223.0,60.0,1.0
9315,105.0,22.0,1.0
9316,196.0,125.0,1.0
9317,261.0,136.0,1.0
9318,104.0,9.0,1.0
9319,216.0,97.0,1.0
9320,83.0,212.0,1.0
9321,4.0,183.0,1.0
9322,104.0,121.0,1.0
9323,5.0,63.0,1.0
9324,156.0,382.0,1.0
9325,22.0,303.0,1.0
9326,158.0,186.0,1.0
9327,31.0,179.0,1.0
9328,123.0,47.0,1.0
9329,145.0,224.0,1.0
9330,132.0,21.0,1.0
9331,121.0,172.0,1.0
9332,185.0,35.0,1.0
9333,65.0,508.0,1.0
9334,47.0,437.0,1.0
9335,145.0,39.0,1.0
9336,211.0,487.0,1.0
9337,160.0,59.0,1.0
9338,105.0,249.0,1.0
9339,155.0,143.0,1.0
9340,94.0,47.0,1.0
9341,223.0,276.0,1.0
9342,115.0,37.0,1.0
9343,184.0,338.0,1.0
9344,207.0,313.0,1.0
9345,71.0,511.0,1.0
9346,104.0,426.0,1.0
9347,135.0,420.0,1.0
9348,96.0,121.0,1.0
9349,147.0,8.0,1.0
9350,164.0,523.0,1.0
9351,178.0,391.0,1.0
9352,130.0,103.0,1.0
9353,136.0,20.0,1.0
9354,31.0,332.0,1.0
9355,201.0,219.0,1.0
9356,128.0,491.0,1.0
9357,182.0,179.0,1.0
9358,149.0,89.0,1.0
9359,201.0,315.0,1.0
9360,134.0,549.0,1.0
9361,102.0,111.0,1.0
9362,144.0,382.0,1.0
9363,83.0,572.0,1.0
9364,64.0,89.0,1.0
9365,64.0,186.0,1.0
9366,232.0,20.0,1.0
9367,268.0,290.0,1.0
9368,209.0,194.0,1.0
9369,29.0,201.0,1.0
9370,200.0,524.0,1.0
9371,223.0,199.0,1.0
9372,117.0,5.0,1.0
9373,101.0,388.0,1.0
9374,156.0,409.0,1.0
9375,264.0,304.0,1.0
9376,150.0,266.0,1.0
9377,189.0,133.0,1.0
9378,203.0,105.0,1.0
9379,226.0,272.0,1.0
9380,54.0,443.0,1.0
9381,223.0,430.0,1.0
9382,178.0,338.0,1.0
9383,128.0,150.0,1.0
9384,129.0,516.0,1.0
9385,178.0,145.0,1.0
9386,241.0,59.0,1.0
9387,202.0,455.0,1.0
9388,74.0,327.0,1.0
9389,208.0,84.0,1.0
9390,182.0,208.0,1.0
9391,170.0,126.0,1.0
9392,262.0,125.0,1.0
9393,178.0,234.0,1.0
9394,90.0,59.0,1.0
9395,104.0,527.0,1.0
9396,240.0,319.0,1.0
9397,183.0,241.0,1.0
9398,223.0,11.0,1.0
9399,69.0,482.0,1.0
9400,127.0,548.0,1.0
9401,209.0,168.0,1.0
9402,200.0,526.0,1.0
9403,1.0,75.0,1.0
9404,91.0,203.0,1.0
9405,64.0,47.0,1.0
9406,87.0,62.0,1.0
9407,94.0,230.0,1.0
9408,199.0,529.0,1.0
9409,185.0,193.0,1.0
9410,2.0,131.0,1.0
9411,81.0,492.0,1.0
9412,82.0,479.0,1.0
9413,9.0,277.0,1.0
9414,37.0,57.0,1.0
9415,199.0,508.0,1.0
9416,21.0,293.0,1.0
9417,89.0,173.0,1.0
9418,218.0,118.0,1.0
9419,153.0,351.0,1.0
9420,10.0,52.0,1.0
9421,91.0,31.0,1.0
9422,165.0,392.0,1.0
9423,4.0,170.0,1.0
9424,164.0,570.0,1.0
9425,252.0,281.0,1.0
9426,196.0,10.0,1.0
9427,211.0,49.0,1.0
9428,149.0,332.0,1.0
9429,37.0,31.0,1.0
9430,203.0,77.0,1.0
9431,91.0,30.0,1.0
9432,23.0,168.0,1.0
9433,42.0,48.0,1.0
9434,140.0,103.0,1.0
9435,219.0,195.0,1.0
9436,186.0,191.0,1.0
9437,58.0,241.0,1.0
9438,202.0,24.0,1.0
9439,250.0,452.0,1.0
9440,195.0,43.0,1.0
9441,248.0,118.0,1.0
9442,168.0,400.0,1.0
9443,81.0,64.0,1.0
9444,96.0,257.0,1.0
9445,39.0,190.0,1.0
9446,136.0,368.0,1.0
9447,185.0,267.0,1.0
9448,256.0,207.0,1.0
9449,245.0,92.0,1.0
9450,127.0,124.0,1.0
9451,69.0,34.0,1.0
9452,147.0,258.0,1.0
9453,196.0,40.0,1.0
9454,219.0,217.0,1.0
9455,128.0,47.0,1.0
9456,108.0,576.0,1.0
9457,217.0,382.0,1.0
9458,53.0,130.0,1.0
9459,16.0,213.0,1.0
9460,202.0,58.0,1.0
9461,118.0,217.0,1.0
9462,162.0,98.0,1.0
9463,56.0,541.0,1.0
9464,158.0,386.0,1.0
9465,249.0,168.0,1.0
9466,165.0,293.0,1.0
9467,59.0,117.0,1.0
9468,146.0,222.0,1.0
9469,78.0,39.0,1.0
9470,168.0,165.0,1.0
9471,77.0,59.0,1.0
9472,179.0,411.0,1.0
9473,49.0,214.0,1.0
9474,182.0,22.0,1.0
9475,225.0,194.0,1.0
9476,75.0,407.0,1.0
9477,105.0,473.0,1.0
9478,238.0,194.0,1.0
9479,214.0,501.0,1.0
9480,149.0,407.0,1.0
9481,44.0,153.0,1.0
9482,97.0,505.0,1.0
9483,187.0,319.0,1.0
9484,227.0,517.0,1.0
9485,259.0,466.0,1.0
9486,60.0,202.0,1.0
9487,109.0,514.0,1.0
9488,214.0,104.0,1.0
9489,153.0,7.0,1.0
9490,259.0,103.0,1.0
9491,160.0,58.0,1.0
9492,189.0,89.0,1.0
9493,114.0,194.0,1.0
9494,194.0,230.0,1.0
9495,1.0,77.0,1.0
9496,178.0,156.0,1.0
9497,139.0,386.0,1.0
9498,182.0,564.0,1.0
9499,51.0,91.0,1.0
9500,107.0,71.0,1.0
9501,130.0,52.0,1.0
9502,106.0,179.0,1.0
9503,259.0,177.0,1.0
9504,2.0,21.0,1.0
9505,112.0,120.0,1.0
9506,130.0,397.0,1.0
9507,55.0,191.0,1.0
9508,78.0,179.0,1.0
9509,180.0,36.0,1.0
9510,60.0,411.0,1.0
9511,115.0,81.0,1.0
9512,84.0,223.0,1.0
9513,164.0,288.0,1.0
9514,178.0,22.0,1.0
9515,101.0,409.0,1.0
9516,261.0,9.0,1.0
9517,126.0,146.0,1.0
9518,75.0,208.0,1.0
9519,162.0,139.0,1.0
9520,197.0,186.0,1.0
9521,245.0,314.0,1.0
9522,75.0,117.0,1.0
9523,180.0,68.0,1.0
9524,93.0,29.0,1.0
9525,5.0,188.0,1.0
9526,224.0,122.0,1.0
9527,183.0,392.0,1.0
9528,100.0,126.0,1.0
9529,1.0,69.0,1.0
9530,133.0,63.0,1.0
9531,52.0,104.0,1.0
9532,144.0,104.0,1.0
9533,182.0,12.0,1.0
9534,67.0,547.0,1.0
9535,166.0,202.0,1.0
9536,117.0,92.0,1.0
9537,136.0,138.0,1.0
9538,197.0,77.0,1.0
9539,108.0,434.0,1.0
9540,259.0,217.0,1.0
9541,84.0,446.0,1.0
9542,205.0,66.0,1.0
9543,65.0,170.0,1.0
9544,130.0,330.0,1.0
9545,116.0,521.0,1.0
9546,177.0,175.0,1.0
9547,11.0,292.0,1.0
9548,82.0,574.0,1.0
9549,126.0,66.0,1.0
9550,163.0,59.0,1.0
9551,83.0,520.0,1.0
9552,195.0,251.0,1.0
9553,247.0,153.0,1.0
9554,100.0,138.0,1.0
9555,65.0,504.0,1.0
9556,189.0,561.0,1.0
9557,147.0,147.0,1.0
9558,31.0,202.0,1.0
9559,227.0,332.0,1.0
9560,149.0,22.0,1.0
9561,211.0,189.0,1.0
9562,149.0,431.0,1.0
9563,24.0,11.0,1.0
9564,10.0,299.0,1.0
9565,145.0,506.0,1.0
9566,146.0,156.0,1.0
9567,84.0,285.0,1.0
9568,258.0,526.0,1.0
9569,105.0,145.0,1.0
9570,44.0,263.0,1.0
9571,227.0,7.0,1.0
9572,189.0,273.0,1.0
9573,107.0,111.0,1.0
9574,180.0,256.0,1.0
9575,207.0,297.0,1.0
9576,61.0,66.0,1.0
9577,164.0,419.0,1.0
9578,192.0,236.0,1.0
9579,65.0,91.0,1.0
9580,12.0,323.0,1.0
9581,178.0,2.0,1.0
9582,75.0,489.0,1.0
9583,89.0,454.0,1.0
9584,141.0,138.0,1.0
9585,183.0,256.0,1.0
9586,123.0,24.0,1.0
9587,115.0,88.0,1.0
9588,179.0,382.0,1.0
9589,258.0,79.0,1.0
9590,132.0,282.0,1.0
9591,104.0,561.0,1.0
9592,218.0,59.0,1.0
9593,165.0,476.0,1.0
9594,256.0,525.0,1.0
9595,75.0,388.0,1.0
9596,44.0,204.0,1.0
9597,127.0,44.0,1.0
9598,199.0,89.0,1.0
9599,145.0,368.0,1.0
9600,102.0,497.0,1.0
9601,186.0,449.0,1.0
9602,208.0,475.0,1.0
9603,266.0,580.0,1.0
9604,224.0,24.0,1.0
9605,157.0,84.0,1.0
9606,22.0,305.0,1.0
9607,248.0,22.0,1.0
9608,147.0,460.0,1.0
9609,113.0,269.0,1.0
9610,93.0,2.0,1.0
9611,207.0,268.0,1.0
9612,130.0,41.0,1.0
9613,74.0,3.0,1.0
9614,47.0,92.0,1.0
9615,193.0,97.0,1.0
9616,136.0,371.0,1.0
9617,150.0,316.0,1.0
9618,15.0,66.0,1.0
9619,264.0,587.0,1.0
9620,189.0,562.0,1.0
9621,223.0,13.0,1.0
9622,145.0,460.0,1.0
9623,169.0,527.0,1.0
9624,123.0,491.0,1.0
9625,116.0,29.0,1.0
9626,45.0,326.0,1.0
9627,99.0,555.0,1.0
9628,226.0,285.0,1.0
9629,266.0,117.0,1.0
9630,51.0,310.0,1.0
9631,67.0,542.0,1.0
9632,168.0,584.0,1.0
9633,135.0,206.0,1.0
9634,103.0,282.0,1.0
9635,200.0,6.0,1.0
9636,259.0,566.0,1.0
9637,199.0,62.0,1.0
9638,156.0,326.0,1.0
9639,168.0,279.0,1.0
9640,70.0,515.0,1.0
9641,101.0,178.0,1.0
9642,103.0,64.0,1.0
9643,165.0,256.0,1.0
9644,218.0,238.0,1.0
9645,178.0,282.0,1.0
9646,61.0,35.0,1.0
9647,99.0,47.0,1.0
9648,114.0,19.0,1.0
9649,135.0,62.0,1.0
9650,32.0,282.0,1.0
9651,158.0,543.0,1.0
9652,94.0,38.0,1.0
9653,6.0,229.0,1.0
9654,259.0,353.0,1.0
9655,151.0,116.0,1.0
9656,90.0,203.0,1.0
9657,187.0,130.0,1.0
9658,136.0,100.0,1.0
9659,191.0,54.0,1.0
9660,156.0,245.0,1.0
9661,169.0,100.0,1.0
9662,252.0,468.0,1.0
9663,248.0,440.0,1.0
9664,116.0,279.0,1.0
9665,148.0,108.0,1.0
9666,77.0,365.0,1.0
9667,168.0,273.0,1.0
9668,178.0,547.0,1.0
9669,160.0,318.0,1.0
9670,82.0,459.0,1.0
9671,132.0,399.0,1.0
9672,144.0,205.0,1.0
9673,22.0,294.0,1.0
9674,31.0,450.0,1.0
9675,147.0,370.0,1.0
9676,246.0,78.0,1.0
9677,25.0,397.0,1.0
9678,124.0,476.0,1.0
9679,177.0,177.0,1.0
9680,51.0,356.0,1.0
9681,87.0,106.0,1.0
9682,244.0,44.0,1.0
9683,82.0,380.0,1.0
9684,48.0,129.0,1.0
9685,218.0,172.0,1.0
9686,71.0,190.0,1.0
9687,104.0,101.0,1.0
9688,90.0,574.0,1.0
9689,116.0,52.0,1.0
9690,53.0,412.0,1.0
9691,47.0,145.0,1.0
9692,74.0,135.0,1.0
9693,61.0,147.0,1.0
9694,69.0,81.0,1.0
9695,259.0,224.0,1.0
9696,183.0,332.0,1.0
9697,148.0,411.0,1.0
9698,145.0,89.0,1.0
9699,99.0,195.0,1.0
9700,218.0,247.0,1.0
9701,247.0,11.0,1.0
9702,266.0,373.0,1.0
9703,85.0,426.0,1.0
9704,68.0,20.0,1.0
9705,16.0,74.0,1.0
9706,35.0,303.0,1.0
9707,25.0,73.0,1.0
9708,248.0,201.0,1.0
9709,115.0,103.0,1.0
9710,22.0,349.0,1.0
9711,60.0,219.0,1.0
9712,224.0,251.0,1.0
9713,248.0,52.0,1.0
9714,195.0,79.0,1.0
9715,217.0,409.0,1.0
9716,113.0,295.0,1.0
9717,224.0,21.0,1.0
9718,56.0,133.0,1.0
9719,78.0,386.0,1.0
9720,187.0,434.0,1.0
9721,82.0,273.0,1.0
9722,178.0,480.0,1.0
9723,31.0,46.0,1.0
9724,96.0,424.0,1.0
9725,206.0,400.0,1.0
9726,116.0,434.0,1.0
9727,200.0,241.0,1.0
9728,266.0,401.0,1.0
9729,5.0,138.0,1.0
9730,214.0,245.0,1.0
9731,104.0,97.0,1.0
9732,79.0,125.0,1.0
9733,256.0,38.0,1.0
9734,227.0,175.0,1.0
9735,211.0,398.0,1.0
9736,219.0,460.0,1.0
9737,191.0,166.0,1.0
9738,90.0,92.0,1.0
9739,195.0,204.0,1.0
9740,103.0,97.0,1.0
9741,104.0,44.0,1.0
9742,234.0,227.0,1.0
9743,224.0,36.0,1.0
9744,261.0,339.0,1.0
9745,133.0,495.0,1.0
9746,92.0,215.0,1.0
9747,156.0,569.0,1.0
9748,116.0,68.0,1.0
9749,139.0,191.0,1.0
9750,52.0,423.0,1.0
9751,126.0,399.0,1.0
9752,82.0,128.0,1.0
9753,51.0,241.0,1.0
9754,37.0,157.0,1.0
9755,8.0,84.0,1.0
9756,81.0,224.0,1.0
9757,8.0,78.0,1.0
9758,105.0,69.0,1.0
9759,208.0,44.0,1.0
9760,31.0,370.0,1.0
9761,163.0,103.0,1.0
9762,248.0,308.0,1.0
9763,169.0,59.0,1.0
9764,51.0,6.0,1.0
9765,255.0,11.0,1.0
9766,118.0,305.0,1.0
9767,89.0,103.0,1.0
9768,91.0,408.0,1.0
9769,65.0,363.0,1.0
9770,256.0,0.0,1.0
9771,83.0,1.0,1.0
9772,238.0,40.0,1.0
9773,85.0,349.0,1.0
9774,119.0,404.0,1.0
9775,38.0,44.0,1.0
9776,184.0,99.0,1.0
9777,179.0,195.0,1.0
9778,47.0,62.0,1.0
9779,24.0,317.0,1.0
9780,133.0,146.0,1.0
9781,106.0,242.0,1.0
9782,37.0,141.0,1.0
9783,89.0,118.0,1.0
9784,248.0,145.0,1.0
9785,98.0,104.0,1.0
9786,258.0,66.0,1.0
9787,52.0,92.0,1.0
9788,218.0,226.0,1.0
9789,195.0,354.0,1.0
9790,231.0,156.0,1.0
9791,130.0,35.0,1.0
9792,17.0,382.0,1.0
9793,262.0,277.0,1.0
9794,117.0,215.0,1.0
9795,266.0,460.0,1.0
9796,98.0,563.0,1.0
9797,178.0,91.0,1.0
9798,64.0,155.0,1.0
9799,160.0,184.0,1.0
9800,24.0,196.0,1.0
9801,194.0,156.0,1.0
9802,119.0,405.0,1.0
9803,199.0,514.0,1.0
9804,64.0,563.0,1.0
9805,108.0,480.0,1.0
9806,13.0,343.0,1.0
9807,136.0,492.0,1.0
9808,200.0,201.0,1.0
9809,137.0,89.0,1.0
9810,178.0,122.0,1.0
9811,16.0,81.0,1.0
9812,165.0,150.0,1.0
9813,200.0,307.0,1.0
9814,150.0,280.0,1.0
9815,51.0,230.0,1.0
9816,138.0,70.0,1.0
9817,252.0,256.0,1.0
9818,266.0,516.0,1.0
9819,191.0,281.0,1.0
9820,107.0,145.0,1.0
9821,78.0,35.0,1.0
9822,248.0,84.0,1.0
9823,82.0,227.0,1.0
9824,59.0,216.0,1.0
9825,254.0,179.0,1.0
9826,22.0,94.0,1.0
9827,262.0,107.0,1.0
9828,79.0,58.0,1.0
9829,208.0,581.0,1.0
9830,189.0,192.0,1.0
9831,126.0,398.0,1.0
9832,81.0,198.0,1.0
9833,150.0,118.0,1.0
9834,149.0,446.0,1.0
9835,217.0,219.0,1.0
9836,165.0,110.0,1.0
9837,183.0,271.0,1.0
9838,86.0,584.0,1.0
9839,64.0,420.0,1.0
9840,178.0,1.0,1.0
9841,183.0,47.0,1.0
9842,130.0,126.0,1.0
9843,108.0,441.0,1.0
9844,248.0,262.0,1.0
9845,115.0,413.0,1.0
9846,42.0,470.0,1.0
9847,262.0,247.0,1.0
9848,102.0,264.0,1.0
9849,203.0,70.0,1.0
9850,218.0,45.0,1.0
9851,49.0,394.0,1.0
9852,147.0,236.0,1.0
9853,173.0,80.0,1.0
9854,186.0,10.0,1.0
9855,221.0,186.0,1.0
9856,52.0,103.0,1.0
9857,164.0,109.0,1.0
9858,176.0,3.0,1.0
9859,52.0,252.0,1.0
9860,38.0,36.0,1.0
9861,32.0,126.0,1.0
9862,56.0,157.0,1.0
9863,108.0,370.0,1.0
9864,150.0,219.0,1.0
9865,191.0,128.0,1.0
9866,203.0,292.0,1.0
9867,264.0,246.0,1.0
9868,231.0,304.0,1.0
9869,211.0,420.0,1.0
9870,226.0,59.0,1.0
9871,132.0,526.0,1.0
9872,146.0,146.0,1.0
9873,242.0,0.0,1.0
9874,136.0,69.0,1.0
9875,254.0,253.0,1.0
9876,117.0,38.0,1.0
9877,159.0,337.0,1.0
9878,67.0,12.0,1.0
9879,53.0,381.0,1.0
9880,172.0,84.0,1.0
9881,147.0,41.0,1.0
9882,56.0,79.0,1.0
9883,170.0,457.0,1.0
9884,82.0,280.0,1.0
9885,85.0,540.0,1.0
9886,147.0,282.0,1.0
9887,75.0,154.0,1.0
9888,147.0,331.0,1.0
9889,98.0,474.0,1.0
9890,118.0,195.0,1.0
9891,168.0,121.0,1.0
9892,203.0,166.0,1.0
9893,199.0,356.0,1.0
9894,38.0,442.0,1.0
9895,48.0,308.0,1.0
9896,191.0,94.0,1.0
9897,175.0,492.0,1.0
9898,100.0,584.0,1.0
9899,162.0,175.0,1.0
9900,147.0,214.0,1.0
9901,70.0,277.0,1.0
9902,97.0,253.0,1.0
9903,175.0,89.0,1.0
9904,74.0,321.0,1.0
9905,211.0,453.0,1.0
9906,82.0,424.0,1.0
9907,9.0,46.0,1.0
9908,37.0,20.0,1.0
9909,210.0,415.0,1.0
9910,165.0,380.0,1.0
9911,116.0,177.0,1.0
9912,147.0,591.0,1.0
9913,37.0,341.0,1.0
9914,203.0,136.0,1.0
9915,100.0,487.0,1.0
9916,91.0,355.0,1.0
9917,266.0,186.0,1.0
9918,147.0,84.0,1.0
9919,49.0,209.0,1.0
9920,123.0,69.0,1.0
9921,147.0,436.0,1.0
9922,53.0,315.0,1.0
9923,261.0,93.0,1.0
9924,94.0,267.0,1.0
9925,103.0,215.0,1.0
9926,252.0,50.0,1.0
9927,101.0,222.0,1.0
9928,262.0,12.0,1.0
9929,177.0,20.0,1.0
9930,247.0,341.0,1.0
9931,129.0,464.0,1.0
9932,110.0,47.0,1.0
9933,149.0,519.0,1.0
9934,44.0,55.0,1.0
9935,178.0,519.0,1.0
9936,208.0,38.0,1.0
9937,35.0,156.0,1.0
9938,223.0,267.0,1.0
9939,259.0,420.0,1.0
9940,183.0,230.0,1.0
9941,62.0,39.0,1.0
9942,153.0,219.0,1.0
9943,78.0,49.0,1.0
9944,129.0,337.0,1.0
9945,167.0,168.0,1.0
9946,147.0,148.0,1.0
9947,244.0,388.0,1.0
9948,197.0,327.0,1.0
9949,195.0,282.0,1.0
9950,69.0,384.0,1.0
9951,118.0,205.0,1.0
9952,126.0,222.0,1.0
9953,191.0,316.0,1.0
9954,138.0,191.0,1.0
9955,60.0,311.0,1.0
9956,175.0,295.0,1.0
9957,206.0,353.0,1.0
9958,29.0,55.0,1.0
9959,114.0,39.0,1.0
9960,45.0,1.0,1.0
9961,69.0,326.0,1.0
9962,218.0,146.0,1.0
9963,143.0,12.0,1.0
9964,248.0,265.0,1.0
9965,69.0,570.0,1.0
9966,74.0,501.0,1.0
9967,71.0,33.0,1.0
9968,124.0,247.0,1.0
9969,109.0,81.0,1.0
9970,178.0,511.0,1.0
9971,42.0,232.0,1.0
9972,87.0,236.0,1.0
9973,79.0,552.0,1.0
9974,193.0,241.0,1.0
9975,244.0,253.0,1.0
9976,145.0,202.0,1.0
9977,266.0,221.0,1.0
9978,159.0,219.0,1.0
9979,75.0,14.0,1.0
9980,224.0,134.0,1.0
9981,89.0,394.0,1.0
9982,158.0,394.0,1.0
9983,65.0,256.0,1.0
9984,128.0,116.0,1.0
9985,101.0,519.0,1.0
9986,178.0,421.0,1.0
9987,83.0,72.0,1.0
9988,103.0,100.0,1.0
9989,34.0,154.0,1.0
9990,132.0,121.0,1.0
9991,149.0,283.0,1.0
9992,101.0,310.0,1.0
9993,200.0,120.0,1.0
9994,234.0,509.0,1.0
9995,44.0,3.0,1.0
9996,149.0,247.0,1.0
9997,189.0,391.0,1.0
9998,178.0,524.0,1.0
9999,114.0,20.0,1.0
10000,147.0,365.0,1.0
10001,210.0,386.0,1.0
10002,132.0,546.0,1.0
10003,31.0,95.0,1.0
10004,167.0,126.0,1.0
10005,207.0,264.0,1.0
10006,185.0,476.0,1.0
10007,172.0,57.0,1.0
10008,147.0,220.0,1.0
10009,247.0,248.0,1.0
10010,84.0,8.0,1.0
10011,147.0,86.0,1.0
10012,130.0,208.0,1.0
10013,83.0,542.0,1.0
10014,255.0,306.0,1.0
10015,266.0,399.0,1.0
10016,79.0,202.0,1.0
10017,89.0,519.0,1.0
10018,267.0,92.0,1.0
10019,178.0,200.0,1.0
10020,237.0,103.0,1.0
10021,93.0,77.0,1.0
10022,183.0,510.0,1.0
10023,147.0,122.0,1.0
10024,227.0,75.0,1.0
10025,114.0,197.0,1.0
10026,82.0,1.0,1.0
10027,160.0,38.0,1.0
10028,79.0,409.0,1.0
10029,52.0,156.0,1.0
10030,162.0,286.0,1.0
10031,223.0,311.0,1.0
10032,133.0,315.0,1.0
10033,104.0,120.0,1.0
10034,3.0,101.0,1.0
10035,32.0,24.0,1.0
10036,74.0,64.0,1.0
10037,134.0,172.0,1.0
10038,16.0,55.0,1.0
10039,248.0,271.0,1.0
10040,12.0,253.0,1.0
10041,156.0,337.0,1.0
10042,175.0,238.0,1.0
10043,8.0,248.0,1.0
10044,31.0,296.0,1.0
10045,149.0,311.0,1.0
10046,65.0,310.0,1.0
10047,194.0,179.0,1.0
10048,144.0,131.0,1.0
10049,223.0,122.0,1.0
10050,178.0,245.0,1.0
10051,106.0,358.0,1.0
10052,206.0,7.0,1.0
10053,228.0,35.0,1.0
10054,65.0,241.0,1.0
10055,74.0,35.0,1.0
10056,71.0,68.0,1.0
10057,217.0,24.0,1.0
10058,168.0,378.0,1.0
10059,100.0,465.0,1.0
10060,85.0,46.0,1.0
10061,205.0,17.0,1.0
10062,143.0,460.0,1.0
10063,159.0,146.0,1.0
10064,162.0,40.0,1.0
10065,72.0,241.0,1.0
10066,136.0,45.0,1.0
10067,162.0,59.0,1.0
10068,75.0,253.0,1.0
10069,147.0,238.0,1.0
10070,212.0,221.0,1.0
10071,252.0,359.0,1.0
10072,128.0,458.0,1.0
10073,164.0,24.0,1.0
10074,128.0,113.0,1.0
10075,71.0,337.0,1.0
10076,133.0,510.0,1.0
10077,145.0,433.0,1.0
10078,213.0,43.0,1.0
10079,164.0,47.0,1.0
10080,156.0,351.0,1.0
10081,186.0,105.0,1.0
10082,131.0,10.0,1.0
10083,240.0,47.0,1.0
10084,67.0,544.0,1.0
10085,214.0,310.0,1.0
10086,256.0,186.0,1.0
10087,116.0,302.0,1.0
10088,75.0,203.0,1.0
10089,186.0,535.0,1.0
10090,201.0,202.0,1.0
10091,79.0,284.0,1.0
10092,2.0,126.0,1.0
10093,194.0,0.0,1.0
10094,98.0,576.0,1.0
10095,37.0,287.0,1.0
10096,147.0,578.0,1.0
10097,20.0,129.0,1.0
10098,207.0,207.0,1.0
10099,178.0,324.0,1.0
10100,142.0,96.0,1.0
10101,165.0,352.0,1.0
10102,12.0,196.0,1.0
10103,223.0,555.0,1.0
10104,132.0,92.0,1.0
10105,228.0,20.0,1.0
10106,79.0,337.0,1.0
10107,156.0,408.0,1.0
10108,178.0,70.0,1.0
10109,76.0,236.0,1.0
10110,98.0,47.0,1.0
10111,95.0,143.0,1.0
10112,8.0,103.0,1.0
10113,31.0,31.0,1.0
10114,223.0,440.0,1.0
10115,223.0,482.0,1.0
10116,172.0,517.0,1.0
10117,105.0,233.0,1.0
10118,191.0,259.0,1.0
10119,196.0,39.0,1.0
10120,113.0,305.0,1.0
10121,181.0,213.0,1.0
10122,263.0,462.0,1.0
10123,4.0,175.0,1.0
10124,150.0,177.0,1.0
10125,65.0,423.0,1.0
10126,266.0,174.0,1.0
10127,5.0,219.0,1.0
10128,65.0,497.0,1.0
10129,117.0,418.0,1.0
10130,97.0,423.0,1.0
10131,22.0,11.0,1.0
10132,156.0,36.0,1.0
10133,192.0,172.0,1.0
10134,51.0,32.0,1.0
10135,191.0,337.0,1.0
10136,69.0,262.0,1.0
10137,56.0,80.0,1.0
10138,166.0,460.0,1.0
10139,93.0,44.0,1.0
10140,90.0,351.0,1.0
10141,242.0,190.0,1.0
10142,234.0,48.0,1.0
10143,218.0,426.0,1.0
10144,207.0,10.0,1.0
10145,214.0,145.0,1.0
10146,3.0,168.0,1.0
10147,167.0,292.0,1.0
10148,147.0,483.0,1.0
10149,44.0,257.0,1.0
10150,64.0,555.0,1.0
10151,9.0,258.0,1.0
10152,174.0,261.0,1.0
10153,114.0,76.0,1.0
10154,112.0,420.0,1.0
10155,200.0,59.0,1.0
10156,226.0,548.0,1.0
10157,9.0,270.0,1.0
10158,141.0,462.0,1.0
10159,65.0,477.0,1.0
10160,13.0,113.0,1.0
10161,14.0,120.0,1.0
10162,82.0,385.0,1.0
10163,248.0,192.0,1.0
10164,178.0,83.0,1.0
10165,202.0,47.0,1.0
10166,172.0,104.0,1.0
10167,158.0,62.0,1.0
10168,81.0,14.0,1.0
10169,117.0,232.0,1.0
10170,189.0,207.0,1.0
10171,90.0,103.0,1.0
10172,160.0,437.0,1.0
10173,69.0,378.0,1.0
10174,91.0,80.0,1.0
10175,63.0,232.0,1.0
10176,2.0,119.0,1.0
10177,60.0,504.0,1.0
10178,259.0,1.0,1.0
10179,232.0,6.0,1.0
10180,15.0,350.0,1.0
10181,44.0,120.0,1.0
10182,88.0,378.0,1.0
10183,86.0,111.0,1.0
10184,26.0,10.0,1.0
10185,113.0,578.0,1.0
10186,189.0,48.0,1.0
10187,10.0,271.0,1.0
10188,19.0,150.0,1.0
10189,71.0,434.0,1.0
10190,39.0,95.0,1.0
10191,102.0,459.0,1.0
10192,144.0,47.0,1.0
10193,81.0,388.0,1.0
10194,235.0,127.0,1.0
10195,5.0,189.0,1.0
10196,256.0,11.0,1.0
10197,87.0,493.0,1.0
10198,178.0,535.0,1.0
10199,44.0,222.0,1.0
10200,65.0,45.0,1.0
10201,68.0,111.0,1.0
10202,183.0,561.0,1.0
10203,173.0,264.0,1.0
10204,114.0,346.0,1.0
10205,74.0,379.0,1.0
10206,266.0,314.0,1.0
10207,82.0,319.0,1.0
10208,112.0,529.0,1.0
10209,165.0,440.0,1.0
10210,28.0,17.0,1.0
10211,226.0,363.0,1.0
10212,62.0,228.0,1.0
10213,200.0,72.0,1.0
10214,218.0,302.0,1.0
10215,130.0,272.0,1.0
10216,89.0,75.0,1.0
10217,141.0,374.0,1.0
10218,69.0,581.0,1.0
10219,113.0,348.0,1.0
10220,9.0,30.0,1.0
10221,153.0,352.0,1.0
10222,132.0,219.0,1.0
10223,259.0,399.0,1.0
10224,254.0,146.0,1.0
10225,64.0,564.0,1.0
10226,183.0,445.0,1.0
10227,1.0,71.0,1.0
10228,109.0,372.0,1.0
10229,62.0,146.0,1.0
10230,86.0,70.0,1.0
10231,51.0,175.0,1.0
10232,60.0,410.0,1.0
10233,128.0,184.0,1.0
10234,117.0,473.0,1.0
10235,259.0,214.0,1.0
10236,82.0,206.0,1.0
10237,81.0,245.0,1.0
10238,101.0,474.0,1.0
10239,84.0,194.0,1.0
10240,252.0,220.0,1.0
10241,123.0,156.0,1.0
10242,68.0,116.0,1.0
10243,160.0,1.0,1.0
10244,162.0,307.0,1.0
10245,263.0,370.0,1.0
10246,33.0,50.0,1.0
10247,123.0,356.0,1.0
10248,75.0,150.0,1.0
10249,65.0,64.0,1.0
10250,147.0,223.0,1.0
10251,129.0,219.0,1.0
10252,230.0,388.0,1.0
10253,58.0,113.0,1.0
10254,113.0,527.0,1.0
10255,223.0,193.0,1.0
10256,132.0,311.0,1.0
10257,97.0,89.0,1.0
10258,166.0,95.0,1.0
10259,149.0,122.0,1.0
10260,179.0,117.0,1.0
10261,168.0,424.0,1.0
10262,83.0,180.0,1.0
10263,52.0,44.0,1.0
10264,84.0,270.0,1.0
10265,228.0,392.0,1.0
10266,189.0,5.0,1.0
10267,165.0,456.0,1.0
10268,81.0,97.0,1.0
10269,85.0,101.0,1.0
10270,166.0,12.0,1.0
10271,16.0,360.0,1.0
10272,67.0,375.0,1.0
10273,87.0,261.0,1.0
10274,52.0,320.0,1.0
10275,208.0,153.0,1.0
10276,154.0,456.0,1.0
10277,165.0,194.0,1.0
10278,183.0,413.0,1.0
10279,82.0,258.0,1.0
10280,259.0,206.0,1.0
10281,74.0,354.0,1.0
10282,187.0,159.0,1.0
10283,175.0,61.0,1.0
10284,130.0,320.0,1.0
10285,78.0,399.0,1.0
10286,150.0,332.0,1.0
10287,153.0,12.0,1.0
10288,63.0,531.0,1.0
10289,245.0,125.0,1.0
10290,149.0,300.0,1.0
10291,230.0,100.0,1.0
10292,86.0,10.0,1.0
10293,30.0,61.0,1.0
10294,178.0,228.0,1.0
10295,68.0,42.0,1.0
10296,31.0,297.0,1.0
10297,224.0,485.0,1.0
10298,190.0,127.0,1.0
10299,48.0,186.0,1.0
10300,264.0,56.0,1.0
10301,107.0,181.0,1.0
10302,128.0,58.0,1.0
10303,78.0,81.0,1.0
10304,129.0,39.0,1.0
10305,203.0,181.0,1.0
10306,11.0,95.0,1.0
10307,103.0,532.0,1.0
10308,2.0,107.0,1.0
10309,68.0,43.0,1.0
10310,141.0,62.0,1.0
10311,84.0,181.0,1.0
10312,156.0,389.0,1.0
10313,182.0,36.0,1.0
10314,188.0,563.0,1.0
10315,70.0,36.0,1.0
10316,164.0,92.0,1.0
10317,247.0,316.0,1.0
10318,130.0,27.0,1.0
10319,69.0,57.0,1.0
10320,170.0,570.0,1.0
10321,39.0,399.0,1.0
10322,201.0,89.0,1.0
10323,189.0,57.0,1.0
10324,85.0,215.0,1.0
10325,56.0,347.0,1.0
10326,81.0,100.0,1.0
10327,195.0,241.0,1.0
10328,71.0,102.0,1.0
10329,165.0,179.0,1.0
10330,149.0,551.0,1.0
10331,108.0,94.0,1.0
10332,178.0,130.0,1.0
10333,138.0,150.0,1.0
10334,147.0,353.0,1.0
10335,132.0,530.0,1.0
10336,3.0,28.0,1.0
10337,120.0,492.0,1.0
10338,26.0,194.0,1.0
10339,143.0,251.0,1.0
10340,226.0,592.0,1.0
10341,250.0,92.0,1.0
10342,147.0,589.0,1.0
10343,155.0,551.0,1.0
10344,147.0,429.0,1.0
10345,175.0,191.0,1.0
10346,262.0,334.0,1.0
10347,133.0,307.0,1.0
10348,199.0,97.0,1.0
10349,223.0,179.0,1.0
10350,155.0,593.0,1.0
10351,117.0,109.0,1.0
10352,100.0,84.0,1.0
10353,108.0,207.0,1.0
10354,233.0,522.0,1.0
10355,206.0,89.0,1.0
10356,189.0,331.0,1.0
10357,78.0,7.0,1.0
10358,211.0,378.0,1.0
10359,256.0,232.0,1.0
10360,56.0,36.0,1.0
10361,156.0,223.0,1.0
10362,74.0,68.0,1.0
10363,96.0,248.0,1.0
10364,105.0,80.0,1.0
10365,12.0,181.0,1.0
10366,107.0,5.0,1.0
10367,207.0,17.0,1.0
10368,218.0,69.0,1.0
10369,53.0,195.0,1.0
10370,32.0,111.0,1.0
10371,191.0,146.0,1.0
10372,52.0,511.0,1.0
10373,226.0,38.0,1.0
10374,5.0,201.0,1.0
10375,259.0,145.0,1.0
10376,263.0,313.0,1.0
10377,184.0,196.0,1.0
10378,82.0,125.0,1.0
10379,135.0,80.0,1.0
10380,200.0,321.0,1.0
10381,189.0,339.0,1.0
10382,96.0,367.0,1.0
10383,189.0,343.0,1.0
10384,183.0,191.0,1.0
10385,22.0,113.0,1.0
10386,117.0,23.0,1.0
10387,211.0,464.0,1.0
10388,184.0,416.0,1.0
10389,211.0,215.0,1.0
10390,97.0,378.0,1.0
10391,64.0,217.0,1.0
10392,141.0,118.0,1.0
10393,194.0,97.0,1.0
10394,43.0,97.0,1.0
10395,250.0,89.0,1.0
10396,114.0,29.0,1.0
10397,103.0,157.0,1.0
10398,145.0,491.0,1.0
10399,117.0,394.0,1.0
10400,193.0,489.0,1.0
10401,225.0,8.0,1.0
10402,19.0,126.0,1.0
10403,223.0,534.0,1.0
10404,245.0,204.0,1.0
10405,5.0,187.0,1.0
10406,39.0,11.0,1.0
10407,15.0,253.0,1.0
10408,138.0,509.0,1.0
10409,229.0,366.0,1.0
10410,65.0,343.0,1.0
10411,234.0,556.0,1.0
10412,177.0,341.0,1.0
10413,183.0,216.0,1.0
10414,186.0,238.0,1.0
10415,68.0,559.0,1.0
10416,82.0,536.0,1.0
10417,75.0,364.0,1.0
10418,183.0,346.0,1.0
10419,211.0,500.0,1.0
10420,223.0,130.0,1.0
10421,159.0,122.0,1.0
10422,158.0,40.0,1.0
10423,71.0,458.0,1.0
10424,123.0,38.0,1.0
10425,205.0,318.0,1.0
10426,26.0,31.0,1.0
10427,242.0,581.0,1.0
10428,60.0,426.0,1.0
10429,81.0,197.0,1.0
10430,93.0,429.0,1.0
10431,113.0,372.0,1.0
10432,250.0,348.0,1.0
10433,28.0,16.0,1.0
10434,79.0,96.0,1.0
10435,91.0,65.0,1.0
10436,184.0,90.0,1.0
10437,222.0,157.0,1.0
10438,219.0,186.0,1.0
10439,67.0,146.0,1.0
10440,104.0,50.0,1.0
10441,142.0,569.0,1.0
10442,245.0,383.0,1.0
10443,82.0,279.0,1.0
10444,181.0,249.0,1.0
10445,116.0,191.0,1.0
10446,154.0,251.0,1.0
10447,169.0,154.0,1.0
10448,147.0,341.0,1.0
10449,148.0,103.0,1.0
10450,57.0,7.0,1.0
10451,11.0,152.0,1.0
10452,193.0,24.0,1.0
10453,86.0,315.0,1.0
10454,16.0,30.0,1.0
10455,218.0,68.0,1.0
10456,90.0,97.0,1.0
10457,193.0,59.0,1.0
10458,22.0,58.0,1.0
10459,65.0,373.0,1.0
10460,130.0,36.0,1.0
10461,223.0,379.0,1.0
10462,207.0,513.0,1.0
10463,226.0,267.0,1.0
10464,35.0,196.0,1.0
10465,168.0,386.0,1.0
10466,155.0,388.0,1.0
10467,100.0,597.0,1.0
10468,224.0,273.0,1.0
10469,101.0,122.0,1.0
10470,117.0,569.0,1.0
10471,208.0,239.0,1.0
10472,255.0,120.0,1.0
10473,117.0,218.0,1.0
10474,147.0,54.0,1.0
10475,64.0,145.0,1.0
10476,89.0,192.0,1.0
10477,16.0,62.0,1.0
10478,136.0,31.0,1.0
10479,207.0,81.0,1.0
10480,105.0,245.0,1.0
10481,256.0,150.0,1.0
10482,17.0,397.0,1.0
10483,183.0,476.0,1.0
10484,165.0,132.0,1.0
10485,91.0,175.0,1.0
10486,150.0,589.0,1.0
10487,49.0,35.0,1.0
10488,15.0,352.0,1.0
10489,103.0,47.0,1.0
10490,149.0,103.0,1.0
10491,224.0,331.0,1.0
10492,86.0,415.0,1.0
10493,262.0,147.0,1.0
10494,75.0,196.0,1.0
10495,146.0,120.0,1.0
10496,116.0,178.0,1.0
10497,264.0,551.0,1.0
10498,152.0,91.0,1.0
10499,130.0,538.0,1.0
10500,257.0,226.0,1.0
10501,239.0,84.0,1.0
10502,3.0,50.0,1.0
10503,87.0,20.0,1.0
10504,207.0,97.0,1.0
10505,132.0,454.0,1.0
10506,48.0,11.0,1.0
10507,225.0,215.0,1.0
10508,79.0,36.0,1.0
10509,28.0,51.0,1.0
10510,217.0,429.0,1.0
10511,105.0,514.0,1.0
10512,148.0,288.0,1.0
10513,107.0,79.0,1.0
10514,138.0,52.0,1.0
10515,122.0,481.0,1.0
10516,49.0,382.0,1.0
10517,193.0,111.0,1.0
10518,231.0,228.0,1.0
10519,262.0,208.0,1.0
10520,9.0,28.0,1.0
10521,31.0,91.0,1.0
10522,145.0,380.0,1.0
10523,18.0,90.0,1.0
10524,102.0,274.0,1.0
10525,207.0,68.0,1.0
10526,65.0,294.0,1.0
10527,175.0,382.0,1.0
10528,149.0,459.0,1.0
10529,117.0,74.0,1.0
10530,199.0,81.0,1.0
10531,44.0,22.0,1.0
10532,44.0,241.0,1.0
10533,30.0,268.0,1.0
10534,64.0,120.0,1.0
10535,75.0,222.0,1.0
10536,259.0,470.0,1.0
10537,209.0,66.0,1.0
10538,81.0,564.0,1.0
10539,247.0,469.0,1.0
10540,262.0,106.0,1.0
10541,39.0,96.0,1.0
10542,169.0,97.0,1.0
10543,119.0,227.0,1.0
10544,90.0,113.0,1.0
10545,87.0,118.0,1.0
10546,68.0,92.0,1.0
10547,163.0,239.0,1.0
10548,147.0,175.0,1.0
10549,34.0,58.0,1.0
10550,214.0,91.0,1.0
10551,74.0,206.0,1.0
10552,256.0,22.0,1.0
10553,37.0,300.0,1.0
10554,48.0,194.0,1.0
10555,67.0,22.0,1.0
10556,170.0,44.0,1.0
10557,223.0,588.0,1.0
10558,165.0,489.0,1.0
10559,153.0,267.0,1.0
10560,169.0,156.0,1.0
10561,10.0,162.0,1.0
10562,59.0,378.0,1.0
10563,257.0,87.0,1.0
10564,71.0,175.0,1.0
10565,148.0,126.0,1.0
10566,34.0,153.0,1.0
10567,175.0,264.0,1.0
10568,9.0,181.0,1.0
10569,210.0,291.0,1.0
10570,130.0,352.0,1.0
10571,211.0,356.0,1.0
10572,42.0,410.0,1.0
10573,218.0,288.0,1.0
10574,164.0,277.0,1.0
10575,211.0,325.0,1.0
10576,82.0,448.0,1.0
10577,68.0,201.0,1.0
10578,25.0,306.0,1.0
10579,196.0,117.0,1.0
10580,209.0,255.0,1.0
10581,47.0,100.0,1.0
10582,223.0,398.0,1.0
10583,73.0,374.0,1.0
10584,77.0,521.0,1.0
10585,141.0,54.0,1.0
10586,182.0,304.0,1.0
10587,181.0,136.0,1.0
10588,262.0,69.0,1.0
10589,173.0,437.0,1.0
10590,250.0,518.0,1.0
10591,165.0,556.0,1.0
10592,225.0,92.0,1.0
10593,259.0,95.0,1.0
10594,104.0,4.0,1.0
10595,69.0,532.0,1.0
10596,73.0,146.0,1.0
10597,56.0,150.0,1.0
10598,39.0,403.0,1.0
10599,183.0,194.0,1.0
10600,263.0,443.0,1.0
10601,130.0,219.0,1.0
10602,145.0,91.0,1.0
10603,123.0,111.0,1.0
10604,203.0,45.0,1.0
10605,229.0,50.0,1.0
10606,126.0,12.0,1.0
10607,234.0,473.0,1.0
10608,54.0,17.0,1.0
10609,116.0,31.0,1.0
10610,136.0,474.0,1.0
10611,129.0,310.0,1.0
10612,65.0,467.0,1.0
10613,127.0,80.0,1.0
10614,105.0,247.0,1.0
10615,162.0,31.0,1.0
10616,147.0,172.0,1.0
10617,33.0,222.0,1.0
10618,37.0,146.0,1.0
10619,9.0,275.0,1.0
10620,141.0,526.0,1.0
10621,182.0,514.0,1.0
10622,108.0,129.0,1.0
10623,83.0,390.0,1.0
10624,259.0,118.0,1.0
10625,39.0,222.0,1.0
10626,183.0,253.0,1.0
10627,195.0,120.0,1.0
10628,124.0,9.0,1.0
10629,209.0,485.0,1.0
10630,207.0,11.0,1.0
10631,23.0,305.0,1.0
10632,115.0,399.0,1.0
10633,243.0,504.0,1.0
10634,175.0,356.0,1.0
10635,42.0,415.0,1.0
10636,247.0,468.0,1.0
10637,124.0,108.0,1.0
10638,10.0,120.0,1.0
10639,259.0,131.0,1.0
10640,102.0,145.0,1.0
10641,232.0,9.0,1.0
10642,69.0,268.0,1.0
10643,200.0,261.0,1.0
10644,65.0,524.0,1.0
10645,125.0,120.0,1.0
10646,181.0,266.0,1.0
10647,71.0,310.0,1.0
10648,202.0,36.0,1.0
10649,143.0,81.0,1.0
10650,181.0,31.0,1.0
10651,53.0,535.0,1.0
10652,264.0,51.0,1.0
10653,63.0,492.0,1.0
10654,256.0,91.0,1.0
10655,256.0,230.0,1.0
10656,115.0,118.0,1.0
10657,182.0,496.0,1.0
10658,82.0,256.0,1.0
10659,89.0,406.0,1.0
10660,128.0,161.0,1.0
10661,197.0,476.0,1.0
10662,136.0,589.0,1.0
10663,70.0,499.0,1.0
10664,150.0,111.0,1.0
10665,227.0,539.0,1.0
10666,147.0,123.0,1.0
10667,136.0,509.0,1.0
10668,165.0,467.0,1.0
10669,57.0,299.0,1.0
10670,262.0,178.0,1.0
10671,263.0,89.0,1.0
10672,64.0,216.0,1.0
10673,158.0,24.0,1.0
10674,212.0,126.0,1.0
10675,87.0,300.0,1.0
10676,84.0,367.0,1.0
10677,74.0,191.0,1.0
10678,226.0,69.0,1.0
10679,257.0,594.0,1.0
10680,227.0,425.0,1.0
10681,150.0,157.0,1.0
10682,239.0,204.0,1.0
10683,65.0,383.0,1.0
10684,262.0,575.0,1.0
10685,155.0,535.0,1.0
10686,2.0,58.0,1.0
10687,82.0,67.0,1.0
10688,146.0,463.0,1.0
10689,96.0,143.0,1.0
10690,209.0,387.0,1.0
10691,231.0,424.0,1.0
10692,235.0,296.0,1.0
10693,29.0,445.0,1.0
10694,66.0,574.0,1.0
10695,160.0,82.0,1.0
10696,110.0,66.0,1.0
10697,138.0,253.0,1.0
10698,135.0,10.0,1.0
10699,73.0,99.0,1.0
10700,252.0,230.0,1.0
10701,68.0,196.0,1.0
10702,226.0,50.0,1.0
10703,247.0,334.0,1.0
10704,79.0,75.0,1.0
10705,116.0,49.0,1.0
10706,81.0,284.0,1.0
10707,91.0,311.0,1.0
10708,3.0,164.0,1.0
10709,60.0,437.0,1.0
10710,155.0,423.0,1.0
10711,105.0,358.0,1.0
10712,164.0,425.0,1.0
10713,77.0,510.0,1.0
10714,259.0,388.0,1.0
10715,86.0,22.0,1.0
10716,223.0,336.0,1.0
10717,148.0,111.0,1.0
10718,217.0,557.0,1.0
10719,104.0,194.0,1.0
10720,191.0,149.0,1.0
10721,199.0,319.0,1.0
10722,124.0,222.0,1.0
10723,158.0,550.0,1.0
10724,231.0,124.0,1.0
10725,147.0,332.0,1.0
10726,182.0,399.0,1.0
10727,75.0,121.0,1.0
10728,165.0,50.0,1.0
10729,195.0,211.0,1.0
10730,197.0,81.0,1.0
10731,178.0,381.0,1.0
10732,14.0,57.0,1.0
10733,189.0,0.0,1.0
10734,225.0,52.0,1.0
10735,121.0,266.0,1.0
10736,164.0,356.0,1.0
10737,168.0,0.0,1.0
10738,150.0,229.0,1.0
10739,148.0,365.0,1.0
10740,26.0,438.0,1.0
10741,87.0,420.0,1.0
10742,57.0,418.0,1.0
10743,84.0,495.0,1.0
10744,53.0,507.0,1.0
10745,145.0,62.0,1.0
10746,144.0,190.0,1.0
10747,241.0,11.0,1.0
10748,178.0,8.0,1.0
10749,223.0,62.0,1.0
10750,208.0,47.0,1.0
10751,22.0,114.0,1.0
10752,10.0,128.0,1.0
10753,94.0,451.0,1.0
10754,119.0,399.0,1.0
10755,249.0,118.0,1.0
10756,71.0,385.0,1.0
10757,6.0,83.0,1.0
10758,51.0,191.0,1.0
10759,182.0,275.0,1.0
10760,180.0,437.0,1.0
10761,193.0,236.0,1.0
10762,218.0,308.0,1.0
10763,116.0,17.0,1.0
10764,91.0,540.0,1.0
10765,178.0,551.0,1.0
10766,203.0,44.0,1.0
10767,245.0,391.0,1.0
10768,248.0,112.0,1.0
10769,56.0,343.0,1.0
10770,51.0,514.0,1.0
10771,84.0,87.0,1.0
10772,114.0,591.0,1.0
10773,60.0,378.0,1.0
10774,183.0,111.0,1.0
10775,25.0,146.0,1.0
10776,104.0,122.0,1.0
10777,112.0,219.0,1.0
10778,101.0,95.0,1.0
10779,114.0,45.0,1.0
10780,257.0,66.0,1.0
10781,205.0,147.0,1.0
10782,129.0,190.0,1.0
10783,37.0,194.0,1.0
10784,63.0,504.0,1.0
10785,89.0,195.0,1.0
10786,127.0,60.0,1.0
10787,158.0,428.0,1.0
10788,163.0,92.0,1.0
10789,183.0,264.0,1.0
10790,71.0,332.0,1.0
10791,74.0,131.0,1.0
10792,129.0,207.0,1.0
10793,101.0,79.0,1.0
10794,90.0,268.0,1.0
10795,248.0,45.0,1.0
10796,62.0,220.0,1.0
10797,164.0,141.0,1.0
10798,103.0,13.0,1.0
10799,16.0,356.0,1.0
10800,116.0,127.0,1.0
10801,91.0,256.0,1.0
10802,165.0,375.0,1.0
10803,28.0,303.0,1.0
10804,135.0,573.0,1.0
10805,205.0,241.0,1.0
10806,50.0,203.0,1.0
10807,261.0,12.0,1.0
10808,8.0,236.0,1.0
10809,136.0,10.0,1.0
10810,84.0,27.0,1.0
10811,182.0,135.0,1.0
10812,205.0,54.0,1.0
10813,183.0,327.0,1.0
10814,81.0,316.0,1.0
10815,267.0,103.0,1.0
10816,242.0,39.0,1.0
10817,78.0,383.0,1.0
10818,258.0,141.0,1.0
10819,127.0,143.0,1.0
10820,261.0,50.0,1.0
10821,57.0,367.0,1.0
10822,178.0,176.0,1.0
10823,200.0,189.0,1.0
10824,197.0,512.0,1.0
10825,188.0,45.0,1.0
10826,250.0,497.0,1.0
10827,67.0,253.0,1.0
10828,228.0,54.0,1.0
10829,0.0,9.0,1.0
10830,218.0,594.0,1.0
10831,244.0,219.0,1.0
10832,131.0,342.0,1.0
10833,75.0,47.0,1.0
10834,208.0,218.0,1.0
10835,75.0,100.0,1.0
10836,65.0,179.0,1.0
10837,51.0,92.0,1.0
10838,265.0,222.0,1.0
10839,214.0,407.0,1.0
10840,165.0,208.0,1.0
10841,259.0,414.0,1.0
10842,195.0,208.0,1.0
10843,48.0,293.0,1.0
10844,22.0,290.0,1.0
10845,130.0,487.0,1.0
10846,235.0,421.0,1.0
10847,3.0,84.0,1.0
10848,66.0,264.0,1.0
10849,8.0,247.0,1.0
10850,90.0,208.0,1.0
10851,65.0,568.0,1.0
10852,140.0,20.0,1.0
10853,138.0,221.0,1.0
10854,197.0,399.0,1.0
10855,46.0,218.0,1.0
10856,197.0,194.0,1.0
10857,224.0,597.0,1.0
10858,191.0,297.0,1.0
10859,199.0,268.0,1.0
10860,22.0,215.0,1.0
10861,132.0,88.0,1.0
10862,199.0,572.0,1.0
10863,34.0,9.0,1.0
10864,148.0,225.0,1.0
10865,206.0,138.0,1.0
10866,178.0,222.0,1.0
10867,5.0,197.0,1.0
10868,56.0,407.0,1.0
10869,184.0,147.0,1.0
10870,90.0,331.0,1.0
10871,51.0,66.0,1.0
10872,12.0,318.0,1.0
10873,142.0,10.0,1.0
10874,15.0,355.0,1.0
10875,147.0,52.0,1.0
10876,98.0,251.0,1.0
10877,51.0,1.0,1.0
10878,102.0,556.0,1.0
10879,60.0,399.0,1.0
10880,197.0,190.0,1.0
10881,197.0,164.0,1.0
10882,87.0,335.0,1.0
10883,87.0,337.0,1.0
10884,57.0,549.0,1.0
10885,87.0,177.0,1.0
10886,161.0,35.0,1.0
10887,51.0,511.0,1.0
10888,49.0,230.0,1.0
10889,148.0,376.0,1.0
10890,47.0,47.0,1.0
10891,177.0,332.0,1.0
10892,182.0,242.0,1.0
10893,228.0,335.0,1.0
10894,119.0,195.0,1.0
10895,122.0,88.0,1.0
10896,254.0,150.0,1.0
10897,168.0,155.0,1.0
10898,40.0,9.0,1.0
10899,87.0,367.0,1.0
10900,89.0,343.0,1.0
10901,128.0,342.0,1.0
10902,28.0,29.0,1.0
10903,183.0,422.0,1.0
10904,136.0,202.0,1.0
10905,106.0,80.0,1.0
10906,43.0,127.0,1.0
10907,75.0,39.0,1.0
10908,150.0,125.0,1.0
10909,141.0,15.0,1.0
10910,89.0,204.0,1.0
10911,162.0,290.0,1.0
10912,200.0,156.0,1.0
10913,104.0,146.0,1.0
10914,90.0,45.0,1.0
10915,127.0,10.0,1.0
10916,248.0,143.0,1.0
10917,159.0,103.0,1.0
10918,56.0,452.0,1.0
10919,16.0,275.0,1.0
10920,87.0,195.0,1.0
10921,16.0,365.0,1.0
10922,155.0,65.0,1.0
10923,222.0,269.0,1.0
10924,164.0,113.0,1.0
10925,210.0,126.0,1.0
10926,18.0,9.0,1.0
10927,50.0,45.0,1.0
10928,217.0,204.0,1.0
10929,127.0,584.0,1.0
10930,1.0,63.0,1.0
10931,7.0,11.0,1.0
10932,165.0,31.0,1.0
10933,98.0,582.0,1.0
10934,110.0,58.0,1.0
10935,1.0,17.0,1.0
10936,35.0,9.0,1.0
10937,17.0,390.0,1.0
10938,264.0,420.0,1.0
10939,117.0,589.0,1.0
10940,31.0,226.0,1.0
10941,135.0,184.0,1.0
10942,134.0,351.0,1.0
10943,232.0,364.0,1.0
10944,99.0,406.0,1.0
10945,34.0,152.0,1.0
10946,164.0,62.0,1.0
10947,232.0,118.0,1.0
10948,48.0,247.0,1.0
10949,10.0,146.0,1.0
10950,9.0,47.0,1.0
10951,5.0,204.0,1.0
10952,173.0,97.0,1.0
10953,113.0,150.0,1.0
10954,98.0,127.0,1.0
10955,178.0,81.0,1.0
10956,130.0,426.0,1.0
10957,11.0,309.0,1.0
10958,205.0,386.0,1.0
10959,190.0,197.0,1.0
10960,256.0,305.0,1.0
10961,132.0,116.0,1.0
10962,105.0,587.0,1.0
10963,53.0,44.0,1.0
10964,149.0,334.0,1.0
10965,87.0,73.0,1.0
10966,255.0,45.0,1.0
10967,254.0,103.0,1.0
10968,145.0,378.0,1.0
10969,36.0,157.0,1.0
10970,36.0,120.0,1.0
10971,187.0,36.0,1.0
10972,208.0,337.0,1.0
10973,218.0,365.0,1.0
10974,82.0,398.0,1.0
10975,156.0,247.0,1.0
10976,149.0,245.0,1.0
10977,17.0,36.0,1.0
10978,223.0,365.0,1.0
10979,79.0,229.0,1.0
10980,99.0,104.0,1.0
10981,119.0,117.0,1.0
10982,69.0,120.0,1.0
10983,60.0,39.0,1.0
10984,248.0,426.0,1.0
10985,186.0,99.0,1.0
10986,186.0,141.0,1.0
10987,82.0,59.0,1.0
10988,175.0,173.0,1.0
10989,128.0,103.0,1.0
10990,49.0,227.0,1.0
10991,266.0,470.0,1.0
10992,51.0,38.0,1.0
10993,49.0,503.0,1.0
10994,31.0,88.0,1.0
10995,91.0,0.0,1.0
10996,56.0,351.0,1.0
10997,165.0,106.0,1.0
10998,42.0,3.0,1.0
10999,75.0,194.0,1.0
11000,107.0,146.0,1.0
11001,91.0,17.0,1.0
11002,122.0,62.0,1.0
11003,207.0,159.0,1.0
11004,65.0,446.0,1.0
11005,155.0,259.0,1.0
11006,130.0,277.0,1.0
11007,259.0,120.0,1.0
11008,37.0,304.0,1.0
11009,62.0,224.0,1.0
11010,218.0,271.0,1.0
11011,55.0,447.0,1.0
11012,102.0,56.0,1.0
11013,58.0,166.0,1.0
11014,116.0,511.0,1.0
11015,108.0,513.0,1.0
11016,187.0,133.0,1.0
11017,56.0,111.0,1.0
11018,156.0,492.0,1.0
11019,156.0,230.0,1.0
11020,156.0,531.0,1.0
11021,208.0,179.0,1.0
11022,234.0,251.0,1.0
11023,225.0,51.0,1.0
11024,5.0,221.0,1.0
11025,39.0,138.0,1.0
11026,207.0,575.0,1.0
11027,203.0,130.0,1.0
11028,105.0,192.0,1.0
11029,175.0,298.0,1.0
11030,110.0,189.0,1.0
11031,229.0,104.0,1.0
11032,207.0,241.0,1.0
11033,52.0,177.0,1.0
11034,228.0,115.0,1.0
11035,45.0,125.0,1.0
11036,1.0,66.0,1.0
11037,160.0,105.0,1.0
11038,232.0,361.0,1.0
11039,245.0,49.0,1.0
11040,103.0,495.0,1.0
11041,256.0,398.0,1.0
11042,182.0,70.0,1.0
11043,58.0,58.0,1.0
11044,165.0,328.0,1.0
11045,197.0,192.0,1.0
11046,57.0,13.0,1.0
11047,9.0,86.0,1.0
11048,224.0,504.0,1.0
11049,59.0,185.0,1.0
11050,44.0,122.0,1.0
11051,226.0,62.0,1.0
11052,226.0,593.0,1.0
11053,211.0,84.0,1.0
11054,257.0,343.0,1.0
11055,56.0,170.0,1.0
11056,0.0,14.0,1.0
11057,248.0,370.0,1.0
11058,256.0,146.0,1.0
11059,51.0,44.0,1.0
11060,98.0,280.0,1.0
11061,90.0,236.0,1.0
11062,226.0,271.0,1.0
11063,129.0,280.0,1.0
11064,108.0,447.0,1.0
11065,107.0,202.0,1.0
11066,224.0,179.0,1.0
11067,136.0,497.0,1.0
11068,108.0,157.0,1.0
11069,211.0,111.0,1.0
11070,117.0,385.0,1.0
11071,257.0,113.0,1.0
11072,156.0,47.0,1.0
11073,183.0,591.0,1.0
11074,185.0,154.0,1.0
11075,95.0,80.0,1.0
11076,105.0,92.0,1.0
11077,37.0,293.0,1.0
11078,102.0,44.0,1.0
11079,57.0,286.0,1.0
11080,97.0,409.0,1.0
11081,12.0,59.0,1.0
11082,193.0,96.0,1.0
11083,123.0,588.0,1.0
11084,10.0,178.0,1.0
11085,63.0,224.0,1.0
11086,17.0,408.0,1.0
11087,96.0,291.0,1.0
11088,203.0,352.0,1.0
11089,219.0,229.0,1.0
11090,89.0,400.0,1.0
11091,54.0,35.0,1.0
11092,231.0,142.0,1.0
11093,217.0,39.0,1.0
11094,83.0,61.0,1.0
11095,169.0,196.0,1.0
11096,256.0,124.0,1.0
11097,182.0,39.0,1.0
11098,189.0,109.0,1.0
11099,247.0,538.0,1.0
11100,22.0,220.0,1.0
11101,97.0,204.0,1.0
11102,28.0,300.0,1.0
11103,195.0,40.0,1.0
11104,82.0,231.0,1.0
11105,103.0,0.0,1.0
11106,132.0,412.0,1.0
11107,29.0,60.0,1.0
11108,82.0,134.0,1.0
11109,245.0,191.0,1.0
11110,52.0,277.0,1.0
11111,226.0,89.0,1.0
11112,56.0,248.0,1.0
11113,10.0,9.0,1.0
11114,187.0,433.0,1.0
11115,85.0,153.0,1.0
11116,19.0,423.0,1.0
11117,60.0,225.0,1.0
11118,203.0,415.0,1.0
11119,158.0,12.0,1.0
11120,126.0,0.0,1.0
11121,57.0,548.0,1.0
11122,108.0,116.0,1.0
11123,89.0,209.0,1.0
11124,218.0,61.0,1.0
11125,156.0,7.0,1.0
11126,71.0,1.0,1.0
11127,109.0,239.0,1.0
11128,245.0,374.0,1.0
11129,196.0,515.0,1.0
11130,132.0,120.0,1.0
11131,164.0,67.0,1.0
11132,119.0,214.0,1.0
11133,87.0,33.0,1.0
11134,37.0,343.0,1.0
11135,108.0,326.0,1.0
11136,160.0,487.0,1.0
11137,241.0,218.0,1.0
11138,145.0,191.0,1.0
11139,77.0,247.0,1.0
11140,17.0,39.0,1.0
11141,162.0,287.0,1.0
11142,0.0,0.0,1.0
11143,106.0,426.0,1.0
11144,127.0,591.0,1.0
11145,143.0,122.0,1.0
11146,264.0,275.0,1.0
11147,239.0,501.0,1.0
11148,130.0,146.0,1.0
11149,183.0,40.0,1.0
11150,171.0,127.0,1.0
11151,97.0,39.0,1.0
11152,53.0,141.0,1.0
11153,259.0,343.0,1.0
11154,87.0,35.0,1.0
11155,51.0,187.0,1.0
11156,223.0,464.0,1.0
11157,210.0,557.0,1.0
11158,82.0,413.0,1.0
11159,73.0,432.0,1.0
11160,262.0,58.0,1.0
11161,258.0,409.0,1.0
11162,68.0,577.0,1.0
11163,217.0,310.0,1.0
11164,247.0,590.0,1.0
11165,232.0,23.0,1.0
11166,203.0,95.0,1.0
11167,117.0,186.0,1.0
11168,44.0,115.0,1.0
11169,78.0,415.0,1.0
11170,226.0,356.0,1.0
11171,85.0,137.0,1.0
11172,226.0,502.0,1.0
11173,24.0,121.0,1.0
11174,211.0,81.0,1.0
11175,32.0,130.0,1.0
11176,49.0,388.0,1.0
11177,108.0,133.0,1.0
11178,104.0,224.0,1.0
11179,74.0,121.0,1.0
11180,248.0,1.0,1.0
11181,126.0,374.0,1.0
11182,59.0,398.0,1.0
11183,142.0,213.0,1.0
11184,15.0,128.0,1.0
11185,122.0,143.0,1.0
11186,248.0,38.0,1.0
11187,75.0,581.0,1.0
11188,180.0,321.0,1.0
11189,60.0,111.0,1.0
11190,48.0,268.0,1.0
11191,147.0,595.0,1.0
11192,175.0,226.0,1.0
11193,263.0,120.0,1.0
11194,238.0,104.0,1.0
11195,117.0,221.0,1.0
11196,84.0,364.0,1.0
11197,211.0,62.0,1.0
11198,202.0,140.0,1.0
11199,209.0,81.0,1.0
11200,33.0,84.0,1.0
11201,18.0,136.0,1.0
11202,53.0,99.0,1.0
11203,207.0,516.0,1.0
11204,199.0,515.0,1.0
11205,118.0,117.0,1.0
11206,228.0,83.0,1.0
11207,115.0,120.0,1.0
11208,236.0,328.0,1.0
11209,259.0,405.0,1.0
11210,194.0,251.0,1.0
11211,97.0,376.0,1.0
11212,171.0,216.0,1.0
11213,257.0,38.0,1.0
11214,129.0,156.0,1.0
11215,87.0,172.0,1.0
11216,139.0,224.0,1.0
11217,38.0,88.0,1.0
11218,261.0,313.0,1.0
11219,172.0,148.0,1.0
11220,81.0,33.0,1.0
11221,17.0,414.0,1.0
11222,189.0,87.0,1.0
11223,75.0,8.0,1.0
11224,60.0,416.0,1.0
11225,29.0,441.0,1.0
11226,83.0,85.0,1.0
11227,135.0,379.0,1.0
11228,52.0,409.0,1.0
11229,183.0,228.0,1.0
11230,126.0,7.0,1.0
11231,222.0,114.0,1.0
11232,248.0,109.0,1.0
11233,93.0,284.0,1.0
11234,8.0,18.0,1.0
11235,203.0,154.0,1.0
11236,255.0,326.0,1.0
11237,148.0,20.0,1.0
11238,154.0,410.0,1.0
11239,163.0,410.0,1.0
11240,24.0,320.0,1.0
11241,211.0,147.0,1.0
11242,14.0,11.0,1.0
11243,42.0,204.0,1.0
11244,200.0,319.0,1.0
11245,223.0,143.0,1.0
11246,261.0,320.0,1.0
11247,82.0,237.0,1.0
11248,37.0,311.0,1.0
11249,224.0,223.0,1.0
11250,9.0,23.0,1.0
11251,49.0,22.0,1.0
11252,22.0,240.0,1.0
11253,196.0,382.0,1.0
11254,220.0,11.0,1.0
11255,214.0,59.0,1.0
11256,248.0,136.0,1.0
11257,67.0,118.0,1.0
11258,129.0,216.0,1.0
11259,218.0,478.0,1.0
11260,178.0,179.0,1.0
11261,71.0,382.0,1.0
11262,99.0,388.0,1.0
11263,197.0,143.0,1.0
11264,114.0,147.0,1.0
11265,147.0,17.0,1.0
11266,165.0,243.0,1.0
11267,107.0,85.0,1.0
11268,81.0,138.0,1.0
11269,128.0,59.0,1.0
11270,91.0,74.0,1.0
11271,108.0,385.0,1.0
11272,116.0,446.0,1.0
11273,144.0,282.0,1.0
11274,14.0,22.0,1.0
11275,228.0,44.0,1.0
11276,103.0,513.0,1.0
11277,259.0,150.0,1.0
11278,167.0,273.0,1.0
11279,57.0,114.0,1.0
11280,78.0,121.0,1.0
11281,129.0,104.0,1.0
11282,147.0,183.0,1.0
11283,148.0,119.0,1.0
11284,89.0,558.0,1.0
11285,33.0,58.0,1.0
11286,141.0,332.0,1.0
11287,105.0,252.0,1.0
11288,223.0,189.0,1.0
11289,156.0,202.0,1.0
11290,142.0,95.0,1.0
11291,234.0,186.0,1.0
11292,209.0,256.0,1.0
11293,182.0,154.0,1.0
11294,197.0,237.0,1.0
11295,87.0,336.0,1.0
11296,49.0,411.0,1.0
11297,223.0,282.0,1.0
11298,248.0,10.0,1.0
11299,94.0,61.0,1.0
11300,82.0,223.0,1.0
11301,89.0,464.0,1.0
11302,84.0,179.0,1.0
11303,118.0,536.0,1.0
11304,250.0,10.0,1.0
11305,84.0,88.0,1.0
11306,149.0,106.0,1.0
11307,262.0,252.0,1.0
11308,93.0,407.0,1.0
11309,168.0,382.0,1.0
11310,140.0,35.0,1.0
11311,201.0,470.0,1.0
11312,82.0,225.0,1.0
11313,84.0,319.0,1.0
11314,53.0,382.0,1.0
11315,183.0,0.0,1.0
11316,108.0,66.0,1.0
11317,69.0,332.0,1.0
11318,57.0,419.0,1.0
11319,226.0,78.0,1.0
11320,10.0,154.0,1.0
11321,200.0,486.0,1.0
11322,135.0,531.0,1.0
11323,194.0,34.0,1.0
11324,56.0,78.0,1.0
11325,81.0,457.0,1.0
11326,126.0,227.0,1.0
11327,84.0,51.0,1.0
11328,44.0,286.0,1.0
11329,230.0,400.0,1.0
11330,213.0,515.0,1.0
11331,113.0,38.0,1.0
11332,52.0,222.0,1.0
11333,191.0,204.0,1.0
11334,194.0,256.0,1.0
11335,251.0,106.0,1.0
11336,195.0,12.0,1.0
11337,223.0,79.0,1.0
11338,49.0,505.0,1.0
11339,207.0,251.0,1.0
11340,87.0,38.0,1.0
11341,107.0,117.0,1.0
11342,70.0,120.0,1.0
11343,60.0,247.0,1.0
11344,217.0,0.0,1.0
11345,225.0,48.0,1.0
11346,92.0,196.0,1.0
11347,183.0,45.0,1.0
11348,124.0,201.0,1.0
11349,135.0,547.0,1.0
11350,130.0,303.0,1.0
11351,141.0,354.0,1.0
11352,126.0,231.0,1.0
11353,4.0,180.0,1.0
11354,155.0,594.0,1.0
11355,72.0,477.0,1.0
11356,102.0,245.0,1.0
11357,63.0,92.0,1.0
11358,49.0,186.0,1.0
11359,219.0,219.0,1.0
11360,248.0,499.0,1.0
11361,51.0,527.0,1.0
11362,80.0,156.0,1.0
11363,130.0,428.0,1.0
11364,107.0,24.0,1.0
11365,168.0,103.0,1.0
11366,89.0,111.0,1.0
11367,42.0,398.0,1.0
11368,24.0,324.0,1.0
11369,146.0,313.0,1.0
11370,210.0,113.0,1.0
11371,39.0,195.0,1.0
11372,113.0,191.0,1.0
11373,2.0,127.0,1.0
11374,102.0,11.0,1.0
11375,52.0,186.0,1.0
11376,112.0,541.0,1.0
11377,90.0,201.0,1.0
11378,90.0,169.0,1.0
11379,232.0,369.0,1.0
11380,14.0,275.0,1.0
11381,30.0,106.0,1.0
11382,156.0,284.0,1.0
11383,207.0,50.0,1.0
11384,110.0,196.0,1.0
11385,186.0,488.0,1.0
11386,44.0,9.0,1.0
11387,264.0,299.0,1.0
11388,149.0,119.0,1.0
11389,26.0,50.0,1.0
11390,161.0,498.0,1.0
11391,83.0,35.0,1.0
11392,1.0,41.0,1.0
11393,145.0,227.0,1.0
11394,1.0,78.0,1.0
11395,81.0,474.0,1.0
11396,259.0,222.0,1.0
11397,186.0,32.0,1.0
11398,32.0,84.0,1.0
11399,37.0,156.0,1.0
11400,33.0,144.0,1.0
11401,129.0,386.0,1.0
11402,224.0,133.0,1.0
11403,82.0,485.0,1.0
11404,243.0,433.0,1.0
11405,147.0,35.0,1.0
11406,234.0,352.0,1.0
11407,37.0,252.0,1.0
11408,193.0,126.0,1.0
11409,97.0,368.0,1.0
11410,203.0,6.0,1.0
11411,89.0,440.0,1.0
11412,163.0,104.0,1.0
11413,129.0,262.0,1.0
11414,82.0,455.0,1.0
11415,89.0,378.0,1.0
11416,179.0,416.0,1.0
11417,196.0,546.0,1.0
11418,45.0,438.0,1.0
11419,169.0,487.0,1.0
11420,163.0,294.0,1.0
11421,259.0,216.0,1.0
11422,59.0,217.0,1.0
11423,194.0,147.0,1.0
11424,209.0,83.0,1.0
11425,60.0,103.0,1.0
11426,158.0,81.0,1.0
11427,17.0,66.0,1.0
11428,238.0,66.0,1.0
11429,189.0,232.0,1.0
11430,87.0,157.0,1.0
11431,150.0,140.0,1.0
11432,249.0,181.0,1.0
11433,200.0,534.0,1.0
11434,82.0,5.0,1.0
11435,158.0,219.0,1.0
11436,79.0,69.0,1.0
11437,58.0,22.0,1.0
11438,62.0,36.0,1.0
11439,158.0,284.0,1.0
11440,51.0,438.0,1.0
11441,104.0,181.0,1.0
11442,255.0,551.0,1.0
11443,17.0,380.0,1.0
11444,113.0,298.0,1.0
11445,256.0,464.0,1.0
11446,45.0,95.0,1.0
11447,39.0,378.0,1.0
11448,82.0,213.0,1.0
11449,87.0,113.0,1.0
11450,62.0,14.0,1.0
11451,212.0,146.0,1.0
11452,248.0,339.0,1.0
11453,119.0,185.0,1.0
11454,59.0,12.0,1.0
11455,147.0,276.0,1.0
11456,29.0,263.0,1.0
11457,223.0,236.0,1.0
11458,229.0,91.0,1.0
11459,103.0,89.0,1.0
11460,189.0,597.0,1.0
11461,189.0,79.0,1.0
11462,163.0,159.0,1.0
11463,10.0,29.0,1.0
11464,116.0,91.0,1.0
11465,256.0,245.0,1.0
11466,74.0,348.0,1.0
11467,223.0,169.0,1.0
11468,126.0,388.0,1.0
11469,249.0,328.0,1.0
11470,150.0,100.0,1.0
11471,72.0,482.0,1.0
11472,1.0,45.0,1.0
11473,130.0,70.0,1.0
11474,71.0,376.0,1.0
11475,164.0,126.0,1.0
11476,98.0,279.0,1.0
11477,164.0,12.0,1.0
11478,130.0,193.0,1.0
11479,218.0,303.0,1.0
11480,105.0,434.0,1.0
11481,214.0,325.0,1.0
11482,52.0,348.0,1.0
11483,116.0,369.0,1.0
11484,82.0,129.0,1.0
11485,145.0,53.0,1.0
11486,134.0,32.0,1.0
11487,126.0,117.0,1.0
11488,116.0,367.0,1.0
11489,49.0,100.0,1.0
11490,81.0,48.0,1.0
11491,42.0,471.0,1.0
11492,61.0,164.0,1.0
11493,185.0,357.0,1.0
11494,216.0,212.0,1.0
11495,148.0,110.0,1.0
11496,225.0,593.0,1.0
11497,126.0,278.0,1.0
11498,4.0,182.0,1.0
11499,161.0,343.0,1.0
11500,172.0,126.0,1.0
11501,2.0,98.0,1.0
11502,114.0,335.0,1.0
11503,52.0,117.0,1.0
11504,179.0,205.0,1.0
11505,156.0,22.0,1.0
11506,88.0,146.0,1.0
11507,217.0,146.0,1.0
11508,167.0,10.0,1.0
11509,159.0,191.0,1.0
11510,57.0,547.0,1.0
11511,147.0,312.0,1.0
11512,185.0,133.0,1.0
11513,122.0,50.0,1.0
11514,130.0,540.0,1.0
11515,158.0,104.0,1.0
11516,60.0,81.0,1.0
11517,8.0,242.0,1.0
11518,139.0,368.0,1.0
11519,197.0,84.0,1.0
11520,178.0,197.0,1.0
11521,162.0,89.0,1.0
11522,127.0,308.0,1.0
11523,1.0,52.0,1.0
11524,207.0,265.0,1.0
11525,232.0,459.0,1.0
11526,183.0,345.0,1.0
11527,73.0,52.0,1.0
11528,203.0,17.0,1.0
11529,264.0,58.0,1.0
11530,51.0,332.0,1.0
11531,218.0,409.0,1.0
11532,104.0,497.0,1.0
11533,56.0,29.0,1.0
11534,219.0,394.0,1.0
11535,69.0,495.0,1.0
11536,52.0,111.0,1.0
11537,147.0,261.0,1.0
11538,224.0,94.0,1.0
11539,62.0,191.0,1.0
11540,145.0,45.0,1.0
11541,5.0,122.0,1.0
11542,214.0,126.0,1.0
11543,224.0,233.0,1.0
11544,102.0,50.0,1.0
11545,240.0,38.0,1.0
11546,182.0,340.0,1.0
11547,19.0,155.0,1.0
11548,138.0,456.0,1.0
11549,2.0,94.0,1.0
11550,19.0,111.0,1.0
11551,23.0,175.0,1.0
11552,3.0,134.0,1.0
11553,56.0,59.0,1.0
11554,184.0,544.0,1.0
11555,84.0,50.0,1.0
11556,248.0,296.0,1.0
11557,90.0,86.0,1.0
11558,162.0,155.0,1.0
11559,165.0,479.0,1.0
11560,56.0,10.0,1.0
11561,200.0,556.0,1.0
11562,81.0,10.0,1.0
11563,65.0,103.0,1.0
11564,103.0,461.0,1.0
11565,232.0,149.0,1.0
11566,87.0,463.0,1.0
11567,264.0,124.0,1.0
11568,183.0,81.0,1.0
11569,116.0,243.0,1.0
11570,28.0,41.0,1.0
11571,82.0,342.0,1.0
11572,74.0,424.0,1.0
11573,189.0,400.0,1.0
11574,87.0,444.0,1.0
11575,52.0,382.0,1.0
11576,43.0,47.0,1.0
11577,74.0,341.0,1.0
11578,89.0,222.0,1.0
11579,82.0,507.0,1.0
11580,97.0,55.0,1.0
11581,172.0,496.0,1.0
11582,8.0,51.0,1.0
11583,235.0,389.0,1.0
11584,75.0,517.0,1.0
11585,132.0,199.0,1.0
11586,222.0,220.0,1.0
11587,156.0,424.0,1.0
11588,170.0,326.0,1.0
11589,223.0,219.0,1.0
11590,255.0,39.0,1.0
11591,249.0,94.0,1.0
11592,56.0,115.0,1.0
11593,107.0,544.0,1.0
11594,186.0,86.0,1.0
11595,172.0,10.0,1.0
11596,234.0,192.0,1.0
11597,198.0,14.0,1.0
11598,103.0,48.0,1.0
11599,29.0,367.0,1.0
11600,150.0,243.0,1.0
11601,150.0,122.0,1.0
11602,156.0,227.0,1.0
11603,205.0,321.0,1.0
11604,156.0,84.0,1.0
11605,214.0,252.0,1.0
11606,107.0,319.0,1.0
11607,1.0,88.0,1.0
11608,177.0,62.0,1.0
11609,160.0,70.0,1.0
11610,130.0,201.0,1.0
11611,261.0,94.0,1.0
11612,130.0,21.0,1.0
11613,226.0,311.0,1.0
11614,69.0,94.0,1.0
11615,82.0,509.0,1.0
11616,10.0,22.0,1.0
11617,200.0,77.0,1.0
11618,230.0,70.0,1.0
11619,220.0,50.0,1.0
11620,238.0,282.0,1.0
11621,87.0,123.0,1.0
11622,178.0,148.0,1.0
11623,254.0,434.0,1.0
11624,150.0,124.0,1.0
11625,136.0,279.0,1.0
11626,65.0,228.0,1.0
11627,22.0,428.0,1.0
11628,145.0,133.0,1.0
11629,82.0,410.0,1.0
11630,31.0,255.0,1.0
11631,115.0,151.0,1.0
11632,133.0,208.0,1.0
11633,48.0,196.0,1.0
11634,183.0,211.0,1.0
11635,17.0,24.0,1.0
11636,1.0,56.0,1.0
11637,97.0,59.0,1.0
11638,178.0,275.0,1.0
11639,226.0,301.0,1.0
11640,68.0,520.0,1.0
11641,148.0,178.0,1.0
11642,185.0,143.0,1.0
11643,149.0,57.0,1.0
11644,42.0,353.0,1.0
11645,194.0,124.0,1.0
11646,54.0,40.0,1.0
11647,61.0,455.0,1.0
11648,256.0,114.0,1.0
11649,126.0,62.0,1.0
11650,130.0,287.0,1.0
11651,74.0,12.0,1.0
11652,254.0,251.0,1.0
11653,71.0,62.0,1.0
11654,155.0,463.0,1.0
11655,69.0,568.0,1.0
11656,201.0,411.0,1.0
11657,84.0,460.0,1.0
11658,138.0,208.0,1.0
11659,144.0,229.0,1.0
11660,93.0,15.0,1.0
11661,82.0,141.0,1.0
11662,104.0,326.0,1.0
11663,56.0,148.0,1.0
11664,102.0,345.0,1.0
11665,71.0,405.0,1.0
11666,78.0,100.0,1.0
11667,1.0,74.0,1.0
11668,90.0,336.0,1.0
11669,173.0,485.0,1.0
11670,114.0,285.0,1.0
11671,97.0,267.0,1.0
11672,223.0,321.0,1.0
11673,135.0,100.0,1.0
11674,81.0,220.0,1.0
11675,95.0,103.0,1.0
11676,52.0,473.0,1.0
11677,97.0,122.0,1.0
11678,81.0,93.0,1.0
11679,98.0,143.0,1.0
11680,211.0,209.0,1.0
11681,180.0,336.0,1.0
11682,119.0,111.0,1.0
11683,172.0,70.0,1.0
11684,100.0,120.0,1.0
11685,97.0,391.0,1.0
11686,11.0,312.0,1.0
11687,14.0,347.0,1.0
11688,259.0,394.0,1.0
11689,144.0,492.0,1.0
11690,26.0,436.0,1.0
11691,81.0,466.0,1.0
11692,181.0,205.0,1.0
11693,119.0,49.0,1.0
11694,242.0,223.0,1.0
11695,185.0,216.0,1.0
11696,196.0,92.0,1.0
11697,28.0,441.0,1.0
11698,153.0,190.0,1.0
11699,185.0,57.0,1.0
11700,225.0,273.0,1.0
11701,196.0,467.0,1.0
11702,56.0,120.0,1.0
11703,250.0,223.0,1.0
11704,4.0,177.0,1.0
11705,232.0,111.0,1.0
11706,159.0,503.0,1.0
11707,60.0,45.0,1.0
11708,207.0,116.0,1.0
11709,123.0,135.0,1.0
11710,264.0,152.0,1.0
11711,228.0,38.0,1.0
11712,147.0,422.0,1.0
11713,234.0,138.0,1.0
11714,31.0,425.0,1.0
11715,64.0,558.0,1.0
11716,162.0,114.0,1.0
11717,1.0,62.0,1.0
11718,224.0,385.0,1.0
11719,256.0,229.0,1.0
11720,106.0,107.0,1.0
11721,180.0,241.0,1.0
11722,230.0,544.0,1.0
11723,26.0,58.0,1.0
11724,116.0,327.0,1.0
11725,261.0,163.0,1.0
11726,78.0,337.0,1.0
11727,79.0,504.0,1.0
11728,216.0,327.0,1.0
11729,234.0,91.0,1.0
11730,173.0,215.0,1.0
11731,173.0,447.0,1.0
11732,262.0,311.0,1.0
11733,12.0,321.0,1.0
11734,216.0,147.0,1.0
11735,128.0,9.0,1.0
11736,228.0,134.0,1.0
11737,224.0,89.0,1.0
11738,147.0,339.0,1.0
11739,223.0,413.0,1.0
11740,53.0,532.0,1.0
11741,113.0,552.0,1.0
11742,147.0,306.0,1.0
11743,102.0,270.0,1.0
11744,57.0,75.0,1.0
11745,194.0,10.0,1.0
11746,178.0,467.0,1.0
11747,144.0,138.0,1.0
11748,223.0,109.0,1.0
11749,229.0,233.0,1.0
11750,128.0,66.0,1.0
11751,49.0,47.0,1.0
11752,245.0,197.0,1.0
11753,147.0,262.0,1.0
11754,229.0,351.0,1.0
11755,53.0,191.0,1.0
11756,10.0,298.0,1.0
11757,223.0,254.0,1.0
11758,164.0,412.0,1.0
11759,136.0,529.0,1.0
11760,45.0,286.0,1.0
11761,82.0,216.0,1.0
11762,48.0,484.0,1.0
11763,261.0,159.0,1.0
11764,81.0,194.0,1.0
11765,173.0,175.0,1.0
11766,258.0,107.0,1.0
11767,31.0,204.0,1.0
11768,149.0,290.0,1.0
11769,267.0,127.0,1.0
11770,49.0,105.0,1.0
11771,114.0,233.0,1.0
11772,44.0,269.0,1.0
11773,183.0,155.0,1.0
11774,178.0,194.0,1.0
11775,197.0,103.0,1.0
11776,89.0,1.0,1.0
11777,186.0,138.0,1.0
11778,97.0,148.0,1.0
11779,178.0,4.0,1.0
11780,189.0,320.0,1.0
11781,224.0,203.0,1.0
11782,108.0,73.0,1.0
11783,178.0,225.0,1.0
11784,178.0,147.0,1.0
11785,51.0,130.0,1.0
11786,127.0,81.0,1.0
11787,97.0,227.0,1.0
11788,93.0,219.0,1.0
11789,125.0,50.0,1.0
11790,199.0,580.0,1.0
11791,102.0,69.0,1.0
11792,150.0,47.0,1.0
11793,156.0,186.0,1.0
11794,124.0,50.0,1.0
11795,228.0,230.0,1.0
11796,228.0,222.0,1.0
11797,87.0,495.0,1.0
11798,109.0,89.0,1.0
11799,88.0,204.0,1.0
11800,90.0,255.0,1.0
11801,111.0,17.0,1.0
11802,185.0,518.0,1.0
11803,82.0,282.0,1.0
11804,71.0,133.0,1.0
11805,102.0,106.0,1.0
11806,16.0,368.0,1.0
11807,82.0,558.0,1.0
11808,132.0,423.0,1.0
11809,53.0,298.0,1.0
11810,160.0,409.0,1.0
11811,65.0,38.0,1.0
11812,2.0,111.0,1.0
11813,87.0,107.0,1.0
11814,124.0,120.0,1.0
11815,194.0,145.0,1.0
11816,124.0,388.0,1.0
11817,114.0,248.0,1.0
11818,259.0,126.0,1.0
11819,241.0,105.0,1.0
11820,164.0,66.0,1.0
11821,132.0,190.0,1.0
11822,9.0,103.0,1.0
11823,153.0,148.0,1.0
11824,228.0,266.0,1.0
11825,45.0,84.0,1.0
11826,56.0,356.0,1.0
11827,145.0,266.0,1.0
11828,130.0,318.0,1.0
11829,242.0,72.0,1.0
11830,175.0,5.0,1.0
11831,84.0,451.0,1.0
11832,223.0,512.0,1.0
11833,238.0,60.0,1.0
11834,103.0,116.0,1.0
11835,198.0,203.0,1.0
11836,136.0,375.0,1.0
11837,52.0,70.0,1.0
11838,65.0,203.0,1.0
11839,116.0,330.0,1.0
11840,138.0,460.0,1.0
11841,183.0,196.0,1.0
11842,60.0,153.0,1.0
11843,127.0,310.0,1.0
11844,86.0,384.0,1.0
11845,164.0,10.0,1.0
11846,239.0,151.0,1.0
11847,183.0,19.0,1.0
11848,126.0,412.0,1.0
11849,49.0,117.0,1.0
11850,17.0,111.0,1.0
11851,197.0,256.0,1.0
11852,222.0,156.0,1.0
11853,39.0,111.0,1.0
11854,10.0,297.0,1.0
11855,185.0,119.0,1.0
11856,42.0,5.0,1.0
11857,186.0,318.0,1.0
11858,218.0,127.0,1.0
11859,145.0,69.0,1.0
11860,223.0,50.0,1.0
11861,81.0,530.0,1.0
11862,149.0,400.0,1.0
11863,169.0,253.0,1.0
11864,175.0,194.0,1.0
11865,117.0,11.0,1.0
11866,120.0,467.0,1.0
11867,143.0,310.0,1.0
11868,144.0,477.0,1.0
11869,105.0,277.0,1.0
11870,14.0,297.0,1.0
11871,147.0,97.0,1.0
11872,136.0,277.0,1.0
11873,135.0,356.0,1.0
11874,263.0,73.0,1.0
11875,202.0,156.0,1.0
11876,1.0,31.0,1.0
11877,65.0,106.0,1.0
11878,19.0,290.0,1.0
11879,42.0,409.0,1.0
11880,116.0,133.0,1.0
11881,65.0,193.0,1.0
11882,31.0,86.0,1.0
11883,172.0,123.0,1.0
11884,153.0,453.0,1.0
11885,133.0,83.0,1.0
11886,208.0,382.0,1.0
11887,207.0,120.0,1.0
11888,93.0,10.0,1.0
11889,81.0,407.0,1.0
11890,134.0,484.0,1.0
11891,64.0,388.0,1.0
11892,16.0,366.0,1.0
11893,56.0,43.0,1.0
11894,2.0,120.0,1.0
11895,115.0,408.0,1.0
11896,114.0,263.0,1.0
11897,82.0,195.0,1.0
11898,96.0,135.0,1.0
11899,177.0,39.0,1.0
11900,217.0,373.0,1.0
11901,130.0,546.0,1.0
11902,90.0,337.0,1.0
11903,62.0,125.0,1.0
11904,245.0,309.0,1.0
11905,83.0,147.0,1.0
11906,192.0,18.0,1.0
11907,150.0,44.0,1.0
11908,237.0,273.0,1.0
11909,130.0,269.0,1.0
11910,38.0,281.0,1.0
11911,67.0,156.0,1.0
11912,246.0,423.0,1.0
11913,126.0,390.0,1.0
11914,164.0,224.0,1.0
11915,73.0,130.0,1.0
11916,182.0,264.0,1.0
11917,251.0,90.0,1.0
11918,96.0,242.0,1.0
11919,87.0,456.0,1.0
11920,211.0,16.0,1.0
11921,52.0,122.0,1.0
11922,189.0,7.0,1.0
11923,115.0,277.0,1.0
11924,17.0,95.0,1.0
11925,127.0,343.0,1.0
11926,65.0,535.0,1.0
11927,44.0,51.0,1.0
11928,101.0,146.0,1.0
11929,105.0,253.0,1.0
11930,144.0,121.0,1.0
11931,164.0,80.0,1.0
11932,85.0,77.0,1.0
11933,30.0,60.0,1.0
11934,97.0,482.0,1.0
11935,207.0,295.0,1.0
11936,175.0,105.0,1.0
11937,248.0,540.0,1.0
11938,51.0,58.0,1.0
11939,127.0,71.0,1.0
11940,16.0,276.0,1.0
11941,8.0,11.0,1.0
11942,91.0,294.0,1.0
11943,233.0,36.0,1.0
11944,133.0,204.0,1.0
11945,165.0,185.0,1.0
11946,31.0,17.0,1.0
11947,98.0,91.0,1.0
11948,226.0,28.0,1.0
11949,122.0,9.0,1.0
11950,256.0,240.0,1.0
11951,79.0,218.0,1.0
11952,224.0,434.0,1.0
11953,8.0,237.0,1.0
11954,65.0,525.0,1.0
11955,196.0,214.0,1.0
11956,164.0,350.0,1.0
11957,182.0,100.0,1.0
11958,182.0,75.0,1.0
11959,105.0,250.0,1.0
11960,26.0,143.0,1.0
11961,74.0,145.0,1.0
11962,74.0,96.0,1.0
11963,26.0,168.0,1.0
11964,129.0,31.0,1.0
11965,102.0,304.0,1.0
11966,128.0,115.0,1.0
11967,108.0,127.0,1.0
11968,31.0,40.0,1.0
11969,145.0,93.0,1.0
11970,82.0,504.0,1.0
11971,162.0,225.0,1.0
11972,47.0,111.0,1.0
11973,155.0,24.0,1.0
11974,250.0,100.0,1.0
11975,178.0,214.0,1.0
11976,230.0,564.0,1.0
11977,183.0,236.0,1.0
11978,91.0,552.0,1.0
11979,83.0,230.0,1.0
11980,183.0,587.0,1.0
11981,156.0,282.0,1.0
11982,135.0,232.0,1.0
11983,259.0,36.0,1.0
11984,250.0,394.0,1.0
11985,224.0,10.0,1.0
11986,256.0,231.0,1.0
11987,71.0,118.0,1.0
11988,86.0,434.0,1.0
11989,91.0,178.0,1.0
11990,51.0,461.0,1.0
11991,71.0,329.0,1.0
11992,16.0,111.0,1.0
11993,218.0,147.0,1.0
11994,168.0,597.0,1.0
11995,239.0,522.0,1.0
11996,65.0,338.0,1.0
11997,182.0,592.0,1.0
11998,82.0,267.0,1.0
11999,178.0,9.0,1.0
12000,130.0,294.0,1.0
12001,148.0,352.0,1.0
12002,227.0,44.0,1.0
12003,266.0,48.0,1.0
12004,160.0,196.0,1.0
12005,108.0,168.0,1.0
12006,88.0,7.0,1.0
12007,64.0,3.0,1.0
12008,149.0,539.0,1.0
12009,15.0,343.0,1.0
12010,58.0,339.0,1.0
12011,238.0,179.0,1.0
12012,200.0,322.0,1.0
12013,108.0,10.0,1.0
12014,56.0,253.0,1.0
12015,3.0,45.0,1.0
12016,147.0,47.0,1.0
12017,115.0,257.0,1.0
12018,71.0,137.0,1.0
12019,97.0,417.0,1.0
12020,178.0,473.0,1.0
12021,7.0,143.0,1.0
12022,104.0,59.0,1.0
12023,82.0,80.0,1.0
12024,71.0,7.0,1.0
12025,202.0,155.0,1.0
12026,78.0,131.0,1.0
12027,86.0,133.0,1.0
12028,213.0,209.0,1.0
12029,228.0,223.0,1.0
12030,51.0,478.0,1.0
12031,164.0,328.0,1.0
12032,98.0,206.0,1.0
12033,126.0,91.0,1.0
12034,14.0,59.0,1.0
12035,235.0,65.0,1.0
12036,180.0,527.0,1.0
12037,102.0,277.0,1.0
12038,226.0,32.0,1.0
12039,180.0,9.0,1.0
12040,185.0,97.0,1.0
12041,266.0,103.0,1.0
12042,129.0,232.0,1.0
12043,259.0,10.0,1.0
12044,147.0,461.0,1.0
12045,113.0,241.0,1.0
12046,227.0,66.0,1.0
12047,168.0,154.0,1.0
12048,194.0,127.0,1.0
12049,3.0,147.0,1.0
12050,223.0,59.0,1.0
12051,153.0,10.0,1.0
12052,103.0,175.0,1.0
12053,142.0,12.0,1.0
12054,123.0,284.0,1.0
12055,84.0,520.0,1.0
12056,234.0,382.0,1.0
12057,102.0,39.0,1.0
12058,34.0,455.0,1.0
12059,219.0,231.0,1.0
12060,52.0,205.0,1.0
12061,17.0,156.0,1.0
12062,178.0,12.0,1.0
12063,178.0,84.0,1.0
12064,134.0,395.0,1.0
12065,72.0,208.0,1.0
12066,126.0,416.0,1.0
12067,39.0,334.0,1.0
12068,102.0,1.0,1.0
12069,236.0,111.0,1.0
12070,9.0,87.0,1.0
12071,211.0,188.0,1.0
12072,186.0,62.0,1.0
12073,149.0,157.0,1.0
12074,116.0,62.0,1.0
12075,135.0,412.0,1.0
12076,213.0,10.0,1.0
12077,94.0,522.0,1.0
12078,148.0,146.0,1.0
12079,230.0,218.0,1.0
12080,217.0,230.0,1.0
12081,68.0,46.0,1.0
12082,80.0,289.0,1.0
12083,178.0,569.0,1.0
12084,109.0,31.0,1.0
12085,160.0,320.0,1.0
12086,245.0,188.0,1.0
12087,48.0,491.0,1.0
12088,130.0,493.0,1.0
12089,147.0,37.0,1.0
12090,167.0,378.0,1.0
12091,116.0,490.0,1.0
12092,129.0,466.0,1.0
12093,13.0,156.0,1.0
12094,148.0,153.0,1.0
12095,60.0,185.0,1.0
12096,156.0,33.0,1.0
12097,88.0,10.0,1.0
12098,149.0,272.0,1.0
12099,234.0,69.0,1.0
12100,164.0,470.0,1.0
12101,256.0,386.0,1.0
12102,82.0,8.0,1.0
12103,17.0,214.0,1.0
12104,71.0,379.0,1.0
12105,212.0,117.0,1.0
12106,223.0,335.0,1.0
12107,87.0,592.0,1.0
12108,31.0,191.0,1.0
12109,45.0,493.0,1.0
12110,175.0,4.0,1.0
12111,113.0,483.0,1.0
12112,58.0,153.0,1.0
12113,203.0,89.0,1.0
12114,134.0,387.0,1.0
12115,110.0,243.0,1.0
12116,63.0,223.0,1.0
12117,182.0,324.0,1.0
12118,129.0,126.0,1.0
12119,37.0,259.0,1.0
12120,81.0,400.0,1.0
12121,147.0,281.0,1.0
12122,9.0,139.0,1.0
12123,136.0,91.0,1.0
12124,250.0,146.0,1.0
12125,160.0,490.0,1.0
12126,253.0,52.0,1.0
12127,116.0,556.0,1.0
12128,90.0,11.0,1.0
12129,248.0,88.0,1.0
12130,164.0,216.0,1.0
12131,249.0,290.0,1.0
12132,113.0,247.0,1.0
12133,225.0,85.0,1.0
12134,89.0,220.0,1.0
12135,263.0,54.0,1.0
12136,179.0,391.0,1.0
12137,105.0,81.0,1.0
12138,183.0,154.0,1.0
12139,82.0,19.0,1.0
12140,197.0,64.0,1.0
12141,202.0,118.0,1.0
12142,53.0,111.0,1.0
12143,257.0,69.0,1.0
12144,20.0,153.0,1.0
12145,258.0,413.0,1.0
12146,145.0,84.0,1.0
12147,149.0,135.0,1.0
12148,89.0,3.0,1.0
12149,51.0,7.0,1.0
12150,256.0,13.0,1.0
12151,226.0,589.0,1.0
12152,15.0,35.0,1.0
12153,131.0,122.0,1.0
12154,197.0,224.0,1.0
12155,91.0,483.0,1.0
12156,129.0,48.0,1.0
12157,141.0,320.0,1.0
12158,84.0,100.0,1.0
12159,223.0,47.0,1.0
12160,150.0,201.0,1.0
12161,248.0,157.0,1.0
12162,264.0,422.0,1.0
12163,209.0,103.0,1.0
12164,179.0,55.0,1.0
12165,121.0,97.0,1.0
12166,255.0,81.0,1.0
12167,136.0,222.0,1.0
12168,257.0,208.0,1.0
12169,239.0,126.0,1.0
12170,116.0,61.0,1.0
12171,124.0,291.0,1.0
12172,62.0,225.0,1.0
12173,51.0,397.0,1.0
12174,33.0,9.0,1.0
12175,71.0,498.0,1.0
12176,156.0,116.0,1.0
12177,126.0,92.0,1.0
12178,68.0,60.0,1.0
12179,149.0,118.0,1.0
12180,165.0,413.0,1.0
12181,176.0,7.0,1.0
12182,68.0,68.0,1.0
12183,128.0,354.0,1.0
12184,223.0,36.0,1.0
12185,248.0,252.0,1.0
12186,127.0,150.0,1.0
12187,156.0,117.0,1.0
12188,53.0,116.0,1.0
12189,186.0,358.0,1.0
12190,135.0,195.0,1.0
12191,257.0,81.0,1.0
12192,8.0,64.0,1.0
12193,208.0,73.0,1.0
12194,224.0,124.0,1.0
12195,195.0,179.0,1.0
12196,158.0,168.0,1.0
12197,178.0,553.0,1.0
12198,224.0,127.0,1.0
12199,26.0,11.0,1.0
12200,129.0,217.0,1.0
12201,71.0,227.0,1.0
12202,268.0,134.0,1.0
12203,102.0,440.0,1.0
12204,182.0,94.0,1.0
12205,82.0,111.0,1.0
12206,90.0,220.0,1.0
12207,97.0,202.0,1.0
12208,218.0,119.0,1.0
12209,224.0,343.0,1.0
12210,47.0,126.0,1.0
12211,211.0,38.0,1.0
12212,209.0,204.0,1.0
12213,184.0,115.0,1.0
12214,242.0,310.0,1.0
12215,193.0,147.0,1.0
12216,81.0,412.0,1.0
12217,1.0,82.0,1.0
12218,22.0,90.0,1.0
12219,136.0,190.0,1.0
12220,220.0,582.0,1.0
12221,224.0,33.0,1.0
12222,214.0,38.0,1.0
12223,162.0,95.0,1.0
12224,206.0,10.0,1.0
12225,85.0,154.0,1.0
12226,48.0,259.0,1.0
12227,106.0,69.0,1.0
12228,113.0,17.0,1.0
12229,117.0,95.0,1.0
12230,16.0,71.0,1.0
12231,165.0,511.0,1.0
12232,31.0,452.0,1.0
12233,77.0,10.0,1.0
12234,162.0,240.0,1.0
12235,51.0,357.0,1.0
12236,117.0,584.0,1.0
12237,164.0,91.0,1.0
12238,184.0,367.0,1.0
12239,23.0,133.0,1.0
12240,39.0,434.0,1.0
12241,100.0,416.0,1.0
12242,52.0,132.0,1.0
12243,53.0,1.0,1.0
12244,45.0,407.0,1.0
12245,75.0,216.0,1.0
12246,26.0,408.0,1.0
12247,104.0,358.0,1.0
12248,218.0,487.0,1.0
12249,26.0,92.0,1.0
12250,86.0,377.0,1.0
12251,207.0,441.0,1.0
12252,259.0,38.0,1.0
12253,240.0,241.0,1.0
12254,135.0,548.0,1.0
12255,155.0,459.0,1.0
12256,165.0,249.0,1.0
12257,105.0,77.0,1.0
12258,17.0,12.0,1.0
12259,262.0,124.0,1.0
12260,123.0,152.0,1.0
12261,53.0,189.0,1.0
12262,219.0,416.0,1.0
12263,147.0,571.0,1.0
12264,34.0,150.0,1.0
12265,128.0,50.0,1.0
12266,203.0,347.0,1.0
12267,82.0,386.0,1.0
12268,219.0,0.0,1.0
12269,9.0,66.0,1.0
12270,187.0,322.0,1.0
12271,10.0,289.0,1.0
12272,234.0,464.0,1.0
12273,81.0,9.0,1.0
12274,158.0,464.0,1.0
12275,180.0,66.0,1.0
12276,242.0,532.0,1.0
12277,155.0,92.0,1.0
12278,87.0,213.0,1.0
12279,55.0,104.0,1.0
12280,1.0,27.0,1.0
12281,102.0,367.0,1.0
12282,191.0,73.0,1.0
12283,224.0,266.0,1.0
12284,149.0,3.0,1.0
12285,16.0,247.0,1.0
12286,135.0,214.0,1.0
12287,105.0,273.0,1.0
12288,189.0,523.0,1.0
12289,151.0,146.0,1.0
12290,98.0,429.0,1.0
12291,87.0,131.0,1.0
12292,135.0,310.0,1.0
12293,147.0,508.0,1.0
12294,129.0,0.0,1.0
12295,234.0,61.0,1.0
12296,132.0,429.0,1.0
12297,266.0,202.0,1.0
12298,64.0,507.0,1.0
12299,227.0,478.0,1.0
12300,194.0,532.0,1.0
12301,102.0,118.0,1.0
12302,47.0,110.0,1.0
12303,33.0,293.0,1.0
12304,178.0,247.0,1.0
12305,193.0,91.0,1.0
12306,65.0,133.0,1.0
12307,60.0,66.0,1.0
12308,200.0,36.0,1.0
12309,203.0,314.0,1.0
12310,180.0,289.0,1.0
12311,200.0,220.0,1.0
12312,234.0,501.0,1.0
12313,9.0,276.0,1.0
12314,34.0,415.0,1.0
12315,232.0,77.0,1.0
12316,264.0,2.0,1.0
12317,253.0,86.0,1.0
12318,32.0,139.0,1.0
12319,78.0,3.0,1.0
12320,103.0,27.0,1.0
12321,178.0,146.0,1.0
12322,175.0,391.0,1.0
12323,77.0,230.0,1.0
12324,132.0,38.0,1.0
12325,266.0,3.0,1.0
12326,188.0,216.0,1.0
12327,229.0,160.0,1.0
12328,10.0,83.0,1.0
12329,234.0,81.0,1.0
12330,268.0,50.0,1.0
12331,51.0,108.0,1.0
12332,191.0,35.0,1.0
12333,185.0,332.0,1.0
12334,113.0,175.0,1.0
12335,200.0,264.0,1.0
12336,256.0,69.0,1.0
12337,53.0,464.0,1.0
12338,266.0,588.0,1.0
12339,71.0,74.0,1.0
12340,116.0,263.0,1.0
12341,108.0,136.0,1.0
12342,89.0,596.0,1.0
12343,127.0,95.0,1.0
12344,178.0,423.0,1.0
12345,205.0,172.0,1.0
12346,207.0,219.0,1.0
12347,78.0,424.0,1.0
12348,183.0,44.0,1.0
12349,149.0,496.0,1.0
12350,144.0,251.0,1.0
12351,267.0,245.0,1.0
12352,200.0,354.0,1.0
12353,74.0,429.0,1.0
12354,175.0,294.0,1.0
12355,218.0,145.0,1.0
12356,113.0,445.0,1.0
12357,133.0,121.0,1.0
12358,89.0,104.0,1.0
12359,9.0,27.0,1.0
12360,2.0,128.0,1.0
12361,82.0,389.0,1.0
12362,126.0,15.0,1.0
12363,246.0,79.0,1.0
12364,247.0,31.0,1.0
12365,63.0,382.0,1.0
12366,102.0,313.0,1.0
12367,60.0,227.0,1.0
12368,113.0,475.0,1.0
12369,49.0,399.0,1.0
12370,91.0,193.0,1.0
12371,123.0,36.0,1.0
12372,177.0,294.0,1.0
12373,266.0,40.0,1.0
12374,186.0,349.0,1.0
12375,230.0,190.0,1.0
12376,113.0,230.0,1.0
12377,129.0,230.0,1.0
12378,234.0,202.0,1.0
12379,135.0,411.0,1.0
12380,211.0,227.0,1.0
12381,182.0,332.0,1.0
12382,211.0,498.0,1.0
12383,81.0,399.0,1.0
12384,130.0,204.0,1.0
12385,203.0,178.0,1.0
12386,102.0,326.0,1.0
12387,195.0,128.0,1.0
12388,128.0,255.0,1.0
12389,48.0,76.0,1.0
12390,148.0,567.0,1.0
12391,100.0,196.0,1.0
12392,150.0,403.0,1.0
12393,125.0,424.0,1.0
12394,178.0,270.0,1.0
12395,264.0,364.0,1.0
12396,95.0,320.0,1.0
12397,209.0,225.0,1.0
12398,255.0,169.0,1.0
12399,75.0,177.0,1.0
12400,85.0,308.0,1.0
12401,249.0,120.0,1.0
12402,149.0,364.0,1.0
12403,82.0,529.0,1.0
12404,78.0,224.0,1.0
12405,87.0,545.0,1.0
12406,262.0,341.0,1.0
12407,129.0,394.0,1.0
12408,250.0,0.0,1.0
12409,78.0,394.0,1.0
12410,37.0,129.0,1.0
12411,264.0,313.0,1.0
12412,126.0,415.0,1.0
12413,155.0,274.0,1.0
12414,91.0,161.0,1.0
12415,227.0,112.0,1.0
12416,156.0,92.0,1.0
12417,108.0,296.0,1.0
12418,239.0,249.0,1.0
12419,42.0,69.0,1.0
12420,133.0,10.0,1.0
12421,47.0,3.0,1.0
12422,52.0,21.0,1.0
12423,152.0,148.0,1.0
12424,145.0,394.0,1.0
12425,42.0,11.0,1.0
12426,11.0,58.0,1.0
12427,65.0,530.0,1.0
12428,17.0,396.0,1.0
12429,212.0,368.0,1.0
12430,91.0,182.0,1.0
12431,128.0,79.0,1.0
12432,218.0,251.0,1.0
12433,142.0,205.0,1.0
12434,248.0,518.0,1.0
12435,71.0,91.0,1.0
12436,259.0,185.0,1.0
12437,130.0,147.0,1.0
12438,123.0,103.0,1.0
12439,218.0,495.0,1.0
12440,150.0,145.0,1.0
12441,127.0,426.0,1.0
12442,79.0,1.0,1.0
12443,136.0,8.0,1.0
12444,31.0,263.0,1.0
12445,79.0,380.0,1.0
12446,92.0,203.0,1.0
12447,71.0,47.0,1.0
12448,189.0,164.0,1.0
12449,123.0,49.0,1.0
12450,142.0,382.0,1.0
12451,138.0,362.0,1.0
12452,52.0,125.0,1.0
12453,82.0,25.0,1.0
12454,32.0,238.0,1.0
12455,197.0,402.0,1.0
12456,147.0,226.0,1.0
12457,182.0,203.0,1.0
12458,242.0,11.0,1.0
12459,116.0,261.0,1.0
12460,28.0,77.0,1.0
12461,218.0,30.0,1.0
12462,185.0,92.0,1.0
12463,189.0,541.0,1.0
12464,172.0,213.0,1.0
12465,71.0,127.0,1.0
12466,90.0,171.0,1.0
12467,52.0,456.0,1.0
12468,218.0,173.0,1.0
12469,78.0,326.0,1.0
12470,135.0,569.0,1.0
12471,81.0,38.0,1.0
12472,245.0,12.0,1.0
12473,194.0,529.0,1.0
12474,56.0,268.0,1.0
12475,261.0,58.0,1.0
12476,86.0,289.0,1.0
12477,164.0,209.0,1.0
12478,261.0,291.0,1.0
12479,60.0,191.0,1.0
12480,117.0,414.0,1.0
12481,79.0,360.0,1.0
12482,262.0,146.0,1.0
12483,227.0,285.0,1.0
12484,44.0,7.0,1.0
12485,35.0,169.0,1.0
12486,201.0,47.0,1.0
12487,153.0,185.0,1.0
12488,211.0,514.0,1.0
12489,30.0,448.0,1.0
12490,104.0,562.0,1.0
12491,52.0,400.0,1.0
12492,91.0,146.0,1.0
12493,162.0,36.0,1.0
12494,109.0,74.0,1.0
12495,98.0,434.0,1.0
12496,138.0,9.0,1.0
12497,171.0,135.0,1.0
12498,122.0,578.0,1.0
12499,130.0,321.0,1.0
12500,185.0,104.0,1.0
12501,190.0,79.0,1.0
12502,135.0,59.0,1.0
12503,129.0,528.0,1.0
12504,122.0,90.0,1.0
12505,97.0,10.0,1.0
12506,88.0,232.0,1.0
12507,185.0,89.0,1.0
12508,84.0,247.0,1.0
12509,103.0,226.0,1.0
12510,128.0,11.0,1.0
12511,225.0,28.0,1.0
12512,217.0,596.0,1.0
12513,97.0,111.0,1.0
12514,223.0,415.0,1.0
12515,168.0,239.0,1.0
12516,232.0,69.0,1.0
12517,207.0,117.0,1.0
12518,178.0,44.0,1.0
12519,162.0,9.0,1.0
12520,91.0,52.0,1.0
12521,182.0,494.0,1.0
12522,239.0,111.0,1.0
12523,42.0,186.0,1.0
12524,221.0,310.0,1.0
12525,202.0,257.0,1.0
12526,187.0,382.0,1.0
12527,160.0,100.0,1.0
12528,89.0,8.0,1.0
12529,136.0,230.0,1.0
12530,148.0,95.0,1.0
12531,29.0,130.0,1.0
12532,237.0,47.0,1.0
12533,189.0,315.0,1.0
12534,115.0,59.0,1.0
12535,9.0,44.0,1.0
12536,117.0,150.0,1.0
12537,87.0,317.0,1.0
12538,81.0,410.0,1.0
12539,223.0,124.0,1.0
12540,105.0,532.0,1.0
12541,153.0,59.0,1.0
12542,262.0,216.0,1.0
12543,144.0,89.0,1.0
12544,153.0,249.0,1.0
12545,141.0,296.0,1.0
12546,126.0,402.0,1.0
12547,84.0,72.0,1.0
12548,135.0,504.0,1.0
12549,96.0,92.0,1.0
12550,22.0,149.0,1.0
12551,33.0,147.0,1.0
12552,115.0,111.0,1.0
12553,132.0,224.0,1.0
12554,261.0,109.0,1.0
12555,104.0,362.0,1.0
12556,182.0,310.0,1.0
12557,178.0,223.0,1.0
12558,3.0,115.0,1.0
12559,229.0,111.0,1.0
12560,195.0,272.0,1.0
12561,199.0,44.0,1.0
12562,51.0,463.0,1.0
12563,243.0,234.0,1.0
12564,224.0,79.0,1.0
12565,175.0,39.0,1.0
12566,145.0,185.0,1.0
12567,102.0,155.0,1.0
12568,127.0,73.0,1.0
12569,206.0,120.0,1.0
12570,244.0,146.0,1.0
12571,208.0,138.0,1.0
12572,13.0,342.0,1.0
12573,203.0,62.0,1.0
12574,225.0,242.0,1.0
12575,183.0,310.0,1.0
12576,62.0,10.0,1.0
12577,145.0,87.0,1.0
12578,164.0,195.0,1.0
12579,159.0,62.0,1.0
12580,148.0,245.0,1.0
12581,22.0,116.0,1.0
12582,144.0,385.0,1.0
12583,249.0,47.0,1.0
12584,100.0,434.0,1.0
12585,106.0,310.0,1.0
12586,127.0,517.0,1.0
12587,16.0,269.0,1.0
12588,82.0,150.0,1.0
12589,56.0,546.0,1.0
12590,6.0,220.0,1.0
12591,224.0,528.0,1.0
12592,235.0,385.0,1.0
12593,160.0,172.0,1.0
12594,223.0,306.0,1.0
12595,202.0,10.0,1.0
12596,99.0,81.0,1.0
12597,130.0,310.0,1.0
12598,187.0,12.0,1.0
12599,27.0,122.0,1.0
12600,88.0,241.0,1.0
12601,56.0,372.0,1.0
12602,261.0,146.0,1.0
12603,141.0,480.0,1.0
12604,44.0,284.0,1.0
12605,108.0,221.0,1.0
12606,48.0,40.0,1.0
12607,222.0,208.0,1.0
12608,226.0,21.0,1.0
12609,58.0,142.0,1.0
12610,100.0,204.0,1.0
12611,264.0,293.0,1.0
12612,182.0,436.0,1.0
12613,56.0,252.0,1.0
12614,219.0,49.0,1.0
12615,191.0,295.0,1.0
12616,202.0,134.0,1.0
12617,205.0,350.0,1.0
12618,114.0,67.0,1.0
12619,74.0,127.0,1.0
12620,136.0,66.0,1.0
12621,198.0,103.0,1.0
12622,138.0,115.0,1.0
12623,59.0,399.0,1.0
12624,257.0,62.0,1.0
12625,141.0,60.0,1.0
12626,160.0,181.0,1.0
12627,87.0,92.0,1.0
12628,260.0,382.0,1.0
12629,105.0,66.0,1.0
12630,121.0,66.0,1.0
12631,224.0,44.0,1.0
12632,156.0,10.0,1.0
12633,154.0,497.0,1.0
12634,136.0,236.0,1.0
12635,225.0,65.0,1.0
12636,225.0,559.0,1.0
12637,69.0,111.0,1.0
12638,87.0,579.0,1.0
12639,226.0,575.0,1.0
12640,249.0,150.0,1.0
12641,219.0,91.0,1.0
12642,183.0,172.0,1.0
12643,130.0,354.0,1.0
12644,9.0,120.0,1.0
12645,168.0,85.0,1.0
12646,141.0,0.0,1.0
12647,188.0,388.0,1.0
12648,107.0,223.0,1.0
12649,84.0,83.0,1.0
12650,186.0,228.0,1.0
12651,165.0,339.0,1.0
12652,136.0,151.0,1.0
12653,162.0,367.0,1.0
12654,65.0,572.0,1.0
12655,53.0,277.0,1.0
12656,189.0,116.0,1.0
12657,19.0,153.0,1.0
12658,130.0,92.0,1.0
12659,128.0,487.0,1.0
12660,149.0,10.0,1.0
12661,74.0,331.0,1.0
12662,177.0,241.0,1.0
12663,45.0,204.0,1.0
12664,90.0,212.0,1.0
12665,259.0,354.0,1.0
12666,133.0,378.0,1.0
12667,89.0,144.0,1.0
12668,224.0,103.0,1.0
12669,148.0,223.0,1.0
12670,176.0,229.0,1.0
12671,59.0,92.0,1.0
12672,217.0,220.0,1.0
12673,64.0,320.0,1.0
12674,149.0,274.0,1.0
12675,73.0,120.0,1.0
12676,93.0,25.0,1.0
12677,16.0,37.0,1.0
12678,268.0,47.0,1.0
12679,150.0,133.0,1.0
12680,88.0,221.0,1.0
12681,261.0,106.0,1.0
12682,183.0,532.0,1.0
12683,56.0,147.0,1.0
12684,102.0,38.0,1.0
12685,82.0,285.0,1.0
12686,10.0,304.0,1.0
12687,65.0,27.0,1.0
12688,37.0,177.0,1.0
12689,65.0,77.0,1.0
12690,145.0,47.0,1.0
12691,134.0,220.0,1.0
12692,102.0,89.0,1.0
12693,211.0,474.0,1.0
12694,206.0,92.0,1.0
12695,39.0,393.0,1.0
12696,53.0,396.0,1.0
12697,232.0,55.0,1.0
12698,89.0,221.0,1.0
12699,226.0,529.0,1.0
12700,45.0,219.0,1.0
12701,81.0,382.0,1.0
12702,89.0,66.0,1.0
12703,164.0,61.0,1.0
12704,82.0,9.0,1.0
12705,32.0,312.0,1.0
12706,64.0,455.0,1.0
12707,10.0,98.0,1.0
12708,206.0,146.0,1.0
12709,218.0,282.0,1.0
12710,203.0,463.0,1.0
12711,181.0,202.0,1.0
12712,44.0,31.0,1.0
12713,105.0,64.0,1.0
12714,88.0,222.0,1.0
12715,230.0,438.0,1.0
12716,81.0,315.0,1.0
12717,34.0,24.0,1.0
12718,82.0,381.0,1.0
12719,148.0,156.0,1.0
12720,245.0,207.0,1.0
12721,224.0,4.0,1.0
12722,159.0,22.0,1.0
12723,115.0,33.0,1.0
12724,44.0,255.0,1.0
12725,262.0,164.0,1.0
12726,147.0,227.0,1.0
12727,122.0,1.0,1.0
12728,240.0,388.0,1.0
12729,189.0,514.0,1.0
12730,59.0,10.0,1.0
12731,117.0,125.0,1.0
12732,147.0,70.0,1.0
12733,216.0,170.0,1.0
12734,191.0,109.0,1.0
12735,144.0,54.0,1.0
12736,85.0,448.0,1.0
12737,68.0,62.0,1.0
12738,256.0,571.0,1.0
12739,147.0,143.0,1.0
12740,21.0,343.0,1.0
12741,217.0,475.0,1.0
12742,268.0,313.0,1.0
12743,258.0,191.0,1.0
12744,200.0,300.0,1.0
12745,229.0,181.0,1.0
12746,200.0,83.0,1.0
12747,257.0,234.0,1.0
12748,175.0,11.0,1.0
12749,203.0,93.0,1.0
12750,233.0,388.0,1.0
12751,129.0,429.0,1.0
12752,162.0,306.0,1.0
12753,175.0,210.0,1.0
12754,89.0,81.0,1.0
12755,125.0,84.0,1.0
12756,141.0,10.0,1.0
12757,62.0,204.0,1.0
12758,226.0,204.0,1.0
12759,82.0,119.0,1.0
12760,89.0,138.0,1.0
12761,34.0,45.0,1.0
12762,244.0,410.0,1.0
12763,183.0,49.0,1.0
12764,237.0,45.0,1.0
12765,266.0,415.0,1.0
12766,34.0,134.0,1.0
12767,205.0,115.0,1.0
12768,9.0,65.0,1.0
12769,200.0,458.0,1.0
12770,24.0,12.0,1.0
12771,114.0,70.0,1.0
12772,207.0,263.0,1.0
12773,58.0,203.0,1.0
12774,266.0,114.0,1.0
12775,105.0,132.0,1.0
12776,263.0,294.0,1.0
12777,130.0,59.0,1.0
12778,84.0,582.0,1.0
12779,149.0,544.0,1.0
12780,29.0,56.0,1.0
12781,132.0,277.0,1.0
12782,182.0,35.0,1.0
12783,49.0,130.0,1.0
12784,262.0,134.0,1.0
12785,242.0,126.0,1.0
12786,149.0,219.0,1.0
12787,164.0,388.0,1.0
12788,236.0,134.0,1.0
12789,69.0,192.0,1.0
12790,116.0,491.0,1.0
12791,262.0,60.0,1.0
12792,220.0,194.0,1.0
12793,158.0,199.0,1.0
12794,142.0,122.0,1.0
12795,89.0,216.0,1.0
12796,194.0,282.0,1.0
12797,116.0,69.0,1.0
12798,195.0,552.0,1.0
12799,56.0,319.0,1.0
12800,133.0,22.0,1.0
12801,203.0,111.0,1.0
12802,69.0,135.0,1.0
12803,121.0,214.0,1.0
12804,165.0,69.0,1.0
12805,264.0,57.0,1.0
12806,256.0,92.0,1.0
12807,234.0,206.0,1.0
12808,175.0,317.0,1.0
12809,225.0,266.0,1.0
12810,226.0,540.0,1.0
12811,71.0,477.0,1.0
12812,86.0,474.0,1.0
12813,8.0,250.0,1.0
12814,28.0,431.0,1.0
12815,150.0,279.0,1.0
12816,96.0,146.0,1.0
12817,185.0,91.0,1.0
12818,234.0,191.0,1.0
12819,11.0,225.0,1.0
12820,102.0,214.0,1.0
12821,147.0,264.0,1.0
12822,96.0,148.0,1.0
12823,87.0,141.0,1.0
12824,181.0,571.0,1.0
12825,69.0,133.0,1.0
12826,150.0,127.0,1.0
12827,85.0,61.0,1.0
12828,51.0,400.0,1.0
12829,150.0,150.0,1.0
12830,30.0,147.0,1.0
12831,42.0,386.0,1.0
12832,178.0,161.0,1.0
12833,205.0,39.0,1.0
12834,44.0,159.0,1.0
12835,52.0,412.0,1.0
12836,104.0,291.0,1.0
12837,251.0,103.0,1.0
12838,263.0,326.0,1.0
12839,101.0,224.0,1.0
12840,122.0,328.0,1.0
12841,138.0,228.0,1.0
12842,127.0,104.0,1.0
12843,45.0,253.0,1.0
12844,126.0,132.0,1.0
12845,182.0,119.0,1.0
12846,82.0,143.0,1.0
12847,34.0,388.0,1.0
12848,242.0,327.0,1.0
12849,17.0,407.0,1.0
12850,58.0,290.0,1.0
12851,133.0,579.0,1.0
12852,123.0,89.0,1.0
12853,102.0,74.0,1.0
12854,81.0,44.0,1.0
12855,74.0,511.0,1.0
12856,203.0,47.0,1.0
12857,188.0,384.0,1.0
12858,117.0,207.0,1.0
12859,195.0,253.0,1.0
12860,196.0,58.0,1.0
12861,183.0,334.0,1.0
12862,178.0,20.0,1.0
12863,26.0,146.0,1.0
12864,75.0,215.0,1.0
12865,57.0,397.0,1.0
12866,52.0,131.0,1.0
12867,82.0,179.0,1.0
12868,189.0,94.0,1.0
12869,98.0,146.0,1.0
12870,29.0,11.0,1.0
12871,145.0,15.0,1.0
12872,102.0,478.0,1.0
12873,199.0,147.0,1.0
12874,17.0,229.0,1.0
12875,74.0,216.0,1.0
12876,256.0,36.0,1.0
12877,102.0,33.0,1.0
12878,62.0,381.0,1.0
12879,128.0,252.0,1.0
12880,189.0,129.0,1.0
12881,116.0,87.0,1.0
12882,126.0,193.0,1.0
12883,65.0,534.0,1.0
12884,60.0,195.0,1.0
12885,10.0,156.0,1.0
12886,75.0,344.0,1.0
12887,218.0,301.0,1.0
12888,72.0,226.0,1.0
12889,141.0,223.0,1.0
12890,128.0,584.0,1.0
12891,32.0,57.0,1.0
12892,185.0,111.0,1.0
12893,124.0,194.0,1.0
12894,16.0,38.0,1.0
12895,167.0,90.0,1.0
12896,147.0,568.0,1.0
12897,214.0,107.0,1.0
12898,34.0,272.0,1.0
12899,144.0,387.0,1.0
12900,71.0,403.0,1.0
12901,230.0,40.0,1.0
12902,153.0,44.0,1.0
12903,77.0,86.0,1.0
12904,51.0,501.0,1.0
12905,156.0,151.0,1.0
12906,87.0,205.0,1.0
12907,165.0,84.0,1.0
12908,104.0,187.0,1.0
12909,168.0,58.0,1.0
12910,248.0,42.0,1.0
12911,71.0,92.0,1.0
12912,65.0,100.0,1.0
12913,32.0,73.0,1.0
12914,238.0,54.0,1.0
12915,87.0,114.0,1.0
12916,159.0,92.0,1.0
12917,145.0,32.0,1.0
12918,100.0,536.0,1.0
12919,224.0,257.0,1.0
12920,63.0,473.0,1.0
12921,146.0,203.0,1.0
12922,74.0,156.0,1.0
12923,175.0,209.0,1.0
12924,106.0,352.0,1.0
12925,172.0,569.0,1.0
12926,251.0,38.0,1.0
12927,56.0,499.0,1.0
12928,116.0,239.0,1.0
12929,224.0,0.0,1.0
12930,84.0,511.0,1.0
12931,249.0,115.0,1.0
12932,200.0,69.0,1.0
12933,259.0,403.0,1.0
12934,267.0,434.0,1.0
12935,247.0,208.0,1.0
12936,37.0,47.0,1.0
12937,89.0,186.0,1.0
12938,242.0,208.0,1.0
12939,94.0,384.0,1.0
12940,84.0,463.0,1.0
12941,56.0,239.0,1.0
12942,178.0,133.0,1.0
12943,75.0,438.0,1.0
12944,188.0,126.0,1.0
12945,257.0,348.0,1.0
12946,216.0,11.0,1.0
12947,160.0,493.0,1.0
12948,82.0,233.0,1.0
12949,258.0,113.0,1.0
12950,96.0,120.0,1.0
12951,233.0,22.0,1.0
12952,183.0,496.0,1.0
12953,116.0,182.0,1.0
12954,210.0,197.0,1.0
12955,89.0,217.0,1.0
12956,147.0,75.0,1.0
12957,223.0,9.0,1.0
12958,183.0,157.0,1.0
12959,165.0,24.0,1.0
12960,177.0,485.0,1.0
12961,224.0,272.0,1.0
12962,1.0,21.0,1.0
12963,42.0,320.0,1.0
12964,200.0,546.0,1.0
12965,98.0,287.0,1.0
12966,136.0,504.0,1.0
12967,95.0,273.0,1.0
12968,79.0,352.0,1.0
12969,148.0,194.0,1.0
12970,135.0,199.0,1.0
12971,149.0,398.0,1.0
12972,150.0,134.0,1.0
12973,136.0,81.0,1.0
12974,264.0,442.0,1.0
12975,207.0,320.0,1.0
12976,84.0,282.0,1.0
12977,228.0,186.0,1.0
12978,245.0,409.0,1.0
12979,51.0,280.0,1.0
12980,132.0,95.0,1.0
12981,197.0,320.0,1.0
12982,261.0,90.0,1.0
12983,191.0,161.0,1.0
12984,53.0,471.0,1.0
12985,3.0,136.0,1.0
12986,147.0,173.0,1.0
12987,127.0,420.0,1.0
12988,112.0,282.0,1.0
12989,137.0,10.0,1.0
12990,144.0,496.0,1.0
12991,208.0,441.0,1.0
12992,86.0,190.0,1.0
12993,218.0,122.0,1.0
12994,2.0,121.0,1.0
12995,104.0,104.0,1.0
12996,64.0,9.0,1.0
12997,115.0,3.0,1.0
12998,14.0,346.0,1.0
12999,177.0,9.0,1.0
13000,108.0,555.0,1.0
13001,82.0,44.0,1.0
13002,128.0,253.0,1.0
13003,69.0,195.0,1.0
13004,82.0,240.0,1.0
13005,149.0,342.0,1.0
13006,113.0,52.0,1.0
13007,168.0,136.0,1.0
13008,64.0,153.0,1.0
13009,75.0,201.0,1.0
13010,87.0,4.0,1.0
13011,189.0,146.0,1.0
13012,213.0,50.0,1.0
13013,91.0,572.0,1.0
13014,39.0,305.0,1.0
13015,145.0,168.0,1.0
13016,63.0,117.0,1.0
13017,44.0,103.0,1.0
13018,53.0,93.0,1.0
13019,65.0,182.0,1.0
13020,249.0,143.0,1.0
13021,110.0,445.0,1.0
13022,178.0,190.0,1.0
13023,98.0,10.0,1.0
13024,8.0,249.0,1.0
13025,1.0,32.0,1.0
13026,233.0,266.0,1.0
13027,203.0,157.0,1.0
13028,116.0,223.0,1.0
13029,239.0,104.0,1.0
13030,175.0,558.0,1.0
13031,180.0,354.0,1.0
13032,64.0,130.0,1.0
13033,173.0,253.0,1.0
13034,167.0,257.0,1.0
13035,92.0,103.0,1.0
13036,6.0,156.0,1.0
13037,136.0,533.0,1.0
13038,231.0,556.0,1.0
13039,130.0,39.0,1.0
13040,205.0,57.0,1.0
13041,129.0,205.0,1.0
13042,84.0,64.0,1.0
13043,201.0,311.0,1.0
13044,11.0,305.0,1.0
13045,238.0,103.0,1.0
13046,200.0,299.0,1.0
13047,71.0,8.0,1.0
13048,64.0,301.0,1.0
13049,180.0,436.0,1.0
13050,36.0,36.0,1.0
13051,105.0,319.0,1.0
13052,183.0,247.0,1.0
13053,173.0,47.0,1.0
13054,147.0,180.0,1.0
13055,210.0,504.0,1.0
13056,172.0,127.0,1.0
13057,116.0,358.0,1.0
13058,102.0,537.0,1.0
13059,71.0,520.0,1.0
13060,148.0,39.0,1.0
13061,145.0,238.0,1.0
13062,82.0,26.0,1.0
13063,39.0,241.0,1.0
13064,167.0,130.0,1.0
13065,54.0,146.0,1.0
13066,136.0,3.0,1.0
13067,64.0,126.0,1.0
13068,241.0,100.0,1.0
13069,244.0,127.0,1.0
13070,159.0,309.0,1.0
13071,147.0,215.0,1.0
13072,249.0,129.0,1.0
13073,195.0,332.0,1.0
13074,116.0,537.0,1.0
13075,51.0,125.0,1.0
13076,12.0,322.0,1.0
13077,226.0,49.0,1.0
13078,48.0,427.0,1.0
13079,132.0,222.0,1.0
13080,98.0,24.0,1.0
13081,230.0,379.0,1.0
13082,236.0,103.0,1.0
13083,129.0,213.0,1.0
13084,155.0,44.0,1.0
13085,81.0,375.0,1.0
13086,114.0,61.0,1.0
13087,169.0,560.0,1.0
13088,156.0,180.0,1.0
13089,128.0,420.0,1.0
13090,102.0,92.0,1.0
13091,189.0,420.0,1.0
13092,117.0,117.0,1.0
13093,91.0,320.0,1.0
13094,186.0,380.0,1.0
13095,132.0,14.0,1.0
13096,138.0,125.0,1.0
13097,82.0,109.0,1.0
13098,52.0,278.0,1.0
13099,182.0,485.0,1.0
13100,135.0,185.0,1.0
13101,139.0,100.0,1.0
13102,189.0,277.0,1.0
13103,219.0,378.0,1.0
13104,163.0,250.0,1.0
13105,259.0,448.0,1.0
13106,82.0,113.0,1.0
13107,55.0,120.0,1.0
13108,149.0,127.0,1.0
13109,250.0,77.0,1.0
13110,86.0,146.0,1.0
13111,97.0,100.0,1.0
13112,150.0,556.0,1.0
13113,185.0,202.0,1.0
13114,214.0,40.0,1.0
13115,225.0,270.0,1.0
13116,16.0,255.0,1.0
13117,225.0,64.0,1.0
13118,260.0,120.0,1.0
13119,102.0,319.0,1.0
13120,74.0,10.0,1.0
13121,50.0,113.0,1.0
13122,210.0,92.0,1.0
13123,12.0,208.0,1.0
13124,11.0,310.0,1.0
13125,261.0,111.0,1.0
13126,85.0,261.0,1.0
13127,134.0,437.0,1.0
13128,130.0,60.0,1.0
13129,71.0,327.0,1.0
13130,107.0,81.0,1.0
13131,58.0,242.0,1.0
13132,223.0,265.0,1.0
13133,44.0,13.0,1.0
13134,31.0,10.0,1.0
13135,81.0,343.0,1.0
13136,145.0,465.0,1.0
13137,89.0,402.0,1.0
13138,259.0,209.0,1.0
13139,171.0,97.0,1.0
13140,224.0,523.0,1.0
13141,71.0,290.0,1.0
13142,31.0,220.0,1.0
13143,9.0,39.0,1.0
13144,248.0,19.0,1.0
13145,233.0,64.0,1.0
13146,214.0,194.0,1.0
13147,13.0,105.0,1.0
13148,31.0,208.0,1.0
13149,46.0,266.0,1.0
13150,170.0,426.0,1.0
13151,16.0,369.0,1.0
13152,230.0,177.0,1.0
13153,163.0,168.0,1.0
13154,81.0,378.0,1.0
13155,125.0,141.0,1.0
13156,48.0,158.0,1.0
13157,141.0,20.0,1.0
13158,51.0,268.0,1.0
13159,211.0,410.0,1.0
13160,129.0,50.0,1.0
13161,125.0,147.0,1.0
13162,153.0,100.0,1.0
13163,65.0,488.0,1.0
13164,238.0,281.0,1.0
13165,45.0,284.0,1.0
13166,33.0,143.0,1.0
13167,218.0,179.0,1.0
13168,211.0,499.0,1.0
13169,189.0,16.0,1.0
13170,116.0,34.0,1.0
13171,199.0,179.0,1.0
13172,153.0,138.0,1.0
13173,65.0,39.0,1.0
13174,101.0,81.0,1.0
13175,234.0,117.0,1.0
13176,232.0,64.0,1.0
13177,253.0,555.0,1.0
13178,129.0,279.0,1.0
13179,199.0,12.0,1.0
13180,229.0,147.0,1.0
13181,248.0,362.0,1.0
13182,75.0,71.0,1.0
13183,10.0,168.0,1.0
13184,102.0,297.0,1.0
13185,199.0,11.0,1.0
13186,137.0,62.0,1.0
13187,147.0,542.0,1.0
13188,206.0,111.0,1.0
13189,245.0,97.0,1.0
13190,64.0,505.0,1.0
13191,61.0,420.0,1.0
13192,169.0,10.0,1.0
13193,162.0,81.0,1.0
13194,266.0,11.0,1.0
13195,90.0,122.0,1.0
13196,225.0,66.0,1.0
13197,157.0,94.0,1.0
13198,126.0,437.0,1.0
13199,245.0,388.0,1.0
13200,22.0,425.0,1.0
13201,37.0,246.0,1.0
13202,28.0,97.0,1.0
13203,89.0,126.0,1.0
13204,81.0,143.0,1.0
13205,126.0,99.0,1.0
13206,136.0,58.0,1.0
13207,155.0,308.0,1.0
13208,39.0,202.0,1.0
13209,194.0,68.0,1.0
13210,143.0,18.0,1.0
13211,182.0,64.0,1.0
13212,149.0,58.0,1.0
13213,213.0,116.0,1.0
13214,119.0,391.0,1.0
13215,65.0,519.0,1.0
13216,64.0,39.0,1.0
13217,156.0,451.0,1.0
13218,117.0,49.0,1.0
13219,236.0,36.0,1.0
13220,102.0,595.0,1.0
13221,145.0,220.0,1.0
13222,135.0,209.0,1.0
13223,84.0,1.0,1.0
13224,87.0,506.0,1.0
13225,138.0,69.0,1.0
13226,257.0,190.0,1.0
13227,191.0,67.0,1.0
13228,130.0,10.0,1.0
13229,200.0,143.0,1.0
13230,178.0,269.0,1.0
13231,214.0,513.0,1.0
13232,58.0,31.0,1.0
13233,28.0,296.0,1.0
13234,56.0,487.0,1.0
13235,22.0,204.0,1.0
13236,177.0,354.0,1.0
13237,94.0,418.0,1.0
13238,237.0,31.0,1.0
13239,261.0,155.0,1.0
13240,179.0,219.0,1.0
13241,119.0,126.0,1.0
13242,246.0,362.0,1.0
13243,78.0,111.0,1.0
13244,69.0,156.0,1.0
13245,75.0,394.0,1.0
13246,130.0,110.0,1.0
13247,64.0,243.0,1.0
13248,191.0,175.0,1.0
13249,69.0,533.0,1.0
13250,228.0,52.0,1.0
13251,105.0,194.0,1.0
13252,205.0,343.0,1.0
13253,266.0,138.0,1.0
13254,78.0,409.0,1.0
13255,176.0,120.0,1.0
13256,141.0,84.0,1.0
13257,96.0,145.0,1.0
13258,196.0,111.0,1.0
13259,81.0,168.0,1.0
13260,244.0,122.0,1.0
13261,56.0,526.0,1.0
13262,230.0,156.0,1.0
13263,259.0,74.0,1.0
13264,35.0,183.0,1.0
13265,195.0,486.0,1.0
13266,165.0,7.0,1.0
13267,82.0,266.0,1.0
13268,126.0,127.0,1.0
13269,156.0,93.0,1.0
13270,233.0,585.0,1.0
13271,162.0,157.0,1.0
13272,82.0,12.0,1.0
13273,51.0,82.0,1.0
13274,189.0,24.0,1.0
13275,193.0,256.0,1.0
13276,117.0,492.0,1.0
13277,84.0,156.0,1.0
13278,116.0,497.0,1.0
13279,198.0,478.0,1.0
13280,228.0,27.0,1.0
13281,11.0,139.0,1.0
13282,45.0,222.0,1.0
13283,234.0,5.0,1.0
13284,75.0,554.0,1.0
13285,259.0,459.0,1.0
13286,82.0,421.0,1.0
13287,108.0,269.0,1.0
13288,123.0,43.0,1.0
13289,133.0,173.0,1.0
13290,8.0,194.0,1.0
13291,97.0,467.0,1.0
13292,78.0,286.0,1.0
13293,228.0,130.0,1.0
13294,158.0,138.0,1.0
13295,207.0,125.0,1.0
13296,58.0,120.0,1.0
13297,50.0,147.0,1.0
13298,52.0,120.0,1.0
13299,78.0,63.0,1.0
13300,149.0,363.0,1.0
13301,191.0,329.0,1.0
13302,84.0,161.0,1.0
13303,69.0,420.0,1.0
13304,232.0,27.0,1.0
13305,164.0,337.0,1.0
13306,228.0,156.0,1.0
13307,44.0,398.0,1.0
13308,179.0,413.0,1.0
13309,99.0,185.0,1.0
13310,122.0,173.0,1.0
13311,229.0,35.0,1.0
13312,126.0,89.0,1.0
13313,158.0,492.0,1.0
13314,177.0,424.0,1.0
13315,30.0,81.0,1.0
13316,147.0,201.0,1.0
13317,64.0,419.0,1.0
13318,56.0,322.0,1.0
13319,44.0,111.0,1.0
13320,82.0,393.0,1.0
13321,234.0,413.0,1.0
13322,32.0,206.0,1.0
13323,229.0,172.0,1.0
13324,145.0,207.0,1.0
13325,129.0,384.0,1.0
13326,175.0,175.0,1.0
13327,223.0,532.0,1.0
13328,251.0,112.0,1.0
13329,125.0,485.0,1.0
13330,143.0,512.0,1.0
13331,44.0,324.0,1.0
13332,126.0,251.0,1.0
13333,201.0,186.0,1.0
13334,238.0,441.0,1.0
13335,214.0,223.0,1.0
13336,104.0,118.0,1.0
13337,11.0,14.0,1.0
13338,126.0,504.0,1.0
13339,213.0,156.0,1.0
13340,70.0,433.0,1.0
13341,130.0,196.0,1.0
13342,228.0,111.0,1.0
13343,161.0,374.0,1.0
13344,159.0,584.0,1.0
13345,117.0,475.0,1.0
13346,261.0,164.0,1.0
13347,82.0,89.0,1.0
13348,226.0,400.0,1.0
13349,82.0,262.0,1.0
13350,158.0,111.0,1.0
13351,149.0,465.0,1.0
13352,226.0,67.0,1.0
13353,185.0,287.0,1.0
13354,16.0,69.0,1.0
13355,17.0,224.0,1.0
13356,77.0,282.0,1.0
13357,106.0,144.0,1.0
13358,158.0,449.0,1.0
13359,32.0,320.0,1.0
13360,245.0,7.0,1.0
13361,62.0,12.0,1.0
13362,78.0,309.0,1.0
13363,129.0,188.0,1.0
13364,60.0,233.0,1.0
13365,149.0,123.0,1.0
13366,35.0,146.0,1.0
13367,122.0,191.0,1.0
13368,82.0,419.0,1.0
13369,242.0,100.0,1.0
13370,115.0,360.0,1.0
13371,173.0,147.0,1.0
13372,158.0,531.0,1.0
13373,136.0,310.0,1.0
13374,153.0,89.0,1.0
13375,96.0,479.0,1.0
13376,74.0,143.0,1.0
13377,102.0,22.0,1.0
13378,18.0,114.0,1.0
13379,148.0,208.0,1.0
13380,200.0,46.0,1.0
13381,114.0,270.0,1.0
13382,182.0,220.0,1.0
13383,105.0,325.0,1.0
13384,122.0,105.0,1.0
13385,51.0,135.0,1.0
13386,81.0,95.0,1.0
13387,202.0,35.0,1.0
13388,50.0,264.0,1.0
13389,182.0,444.0,1.0
13390,22.0,134.0,1.0
13391,87.0,193.0,1.0
13392,211.0,60.0,1.0
13393,211.0,48.0,1.0
13394,30.0,136.0,1.0
13395,126.0,353.0,1.0
13396,224.0,416.0,1.0
13397,193.0,112.0,1.0
13398,96.0,84.0,1.0
13399,185.0,164.0,1.0
13400,78.0,410.0,1.0
13401,229.0,171.0,1.0
13402,182.0,342.0,1.0
13403,67.0,575.0,1.0
13404,104.0,135.0,1.0
13405,162.0,100.0,1.0
13406,136.0,543.0,1.0
13407,38.0,201.0,1.0
13408,147.0,329.0,1.0
13409,156.0,201.0,1.0
13410,33.0,10.0,1.0
13411,44.0,386.0,1.0
13412,181.0,138.0,1.0
13413,177.0,103.0,1.0
13414,36.0,447.0,1.0
13415,87.0,22.0,1.0
13416,130.0,53.0,1.0
13417,229.0,39.0,1.0
13418,85.0,247.0,1.0
13419,129.0,57.0,1.0
13420,52.0,36.0,1.0
13421,223.0,395.0,1.0
13422,6.0,231.0,1.0
13423,183.0,484.0,1.0
13424,133.0,40.0,1.0
13425,13.0,39.0,1.0
13426,90.0,10.0,1.0
13427,194.0,245.0,1.0
13428,255.0,340.0,1.0
13429,149.0,420.0,1.0
13430,123.0,358.0,1.0
13431,189.0,44.0,1.0
13432,183.0,285.0,1.0
13433,187.0,147.0,1.0
13434,73.0,156.0,1.0
13435,44.0,252.0,1.0
13436,113.0,237.0,1.0
13437,194.0,18.0,1.0
13438,262.0,478.0,1.0
13439,150.0,93.0,1.0
13440,226.0,260.0,1.0
13441,136.0,184.0,1.0
13442,64.0,205.0,1.0
13443,17.0,413.0,1.0
13444,242.0,175.0,1.0
13445,147.0,65.0,1.0
13446,156.0,558.0,1.0
13447,49.0,311.0,1.0
13448,17.0,158.0,1.0
13449,77.0,373.0,1.0
13450,60.0,206.0,1.0
13451,83.0,261.0,1.0
13452,140.0,3.0,1.0
13453,89.0,379.0,1.0
13454,184.0,194.0,1.0
13455,232.0,89.0,1.0
13456,165.0,112.0,1.0
13457,130.0,355.0,1.0
13458,230.0,312.0,1.0
13459,156.0,379.0,1.0
13460,144.0,285.0,1.0
13461,242.0,7.0,1.0
13462,132.0,195.0,1.0
13463,223.0,29.0,1.0
13464,126.0,414.0,1.0
13465,9.0,281.0,1.0
13466,191.0,256.0,1.0
13467,89.0,196.0,1.0
13468,114.0,366.0,1.0
13469,147.0,308.0,1.0
13470,205.0,226.0,1.0
13471,182.0,455.0,1.0
13472,259.0,81.0,1.0
13473,168.0,420.0,1.0
13474,117.0,382.0,1.0
13475,144.0,427.0,1.0
13476,19.0,175.0,1.0
13477,91.0,209.0,1.0
13478,196.0,7.0,1.0
13479,157.0,280.0,1.0
13480,123.0,143.0,1.0
13481,102.0,94.0,1.0
13482,69.0,468.0,1.0
13483,147.0,419.0,1.0
13484,64.0,84.0,1.0
13485,228.0,338.0,1.0
13486,22.0,14.0,1.0
13487,13.0,180.0,1.0
13488,208.0,159.0,1.0
13489,106.0,21.0,1.0
13490,214.0,0.0,1.0
13491,129.0,202.0,1.0
13492,161.0,351.0,1.0
13493,29.0,220.0,1.0
13494,155.0,76.0,1.0
13495,162.0,443.0,1.0
13496,176.0,50.0,1.0
13497,39.0,189.0,1.0
13498,91.0,61.0,1.0
13499,86.0,63.0,1.0
13500,228.0,505.0,1.0
13501,164.0,135.0,1.0
13502,133.0,219.0,1.0
13503,66.0,492.0,1.0
13504,203.0,349.0,1.0
13505,58.0,114.0,1.0
13506,141.0,538.0,1.0
13507,171.0,106.0,1.0
13508,208.0,52.0,1.0
13509,119.0,100.0,1.0
13510,60.0,380.0,1.0
13511,171.0,111.0,1.0
13512,186.0,560.0,1.0
13513,141.0,146.0,1.0
13514,65.0,386.0,1.0
13515,126.0,133.0,1.0
13516,129.0,66.0,1.0
13517,207.0,495.0,1.0
13518,180.0,331.0,1.0
13519,102.0,358.0,1.0
13520,247.0,304.0,1.0
13521,68.0,371.0,1.0
13522,117.0,22.0,1.0
13523,205.0,281.0,1.0
13524,195.0,145.0,1.0
13525,247.0,147.0,1.0
13526,130.0,419.0,1.0
13527,57.0,337.0,1.0
13528,205.0,327.0,1.0
13529,164.0,131.0,1.0
13530,52.0,402.0,1.0
13531,87.0,544.0,1.0
13532,145.0,525.0,1.0
13533,141.0,73.0,1.0
13534,200.0,9.0,1.0
13535,36.0,292.0,1.0
13536,182.0,305.0,1.0
13537,153.0,231.0,1.0
13538,162.0,476.0,1.0
13539,245.0,564.0,1.0
13540,217.0,189.0,1.0
13541,195.0,202.0,1.0
13542,59.0,191.0,1.0
13543,82.0,116.0,1.0
13544,25.0,166.0,1.0
13545,117.0,240.0,1.0
13546,248.0,545.0,1.0
13547,19.0,167.0,1.0
13548,53.0,179.0,1.0
13549,74.0,241.0,1.0
13550,178.0,525.0,1.0
13551,164.0,81.0,1.0
13552,129.0,127.0,1.0
13553,122.0,61.0,1.0
13554,46.0,352.0,1.0
13555,164.0,430.0,1.0
13556,180.0,424.0,1.0
13557,155.0,264.0,1.0
13558,145.0,410.0,1.0
13559,52.0,527.0,1.0
13560,102.0,408.0,1.0
13561,81.0,365.0,1.0
13562,32.0,106.0,1.0
13563,113.0,84.0,1.0
13564,1.0,49.0,1.0
13565,262.0,491.0,1.0
13566,163.0,150.0,1.0
13567,158.0,204.0,1.0
13568,72.0,338.0,1.0
13569,16.0,321.0,1.0
13570,113.0,375.0,1.0
13571,229.0,168.0,1.0
13572,100.0,104.0,1.0
13573,16.0,19.0,1.0
13574,246.0,276.0,1.0
13575,160.0,170.0,1.0
13576,78.0,66.0,1.0
13577,242.0,37.0,1.0
13578,205.0,161.0,1.0
13579,84.0,294.0,1.0
13580,223.0,48.0,1.0
13581,65.0,230.0,1.0
13582,202.0,103.0,1.0
13583,194.0,43.0,1.0
13584,258.0,23.0,1.0
13585,205.0,90.0,1.0
13586,268.0,58.0,1.0
13587,78.0,310.0,1.0
13588,142.0,146.0,1.0
13589,167.0,80.0,1.0
13590,18.0,305.0,1.0
13591,156.0,128.0,1.0
13592,65.0,253.0,1.0
13593,51.0,525.0,1.0
13594,60.0,93.0,1.0
13595,90.0,147.0,1.0
13596,122.0,46.0,1.0
13597,108.0,193.0,1.0
13598,123.0,141.0,1.0
13599,224.0,59.0,1.0
13600,48.0,459.0,1.0
13601,15.0,284.0,1.0
13602,58.0,124.0,1.0
13603,32.0,215.0,1.0
13604,39.0,394.0,1.0
13605,144.0,368.0,1.0
13606,147.0,28.0,1.0
13607,49.0,351.0,1.0
13608,52.0,148.0,1.0
13609,180.0,350.0,1.0
13610,181.0,219.0,1.0
13611,117.0,40.0,1.0
13612,199.0,487.0,1.0
13613,128.0,546.0,1.0
13614,210.0,116.0,1.0
13615,117.0,406.0,1.0
13616,199.0,332.0,1.0
13617,75.0,576.0,1.0
13618,75.0,436.0,1.0
13619,84.0,271.0,1.0
13620,121.0,538.0,1.0
13621,164.0,204.0,1.0
13622,93.0,111.0,1.0
13623,105.0,453.0,1.0
13624,178.0,496.0,1.0
13625,182.0,341.0,1.0
13626,182.0,147.0,1.0
13627,165.0,97.0,1.0
13628,52.0,455.0,1.0
13629,180.0,172.0,1.0
13630,101.0,0.0,1.0
13631,132.0,127.0,1.0
13632,223.0,386.0,1.0
13633,164.0,496.0,1.0
13634,248.0,43.0,1.0
13635,257.0,47.0,1.0
13636,65.0,333.0,1.0
13637,102.0,8.0,1.0
13638,107.0,211.0,1.0
13639,87.0,128.0,1.0
13640,157.0,91.0,1.0
13641,150.0,107.0,1.0
13642,207.0,463.0,1.0
13643,226.0,420.0,1.0
13644,78.0,33.0,1.0
13645,85.0,511.0,1.0
13646,147.0,235.0,1.0
13647,75.0,103.0,1.0
13648,226.0,340.0,1.0
13649,199.0,449.0,1.0
13650,81.0,114.0,1.0
13651,85.0,443.0,1.0
13652,114.0,77.0,1.0
13653,207.0,58.0,1.0
13654,259.0,408.0,1.0
13655,178.0,531.0,1.0
13656,136.0,460.0,1.0
13657,44.0,320.0,1.0
13658,74.0,130.0,1.0
13659,99.0,127.0,1.0
13660,246.0,36.0,1.0
13661,129.0,434.0,1.0
13662,141.0,117.0,1.0
13663,9.0,215.0,1.0
13664,71.0,86.0,1.0
13665,116.0,463.0,1.0
13666,75.0,218.0,1.0
13667,94.0,213.0,1.0
13668,91.0,187.0,1.0
13669,89.0,467.0,1.0
13670,182.0,343.0,1.0
13671,116.0,237.0,1.0
13672,142.0,116.0,1.0
13673,178.0,356.0,1.0
13674,44.0,235.0,1.0
13675,97.0,530.0,1.0
13676,53.0,254.0,1.0
13677,69.0,10.0,1.0
13678,182.0,590.0,1.0
13679,64.0,0.0,1.0
13680,248.0,445.0,1.0
13681,205.0,59.0,1.0
13682,117.0,35.0,1.0
13683,115.0,496.0,1.0
13684,250.0,202.0,1.0
13685,228.0,135.0,1.0
13686,123.0,91.0,1.0
13687,228.0,66.0,1.0
13688,82.0,99.0,1.0
13689,144.0,400.0,1.0
13690,234.0,472.0,1.0
13691,247.0,89.0,1.0
13692,255.0,54.0,1.0
13693,261.0,11.0,1.0
13694,105.0,255.0,1.0
13695,256.0,505.0,1.0
13696,264.0,113.0,1.0
13697,135.0,222.0,1.0
13698,130.0,395.0,1.0
13699,180.0,154.0,1.0
13700,228.0,99.0,1.0
13701,225.0,156.0,1.0
13702,65.0,512.0,1.0
13703,212.0,191.0,1.0
13704,59.0,352.0,1.0
13705,209.0,439.0,1.0
13706,156.0,360.0,1.0
13707,94.0,493.0,1.0
13708,52.0,45.0,1.0
13709,230.0,460.0,1.0
13710,49.0,412.0,1.0
13711,226.0,263.0,1.0
13712,135.0,223.0,1.0
13713,83.0,47.0,1.0
13714,196.0,99.0,1.0
13715,244.0,55.0,1.0
13716,126.0,116.0,1.0
13717,88.0,284.0,1.0
13718,138.0,304.0,1.0
13719,65.0,280.0,1.0
13720,95.0,21.0,1.0
13721,17.0,188.0,1.0
13722,194.0,126.0,1.0
13723,29.0,306.0,1.0
13724,217.0,23.0,1.0
13725,263.0,289.0,1.0
13726,29.0,76.0,1.0
13727,223.0,525.0,1.0
13728,238.0,145.0,1.0
13729,130.0,164.0,1.0
13730,165.0,224.0,1.0
13731,159.0,557.0,1.0
13732,78.0,232.0,1.0
13733,95.0,456.0,1.0
13734,128.0,312.0,1.0
13735,58.0,539.0,1.0
13736,150.0,45.0,1.0
13737,166.0,205.0,1.0
13738,182.0,335.0,1.0
13739,182.0,532.0,1.0
13740,256.0,83.0,1.0
13741,56.0,357.0,1.0
13742,101.0,343.0,1.0
13743,19.0,120.0,1.0
13744,116.0,533.0,1.0
13745,39.0,410.0,1.0
13746,62.0,413.0,1.0
13747,249.0,291.0,1.0
13748,203.0,180.0,1.0
13749,148.0,49.0,1.0
13750,223.0,156.0,1.0
13751,33.0,57.0,1.0
13752,56.0,276.0,1.0
13753,128.0,326.0,1.0
13754,127.0,317.0,1.0
13755,230.0,287.0,1.0
13756,209.0,181.0,1.0
13757,135.0,251.0,1.0
13758,186.0,372.0,1.0
13759,264.0,155.0,1.0
13760,64.0,441.0,1.0
13761,90.0,50.0,1.0
13762,80.0,146.0,1.0
13763,64.0,264.0,1.0
13764,148.0,407.0,1.0
13765,217.0,352.0,1.0
13766,164.0,292.0,1.0
13767,226.0,36.0,1.0
13768,127.0,285.0,1.0
13769,235.0,130.0,1.0
13770,65.0,266.0,1.0
13771,225.0,27.0,1.0
13772,132.0,543.0,1.0
13773,149.0,143.0,1.0
13774,232.0,145.0,1.0
13775,165.0,156.0,1.0
13776,234.0,516.0,1.0
13777,207.0,415.0,1.0
13778,203.0,290.0,1.0
13779,105.0,266.0,1.0
13780,203.0,128.0,1.0
13781,186.0,70.0,1.0
13782,189.0,516.0,1.0
13783,44.0,310.0,1.0
13784,42.0,404.0,1.0
13785,155.0,81.0,1.0
13786,149.0,428.0,1.0
13787,97.0,51.0,1.0
13788,182.0,306.0,1.0
13789,183.0,323.0,1.0
13790,97.0,231.0,1.0
13791,19.0,152.0,1.0
13792,207.0,370.0,1.0
13793,67.0,574.0,1.0
13794,57.0,66.0,1.0
13795,52.0,413.0,1.0
13796,63.0,39.0,1.0
13797,155.0,196.0,1.0
13798,60.0,91.0,1.0
13799,79.0,219.0,1.0
13800,90.0,546.0,1.0
13801,17.0,33.0,1.0
13802,178.0,71.0,1.0
13803,183.0,36.0,1.0
13804,102.0,35.0,1.0
13805,5.0,209.0,1.0
13806,125.0,124.0,1.0
13807,58.0,518.0,1.0
13808,106.0,237.0,1.0
13809,27.0,81.0,1.0
13810,113.0,131.0,1.0
13811,205.0,211.0,1.0
13812,56.0,230.0,1.0
13813,85.0,120.0,1.0
13814,193.0,14.0,1.0
13815,185.0,120.0,1.0
13816,39.0,290.0,1.0
13817,9.0,278.0,1.0
13818,198.0,320.0,1.0
13819,128.0,359.0,1.0
13820,5.0,146.0,1.0
13821,218.0,14.0,1.0
13822,18.0,272.0,1.0
13823,249.0,196.0,1.0
13824,187.0,121.0,1.0
13825,9.0,25.0,1.0
13826,128.0,365.0,1.0
13827,96.0,494.0,1.0
13828,101.0,111.0,1.0
13829,102.0,130.0,1.0
13830,149.0,59.0,1.0
13831,189.0,266.0,1.0
13832,209.0,488.0,1.0
13833,256.0,460.0,1.0
13834,221.0,581.0,1.0
13835,193.0,461.0,1.0
13836,156.0,257.0,1.0
13837,150.0,553.0,1.0
13838,135.0,230.0,1.0
13839,51.0,434.0,1.0
13840,45.0,38.0,1.0
13841,138.0,316.0,1.0
13842,121.0,147.0,1.0
13843,109.0,36.0,1.0
13844,232.0,259.0,1.0
13845,130.0,77.0,1.0
13846,178.0,143.0,1.0
13847,69.0,352.0,1.0
13848,104.0,203.0,1.0
13849,13.0,19.0,1.0
13850,0.0,7.0,1.0
13851,44.0,124.0,1.0
13852,262.0,325.0,1.0
13853,225.0,352.0,1.0
13854,165.0,253.0,1.0
13855,171.0,394.0,1.0
13856,242.0,534.0,1.0
13857,45.0,68.0,1.0
13858,45.0,116.0,1.0
13859,248.0,592.0,1.0
13860,105.0,21.0,1.0
13861,17.0,195.0,1.0
13862,185.0,18.0,1.0
13863,4.0,174.0,1.0
13864,175.0,176.0,1.0
13865,31.0,58.0,1.0
13866,223.0,423.0,1.0
13867,127.0,258.0,1.0
13868,181.0,204.0,1.0
13869,75.0,497.0,1.0
13870,148.0,214.0,1.0
13871,64.0,311.0,1.0
13872,243.0,149.0,1.0
13873,259.0,89.0,1.0
13874,136.0,262.0,1.0
13875,52.0,519.0,1.0
13876,200.0,122.0,1.0
13877,71.0,70.0,1.0
13878,208.0,464.0,1.0
13879,164.0,547.0,1.0
13880,149.0,344.0,1.0
13881,237.0,136.0,1.0
13882,156.0,423.0,1.0
13883,28.0,73.0,1.0
13884,14.0,10.0,1.0
13885,147.0,197.0,1.0
13886,90.0,22.0,1.0
13887,84.0,532.0,1.0
13888,122.0,180.0,1.0
13889,143.0,77.0,1.0
13890,226.0,422.0,1.0
13891,248.0,55.0,1.0
13892,174.0,482.0,1.0
13893,248.0,315.0,1.0
13894,183.0,173.0,1.0
13895,141.0,19.0,1.0
13896,99.0,59.0,1.0
13897,34.0,163.0,1.0
13898,146.0,225.0,1.0
13899,45.0,195.0,1.0
13900,108.0,213.0,1.0
13901,206.0,492.0,1.0
13902,164.0,305.0,1.0
13903,259.0,111.0,1.0
13904,193.0,332.0,1.0
13905,122.0,100.0,1.0
13906,175.0,423.0,1.0
13907,146.0,217.0,1.0
13908,75.0,211.0,1.0
13909,99.0,552.0,1.0
13910,53.0,0.0,1.0
13911,14.0,45.0,1.0
13912,64.0,250.0,1.0
13913,169.0,177.0,1.0
13914,218.0,261.0,1.0
13915,71.0,202.0,1.0
13916,74.0,97.0,1.0
13917,81.0,146.0,1.0
13918,60.0,141.0,1.0
13919,67.0,130.0,1.0
13920,39.0,231.0,1.0
13921,82.0,554.0,1.0
13922,59.0,221.0,1.0
13923,180.0,113.0,1.0
13924,223.0,69.0,1.0
13925,115.0,392.0,1.0
13926,38.0,17.0,1.0
13927,218.0,86.0,1.0
13928,199.0,527.0,1.0
13929,89.0,52.0,1.0
13930,135.0,368.0,1.0
13931,172.0,121.0,1.0
13932,135.0,7.0,1.0
13933,82.0,132.0,1.0
13934,91.0,78.0,1.0
13935,51.0,10.0,1.0
13936,187.0,39.0,1.0
13937,74.0,552.0,1.0
13938,175.0,493.0,1.0
13939,102.0,143.0,1.0
13940,141.0,50.0,1.0
13941,42.0,464.0,1.0
13942,34.0,140.0,1.0
13943,226.0,33.0,1.0
13944,257.0,388.0,1.0
13945,246.0,113.0,1.0
13946,84.0,230.0,1.0
13947,56.0,441.0,1.0
13948,258.0,119.0,1.0
13949,129.0,581.0,1.0
13950,123.0,427.0,1.0
13951,207.0,55.0,1.0
13952,183.0,450.0,1.0
13953,87.0,331.0,1.0
13954,117.0,409.0,1.0
13955,84.0,447.0,1.0
13956,71.0,187.0,1.0
13957,146.0,309.0,1.0
13958,202.0,420.0,1.0
13959,149.0,116.0,1.0
13960,105.0,137.0,1.0
13961,119.0,570.0,1.0
13962,187.0,7.0,1.0
13963,171.0,112.0,1.0
13964,142.0,216.0,1.0
13965,175.0,46.0,1.0
13966,114.0,28.0,1.0
13967,74.0,546.0,1.0
13968,208.0,296.0,1.0
13969,175.0,201.0,1.0
13970,44.0,426.0,1.0
13971,89.0,295.0,1.0
13972,234.0,24.0,1.0
13973,97.0,103.0,1.0
13974,164.0,219.0,1.0
13975,208.0,310.0,1.0
13976,86.0,17.0,1.0
13977,122.0,226.0,1.0
13978,130.0,441.0,1.0
13979,185.0,388.0,1.0
13980,178.0,505.0,1.0
13981,137.0,36.0,1.0
13982,195.0,104.0,1.0
13983,165.0,358.0,1.0
13984,165.0,424.0,1.0
13985,183.0,290.0,1.0
13986,58.0,293.0,1.0
13987,147.0,68.0,1.0
13988,94.0,262.0,1.0
13989,122.0,236.0,1.0
13990,153.0,111.0,1.0
13991,42.0,23.0,1.0
13992,242.0,451.0,1.0
13993,204.0,50.0,1.0
13994,128.0,477.0,1.0
13995,189.0,159.0,1.0
13996,178.0,116.0,1.0
13997,147.0,120.0,1.0
13998,130.0,514.0,1.0
13999,178.0,388.0,1.0
14000,222.0,287.0,1.0
14001,91.0,103.0,1.0
14002,144.0,133.0,1.0
14003,96.0,47.0,1.0
14004,26.0,128.0,1.0
14005,232.0,594.0,1.0
14006,5.0,217.0,1.0
14007,159.0,89.0,1.0
14008,36.0,113.0,1.0
14009,168.0,213.0,1.0
14010,191.0,106.0,1.0
14011,124.0,136.0,1.0
14012,43.0,133.0,1.0
14013,209.0,192.0,1.0
14014,82.0,255.0,1.0
14015,85.0,111.0,1.0
14016,136.0,384.0,1.0
14017,117.0,181.0,1.0
14018,145.0,282.0,1.0
14019,124.0,107.0,1.0
14020,74.0,284.0,1.0
14021,164.0,118.0,1.0
14022,79.0,222.0,1.0
14023,123.0,247.0,1.0
14024,130.0,9.0,1.0
14025,143.0,111.0,1.0
14026,178.0,189.0,1.0
14027,222.0,449.0,1.0
14028,229.0,204.0,1.0
14029,175.0,592.0,1.0
14030,78.0,202.0,1.0
14031,228.0,486.0,1.0
14032,197.0,430.0,1.0
14033,86.0,388.0,1.0
14034,193.0,210.0,1.0
14035,108.0,58.0,1.0
14036,84.0,465.0,1.0
14037,92.0,487.0,1.0
14038,147.0,46.0,1.0
14039,191.0,247.0,1.0
14040,11.0,289.0,1.0
14041,164.0,380.0,1.0
14042,199.0,424.0,1.0
14043,230.0,334.0,1.0
14044,53.0,124.0,1.0
14045,226.0,410.0,1.0
14046,156.0,50.0,1.0
14047,19.0,151.0,1.0
14048,82.0,518.0,1.0
14049,126.0,425.0,1.0
14050,44.0,326.0,1.0
14051,60.0,5.0,1.0
14052,71.0,417.0,1.0
14053,164.0,161.0,1.0
14054,207.0,244.0,1.0
14055,75.0,79.0,1.0
14056,74.0,62.0,1.0
14057,19.0,112.0,1.0
14058,58.0,343.0,1.0
14059,162.0,578.0,1.0
14060,178.0,429.0,1.0
14061,162.0,57.0,1.0
14062,153.0,130.0,1.0
14063,159.0,282.0,1.0
14064,52.0,204.0,1.0
14065,104.0,37.0,1.0
14066,56.0,149.0,1.0
14067,209.0,241.0,1.0
14068,180.0,70.0,1.0
14069,259.0,39.0,1.0
14070,197.0,92.0,1.0
14071,158.0,133.0,1.0
14072,138.0,201.0,1.0
14073,17.0,251.0,1.0
14074,53.0,410.0,1.0
14075,49.0,23.0,1.0
14076,10.0,303.0,1.0
14077,139.0,379.0,1.0
14078,268.0,178.0,1.0
14079,116.0,73.0,1.0
14080,242.0,236.0,1.0
14081,56.0,175.0,1.0
14082,102.0,209.0,1.0
14083,156.0,411.0,1.0
14084,155.0,59.0,1.0
14085,20.0,47.0,1.0
14086,145.0,186.0,1.0
14087,264.0,164.0,1.0
14088,230.0,135.0,1.0
14089,126.0,564.0,1.0
14090,29.0,446.0,1.0
14091,88.0,125.0,1.0
14092,205.0,10.0,1.0
14093,65.0,58.0,1.0
14094,103.0,72.0,1.0
14095,24.0,146.0,1.0
14096,162.0,70.0,1.0
14097,8.0,24.0,1.0
14098,207.0,175.0,1.0
14099,45.0,177.0,1.0
14100,51.0,519.0,1.0
14101,124.0,292.0,1.0
14102,223.0,426.0,1.0
14103,150.0,36.0,1.0
14104,51.0,103.0,1.0
14105,71.0,388.0,1.0
14106,237.0,36.0,1.0
14107,147.0,234.0,1.0
14108,56.0,326.0,1.0
14109,182.0,225.0,1.0
14110,62.0,66.0,1.0
14111,259.0,133.0,1.0
14112,91.0,263.0,1.0
14113,255.0,174.0,1.0
14114,242.0,156.0,1.0
14115,150.0,126.0,1.0
14116,242.0,69.0,1.0
14117,64.0,484.0,1.0
14118,184.0,146.0,1.0
14119,89.0,230.0,1.0
14120,247.0,349.0,1.0
14121,202.0,510.0,1.0
14122,185.0,329.0,1.0
14123,266.0,91.0,1.0
14124,248.0,204.0,1.0
14125,153.0,245.0,1.0
14126,191.0,9.0,1.0
14127,52.0,374.0,1.0
14128,58.0,130.0,1.0
14129,133.0,66.0,1.0
14130,155.0,559.0,1.0
14131,199.0,222.0,1.0
14132,84.0,53.0,1.0
14133,194.0,64.0,1.0
14134,11.0,293.0,1.0
14135,228.0,577.0,1.0
14136,144.0,277.0,1.0
14137,20.0,134.0,1.0
14138,90.0,58.0,1.0
14139,265.0,168.0,1.0
14140,149.0,81.0,1.0
14141,135.0,505.0,1.0
14142,6.0,225.0,1.0
14143,245.0,399.0,1.0
14144,145.0,358.0,1.0
14145,189.0,382.0,1.0
14146,83.0,356.0,1.0
14147,126.0,77.0,1.0
14148,87.0,208.0,1.0
14149,211.0,124.0,1.0
14150,204.0,58.0,1.0
14151,116.0,57.0,1.0
14152,136.0,240.0,1.0
14153,44.0,331.0,1.0
14154,226.0,19.0,1.0
14155,108.0,295.0,1.0
14156,89.0,223.0,1.0
14157,134.0,11.0,1.0
14158,18.0,150.0,1.0
14159,223.0,360.0,1.0
14160,187.0,190.0,1.0
14161,32.0,45.0,1.0
14162,11.0,166.0,1.0
14163,242.0,83.0,1.0
14164,129.0,146.0,1.0
14165,44.0,135.0,1.0
14166,234.0,22.0,1.0
14167,158.0,100.0,1.0
14168,17.0,386.0,1.0
14169,230.0,35.0,1.0
14170,127.0,224.0,1.0
14171,72.0,47.0,1.0
14172,21.0,124.0,1.0
14173,176.0,219.0,1.0
14174,236.0,153.0,1.0
14175,45.0,81.0,1.0
14176,108.0,99.0,1.0
14177,86.0,206.0,1.0
14178,168.0,147.0,1.0
14179,51.0,93.0,1.0
14180,87.0,130.0,1.0
14181,87.0,507.0,1.0
14182,188.0,91.0,1.0
14183,65.0,324.0,1.0
14184,180.0,287.0,1.0
14185,197.0,113.0,1.0
14186,30.0,153.0,1.0
14187,102.0,18.0,1.0
14188,191.0,52.0,1.0
14189,182.0,122.0,1.0
14190,116.0,173.0,1.0
14191,207.0,448.0,1.0
14192,71.0,114.0,1.0
14193,135.0,503.0,1.0
14194,13.0,203.0,1.0
14195,11.0,28.0,1.0
14196,218.0,32.0,1.0
14197,143.0,374.0,1.0
14198,224.0,128.0,1.0
14199,117.0,214.0,1.0
14200,242.0,230.0,1.0
14201,150.0,156.0,1.0
14202,192.0,106.0,1.0
14203,228.0,12.0,1.0
14204,193.0,40.0,1.0
14205,189.0,69.0,1.0
14206,8.0,120.0,1.0
14207,113.0,455.0,1.0
14208,201.0,379.0,1.0
14209,165.0,190.0,1.0
14210,11.0,158.0,1.0
14211,10.0,295.0,1.0
14212,105.0,184.0,1.0
14213,92.0,11.0,1.0
14214,158.0,311.0,1.0
14215,242.0,221.0,1.0
14216,1.0,60.0,1.0
14217,188.0,268.0,1.0
14218,156.0,407.0,1.0
14219,102.0,150.0,1.0
14220,81.0,117.0,1.0
14221,245.0,464.0,1.0
14222,97.0,126.0,1.0
14223,104.0,12.0,1.0
14224,182.0,11.0,1.0
14225,80.0,540.0,1.0
14226,129.0,91.0,1.0
14227,82.0,356.0,1.0
14228,126.0,511.0,1.0
14229,48.0,68.0,1.0
14230,117.0,236.0,1.0
14231,203.0,9.0,1.0
14232,108.0,204.0,1.0
14233,200.0,474.0,1.0
14234,47.0,118.0,1.0
14235,85.0,88.0,1.0
14236,147.0,74.0,1.0
14237,130.0,153.0,1.0
14238,218.0,337.0,1.0
14239,197.0,66.0,1.0
14240,127.0,35.0,1.0
14241,75.0,70.0,1.0
14242,153.0,392.0,1.0
14243,257.0,70.0,1.0
14244,225.0,87.0,1.0
14245,58.0,70.0,1.0
14246,141.0,92.0,1.0
14247,76.0,89.0,1.0
14248,248.0,215.0,1.0
14249,87.0,410.0,1.0
14250,195.0,385.0,1.0
14251,175.0,32.0,1.0
14252,81.0,185.0,1.0
14253,79.0,217.0,1.0
14254,89.0,36.0,1.0
14255,229.0,247.0,1.0
14256,17.0,62.0,1.0
14257,141.0,313.0,1.0
14258,45.0,320.0,1.0
14259,207.0,352.0,1.0
14260,242.0,213.0,1.0
14261,243.0,137.0,1.0
14262,149.0,179.0,1.0
14263,237.0,147.0,1.0
14264,141.0,311.0,1.0
14265,114.0,58.0,1.0
14266,176.0,112.0,1.0
14267,224.0,202.0,1.0
14268,177.0,120.0,1.0
14269,116.0,116.0,1.0
14270,50.0,253.0,1.0
14271,45.0,22.0,1.0
14272,49.0,189.0,1.0
14273,183.0,449.0,1.0
14274,16.0,102.0,1.0
14275,203.0,179.0,1.0
14276,196.0,379.0,1.0
14277,100.0,62.0,1.0
14278,259.0,48.0,1.0
14279,162.0,215.0,1.0
14280,259.0,190.0,1.0
14281,109.0,150.0,1.0
14282,22.0,166.0,1.0
14283,82.0,463.0,1.0
14284,186.0,483.0,1.0
14285,84.0,219.0,1.0
14286,82.0,475.0,1.0
14287,132.0,498.0,1.0
14288,117.0,12.0,1.0
14289,147.0,59.0,1.0
14290,226.0,371.0,1.0
14291,123.0,238.0,1.0
14292,180.0,327.0,1.0
14293,199.0,293.0,1.0
14294,127.0,356.0,1.0
14295,246.0,326.0,1.0
14296,154.0,38.0,1.0
14297,262.0,161.0,1.0
14298,189.0,387.0,1.0
14299,203.0,395.0,1.0
14300,208.0,12.0,1.0
14301,94.0,136.0,1.0
14302,82.0,353.0,1.0
14303,117.0,161.0,1.0
14304,147.0,153.0,1.0
14305,132.0,59.0,1.0
14306,134.0,317.0,1.0
14307,5.0,220.0,1.0
14308,263.0,116.0,1.0
14309,175.0,62.0,1.0
14310,84.0,526.0,1.0
14311,199.0,69.0,1.0
14312,144.0,399.0,1.0
14313,156.0,70.0,1.0
14314,148.0,145.0,1.0
14315,193.0,420.0,1.0
14316,123.0,420.0,1.0
14317,41.0,23.0,1.0
14318,32.0,50.0,1.0
14319,61.0,204.0,1.0
14320,147.0,102.0,1.0
14321,82.0,499.0,1.0
14322,17.0,406.0,1.0
14323,126.0,207.0,1.0
14324,96.0,388.0,1.0
14325,128.0,216.0,1.0
14326,175.0,269.0,1.0
14327,87.0,53.0,1.0
14328,153.0,398.0,1.0
14329,87.0,278.0,1.0
14330,96.0,66.0,1.0
14331,51.0,510.0,1.0
14332,56.0,24.0,1.0
14333,214.0,53.0,1.0
14334,256.0,375.0,1.0
14335,65.0,52.0,1.0
14336,248.0,20.0,1.0
14337,202.0,143.0,1.0
14338,147.0,343.0,1.0
14339,216.0,179.0,1.0
14340,218.0,590.0,1.0
14341,90.0,487.0,1.0
14342,260.0,200.0,1.0
14343,184.0,4.0,1.0
14344,162.0,567.0,1.0
14345,245.0,393.0,1.0
14346,136.0,123.0,1.0
14347,180.0,491.0,1.0
14348,153.0,232.0,1.0
14349,50.0,272.0,1.0
14350,114.0,274.0,1.0
14351,122.0,47.0,1.0
14352,74.0,385.0,1.0
14353,259.0,382.0,1.0
14354,60.0,43.0,1.0
14355,225.0,60.0,1.0
14356,218.0,66.0,1.0
14357,64.0,382.0,1.0
14358,72.0,48.0,1.0
14359,183.0,168.0,1.0
14360,248.0,433.0,1.0
14361,63.0,399.0,1.0
14362,172.0,143.0,1.0
14363,203.0,478.0,1.0
14364,238.0,214.0,1.0
14365,264.0,106.0,1.0
14366,223.0,351.0,1.0
14367,262.0,239.0,1.0
14368,249.0,110.0,1.0
14369,186.0,91.0,1.0
14370,162.0,220.0,1.0
14371,87.0,146.0,1.0
14372,129.0,12.0,1.0
14373,203.0,140.0,1.0
14374,92.0,201.0,1.0
14375,114.0,281.0,1.0
14376,185.0,400.0,1.0
14377,259.0,5.0,1.0
14378,2.0,91.0,1.0
14379,85.0,565.0,1.0
14380,210.0,95.0,1.0
14381,87.0,333.0,1.0
14382,128.0,485.0,1.0
14383,165.0,152.0,1.0
14384,136.0,57.0,1.0
14385,148.0,12.0,1.0
14386,89.0,408.0,1.0
14387,256.0,66.0,1.0
14388,168.0,414.0,1.0
14389,251.0,136.0,1.0
14390,104.0,84.0,1.0
14391,22.0,328.0,1.0
14392,259.0,100.0,1.0
14393,69.0,374.0,1.0
14394,126.0,411.0,1.0
14395,145.0,507.0,1.0
14396,5.0,216.0,1.0
14397,132.0,257.0,1.0
14398,112.0,143.0,1.0
14399,168.0,104.0,1.0
14400,185.0,279.0,1.0
14401,265.0,533.0,1.0
14402,134.0,36.0,1.0
14403,171.0,21.0,1.0
14404,165.0,44.0,1.0
14405,217.0,384.0,1.0
14406,35.0,388.0,1.0
14407,121.0,50.0,1.0
14408,74.0,521.0,1.0
14409,230.0,44.0,1.0
14410,79.0,12.0,1.0
14411,259.0,552.0,1.0
14412,95.0,242.0,1.0
14413,102.0,164.0,1.0
14414,11.0,259.0,1.0
14415,51.0,286.0,1.0
14416,87.0,126.0,1.0
14417,189.0,117.0,1.0
14418,170.0,311.0,1.0
14419,164.0,29.0,1.0
14420,18.0,45.0,1.0
14421,115.0,454.0,1.0
14422,224.0,279.0,1.0
14423,81.0,251.0,1.0
14424,156.0,103.0,1.0
14425,194.0,520.0,1.0
14426,136.0,71.0,1.0
14427,52.0,389.0,1.0
14428,205.0,484.0,1.0
14429,18.0,47.0,1.0
14430,38.0,35.0,1.0
14431,226.0,268.0,1.0
14432,176.0,126.0,1.0
14433,245.0,185.0,1.0
14434,158.0,272.0,1.0
14435,96.0,134.0,1.0
14436,107.0,124.0,1.0
14437,147.0,10.0,1.0
14438,50.0,288.0,1.0
14439,31.0,331.0,1.0
14440,185.0,338.0,1.0
14441,168.0,297.0,1.0
14442,49.0,49.0,1.0
14443,170.0,496.0,1.0
14444,29.0,161.0,1.0
14445,205.0,70.0,1.0
14446,253.0,545.0,1.0
14447,74.0,32.0,1.0
14448,149.0,111.0,1.0
14449,181.0,137.0,1.0
14450,232.0,38.0,1.0
14451,232.0,270.0,1.0
14452,84.0,254.0,1.0
14453,116.0,50.0,1.0
14454,250.0,47.0,1.0
14455,81.0,47.0,1.0
14456,49.0,12.0,1.0
14457,250.0,156.0,1.0
14458,78.0,230.0,1.0
14459,228.0,416.0,1.0
14460,223.0,114.0,1.0
14461,84.0,61.0,1.0
14462,108.0,114.0,1.0
14463,150.0,119.0,1.0
14464,11.0,300.0,1.0
14465,53.0,199.0,1.0
14466,231.0,316.0,1.0
14467,159.0,66.0,1.0
14468,104.0,151.0,1.0
14469,224.0,206.0,1.0
14470,124.0,146.0,1.0
14471,143.0,97.0,1.0
14472,49.0,125.0,1.0
14473,239.0,100.0,1.0
14474,199.0,193.0,1.0
14475,163.0,90.0,1.0
14476,239.0,266.0,1.0
14477,145.0,570.0,1.0
14478,82.0,248.0,1.0
14479,101.0,256.0,1.0
14480,31.0,238.0,1.0
14481,26.0,106.0,1.0
14482,182.0,52.0,1.0
14483,17.0,373.0,1.0
14484,76.0,420.0,1.0
14485,171.0,84.0,1.0
14486,122.0,302.0,1.0
14487,116.0,233.0,1.0
14488,69.0,190.0,1.0
14489,261.0,1.0,1.0
14490,248.0,174.0,1.0
14491,54.0,76.0,1.0
14492,127.0,91.0,1.0
14493,211.0,10.0,1.0
14494,147.0,497.0,1.0
14495,153.0,66.0,1.0
14496,234.0,348.0,1.0
14497,156.0,40.0,1.0
14498,98.0,226.0,1.0
14499,251.0,150.0,1.0
14500,51.0,104.0,1.0
14501,130.0,177.0,1.0
14502,234.0,125.0,1.0
14503,94.0,190.0,1.0
14504,136.0,145.0,1.0
14505,150.0,80.0,1.0
14506,138.0,527.0,1.0
14507,135.0,20.0,1.0
14508,160.0,5.0,1.0
14509,150.0,190.0,1.0
14510,78.0,284.0,1.0
14511,46.0,206.0,1.0
14512,222.0,226.0,1.0
14513,166.0,543.0,1.0
14514,17.0,138.0,1.0
14515,64.0,97.0,1.0
14516,217.0,320.0,1.0
14517,17.0,368.0,1.0
14518,220.0,143.0,1.0
14519,210.0,216.0,1.0
14520,242.0,371.0,1.0
14521,85.0,474.0,1.0
14522,100.0,10.0,1.0
14523,158.0,377.0,1.0
14524,168.0,455.0,1.0
14525,130.0,382.0,1.0
14526,266.0,132.0,1.0
14527,223.0,111.0,1.0
14528,183.0,76.0,1.0
14529,90.0,62.0,1.0
14530,223.0,213.0,1.0
14531,196.0,50.0,1.0
14532,138.0,375.0,1.0
14533,182.0,101.0,1.0
14534,223.0,256.0,1.0
14535,51.0,150.0,1.0
14536,1.0,80.0,1.0
14537,144.0,398.0,1.0
14538,177.0,28.0,1.0
14539,84.0,359.0,1.0
14540,226.0,43.0,1.0
14541,109.0,111.0,1.0
14542,202.0,9.0,1.0
14543,160.0,89.0,1.0
14544,38.0,40.0,1.0
14545,182.0,459.0,1.0
14546,138.0,146.0,1.0
14547,102.0,336.0,1.0
14548,129.0,93.0,1.0
14549,175.0,19.0,1.0
14550,65.0,571.0,1.0
14551,248.0,58.0,1.0
14552,129.0,586.0,1.0
14553,183.0,52.0,1.0
14554,186.0,313.0,1.0
14555,130.0,97.0,1.0
14556,123.0,407.0,1.0
14557,57.0,260.0,1.0
14558,250.0,218.0,1.0
14559,82.0,64.0,1.0
14560,147.0,299.0,1.0
14561,192.0,365.0,1.0
14562,142.0,235.0,1.0
14563,256.0,105.0,1.0
14564,130.0,259.0,1.0
14565,177.0,146.0,1.0
14566,100.0,382.0,1.0
14567,148.0,343.0,1.0
14568,180.0,226.0,1.0
14569,197.0,521.0,1.0
14570,28.0,269.0,1.0
14571,103.0,251.0,1.0
14572,81.0,293.0,1.0
14573,56.0,151.0,1.0
14574,44.0,226.0,1.0
14575,1.0,55.0,1.0
14576,86.0,373.0,1.0
14577,149.0,24.0,1.0
14578,49.0,343.0,1.0
14579,259.0,316.0,1.0
14580,81.0,5.0,1.0
14581,84.0,335.0,1.0
14582,34.0,242.0,1.0
14583,74.0,218.0,1.0
14584,78.0,59.0,1.0
14585,152.0,255.0,1.0
14586,218.0,443.0,1.0
14587,261.0,112.0,1.0
14588,228.0,497.0,1.0
14589,82.0,147.0,1.0
14590,252.0,36.0,1.0
14591,161.0,496.0,1.0
14592,44.0,178.0,1.0
14593,141.0,122.0,1.0
14594,98.0,58.0,1.0
14595,87.0,190.0,1.0
14596,191.0,345.0,1.0
14597,268.0,9.0,1.0
14598,99.0,66.0,1.0
14599,165.0,11.0,1.0
14600,113.0,399.0,1.0
14601,229.0,128.0,1.0
14602,211.0,218.0,1.0
14603,94.0,191.0,1.0
14604,182.0,256.0,1.0
14605,62.0,505.0,1.0
14606,97.0,248.0,1.0
14607,194.0,456.0,1.0
14608,51.0,132.0,1.0
14609,122.0,367.0,1.0
14610,47.0,219.0,1.0
14611,211.0,509.0,1.0
14612,143.0,467.0,1.0
14613,147.0,178.0,1.0
14614,56.0,152.0,1.0
14615,232.0,408.0,1.0
14616,104.0,141.0,1.0
14617,26.0,230.0,1.0
14618,132.0,481.0,1.0
14619,34.0,118.0,1.0
14620,102.0,359.0,1.0
14621,182.0,124.0,1.0
14622,52.0,189.0,1.0
14623,50.0,218.0,1.0
14624,205.0,156.0,1.0
14625,148.0,196.0,1.0
14626,82.0,250.0,1.0
14627,127.0,551.0,1.0
14628,82.0,423.0,1.0
14629,65.0,69.0,1.0
14630,158.0,126.0,1.0
14631,92.0,40.0,1.0
14632,121.0,348.0,1.0
14633,175.0,188.0,1.0
14634,224.0,151.0,1.0
14635,64.0,25.0,1.0
14636,249.0,11.0,1.0
14637,69.0,172.0,1.0
14638,199.0,582.0,1.0
14639,189.0,222.0,1.0
14640,90.0,63.0,1.0
14641,71.0,188.0,1.0
14642,129.0,204.0,1.0
14643,136.0,454.0,1.0
14644,200.0,208.0,1.0
14645,243.0,66.0,1.0
14646,200.0,578.0,1.0
14647,86.0,103.0,1.0
14648,218.0,204.0,1.0
14649,32.0,59.0,1.0
14650,222.0,289.0,1.0
14651,217.0,396.0,1.0
14652,156.0,241.0,1.0
14653,227.0,197.0,1.0
14654,160.0,95.0,1.0
14655,178.0,218.0,1.0
14656,29.0,233.0,1.0
14657,214.0,387.0,1.0
14658,266.0,320.0,1.0
14659,140.0,100.0,1.0
14660,82.0,239.0,1.0
14661,128.0,239.0,1.0
14662,87.0,438.0,1.0
14663,28.0,439.0,1.0
14664,129.0,588.0,1.0
14665,189.0,217.0,1.0
14666,28.0,106.0,1.0
14667,208.0,243.0,1.0
14668,143.0,274.0,1.0
14669,79.0,0.0,1.0
14670,248.0,566.0,1.0
14671,65.0,248.0,1.0
14672,158.0,282.0,1.0
14673,17.0,175.0,1.0
14674,79.0,501.0,1.0
14675,102.0,508.0,1.0
14676,264.0,349.0,1.0
14677,51.0,384.0,1.0
14678,84.0,226.0,1.0
14679,227.0,513.0,1.0
14680,51.0,516.0,1.0
14681,39.0,287.0,1.0
14682,85.0,45.0,1.0
14683,175.0,218.0,1.0
14684,218.0,561.0,1.0
14685,79.0,400.0,1.0
14686,152.0,71.0,1.0
14687,3.0,152.0,1.0
14688,50.0,97.0,1.0
14689,233.0,592.0,1.0
14690,13.0,9.0,1.0
14691,249.0,111.0,1.0
14692,208.0,66.0,1.0
14693,96.0,522.0,1.0
14694,117.0,202.0,1.0
14695,126.0,467.0,1.0
14696,163.0,33.0,1.0
14697,223.0,339.0,1.0
14698,141.0,235.0,1.0
14699,45.0,11.0,1.0
14700,264.0,157.0,1.0
14701,128.0,2.0,1.0
14702,32.0,161.0,1.0
14703,239.0,7.0,1.0
14704,56.0,256.0,1.0
14705,49.0,40.0,1.0
14706,216.0,268.0,1.0
14707,257.0,146.0,1.0
14708,45.0,400.0,1.0
14709,117.0,248.0,1.0
14710,224.0,421.0,1.0
14711,230.0,327.0,1.0
14712,9.0,271.0,1.0
14713,67.0,35.0,1.0
14714,89.0,304.0,1.0
14715,56.0,488.0,1.0
14716,81.0,335.0,1.0
14717,214.0,112.0,1.0
14718,224.0,84.0,1.0
14719,158.0,239.0,1.0
14720,10.0,157.0,1.0
14721,19.0,24.0,1.0
14722,11.0,120.0,1.0
14723,114.0,17.0,1.0
14724,162.0,411.0,1.0
14725,60.0,315.0,1.0
14726,53.0,390.0,1.0
14727,22.0,277.0,1.0
14728,56.0,421.0,1.0
14729,5.0,100.0,1.0
14730,68.0,70.0,1.0
14731,202.0,31.0,1.0
14732,180.0,592.0,0.0
14733,127.0,530.0,0.0
14734,15.0,58.0,0.0
14735,12.0,476.0,0.0
14736,186.0,128.0,0.0
14737,235.0,458.0,0.0
14738,112.0,350.0,0.0
14739,254.0,91.0,0.0
14740,116.0,242.0,0.0
14741,245.0,561.0,0.0
14742,229.0,355.0,0.0
14743,210.0,596.0,0.0
14744,99.0,487.0,0.0
14745,152.0,244.0,0.0
14746,218.0,94.0,0.0
14747,95.0,223.0,0.0
14748,205.0,410.0,0.0
14749,159.0,352.0,0.0
14750,105.0,291.0,0.0
14751,188.0,339.0,0.0
14752,220.0,86.0,0.0
14753,214.0,224.0,0.0
14754,264.0,346.0,0.0
14755,47.0,576.0,0.0
14756,141.0,435.0,0.0
14757,192.0,427.0,0.0
14758,85.0,322.0,0.0
14759,128.0,567.0,0.0
14760,185.0,23.0,0.0
14761,121.0,144.0,0.0
14762,254.0,104.0,0.0
14763,249.0,252.0,0.0
14764,29.0,309.0,0.0
14765,59.0,413.0,0.0
14766,218.0,15.0,0.0
14767,140.0,330.0,0.0
14768,55.0,267.0,0.0
14769,94.0,396.0,0.0
14770,110.0,198.0,0.0
14771,5.0,45.0,0.0
14772,28.0,370.0,0.0
14773,205.0,7.0,0.0
14774,154.0,214.0,0.0
14775,22.0,255.0,0.0
14776,140.0,370.0,0.0
14777,142.0,239.0,0.0
14778,43.0,446.0,0.0
14779,141.0,65.0,0.0
14780,119.0,65.0,0.0
14781,41.0,155.0,0.0
14782,87.0,432.0,0.0
14783,202.0,460.0,0.0
14784,154.0,464.0,0.0
14785,234.0,537.0,0.0
14786,151.0,136.0,0.0
14787,220.0,296.0,0.0
14788,188.0,479.0,0.0
14789,130.0,385.0,0.0
14790,17.0,289.0,0.0
14791,233.0,68.0,0.0
14792,250.0,245.0,0.0
14793,225.0,155.0,0.0
14794,33.0,128.0,0.0
14795,53.0,345.0,0.0
14796,261.0,370.0,0.0
14797,64.0,14.0,0.0
14798,263.0,155.0,0.0
14799,14.0,26.0,0.0
14800,130.0,29.0,0.0
14801,168.0,278.0,0.0
14802,142.0,222.0,0.0
14803,126.0,151.0,0.0
14804,111.0,451.0,0.0
14805,59.0,218.0,0.0
14806,43.0,27.0,0.0
14807,119.0,280.0,0.0
14808,175.0,73.0,0.0
14809,76.0,248.0,0.0
14810,215.0,348.0,0.0
14811,171.0,585.0,0.0
14812,42.0,365.0,0.0
14813,264.0,93.0,0.0
14814,29.0,465.0,0.0
14815,206.0,468.0,0.0
14816,212.0,106.0,0.0
14817,52.0,324.0,0.0
14818,137.0,382.0,0.0
14819,68.0,388.0,0.0
14820,206.0,165.0,0.0
14821,38.0,432.0,0.0
14822,25.0,20.0,0.0
14823,200.0,538.0,0.0
14824,239.0,544.0,0.0
14825,93.0,95.0,0.0
14826,175.0,466.0,0.0
14827,49.0,53.0,0.0
14828,77.0,31.0,0.0
14829,194.0,72.0,0.0
14830,85.0,210.0,0.0
14831,145.0,298.0,0.0
14832,53.0,86.0,0.0
14833,160.0,122.0,0.0
14834,163.0,371.0,0.0
14835,31.0,189.0,0.0
14836,259.0,137.0,0.0
14837,192.0,320.0,0.0
14838,132.0,306.0,0.0
14839,68.0,475.0,0.0
14840,80.0,449.0,0.0
14841,102.0,286.0,0.0
14842,15.0,561.0,0.0
14843,172.0,86.0,0.0
14844,74.0,449.0,0.0
14845,182.0,369.0,0.0
14846,183.0,374.0,0.0
14847,152.0,587.0,0.0
14848,93.0,162.0,0.0
14849,122.0,455.0,0.0
14850,240.0,112.0,0.0
14851,191.0,577.0,0.0
14852,211.0,395.0,0.0
14853,96.0,237.0,0.0
14854,32.0,473.0,0.0
14855,15.0,148.0,0.0
14856,146.0,274.0,0.0
14857,124.0,590.0,0.0
14858,138.0,21.0,0.0
14859,14.0,317.0,0.0
14860,33.0,546.0,0.0
14861,182.0,534.0,0.0
14862,170.0,494.0,0.0
14863,32.0,444.0,0.0
14864,188.0,423.0,0.0
14865,34.0,214.0,0.0
14866,4.0,241.0,0.0
14867,202.0,14.0,0.0
14868,76.0,244.0,0.0
14869,101.0,135.0,0.0
14870,127.0,390.0,0.0
14871,60.0,135.0,0.0
14872,43.0,292.0,0.0
14873,33.0,431.0,0.0
14874,240.0,470.0,0.0
14875,97.0,162.0,0.0
14876,201.0,148.0,0.0
14877,119.0,149.0,0.0
14878,145.0,535.0,0.0
14879,18.0,507.0,0.0
14880,263.0,242.0,0.0
14881,135.0,518.0,0.0
14882,188.0,535.0,0.0
14883,140.0,334.0,0.0
14884,133.0,342.0,0.0
14885,37.0,163.0,0.0
14886,32.0,324.0,0.0
14887,62.0,75.0,0.0
14888,215.0,258.0,0.0
14889,109.0,484.0,0.0
14890,106.0,300.0,0.0
14891,258.0,338.0,0.0
14892,6.0,378.0,0.0
14893,49.0,558.0,0.0
14894,200.0,173.0,0.0
14895,147.0,587.0,0.0
14896,85.0,402.0,0.0
14897,17.0,22.0,0.0
14898,219.0,85.0,0.0
14899,107.0,212.0,0.0
14900,179.0,142.0,0.0
14901,228.0,227.0,0.0
14902,174.0,528.0,0.0
14903,28.0,85.0,0.0
14904,201.0,471.0,0.0
14905,132.0,307.0,0.0
14906,165.0,334.0,0.0
14907,148.0,267.0,0.0
14908,138.0,237.0,0.0
14909,185.0,473.0,0.0
14910,133.0,503.0,0.0
14911,19.0,481.0,0.0
14912,96.0,329.0,0.0
14913,216.0,112.0,0.0
14914,162.0,88.0,0.0
14915,251.0,386.0,0.0
14916,158.0,214.0,0.0
14917,214.0,337.0,0.0
14918,43.0,227.0,0.0
14919,117.0,371.0,0.0
14920,143.0,452.0,0.0
14921,136.0,546.0,0.0
14922,154.0,194.0,0.0
14923,116.0,425.0,0.0
14924,148.0,286.0,0.0
14925,246.0,300.0,0.0
14926,145.0,153.0,0.0
14927,96.0,408.0,0.0
14928,77.0,222.0,0.0
14929,42.0,76.0,0.0
14930,154.0,472.0,0.0
14931,222.0,131.0,0.0
14932,173.0,514.0,0.0
14933,19.0,441.0,0.0
14934,222.0,470.0,0.0
14935,246.0,184.0,0.0
14936,182.0,209.0,0.0
14937,249.0,60.0,0.0
14938,78.0,438.0,0.0
14939,202.0,258.0,0.0
14940,150.0,453.0,0.0
14941,74.0,151.0,0.0
14942,72.0,319.0,0.0
14943,17.0,366.0,0.0
14944,80.0,257.0,0.0
14945,40.0,108.0,0.0
14946,90.0,271.0,0.0
14947,14.0,454.0,0.0
14948,11.0,520.0,0.0
14949,109.0,531.0,0.0
14950,133.0,466.0,0.0
14951,232.0,401.0,0.0
14952,17.0,591.0,0.0
14953,71.0,220.0,0.0
14954,39.0,382.0,0.0
14955,224.0,282.0,0.0
14956,152.0,482.0,0.0
14957,231.0,91.0,0.0
14958,211.0,267.0,0.0
14959,116.0,82.0,0.0
14960,123.0,305.0,0.0
14961,96.0,22.0,0.0
14962,261.0,68.0,0.0
14963,33.0,542.0,0.0
14964,138.0,312.0,0.0
14965,89.0,335.0,0.0
14966,34.0,371.0,0.0
14967,192.0,121.0,0.0
14968,57.0,552.0,0.0
14969,193.0,187.0,0.0
14970,13.0,380.0,0.0
14971,131.0,541.0,0.0
14972,63.0,420.0,0.0
14973,204.0,382.0,0.0
14974,123.0,530.0,0.0
14975,257.0,7.0,0.0
14976,253.0,591.0,0.0
14977,246.0,110.0,0.0
14978,86.0,585.0,0.0
14979,176.0,502.0,0.0
14980,96.0,365.0,0.0
14981,101.0,572.0,0.0
14982,176.0,250.0,0.0
14983,220.0,171.0,0.0
14984,247.0,447.0,0.0
14985,94.0,253.0,0.0
14986,137.0,164.0,0.0
14987,32.0,183.0,0.0
14988,77.0,507.0,0.0
14989,133.0,558.0,0.0
14990,100.0,335.0,0.0
14991,73.0,91.0,0.0
14992,98.0,270.0,0.0
14993,237.0,268.0,0.0
14994,240.0,479.0,0.0
14995,250.0,480.0,0.0
14996,87.0,480.0,0.0
14997,136.0,129.0,0.0
14998,91.0,126.0,0.0
14999,38.0,45.0,0.0
15000,38.0,470.0,0.0
15001,188.0,20.0,0.0
15002,40.0,237.0,0.0
15003,1.0,232.0,0.0
15004,229.0,480.0,0.0
15005,126.0,284.0,0.0
15006,222.0,170.0,0.0
15007,0.0,405.0,0.0
15008,3.0,421.0,0.0
15009,147.0,581.0,0.0
15010,139.0,79.0,0.0
15011,179.0,4.0,0.0
15012,88.0,438.0,0.0
15013,93.0,26.0,0.0
15014,94.0,86.0,0.0
15015,204.0,206.0,0.0
15016,260.0,258.0,0.0
15017,180.0,476.0,0.0
15018,68.0,435.0,0.0
15019,251.0,536.0,0.0
15020,26.0,307.0,0.0
15021,25.0,250.0,0.0
15022,167.0,235.0,0.0
15023,220.0,366.0,0.0
15024,176.0,13.0,0.0
15025,51.0,412.0,0.0
15026,107.0,515.0,0.0
15027,1.0,258.0,0.0
15028,22.0,574.0,0.0
15029,215.0,185.0,0.0
15030,37.0,519.0,0.0
15031,15.0,105.0,0.0
15032,190.0,595.0,0.0
15033,193.0,354.0,0.0
15034,246.0,197.0,0.0
15035,131.0,278.0,0.0
15036,193.0,565.0,0.0
15037,246.0,103.0,0.0
15038,60.0,132.0,0.0
15039,195.0,454.0,0.0
15040,69.0,355.0,0.0
15041,125.0,240.0,0.0
15042,167.0,402.0,0.0
15043,64.0,450.0,0.0
15044,159.0,550.0,0.0
15045,221.0,168.0,0.0
15046,152.0,459.0,0.0
15047,174.0,71.0,0.0
15048,78.0,248.0,0.0
15049,268.0,8.0,0.0
15050,203.0,369.0,0.0
15051,2.0,507.0,0.0
15052,226.0,401.0,0.0
15053,116.0,519.0,0.0
15054,36.0,314.0,0.0
15055,95.0,122.0,0.0
15056,198.0,273.0,0.0
15057,98.0,176.0,0.0
15058,45.0,342.0,0.0
15059,237.0,470.0,0.0
15060,171.0,184.0,0.0
15061,46.0,139.0,0.0
15062,262.0,533.0,0.0
15063,129.0,92.0,0.0
15064,115.0,436.0,0.0
15065,195.0,465.0,0.0
15066,235.0,408.0,0.0
15067,98.0,284.0,0.0
15068,12.0,257.0,0.0
15069,157.0,373.0,0.0
15070,41.0,515.0,0.0
15071,214.0,301.0,0.0
15072,103.0,78.0,0.0
15073,220.0,121.0,0.0
15074,130.0,38.0,0.0
15075,21.0,501.0,0.0
15076,109.0,318.0,0.0
15077,225.0,241.0,0.0
15078,246.0,388.0,0.0
15079,267.0,331.0,0.0
15080,162.0,428.0,0.0
15081,223.0,554.0,0.0
15082,59.0,343.0,0.0
15083,125.0,572.0,0.0
15084,244.0,249.0,0.0
15085,107.0,30.0,0.0
15086,53.0,33.0,0.0
15087,0.0,200.0,0.0
15088,177.0,515.0,0.0
15089,10.0,17.0,0.0
15090,239.0,79.0,0.0
15091,26.0,555.0,0.0
15092,80.0,177.0,0.0
15093,126.0,577.0,0.0
15094,92.0,238.0,0.0
15095,74.0,372.0,0.0
15096,211.0,403.0,0.0
15097,180.0,67.0,0.0
15098,153.0,171.0,0.0
15099,81.0,551.0,0.0
15100,34.0,480.0,0.0
15101,224.0,449.0,0.0
15102,64.0,589.0,0.0
15103,263.0,77.0,0.0
15104,74.0,290.0,0.0
15105,162.0,465.0,0.0
15106,91.0,338.0,0.0
15107,247.0,200.0,0.0
15108,14.0,198.0,0.0
15109,248.0,501.0,0.0
15110,111.0,476.0,0.0
15111,126.0,423.0,0.0
15112,41.0,342.0,0.0
15113,164.0,166.0,0.0
15114,121.0,336.0,0.0
15115,178.0,87.0,0.0
15116,226.0,215.0,0.0
15117,134.0,358.0,0.0
15118,157.0,519.0,0.0
15119,238.0,44.0,0.0
15120,138.0,168.0,0.0
15121,54.0,221.0,0.0
15122,200.0,571.0,0.0
15123,254.0,83.0,0.0
15124,90.0,244.0,0.0
15125,206.0,508.0,0.0
15126,221.0,169.0,0.0
15127,28.0,245.0,0.0
15128,54.0,545.0,0.0
15129,156.0,271.0,0.0
15130,100.0,161.0,0.0
15131,52.0,56.0,0.0
15132,16.0,262.0,0.0
15133,228.0,237.0,0.0
15134,91.0,375.0,0.0
15135,26.0,33.0,0.0
15136,262.0,585.0,0.0
15137,49.0,563.0,0.0
15138,81.0,512.0,0.0
15139,144.0,62.0,0.0
15140,55.0,397.0,0.0
15141,218.0,57.0,0.0
15142,28.0,250.0,0.0
15143,264.0,298.0,0.0
15144,262.0,97.0,0.0
15145,103.0,292.0,0.0
15146,55.0,278.0,0.0
15147,232.0,390.0,0.0
15148,33.0,372.0,0.0
15149,163.0,94.0,0.0
15150,190.0,126.0,0.0
15151,246.0,93.0,0.0
15152,150.0,446.0,0.0
15153,156.0,270.0,0.0
15154,92.0,217.0,0.0
15155,73.0,77.0,0.0
15156,50.0,182.0,0.0
15157,71.0,443.0,0.0
15158,177.0,14.0,0.0
15159,257.0,41.0,0.0
15160,187.0,334.0,0.0
15161,60.0,20.0,0.0
15162,225.0,317.0,0.0
15163,115.0,102.0,0.0
15164,172.0,197.0,0.0
15165,21.0,549.0,0.0
15166,267.0,83.0,0.0
15167,228.0,160.0,0.0
15168,37.0,306.0,0.0
15169,152.0,344.0,0.0
15170,100.0,234.0,0.0
15171,210.0,31.0,0.0
15172,20.0,570.0,0.0
15173,58.0,12.0,0.0
15174,222.0,325.0,0.0
15175,79.0,402.0,0.0
15176,135.0,140.0,0.0
15177,14.0,564.0,0.0
15178,88.0,336.0,0.0
15179,211.0,216.0,0.0
15180,193.0,411.0,0.0
15181,184.0,198.0,0.0
15182,26.0,594.0,0.0
15183,24.0,13.0,0.0
15184,225.0,262.0,0.0
15185,158.0,308.0,0.0
15186,208.0,399.0,0.0
15187,247.0,236.0,0.0
15188,13.0,378.0,0.0
15189,44.0,166.0,0.0
15190,43.0,363.0,0.0
15191,65.0,378.0,0.0
15192,236.0,479.0,0.0
15193,231.0,479.0,0.0
15194,40.0,367.0,0.0
15195,134.0,474.0,0.0
15196,104.0,538.0,0.0
15197,172.0,162.0,0.0
15198,261.0,582.0,0.0
15199,246.0,280.0,0.0
15200,120.0,566.0,0.0
15201,89.0,249.0,0.0
15202,188.0,210.0,0.0
15203,205.0,580.0,0.0
15204,196.0,487.0,0.0
15205,204.0,493.0,0.0
15206,251.0,522.0,0.0
15207,80.0,494.0,0.0
15208,188.0,503.0,0.0
15209,44.0,503.0,0.0
15210,139.0,436.0,0.0
15211,234.0,521.0,0.0
15212,126.0,153.0,0.0
15213,70.0,219.0,0.0
15214,150.0,165.0,0.0
15215,217.0,526.0,0.0
15216,154.0,470.0,0.0
15217,156.0,460.0,0.0
15218,155.0,11.0,0.0
15219,83.0,164.0,0.0
15220,248.0,353.0,0.0
15221,32.0,384.0,0.0
15222,210.0,344.0,0.0
15223,50.0,432.0,0.0
15224,175.0,539.0,0.0
15225,169.0,568.0,0.0
15226,160.0,590.0,0.0
15227,242.0,198.0,0.0
15228,31.0,366.0,0.0
15229,74.0,553.0,0.0
15230,242.0,140.0,0.0
15231,187.0,416.0,0.0
15232,124.0,492.0,0.0
15233,230.0,94.0,0.0
15234,36.0,282.0,0.0
15235,5.0,325.0,0.0
15236,101.0,73.0,0.0
15237,131.0,508.0,0.0
15238,43.0,302.0,0.0
15239,199.0,357.0,0.0
15240,3.0,17.0,0.0
15241,184.0,31.0,0.0
15242,189.0,509.0,0.0
15243,9.0,497.0,0.0
15244,236.0,314.0,0.0
15245,242.0,114.0,0.0
15246,76.0,409.0,0.0
15247,209.0,378.0,0.0
15248,260.0,447.0,0.0
15249,76.0,190.0,0.0
15250,124.0,371.0,0.0
15251,166.0,245.0,0.0
15252,42.0,193.0,0.0
15253,15.0,120.0,0.0
15254,174.0,532.0,0.0
15255,115.0,470.0,0.0
15256,203.0,537.0,0.0
15257,120.0,273.0,0.0
15258,4.0,104.0,0.0
15259,76.0,516.0,0.0
15260,122.0,21.0,0.0
15261,9.0,482.0,0.0
15262,178.0,237.0,0.0
15263,16.0,226.0,0.0
15264,165.0,406.0,0.0
15265,153.0,110.0,0.0
15266,197.0,175.0,0.0
15267,146.0,497.0,0.0
15268,267.0,77.0,0.0
15269,206.0,432.0,0.0
15270,17.0,145.0,0.0
15271,211.0,73.0,0.0
15272,40.0,556.0,0.0
15273,134.0,200.0,0.0
15274,198.0,256.0,0.0
15275,265.0,490.0,0.0
15276,234.0,263.0,0.0
15277,202.0,367.0,0.0
15278,210.0,4.0,0.0
15279,133.0,86.0,0.0
15280,50.0,410.0,0.0
15281,71.0,93.0,0.0
15282,33.0,549.0,0.0
15283,80.0,357.0,0.0
15284,228.0,329.0,0.0
15285,44.0,95.0,0.0
15286,124.0,448.0,0.0
15287,230.0,486.0,0.0
15288,209.0,513.0,0.0
15289,132.0,383.0,0.0
15290,100.0,227.0,0.0
15291,164.0,502.0,0.0
15292,83.0,15.0,0.0
15293,208.0,437.0,0.0
15294,63.0,240.0,0.0
15295,248.0,478.0,0.0
15296,118.0,586.0,0.0
15297,107.0,63.0,0.0
15298,15.0,484.0,0.0
15299,15.0,315.0,0.0
15300,20.0,491.0,0.0
15301,106.0,270.0,0.0
15302,254.0,318.0,0.0
15303,102.0,417.0,0.0
15304,175.0,104.0,0.0
15305,1.0,253.0,0.0
15306,247.0,473.0,0.0
15307,94.0,448.0,0.0
15308,187.0,385.0,0.0
15309,111.0,260.0,0.0
15310,52.0,500.0,0.0
15311,3.0,259.0,0.0
15312,126.0,538.0,0.0
15313,27.0,304.0,0.0
15314,114.0,382.0,0.0
15315,172.0,22.0,0.0
15316,212.0,463.0,0.0
15317,55.0,131.0,0.0
15318,191.0,249.0,0.0
15319,15.0,446.0,0.0
15320,25.0,587.0,0.0
15321,99.0,571.0,0.0
15322,238.0,570.0,0.0
15323,45.0,149.0,0.0
15324,140.0,192.0,0.0
15325,160.0,255.0,0.0
15326,154.0,548.0,0.0
15327,131.0,510.0,0.0
15328,193.0,439.0,0.0
15329,94.0,166.0,0.0
15330,166.0,106.0,0.0
15331,140.0,350.0,0.0
15332,48.0,17.0,0.0
15333,164.0,433.0,0.0
15334,154.0,541.0,0.0
15335,132.0,269.0,0.0
15336,189.0,197.0,0.0
15337,124.0,418.0,0.0
15338,39.0,144.0,0.0
15339,68.0,167.0,0.0
15340,181.0,410.0,0.0
15341,173.0,449.0,0.0
15342,101.0,20.0,0.0
15343,92.0,313.0,0.0
15344,72.0,537.0,0.0
15345,204.0,52.0,0.0
15346,239.0,471.0,0.0
15347,73.0,144.0,0.0
15348,118.0,573.0,0.0
15349,91.0,251.0,0.0
15350,155.0,137.0,0.0
15351,118.0,558.0,0.0
15352,64.0,344.0,0.0
15353,9.0,543.0,0.0
15354,129.0,509.0,0.0
15355,248.0,156.0,0.0
15356,256.0,576.0,0.0
15357,267.0,46.0,0.0
15358,36.0,4.0,0.0
15359,240.0,77.0,0.0
15360,71.0,17.0,0.0
15361,247.0,22.0,0.0
15362,80.0,555.0,0.0
15363,268.0,374.0,0.0
15364,24.0,421.0,0.0
15365,33.0,260.0,0.0
15366,258.0,570.0,0.0
15367,175.0,514.0,0.0
15368,237.0,593.0,0.0
15369,147.0,67.0,0.0
15370,17.0,244.0,0.0
15371,80.0,108.0,0.0
15372,219.0,158.0,0.0
15373,103.0,475.0,0.0
15374,104.0,202.0,0.0
15375,26.0,213.0,0.0
15376,135.0,300.0,0.0
15377,241.0,354.0,0.0
15378,150.0,517.0,0.0
15379,173.0,418.0,0.0
15380,79.0,266.0,0.0
15381,118.0,259.0,0.0
15382,264.0,165.0,0.0
15383,236.0,407.0,0.0
15384,169.0,475.0,0.0
15385,230.0,248.0,0.0
15386,171.0,298.0,0.0
15387,41.0,554.0,0.0
15388,253.0,447.0,0.0
15389,148.0,452.0,0.0
15390,211.0,345.0,0.0
15391,90.0,428.0,0.0
15392,189.0,356.0,0.0
15393,113.0,554.0,0.0
15394,147.0,456.0,0.0
15395,196.0,443.0,0.0
15396,57.0,406.0,0.0
15397,29.0,345.0,0.0
15398,176.0,153.0,0.0
15399,74.0,244.0,0.0
15400,23.0,131.0,0.0
15401,36.0,420.0,0.0
15402,128.0,547.0,0.0
15403,159.0,194.0,0.0
15404,150.0,75.0,0.0
15405,220.0,270.0,0.0
15406,102.0,12.0,0.0
15407,95.0,277.0,0.0
15408,49.0,269.0,0.0
15409,196.0,62.0,0.0
15410,139.0,54.0,0.0
15411,180.0,372.0,0.0
15412,252.0,233.0,0.0
15413,155.0,280.0,0.0
15414,40.0,215.0,0.0
15415,226.0,80.0,0.0
15416,162.0,393.0,0.0
15417,93.0,201.0,0.0
15418,23.0,407.0,0.0
15419,120.0,487.0,0.0
15420,97.0,543.0,0.0
15421,127.0,446.0,0.0
15422,179.0,123.0,0.0
15423,207.0,171.0,0.0
15424,135.0,313.0,0.0
15425,66.0,408.0,0.0
15426,49.0,291.0,0.0
15427,259.0,21.0,0.0
15428,29.0,72.0,0.0
15429,72.0,582.0,0.0
15430,140.0,422.0,0.0
15431,77.0,124.0,0.0
15432,123.0,344.0,0.0
15433,113.0,76.0,0.0
15434,130.0,340.0,0.0
15435,8.0,162.0,0.0
15436,98.0,493.0,0.0
15437,249.0,61.0,0.0
15438,124.0,389.0,0.0
15439,236.0,262.0,0.0
15440,186.0,337.0,0.0
15441,114.0,60.0,0.0
15442,113.0,262.0,0.0
15443,30.0,285.0,0.0
15444,223.0,264.0,0.0
15445,72.0,153.0,0.0
15446,14.0,495.0,0.0
15447,121.0,185.0,0.0
15448,55.0,198.0,0.0
15449,60.0,196.0,0.0
15450,94.0,476.0,0.0
15451,146.0,89.0,0.0
15452,229.0,40.0,0.0
15453,157.0,297.0,0.0
15454,265.0,171.0,0.0
15455,222.0,359.0,0.0
15456,133.0,265.0,0.0
15457,74.0,356.0,0.0
15458,207.0,84.0,0.0
15459,39.0,230.0,0.0
15460,38.0,18.0,0.0
15461,198.0,524.0,0.0
15462,53.0,596.0,0.0
15463,199.0,292.0,0.0
15464,14.0,364.0,0.0
15465,223.0,434.0,0.0
15466,197.0,232.0,0.0
15467,229.0,283.0,0.0
15468,261.0,308.0,0.0
15469,156.0,43.0,0.0
15470,21.0,160.0,0.0
15471,238.0,59.0,0.0
15472,260.0,368.0,0.0
15473,110.0,83.0,0.0
15474,159.0,115.0,0.0
15475,24.0,24.0,0.0
15476,120.0,572.0,0.0
15477,70.0,270.0,0.0
15478,252.0,82.0,0.0
15479,170.0,48.0,0.0
15480,238.0,212.0,0.0
15481,259.0,70.0,0.0
15482,238.0,161.0,0.0
15483,210.0,342.0,0.0
15484,164.0,300.0,0.0
15485,132.0,187.0,0.0
15486,265.0,32.0,0.0
15487,239.0,357.0,0.0
15488,1.0,538.0,0.0
15489,138.0,218.0,0.0
15490,243.0,202.0,0.0
15491,6.0,330.0,0.0
15492,194.0,426.0,0.0
15493,193.0,344.0,0.0
15494,250.0,106.0,0.0
15495,221.0,95.0,0.0
15496,60.0,507.0,0.0
15497,198.0,503.0,0.0
15498,24.0,507.0,0.0
15499,263.0,118.0,0.0
15500,90.0,54.0,0.0
15501,202.0,255.0,0.0
15502,203.0,39.0,0.0
15503,48.0,438.0,0.0
15504,59.0,160.0,0.0
15505,151.0,561.0,0.0
15506,37.0,408.0,0.0
15507,205.0,52.0,0.0
15508,35.0,322.0,0.0
15509,103.0,433.0,0.0
15510,253.0,161.0,0.0
15511,136.0,511.0,0.0
15512,208.0,551.0,0.0
15513,4.0,597.0,0.0
15514,195.0,530.0,0.0
15515,68.0,291.0,0.0
15516,220.0,427.0,0.0
15517,153.0,155.0,0.0
15518,14.0,572.0,0.0
15519,173.0,596.0,0.0
15520,195.0,544.0,0.0
15521,94.0,306.0,0.0
15522,20.0,66.0,0.0
15523,208.0,288.0,0.0
15524,147.0,523.0,0.0
15525,152.0,508.0,0.0
15526,161.0,462.0,0.0
15527,140.0,584.0,0.0
15528,152.0,60.0,0.0
15529,66.0,239.0,0.0
15530,154.0,358.0,0.0
15531,180.0,151.0,0.0
15532,201.0,3.0,0.0
15533,154.0,372.0,0.0
15534,40.0,186.0,0.0
15535,117.0,495.0,0.0
15536,50.0,185.0,0.0
15537,104.0,327.0,0.0
15538,212.0,275.0,0.0
15539,181.0,567.0,0.0
15540,249.0,309.0,0.0
15541,177.0,35.0,0.0
15542,12.0,353.0,0.0
15543,41.0,250.0,0.0
15544,117.0,272.0,0.0
15545,251.0,282.0,0.0
15546,8.0,454.0,0.0
15547,101.0,298.0,0.0
15548,69.0,168.0,0.0
15549,84.0,110.0,0.0
15550,193.0,552.0,0.0
15551,90.0,13.0,0.0
15552,205.0,387.0,0.0
15553,177.0,137.0,0.0
15554,77.0,69.0,0.0
15555,238.0,128.0,0.0
15556,24.0,174.0,0.0
15557,152.0,254.0,0.0
15558,117.0,141.0,0.0
15559,33.0,56.0,0.0
15560,85.0,199.0,0.0
15561,151.0,545.0,0.0
15562,136.0,542.0,0.0
15563,214.0,421.0,0.0
15564,244.0,338.0,0.0
15565,114.0,242.0,0.0
15566,155.0,194.0,0.0
15567,117.0,169.0,0.0
15568,251.0,43.0,0.0
15569,237.0,490.0,0.0
15570,32.0,167.0,0.0
15571,121.0,296.0,0.0
15572,72.0,368.0,0.0
15573,26.0,73.0,0.0
15574,12.0,185.0,0.0
15575,193.0,271.0,0.0
15576,220.0,301.0,0.0
15577,57.0,73.0,0.0
15578,70.0,309.0,0.0
15579,246.0,76.0,0.0
15580,46.0,169.0,0.0
15581,135.0,454.0,0.0
15582,2.0,557.0,0.0
15583,199.0,504.0,0.0
15584,210.0,508.0,0.0
15585,64.0,592.0,0.0
15586,175.0,462.0,0.0
15587,181.0,489.0,0.0
15588,151.0,3.0,0.0
15589,139.0,11.0,0.0
15590,205.0,389.0,0.0
15591,255.0,35.0,0.0
15592,187.0,69.0,0.0
15593,199.0,558.0,0.0
15594,71.0,283.0,0.0
15595,58.0,263.0,0.0
15596,15.0,243.0,0.0
15597,152.0,292.0,0.0
15598,259.0,581.0,0.0
15599,142.0,325.0,0.0
15600,116.0,379.0,0.0
15601,222.0,386.0,0.0
15602,122.0,190.0,0.0
15603,29.0,493.0,0.0
15604,28.0,253.0,0.0
15605,158.0,362.0,0.0
15606,76.0,531.0,0.0
15607,126.0,329.0,0.0
15608,168.0,402.0,0.0
15609,193.0,519.0,0.0
15610,126.0,479.0,0.0
15611,210.0,428.0,0.0
15612,26.0,406.0,0.0
15613,227.0,479.0,0.0
15614,249.0,434.0,0.0
15615,179.0,367.0,0.0
15616,92.0,190.0,0.0
15617,183.0,148.0,0.0
15618,60.0,82.0,0.0
15619,148.0,85.0,0.0
15620,185.0,328.0,0.0
15621,59.0,583.0,0.0
15622,212.0,159.0,0.0
15623,184.0,171.0,0.0
15624,103.0,181.0,0.0
15625,53.0,519.0,0.0
15626,165.0,347.0,0.0
15627,189.0,8.0,0.0
15628,124.0,343.0,0.0
15629,52.0,513.0,0.0
15630,124.0,402.0,0.0
15631,180.0,301.0,0.0
15632,140.0,237.0,0.0
15633,195.0,575.0,0.0
15634,90.0,200.0,0.0
15635,146.0,456.0,0.0
15636,193.0,593.0,0.0
15637,133.0,517.0,0.0
15638,198.0,17.0,0.0
15639,197.0,362.0,0.0
15640,210.0,444.0,0.0
15641,67.0,45.0,0.0
15642,231.0,200.0,0.0
15643,11.0,450.0,0.0
15644,136.0,172.0,0.0
15645,131.0,442.0,0.0
15646,149.0,158.0,0.0
15647,260.0,401.0,0.0
15648,74.0,6.0,0.0
15649,42.0,494.0,0.0
15650,12.0,285.0,0.0
15651,243.0,579.0,0.0
15652,22.0,72.0,0.0
15653,228.0,255.0,0.0
15654,254.0,353.0,0.0
15655,184.0,167.0,0.0
15656,258.0,188.0,0.0
15657,8.0,587.0,0.0
15658,247.0,543.0,0.0
15659,14.0,353.0,0.0
15660,88.0,395.0,0.0
15661,61.0,159.0,0.0
15662,107.0,1.0,0.0
15663,134.0,315.0,0.0
15664,202.0,534.0,0.0
15665,88.0,94.0,0.0
15666,35.0,10.0,0.0
15667,30.0,245.0,0.0
15668,67.0,269.0,0.0
15669,266.0,443.0,0.0
15670,267.0,396.0,0.0
15671,98.0,337.0,0.0
15672,114.0,502.0,0.0
15673,87.0,61.0,0.0
15674,246.0,491.0,0.0
15675,234.0,374.0,0.0
15676,266.0,162.0,0.0
15677,146.0,365.0,0.0
15678,211.0,503.0,0.0
15679,12.0,583.0,0.0
15680,142.0,107.0,0.0
15681,179.0,483.0,0.0
15682,115.0,574.0,0.0
15683,22.0,301.0,0.0
15684,76.0,443.0,0.0
15685,218.0,525.0,0.0
15686,5.0,23.0,0.0
15687,261.0,326.0,0.0
15688,78.0,188.0,0.0
15689,267.0,131.0,0.0
15690,212.0,65.0,0.0
15691,194.0,329.0,0.0
15692,212.0,591.0,0.0
15693,99.0,429.0,0.0
15694,72.0,306.0,0.0
15695,226.0,557.0,0.0
15696,5.0,120.0,0.0
15697,250.0,247.0,0.0
15698,9.0,74.0,0.0
15699,48.0,244.0,0.0
15700,78.0,427.0,0.0
15701,11.0,436.0,0.0
15702,120.0,227.0,0.0
15703,126.0,194.0,0.0
15704,51.0,252.0,0.0
15705,84.0,63.0,0.0
15706,233.0,586.0,0.0
15707,223.0,271.0,0.0
15708,44.0,592.0,0.0
15709,263.0,20.0,0.0
15710,21.0,308.0,0.0
15711,92.0,592.0,0.0
15712,187.0,209.0,0.0
15713,241.0,21.0,0.0
15714,38.0,388.0,0.0
15715,106.0,434.0,0.0
15716,266.0,108.0,0.0
15717,34.0,244.0,0.0
15718,175.0,274.0,0.0
15719,237.0,522.0,0.0
15720,57.0,443.0,0.0
15721,34.0,518.0,0.0
15722,135.0,437.0,0.0
15723,191.0,335.0,0.0
15724,238.0,284.0,0.0
15725,104.0,171.0,0.0
15726,167.0,279.0,0.0
15727,263.0,495.0,0.0
15728,18.0,302.0,0.0
15729,55.0,160.0,0.0
15730,197.0,185.0,0.0
15731,251.0,501.0,0.0
15732,207.0,235.0,0.0
15733,236.0,322.0,0.0
15734,48.0,143.0,0.0
15735,188.0,332.0,0.0
15736,152.0,97.0,0.0
15737,21.0,535.0,0.0
15738,166.0,90.0,0.0
15739,93.0,385.0,0.0
15740,57.0,101.0,0.0
15741,69.0,301.0,0.0
15742,111.0,223.0,0.0
15743,9.0,527.0,0.0
15744,33.0,487.0,0.0
15745,141.0,323.0,0.0
15746,73.0,438.0,0.0
15747,109.0,193.0,0.0
15748,21.0,251.0,0.0
15749,37.0,188.0,0.0
15750,126.0,268.0,0.0
15751,48.0,479.0,0.0
15752,227.0,324.0,0.0
15753,145.0,539.0,0.0
15754,4.0,96.0,0.0
15755,125.0,269.0,0.0
15756,190.0,341.0,0.0
15757,173.0,366.0,0.0
15758,20.0,414.0,0.0
15759,119.0,350.0,0.0
15760,209.0,161.0,0.0
15761,235.0,300.0,0.0
15762,140.0,75.0,0.0
15763,85.0,455.0,0.0
15764,110.0,476.0,0.0
15765,125.0,106.0,0.0
15766,171.0,31.0,0.0
15767,24.0,259.0,0.0
15768,137.0,66.0,0.0
15769,76.0,230.0,0.0
15770,67.0,384.0,0.0
15771,203.0,219.0,0.0
15772,203.0,424.0,0.0
15773,186.0,585.0,0.0
15774,123.0,373.0,0.0
15775,116.0,348.0,0.0
15776,183.0,572.0,0.0
15777,110.0,23.0,0.0
15778,268.0,552.0,0.0
15779,0.0,581.0,0.0
15780,94.0,201.0,0.0
15781,202.0,307.0,0.0
15782,254.0,162.0,0.0
15783,159.0,371.0,0.0
15784,229.0,346.0,0.0
15785,266.0,279.0,0.0
15786,21.0,0.0,0.0
15787,187.0,384.0,0.0
15788,27.0,189.0,0.0
15789,91.0,43.0,0.0
15790,260.0,374.0,0.0
15791,130.0,114.0,0.0
15792,102.0,305.0,0.0
15793,68.0,109.0,0.0
15794,219.0,447.0,0.0
15795,148.0,345.0,0.0
15796,204.0,22.0,0.0
15797,193.0,199.0,0.0
15798,220.0,59.0,0.0
15799,204.0,413.0,0.0
15800,248.0,438.0,0.0
15801,264.0,244.0,0.0
15802,62.0,11.0,0.0
15803,99.0,281.0,0.0
15804,18.0,127.0,0.0
15805,138.0,586.0,0.0
15806,245.0,346.0,0.0
15807,156.0,265.0,0.0
15808,5.0,172.0,0.0
15809,50.0,46.0,0.0
15810,43.0,36.0,0.0
15811,105.0,117.0,0.0
15812,120.0,393.0,0.0
15813,209.0,104.0,0.0
15814,31.0,142.0,0.0
15815,53.0,42.0,0.0
15816,63.0,425.0,0.0
15817,45.0,185.0,0.0
15818,125.0,198.0,0.0
15819,190.0,530.0,0.0
15820,220.0,314.0,0.0
15821,213.0,103.0,0.0
15822,147.0,43.0,0.0
15823,94.0,57.0,0.0
15824,199.0,1.0,0.0
15825,121.0,385.0,0.0
15826,261.0,445.0,0.0
15827,69.0,259.0,0.0
15828,6.0,507.0,0.0
15829,81.0,438.0,0.0
15830,41.0,248.0,0.0
15831,175.0,510.0,0.0
15832,101.0,451.0,0.0
15833,113.0,341.0,0.0
15834,183.0,440.0,0.0
15835,221.0,122.0,0.0
15836,89.0,419.0,0.0
15837,168.0,68.0,0.0
15838,251.0,553.0,0.0
15839,80.0,284.0,0.0
15840,73.0,200.0,0.0
15841,194.0,540.0,0.0
15842,7.0,188.0,0.0
15843,50.0,591.0,0.0
15844,221.0,206.0,0.0
15845,246.0,18.0,0.0
15846,97.0,35.0,0.0
15847,84.0,196.0,0.0
15848,110.0,288.0,0.0
15849,14.0,475.0,0.0
15850,106.0,309.0,0.0
15851,163.0,102.0,0.0
15852,28.0,24.0,0.0
15853,256.0,298.0,0.0
15854,184.0,152.0,0.0
15855,190.0,276.0,0.0
15856,134.0,407.0,0.0
15857,98.0,64.0,0.0
15858,81.0,351.0,0.0
15859,209.0,480.0,0.0
15860,176.0,558.0,0.0
15861,92.0,300.0,0.0
15862,204.0,160.0,0.0
15863,156.0,313.0,0.0
15864,169.0,37.0,0.0
15865,35.0,21.0,0.0
15866,158.0,568.0,0.0
15867,207.0,537.0,0.0
15868,67.0,181.0,0.0
15869,242.0,462.0,0.0
15870,12.0,64.0,0.0
15871,18.0,189.0,0.0
15872,222.0,499.0,0.0
15873,240.0,305.0,0.0
15874,242.0,19.0,0.0
15875,1.0,408.0,0.0
15876,246.0,98.0,0.0
15877,32.0,357.0,0.0
15878,64.0,444.0,0.0
15879,210.0,559.0,0.0
15880,212.0,520.0,0.0
15881,206.0,431.0,0.0
15882,250.0,399.0,0.0
15883,0.0,190.0,0.0
15884,168.0,132.0,0.0
15885,127.0,1.0,0.0
15886,202.0,6.0,0.0
15887,243.0,464.0,0.0
15888,248.0,289.0,0.0
15889,186.0,350.0,0.0
15890,207.0,276.0,0.0
15891,26.0,528.0,0.0
15892,31.0,306.0,0.0
15893,262.0,579.0,0.0
15894,181.0,405.0,0.0
15895,188.0,228.0,0.0
15896,102.0,257.0,0.0
15897,147.0,90.0,0.0
15898,143.0,256.0,0.0
15899,172.0,506.0,0.0
15900,123.0,394.0,0.0
15901,205.0,5.0,0.0
15902,267.0,116.0,0.0
15903,225.0,40.0,0.0
15904,241.0,125.0,0.0
15905,76.0,311.0,0.0
15906,170.0,172.0,0.0
15907,135.0,197.0,0.0
15908,111.0,34.0,0.0
15909,14.0,233.0,0.0
15910,23.0,393.0,0.0
15911,196.0,512.0,0.0
15912,6.0,295.0,0.0
15913,82.0,572.0,0.0
15914,223.0,443.0,0.0
15915,257.0,552.0,0.0
15916,200.0,118.0,0.0
15917,193.0,430.0,0.0
15918,265.0,371.0,0.0
15919,36.0,410.0,0.0
15920,116.0,378.0,0.0
15921,221.0,400.0,0.0
15922,249.0,295.0,0.0
15923,162.0,338.0,0.0
15924,57.0,563.0,0.0
15925,29.0,303.0,0.0
15926,24.0,305.0,0.0
15927,34.0,51.0,0.0
15928,237.0,514.0,0.0
15929,117.0,366.0,0.0
15930,237.0,263.0,0.0
15931,147.0,555.0,0.0
15932,208.0,72.0,0.0
15933,199.0,161.0,0.0
15934,90.0,339.0,0.0
15935,43.0,520.0,0.0
15936,219.0,389.0,0.0
15937,49.0,353.0,0.0
15938,120.0,442.0,0.0
15939,254.0,122.0,0.0
15940,223.0,283.0,0.0
15941,219.0,75.0,0.0
15942,139.0,329.0,0.0
15943,28.0,521.0,0.0
15944,180.0,203.0,0.0
15945,50.0,424.0,0.0
15946,146.0,373.0,0.0
15947,130.0,325.0,0.0
15948,173.0,135.0,0.0
15949,181.0,42.0,0.0
15950,15.0,137.0,0.0
15951,65.0,538.0,0.0
15952,148.0,290.0,0.0
15953,202.0,535.0,0.0
15954,29.0,226.0,0.0
15955,263.0,19.0,0.0
15956,34.0,306.0,0.0
15957,152.0,229.0,0.0
15958,170.0,459.0,0.0
15959,260.0,395.0,0.0
15960,219.0,198.0,0.0
15961,200.0,550.0,0.0
15962,8.0,283.0,0.0
15963,38.0,412.0,0.0
15964,245.0,253.0,0.0
15965,255.0,545.0,0.0
15966,228.0,202.0,0.0
15967,74.0,208.0,0.0
15968,173.0,496.0,0.0
15969,147.0,513.0,0.0
15970,55.0,228.0,0.0
15971,71.0,333.0,0.0
15972,16.0,535.0,0.0
15973,40.0,153.0,0.0
15974,201.0,239.0,0.0
15975,215.0,167.0,0.0
15976,204.0,17.0,0.0
15977,176.0,67.0,0.0
15978,59.0,414.0,0.0
15979,21.0,582.0,0.0
15980,231.0,382.0,0.0
15981,251.0,528.0,0.0
15982,181.0,207.0,0.0
15983,74.0,199.0,0.0
15984,252.0,282.0,0.0
15985,92.0,389.0,0.0
15986,61.0,451.0,0.0
15987,77.0,265.0,0.0
15988,247.0,516.0,0.0
15989,237.0,590.0,0.0
15990,230.0,445.0,0.0
15991,217.0,402.0,0.0
15992,83.0,273.0,0.0
15993,190.0,540.0,0.0
15994,237.0,251.0,0.0
15995,32.0,438.0,0.0
15996,167.0,156.0,0.0
15997,240.0,264.0,0.0
15998,182.0,13.0,0.0
15999,135.0,540.0,0.0
16000,95.0,322.0,0.0
16001,189.0,553.0,0.0
16002,116.0,94.0,0.0
16003,22.0,579.0,0.0
16004,243.0,38.0,0.0
16005,190.0,232.0,0.0
16006,77.0,39.0,0.0
16007,218.0,26.0,0.0
16008,80.0,578.0,0.0
16009,29.0,64.0,0.0
16010,218.0,85.0,0.0
16011,12.0,231.0,0.0
16012,181.0,237.0,0.0
16013,133.0,233.0,0.0
16014,27.0,96.0,0.0
16015,103.0,85.0,0.0
16016,255.0,467.0,0.0
16017,247.0,297.0,0.0
16018,20.0,555.0,0.0
16019,172.0,336.0,0.0
16020,242.0,23.0,0.0
16021,105.0,283.0,0.0
16022,151.0,579.0,0.0
16023,109.0,440.0,0.0
16024,152.0,452.0,0.0
16025,41.0,194.0,0.0
16026,79.0,193.0,0.0
16027,6.0,562.0,0.0
16028,255.0,370.0,0.0
16029,13.0,298.0,0.0
16030,106.0,166.0,0.0
16031,104.0,411.0,0.0
16032,50.0,55.0,0.0
16033,27.0,395.0,0.0
16034,250.0,285.0,0.0
16035,23.0,239.0,0.0
16036,174.0,232.0,0.0
16037,107.0,405.0,0.0
16038,159.0,70.0,0.0
16039,76.0,268.0,0.0
16040,33.0,53.0,0.0
16041,192.0,551.0,0.0
16042,229.0,49.0,0.0
16043,254.0,236.0,0.0
16044,220.0,557.0,0.0
16045,50.0,235.0,0.0
16046,143.0,538.0,0.0
16047,220.0,168.0,0.0
16048,24.0,48.0,0.0
16049,35.0,53.0,0.0
16050,13.0,158.0,0.0
16051,118.0,100.0,0.0
16052,17.0,550.0,0.0
16053,57.0,360.0,0.0
16054,58.0,332.0,0.0
16055,101.0,532.0,0.0
16056,237.0,87.0,0.0
16057,110.0,283.0,0.0
16058,118.0,376.0,0.0
16059,100.0,103.0,0.0
16060,147.0,91.0,0.0
16061,165.0,327.0,0.0
16062,167.0,467.0,0.0
16063,248.0,159.0,0.0
16064,255.0,218.0,0.0
16065,105.0,185.0,0.0
16066,121.0,386.0,0.0
16067,32.0,20.0,0.0
16068,261.0,70.0,0.0
16069,22.0,586.0,0.0
16070,100.0,468.0,0.0
16071,3.0,595.0,0.0
16072,148.0,496.0,0.0
16073,251.0,394.0,0.0
16074,244.0,572.0,0.0
16075,239.0,336.0,0.0
16076,53.0,182.0,0.0
16077,259.0,550.0,0.0
16078,215.0,141.0,0.0
16079,50.0,322.0,0.0
16080,62.0,366.0,0.0
16081,135.0,546.0,0.0
16082,113.0,144.0,0.0
16083,125.0,44.0,0.0
16084,69.0,324.0,0.0
16085,105.0,85.0,0.0
16086,210.0,492.0,0.0
16087,192.0,135.0,0.0
16088,141.0,334.0,0.0
16089,63.0,262.0,0.0
16090,186.0,165.0,0.0
16091,179.0,9.0,0.0
16092,35.0,588.0,0.0
16093,172.0,557.0,0.0
16094,211.0,279.0,0.0
16095,96.0,452.0,0.0
16096,177.0,423.0,0.0
16097,241.0,521.0,0.0
16098,187.0,41.0,0.0
16099,213.0,223.0,0.0
16100,109.0,18.0,0.0
16101,98.0,539.0,0.0
16102,237.0,226.0,0.0
16103,221.0,413.0,0.0
16104,177.0,328.0,0.0
16105,103.0,76.0,0.0
16106,58.0,257.0,0.0
16107,204.0,92.0,0.0
16108,43.0,524.0,0.0
16109,79.0,313.0,0.0
16110,188.0,43.0,0.0
16111,33.0,190.0,0.0
16112,42.0,360.0,0.0
16113,52.0,485.0,0.0
16114,32.0,190.0,0.0
16115,3.0,291.0,0.0
16116,209.0,563.0,0.0
16117,179.0,358.0,0.0
16118,39.0,443.0,0.0
16119,224.0,468.0,0.0
16120,13.0,276.0,0.0
16121,118.0,130.0,0.0
16122,170.0,381.0,0.0
16123,264.0,468.0,0.0
16124,227.0,84.0,0.0
16125,21.0,404.0,0.0
16126,28.0,283.0,0.0
16127,195.0,106.0,0.0
16128,91.0,352.0,0.0
16129,166.0,507.0,0.0
16130,11.0,270.0,0.0
16131,112.0,74.0,0.0
16132,48.0,583.0,0.0
16133,13.0,508.0,0.0
16134,14.0,88.0,0.0
16135,151.0,78.0,0.0
16136,184.0,365.0,0.0
16137,261.0,575.0,0.0
16138,187.0,260.0,0.0
16139,92.0,342.0,0.0
16140,116.0,249.0,0.0
16141,14.0,394.0,0.0
16142,203.0,525.0,0.0
16143,27.0,295.0,0.0
16144,220.0,95.0,0.0
16145,43.0,41.0,0.0
16146,252.0,86.0,0.0
16147,69.0,243.0,0.0
16148,244.0,541.0,0.0
16149,171.0,452.0,0.0
16150,204.0,219.0,0.0
16151,206.0,26.0,0.0
16152,45.0,560.0,0.0
16153,126.0,273.0,0.0
16154,191.0,211.0,0.0
16155,227.0,15.0,0.0
16156,178.0,306.0,0.0
16157,0.0,378.0,0.0
16158,72.0,92.0,0.0
16159,169.0,358.0,0.0
16160,139.0,366.0,0.0
16161,260.0,332.0,0.0
16162,56.0,580.0,0.0
16163,118.0,120.0,0.0
16164,171.0,271.0,0.0
16165,191.0,425.0,0.0
16166,201.0,41.0,0.0
16167,18.0,583.0,0.0
16168,137.0,18.0,0.0
16169,151.0,494.0,0.0
16170,168.0,495.0,0.0
16171,237.0,412.0,0.0
16172,262.0,447.0,0.0
16173,122.0,242.0,0.0
16174,253.0,577.0,0.0
16175,211.0,314.0,0.0
16176,158.0,41.0,0.0
16177,15.0,504.0,0.0
16178,26.0,37.0,0.0
16179,108.0,465.0,0.0
16180,254.0,592.0,0.0
16181,27.0,211.0,0.0
16182,97.0,47.0,0.0
16183,46.0,417.0,0.0
16184,255.0,469.0,0.0
16185,246.0,95.0,0.0
16186,155.0,582.0,0.0
16187,159.0,175.0,0.0
16188,188.0,250.0,0.0
16189,145.0,231.0,0.0
16190,98.0,72.0,0.0
16191,72.0,11.0,0.0
16192,253.0,144.0,0.0
16193,42.0,316.0,0.0
16194,70.0,296.0,0.0
16195,161.0,266.0,0.0
16196,99.0,322.0,0.0
16197,219.0,557.0,0.0
16198,168.0,380.0,0.0
16199,146.0,589.0,0.0
16200,230.0,525.0,0.0
16201,156.0,163.0,0.0
16202,222.0,42.0,0.0
16203,209.0,200.0,0.0
16204,131.0,572.0,0.0
16205,20.0,41.0,0.0
16206,74.0,366.0,0.0
16207,79.0,332.0,0.0
16208,180.0,304.0,0.0
16209,131.0,207.0,0.0
16210,228.0,113.0,0.0
16211,135.0,578.0,0.0
16212,187.0,404.0,0.0
16213,93.0,391.0,0.0
16214,104.0,469.0,0.0
16215,74.0,200.0,0.0
16216,203.0,57.0,0.0
16217,99.0,354.0,0.0
16218,26.0,223.0,0.0
16219,202.0,236.0,0.0
16220,7.0,73.0,0.0
16221,22.0,179.0,0.0
16222,97.0,472.0,0.0
16223,45.0,14.0,0.0
16224,74.0,211.0,0.0
16225,126.0,157.0,0.0
16226,2.0,562.0,0.0
16227,118.0,534.0,0.0
16228,196.0,156.0,0.0
16229,249.0,79.0,0.0
16230,124.0,296.0,0.0
16231,37.0,476.0,0.0
16232,168.0,524.0,0.0
16233,6.0,37.0,0.0
16234,77.0,503.0,0.0
16235,253.0,556.0,0.0
16236,164.0,562.0,0.0
16237,169.0,12.0,0.0
16238,100.0,447.0,0.0
16239,116.0,184.0,0.0
16240,20.0,175.0,0.0
16241,207.0,236.0,0.0
16242,120.0,234.0,0.0
16243,12.0,112.0,0.0
16244,207.0,278.0,0.0
16245,25.0,374.0,0.0
16246,184.0,326.0,0.0
16247,104.0,382.0,0.0
16248,67.0,96.0,0.0
16249,123.0,371.0,0.0
16250,130.0,478.0,0.0
16251,155.0,80.0,0.0
16252,153.0,268.0,0.0
16253,11.0,25.0,0.0
16254,42.0,105.0,0.0
16255,225.0,214.0,0.0
16256,258.0,532.0,0.0
16257,145.0,16.0,0.0
16258,247.0,62.0,0.0
16259,154.0,525.0,0.0
16260,61.0,67.0,0.0
16261,196.0,580.0,0.0
16262,149.0,273.0,0.0
16263,240.0,535.0,0.0
16264,175.0,113.0,0.0
16265,209.0,130.0,0.0
16266,176.0,507.0,0.0
16267,57.0,471.0,0.0
16268,100.0,229.0,0.0
16269,50.0,38.0,0.0
16270,36.0,545.0,0.0
16271,238.0,460.0,0.0
16272,36.0,392.0,0.0
16273,21.0,568.0,0.0
16274,3.0,132.0,0.0
16275,243.0,441.0,0.0
16276,179.0,456.0,0.0
16277,256.0,217.0,0.0
16278,114.0,216.0,0.0
16279,149.0,345.0,0.0
16280,238.0,101.0,0.0
16281,268.0,285.0,0.0
16282,149.0,281.0,0.0
16283,246.0,493.0,0.0
16284,267.0,197.0,0.0
16285,141.0,338.0,0.0
16286,57.0,535.0,0.0
16287,215.0,227.0,0.0
16288,125.0,318.0,0.0
16289,24.0,83.0,0.0
16290,87.0,174.0,0.0
16291,40.0,305.0,0.0
16292,59.0,205.0,0.0
16293,40.0,210.0,0.0
16294,130.0,591.0,0.0
16295,12.0,98.0,0.0
16296,61.0,310.0,0.0
16297,127.0,23.0,0.0
16298,149.0,259.0,0.0
16299,6.0,376.0,0.0
16300,224.0,348.0,0.0
16301,207.0,597.0,0.0
16302,156.0,579.0,0.0
16303,261.0,310.0,0.0
16304,57.0,152.0,0.0
16305,85.0,460.0,0.0
16306,163.0,329.0,0.0
16307,42.0,97.0,0.0
16308,156.0,310.0,0.0
16309,55.0,472.0,0.0
16310,114.0,260.0,0.0
16311,187.0,128.0,0.0
16312,138.0,535.0,0.0
16313,195.0,405.0,0.0
16314,205.0,503.0,0.0
16315,57.0,558.0,0.0
16316,193.0,562.0,0.0
16317,268.0,133.0,0.0
16318,80.0,30.0,0.0
16319,24.0,180.0,0.0
16320,54.0,554.0,0.0
16321,146.0,445.0,0.0
16322,80.0,434.0,0.0
16323,14.0,402.0,0.0
16324,258.0,553.0,0.0
16325,202.0,324.0,0.0
16326,248.0,177.0,0.0
16327,158.0,476.0,0.0
16328,166.0,273.0,0.0
16329,203.0,225.0,0.0
16330,166.0,127.0,0.0
16331,73.0,510.0,0.0
16332,217.0,32.0,0.0
16333,6.0,16.0,0.0
16334,11.0,105.0,0.0
16335,193.0,150.0,0.0
16336,61.0,168.0,0.0
16337,0.0,282.0,0.0
16338,236.0,306.0,0.0
16339,32.0,202.0,0.0
16340,6.0,169.0,0.0
16341,264.0,449.0,0.0
16342,47.0,410.0,0.0
16343,142.0,539.0,0.0
16344,255.0,410.0,0.0
16345,246.0,429.0,0.0
16346,135.0,492.0,0.0
16347,103.0,560.0,0.0
16348,257.0,232.0,0.0
16349,114.0,520.0,0.0
16350,213.0,121.0,0.0
16351,156.0,490.0,0.0
16352,250.0,180.0,0.0
16353,198.0,295.0,0.0
16354,62.0,438.0,0.0
16355,210.0,518.0,0.0
16356,92.0,167.0,0.0
16357,260.0,159.0,0.0
16358,108.0,275.0,0.0
16359,46.0,545.0,0.0
16360,213.0,228.0,0.0
16361,131.0,267.0,0.0
16362,189.0,470.0,0.0
16363,39.0,459.0,0.0
16364,45.0,49.0,0.0
16365,187.0,263.0,0.0
16366,95.0,581.0,0.0
16367,232.0,503.0,0.0
16368,112.0,191.0,0.0
16369,150.0,424.0,0.0
16370,215.0,543.0,0.0
16371,123.0,160.0,0.0
16372,137.0,244.0,0.0
16373,155.0,121.0,0.0
16374,217.0,49.0,0.0
16375,17.0,496.0,0.0
16376,89.0,546.0,0.0
16377,39.0,27.0,0.0
16378,217.0,334.0,0.0
16379,196.0,360.0,0.0
16380,120.0,343.0,0.0
16381,114.0,428.0,0.0
16382,159.0,200.0,0.0
16383,206.0,51.0,0.0
16384,112.0,465.0,0.0
16385,206.0,257.0,0.0
16386,212.0,421.0,0.0
16387,198.0,428.0,0.0
16388,57.0,295.0,0.0
16389,99.0,74.0,0.0
16390,26.0,240.0,0.0
16391,56.0,352.0,0.0
16392,133.0,229.0,0.0
16393,66.0,556.0,0.0
16394,33.0,215.0,0.0
16395,93.0,565.0,0.0
16396,3.0,505.0,0.0
16397,49.0,441.0,0.0
16398,143.0,354.0,0.0
16399,157.0,561.0,0.0
16400,86.0,546.0,0.0
16401,101.0,2.0,0.0
16402,65.0,339.0,0.0
16403,62.0,284.0,0.0
16404,221.0,53.0,0.0
16405,72.0,119.0,0.0
16406,97.0,151.0,0.0
16407,63.0,305.0,0.0
16408,88.0,150.0,0.0
16409,41.0,348.0,0.0
16410,154.0,243.0,0.0
16411,164.0,43.0,0.0
16412,161.0,221.0,0.0
16413,177.0,446.0,0.0
16414,100.0,550.0,0.0
16415,208.0,413.0,0.0
16416,25.0,469.0,0.0
16417,56.0,325.0,0.0
16418,257.0,139.0,0.0
16419,151.0,479.0,0.0
16420,234.0,428.0,0.0
16421,70.0,473.0,0.0
16422,157.0,100.0,0.0
16423,199.0,391.0,0.0
16424,87.0,477.0,0.0
16425,184.0,106.0,0.0
16426,18.0,471.0,0.0
16427,128.0,292.0,0.0
16428,170.0,204.0,0.0
16429,89.0,488.0,0.0
16430,241.0,214.0,0.0
16431,97.0,183.0,0.0
16432,267.0,372.0,0.0
16433,93.0,244.0,0.0
16434,134.0,328.0,0.0
16435,253.0,85.0,0.0
16436,115.0,510.0,0.0
16437,112.0,257.0,0.0
16438,253.0,322.0,0.0
16439,45.0,15.0,0.0
16440,60.0,563.0,0.0
16441,105.0,407.0,0.0
16442,122.0,353.0,0.0
16443,150.0,123.0,0.0
16444,208.0,131.0,0.0
16445,244.0,455.0,0.0
16446,173.0,545.0,0.0
16447,218.0,552.0,0.0
16448,166.0,170.0,0.0
16449,166.0,538.0,0.0
16450,23.0,591.0,0.0
16451,247.0,383.0,0.0
16452,63.0,510.0,0.0
16453,41.0,129.0,0.0
16454,189.0,519.0,0.0
16455,185.0,310.0,0.0
16456,172.0,191.0,0.0
16457,237.0,130.0,0.0
16458,163.0,490.0,0.0
16459,237.0,205.0,0.0
16460,25.0,188.0,0.0
16461,154.0,550.0,0.0
16462,72.0,561.0,0.0
16463,149.0,189.0,0.0
16464,72.0,563.0,0.0
16465,22.0,210.0,0.0
16466,215.0,536.0,0.0
16467,146.0,239.0,0.0
16468,189.0,62.0,0.0
16469,113.0,496.0,0.0
16470,165.0,520.0,0.0
16471,212.0,496.0,0.0
16472,246.0,99.0,0.0
16473,204.0,176.0,0.0
16474,231.0,50.0,0.0
16475,207.0,266.0,0.0
16476,136.0,379.0,0.0
16477,186.0,306.0,0.0
16478,25.0,572.0,0.0
16479,133.0,124.0,0.0
16480,183.0,18.0,0.0
16481,244.0,463.0,0.0
16482,105.0,200.0,0.0
16483,262.0,459.0,0.0
16484,147.0,475.0,0.0
16485,82.0,313.0,0.0
16486,268.0,562.0,0.0
16487,237.0,115.0,0.0
16488,78.0,77.0,0.0
16489,35.0,49.0,0.0
16490,173.0,329.0,0.0
16491,218.0,541.0,0.0
16492,267.0,135.0,0.0
16493,35.0,479.0,0.0
16494,155.0,553.0,0.0
16495,30.0,292.0,0.0
16496,249.0,407.0,0.0
16497,223.0,129.0,0.0
16498,51.0,327.0,0.0
16499,22.0,141.0,0.0
16500,2.0,276.0,0.0
16501,246.0,348.0,0.0
16502,267.0,237.0,0.0
16503,3.0,149.0,0.0
16504,188.0,2.0,0.0
16505,77.0,315.0,0.0
16506,257.0,513.0,0.0
16507,223.0,108.0,0.0
16508,55.0,82.0,0.0
16509,180.0,87.0,0.0
16510,35.0,390.0,0.0
16511,63.0,80.0,0.0
16512,75.0,225.0,0.0
16513,26.0,549.0,0.0
16514,106.0,402.0,0.0
16515,249.0,499.0,0.0
16516,249.0,73.0,0.0
16517,43.0,517.0,0.0
16518,155.0,414.0,0.0
16519,43.0,507.0,0.0
16520,116.0,80.0,0.0
16521,241.0,515.0,0.0
16522,140.0,529.0,0.0
16523,110.0,535.0,0.0
16524,27.0,567.0,0.0
16525,17.0,350.0,0.0
16526,14.0,510.0,0.0
16527,2.0,516.0,0.0
16528,8.0,474.0,0.0
16529,57.0,590.0,0.0
16530,150.0,186.0,0.0
16531,153.0,28.0,0.0
16532,179.0,51.0,0.0
16533,78.0,381.0,0.0
16534,136.0,463.0,0.0
16535,196.0,148.0,0.0
16536,173.0,118.0,0.0
16537,70.0,64.0,0.0
16538,184.0,359.0,0.0
16539,77.0,90.0,0.0
16540,210.0,130.0,0.0
16541,160.0,455.0,0.0
16542,98.0,248.0,0.0
16543,213.0,71.0,0.0
16544,25.0,41.0,0.0
16545,6.0,265.0,0.0
16546,24.0,76.0,0.0
16547,30.0,23.0,0.0
16548,33.0,338.0,0.0
16549,128.0,96.0,0.0
16550,214.0,230.0,0.0
16551,167.0,244.0,0.0
16552,253.0,514.0,0.0
16553,166.0,234.0,0.0
16554,222.0,231.0,0.0
16555,75.0,144.0,0.0
16556,71.0,164.0,0.0
16557,241.0,292.0,0.0
16558,244.0,537.0,0.0
16559,80.0,221.0,0.0
16560,12.0,511.0,0.0
16561,108.0,176.0,0.0
16562,148.0,450.0,0.0
16563,238.0,230.0,0.0
16564,184.0,390.0,0.0
16565,84.0,430.0,0.0
16566,107.0,409.0,0.0
16567,41.0,63.0,0.0
16568,156.0,305.0,0.0
16569,95.0,400.0,0.0
16570,123.0,198.0,0.0
16571,63.0,115.0,0.0
16572,203.0,561.0,0.0
16573,61.0,325.0,0.0
16574,157.0,273.0,0.0
16575,64.0,208.0,0.0
16576,111.0,447.0,0.0
16577,139.0,34.0,0.0
16578,231.0,416.0,0.0
16579,44.0,343.0,0.0
16580,127.0,555.0,0.0
16581,222.0,469.0,0.0
16582,1.0,587.0,0.0
16583,236.0,201.0,0.0
16584,157.0,18.0,0.0
16585,145.0,416.0,0.0
16586,237.0,208.0,0.0
16587,182.0,419.0,0.0
16588,217.0,470.0,0.0
16589,250.0,308.0,0.0
16590,140.0,536.0,0.0
16591,138.0,483.0,0.0
16592,119.0,91.0,0.0
16593,255.0,366.0,0.0
16594,96.0,13.0,0.0
16595,115.0,239.0,0.0
16596,255.0,249.0,0.0
16597,21.0,505.0,0.0
16598,264.0,169.0,0.0
16599,227.0,371.0,0.0
16600,104.0,232.0,0.0
16601,185.0,50.0,0.0
16602,129.0,402.0,0.0
16603,218.0,361.0,0.0
16604,206.0,583.0,0.0
16605,52.0,549.0,0.0
16606,162.0,452.0,0.0
16607,171.0,3.0,0.0
16608,36.0,386.0,0.0
16609,195.0,38.0,0.0
16610,125.0,368.0,0.0
16611,194.0,217.0,0.0
16612,260.0,452.0,0.0
16613,13.0,10.0,0.0
16614,130.0,174.0,0.0
16615,110.0,302.0,0.0
16616,183.0,313.0,0.0
16617,209.0,333.0,0.0
16618,126.0,325.0,0.0
16619,171.0,13.0,0.0
16620,114.0,371.0,0.0
16621,52.0,263.0,0.0
16622,69.0,26.0,0.0
16623,266.0,294.0,0.0
16624,155.0,544.0,0.0
16625,252.0,587.0,0.0
16626,245.0,509.0,0.0
16627,41.0,143.0,0.0
16628,209.0,323.0,0.0
16629,234.0,40.0,0.0
16630,7.0,155.0,0.0
16631,82.0,108.0,0.0
16632,55.0,311.0,0.0
16633,259.0,140.0,0.0
16634,25.0,285.0,0.0
16635,183.0,266.0,0.0
16636,118.0,369.0,0.0
16637,235.0,314.0,0.0
16638,57.0,534.0,0.0
16639,140.0,172.0,0.0
16640,261.0,61.0,0.0
16641,261.0,273.0,0.0
16642,104.0,60.0,0.0
16643,32.0,55.0,0.0
16644,90.0,149.0,0.0
16645,64.0,365.0,0.0
16646,60.0,266.0,0.0
16647,179.0,41.0,0.0
16648,75.0,586.0,0.0
16649,221.0,21.0,0.0
16650,49.0,44.0,0.0
16651,175.0,56.0,0.0
16652,248.0,491.0,0.0
16653,44.0,466.0,0.0
16654,169.0,189.0,0.0
16655,44.0,534.0,0.0
16656,85.0,122.0,0.0
16657,192.0,265.0,0.0
16658,47.0,323.0,0.0
16659,45.0,79.0,0.0
16660,201.0,265.0,0.0
16661,17.0,439.0,0.0
16662,193.0,443.0,0.0
16663,21.0,88.0,0.0
16664,199.0,48.0,0.0
16665,8.0,37.0,0.0
16666,183.0,424.0,0.0
16667,84.0,99.0,0.0
16668,112.0,149.0,0.0
16669,86.0,90.0,0.0
16670,221.0,453.0,0.0
16671,1.0,295.0,0.0
16672,98.0,347.0,0.0
16673,32.0,149.0,0.0
16674,202.0,335.0,0.0
16675,74.0,558.0,0.0
16676,23.0,489.0,0.0
16677,36.0,442.0,0.0
16678,25.0,511.0,0.0
16679,45.0,548.0,0.0
16680,16.0,466.0,0.0
16681,135.0,451.0,0.0
16682,129.0,64.0,0.0
16683,114.0,544.0,0.0
16684,268.0,521.0,0.0
16685,44.0,514.0,0.0
16686,230.0,373.0,0.0
16687,119.0,549.0,0.0
16688,117.0,259.0,0.0
16689,32.0,523.0,0.0
16690,86.0,538.0,0.0
16691,88.0,259.0,0.0
16692,16.0,479.0,0.0
16693,155.0,133.0,0.0
16694,54.0,373.0,0.0
16695,36.0,397.0,0.0
16696,179.0,470.0,0.0
16697,22.0,4.0,0.0
16698,85.0,257.0,0.0
16699,33.0,73.0,0.0
16700,74.0,23.0,0.0
16701,11.0,573.0,0.0
16702,214.0,52.0,0.0
16703,30.0,557.0,0.0
16704,211.0,530.0,0.0
16705,243.0,336.0,0.0
16706,237.0,556.0,0.0
16707,5.0,469.0,0.0
16708,88.0,114.0,0.0
16709,1.0,155.0,0.0
16710,82.0,90.0,0.0
16711,259.0,545.0,0.0
16712,125.0,173.0,0.0
16713,35.0,149.0,0.0
16714,100.0,1.0,0.0
16715,73.0,352.0,0.0
16716,29.0,105.0,0.0
16717,48.0,510.0,0.0
16718,48.0,110.0,0.0
16719,7.0,251.0,0.0
16720,215.0,135.0,0.0
16721,40.0,14.0,0.0
16722,46.0,504.0,0.0
16723,77.0,568.0,0.0
16724,7.0,358.0,0.0
16725,228.0,82.0,0.0
16726,39.0,286.0,0.0
16727,70.0,347.0,0.0
16728,171.0,326.0,0.0
16729,124.0,123.0,0.0
16730,98.0,517.0,0.0
16731,253.0,195.0,0.0
16732,133.0,557.0,0.0
16733,19.0,256.0,0.0
16734,209.0,133.0,0.0
16735,73.0,36.0,0.0
16736,56.0,95.0,0.0
16737,136.0,169.0,0.0
16738,211.0,560.0,0.0
16739,236.0,443.0,0.0
16740,164.0,384.0,0.0
16741,232.0,298.0,0.0
16742,185.0,576.0,0.0
16743,153.0,316.0,0.0
16744,194.0,563.0,0.0
16745,185.0,374.0,0.0
16746,152.0,347.0,0.0
16747,219.0,60.0,0.0
16748,7.0,67.0,0.0
16749,148.0,53.0,0.0
16750,222.0,451.0,0.0
16751,83.0,375.0,0.0
16752,141.0,317.0,0.0
16753,139.0,560.0,0.0
16754,61.0,337.0,0.0
16755,111.0,471.0,0.0
16756,169.0,532.0,0.0
16757,99.0,334.0,0.0
16758,24.0,406.0,0.0
16759,5.0,385.0,0.0
16760,201.0,15.0,0.0
16761,107.0,35.0,0.0
16762,109.0,351.0,0.0
16763,240.0,560.0,0.0
16764,243.0,280.0,0.0
16765,205.0,120.0,0.0
16766,118.0,433.0,0.0
16767,59.0,79.0,0.0
16768,187.0,189.0,0.0
16769,83.0,207.0,0.0
16770,15.0,98.0,0.0
16771,5.0,269.0,0.0
16772,237.0,591.0,0.0
16773,212.0,188.0,0.0
16774,184.0,201.0,0.0
16775,2.0,300.0,0.0
16776,98.0,334.0,0.0
16777,227.0,413.0,0.0
16778,176.0,433.0,0.0
16779,110.0,447.0,0.0
16780,260.0,188.0,0.0
16781,100.0,302.0,0.0
16782,119.0,492.0,0.0
16783,122.0,222.0,0.0
16784,101.0,235.0,0.0
16785,261.0,536.0,0.0
16786,57.0,188.0,0.0
16787,156.0,556.0,0.0
16788,242.0,413.0,0.0
16789,186.0,511.0,0.0
16790,171.0,555.0,0.0
16791,10.0,429.0,0.0
16792,31.0,224.0,0.0
16793,109.0,478.0,0.0
16794,18.0,265.0,0.0
16795,27.0,441.0,0.0
16796,6.0,26.0,0.0
16797,257.0,301.0,0.0
16798,55.0,521.0,0.0
16799,103.0,419.0,0.0
16800,264.0,177.0,0.0
16801,137.0,152.0,0.0
16802,215.0,123.0,0.0
16803,186.0,304.0,0.0
16804,55.0,486.0,0.0
16805,46.0,51.0,0.0
16806,238.0,582.0,0.0
16807,14.0,424.0,0.0
16808,67.0,379.0,0.0
16809,27.0,471.0,0.0
16810,164.0,560.0,0.0
16811,11.0,503.0,0.0
16812,254.0,182.0,0.0
16813,186.0,528.0,0.0
16814,134.0,149.0,0.0
16815,100.0,351.0,0.0
16816,71.0,58.0,0.0
16817,65.0,82.0,0.0
16818,14.0,36.0,0.0
16819,40.0,177.0,0.0
16820,100.0,543.0,0.0
16821,99.0,439.0,0.0
16822,268.0,71.0,0.0
16823,24.0,432.0,0.0
16824,11.0,391.0,0.0
16825,181.0,540.0,0.0
16826,233.0,154.0,0.0
16827,26.0,464.0,0.0
16828,90.0,581.0,0.0
16829,263.0,397.0,0.0
16830,160.0,359.0,0.0
16831,123.0,133.0,0.0
16832,57.0,216.0,0.0
16833,245.0,168.0,0.0
16834,209.0,184.0,0.0
16835,56.0,518.0,0.0
16836,60.0,594.0,0.0
16837,16.0,576.0,0.0
16838,265.0,86.0,0.0
16839,87.0,436.0,0.0
16840,20.0,411.0,0.0
16841,86.0,375.0,0.0
16842,209.0,257.0,0.0
16843,77.0,408.0,0.0
16844,166.0,142.0,0.0
16845,24.0,2.0,0.0
16846,235.0,229.0,0.0
16847,251.0,592.0,0.0
16848,127.0,436.0,0.0
16849,267.0,292.0,0.0
16850,265.0,411.0,0.0
16851,138.0,317.0,0.0
16852,225.0,239.0,0.0
16853,232.0,197.0,0.0
16854,53.0,492.0,0.0
16855,8.0,127.0,0.0
16856,228.0,524.0,0.0
16857,38.0,411.0,0.0
16858,176.0,293.0,0.0
16859,111.0,116.0,0.0
16860,220.0,543.0,0.0
16861,109.0,549.0,0.0
16862,154.0,570.0,0.0
16863,118.0,85.0,0.0
16864,236.0,325.0,0.0
16865,82.0,17.0,0.0
16866,30.0,378.0,0.0
16867,250.0,409.0,0.0
16868,27.0,523.0,0.0
16869,23.0,378.0,0.0
16870,185.0,11.0,0.0
16871,15.0,232.0,0.0
16872,176.0,431.0,0.0
16873,75.0,462.0,0.0
16874,196.0,502.0,0.0
16875,56.0,279.0,0.0
16876,99.0,189.0,0.0
16877,115.0,561.0,0.0
16878,185.0,570.0,0.0
16879,242.0,410.0,0.0
16880,192.0,16.0,0.0
16881,170.0,530.0,0.0
16882,0.0,30.0,0.0
16883,6.0,496.0,0.0
16884,129.0,332.0,0.0
16885,133.0,41.0,0.0
16886,18.0,165.0,0.0
16887,32.0,372.0,0.0
16888,99.0,1.0,0.0
16889,152.0,509.0,0.0
16890,240.0,385.0,0.0
16891,15.0,381.0,0.0
16892,134.0,458.0,0.0
16893,221.0,232.0,0.0
16894,107.0,147.0,0.0
16895,90.0,217.0,0.0
16896,239.0,496.0,0.0
16897,247.0,61.0,0.0
16898,141.0,285.0,0.0
16899,218.0,381.0,0.0
16900,201.0,6.0,0.0
16901,5.0,282.0,0.0
16902,213.0,324.0,0.0
16903,127.0,197.0,0.0
16904,166.0,260.0,0.0
16905,75.0,141.0,0.0
16906,205.0,497.0,0.0
16907,133.0,349.0,0.0
16908,70.0,117.0,0.0
16909,120.0,311.0,0.0
16910,50.0,105.0,0.0
16911,143.0,204.0,0.0
16912,156.0,78.0,0.0
16913,75.0,475.0,0.0
16914,240.0,156.0,0.0
16915,158.0,238.0,0.0
16916,32.0,569.0,0.0
16917,4.0,275.0,0.0
16918,268.0,329.0,0.0
16919,151.0,399.0,0.0
16920,167.0,404.0,0.0
16921,258.0,493.0,0.0
16922,163.0,20.0,0.0
16923,49.0,344.0,0.0
16924,92.0,1.0,0.0
16925,237.0,277.0,0.0
16926,244.0,555.0,0.0
16927,182.0,178.0,0.0
16928,198.0,489.0,0.0
16929,80.0,220.0,0.0
16930,147.0,176.0,0.0
16931,10.0,34.0,0.0
16932,126.0,69.0,0.0
16933,7.0,487.0,0.0
16934,169.0,330.0,0.0
16935,109.0,120.0,0.0
16936,139.0,396.0,0.0
16937,219.0,501.0,0.0
16938,135.0,296.0,0.0
16939,142.0,529.0,0.0
16940,174.0,242.0,0.0
16941,140.0,114.0,0.0
16942,209.0,261.0,0.0
16943,3.0,199.0,0.0
16944,256.0,308.0,0.0
16945,196.0,429.0,0.0
16946,250.0,330.0,0.0
16947,95.0,259.0,0.0
16948,158.0,425.0,0.0
16949,234.0,527.0,0.0
16950,58.0,20.0,0.0
16951,157.0,198.0,0.0
16952,226.0,290.0,0.0
16953,206.0,511.0,0.0
16954,235.0,413.0,0.0
16955,249.0,546.0,0.0
16956,173.0,577.0,0.0
16957,13.0,451.0,0.0
16958,175.0,572.0,0.0
16959,190.0,394.0,0.0
16960,94.0,83.0,0.0
16961,67.0,342.0,0.0
16962,215.0,568.0,0.0
16963,100.0,425.0,0.0
16964,106.0,504.0,0.0
16965,49.0,250.0,0.0
16966,105.0,551.0,0.0
16967,200.0,266.0,0.0
16968,7.0,560.0,0.0
16969,161.0,85.0,0.0
16970,259.0,255.0,0.0
16971,213.0,583.0,0.0
16972,115.0,65.0,0.0
16973,7.0,265.0,0.0
16974,48.0,246.0,0.0
16975,107.0,28.0,0.0
16976,219.0,338.0,0.0
16977,82.0,85.0,0.0
16978,214.0,185.0,0.0
16979,110.0,226.0,0.0
16980,249.0,361.0,0.0
16981,95.0,61.0,0.0
16982,260.0,343.0,0.0
16983,2.0,345.0,0.0
16984,229.0,263.0,0.0
16985,1.0,403.0,0.0
16986,108.0,283.0,0.0
16987,140.0,182.0,0.0
16988,139.0,546.0,0.0
16989,117.0,514.0,0.0
16990,228.0,531.0,0.0
16991,1.0,275.0,0.0
16992,134.0,38.0,0.0
16993,109.0,328.0,0.0
16994,100.0,135.0,0.0
16995,175.0,261.0,0.0
16996,221.0,303.0,0.0
16997,158.0,370.0,0.0
16998,60.0,574.0,0.0
16999,185.0,373.0,0.0
17000,193.0,48.0,0.0
17001,111.0,427.0,0.0
17002,31.0,549.0,0.0
17003,45.0,449.0,0.0
17004,125.0,227.0,0.0
17005,13.0,188.0,0.0
17006,3.0,170.0,0.0
17007,21.0,488.0,0.0
17008,167.0,84.0,0.0
17009,198.0,196.0,0.0
17010,35.0,106.0,0.0
17011,202.0,330.0,0.0
17012,246.0,416.0,0.0
17013,83.0,567.0,0.0
17014,9.0,119.0,0.0
17015,236.0,336.0,0.0
17016,5.0,93.0,0.0
17017,198.0,363.0,0.0
17018,81.0,69.0,0.0
17019,105.0,72.0,0.0
17020,51.0,567.0,0.0
17021,159.0,180.0,0.0
17022,92.0,234.0,0.0
17023,201.0,22.0,0.0
17024,78.0,216.0,0.0
17025,25.0,448.0,0.0
17026,220.0,588.0,0.0
17027,212.0,294.0,0.0
17028,238.0,399.0,0.0
17029,195.0,39.0,0.0
17030,251.0,595.0,0.0
17031,134.0,471.0,0.0
17032,115.0,509.0,0.0
17033,254.0,183.0,0.0
17034,228.0,484.0,0.0
17035,190.0,355.0,0.0
17036,46.0,324.0,0.0
17037,36.0,368.0,0.0
17038,111.0,115.0,0.0
17039,178.0,380.0,0.0
17040,96.0,431.0,0.0
17041,158.0,473.0,0.0
17042,2.0,476.0,0.0
17043,24.0,561.0,0.0
17044,222.0,236.0,0.0
17045,73.0,44.0,0.0
17046,104.0,593.0,0.0
17047,189.0,493.0,0.0
17048,80.0,151.0,0.0
17049,259.0,372.0,0.0
17050,233.0,341.0,0.0
17051,112.0,566.0,0.0
17052,174.0,241.0,0.0
17053,200.0,581.0,0.0
17054,239.0,16.0,0.0
17055,39.0,130.0,0.0
17056,152.0,262.0,0.0
17057,122.0,414.0,0.0
17058,159.0,364.0,0.0
17059,203.0,346.0,0.0
17060,114.0,104.0,0.0
17061,79.0,29.0,0.0
17062,32.0,331.0,0.0
17063,97.0,497.0,0.0
17064,113.0,342.0,0.0
17065,189.0,405.0,0.0
17066,17.0,179.0,0.0
17067,73.0,431.0,0.0
17068,167.0,197.0,0.0
17069,151.0,96.0,0.0
17070,40.0,80.0,0.0
17071,132.0,583.0,0.0
17072,214.0,528.0,0.0
17073,267.0,26.0,0.0
17074,77.0,403.0,0.0
17075,92.0,74.0,0.0
17076,4.0,29.0,0.0
17077,38.0,439.0,0.0
17078,232.0,253.0,0.0
17079,244.0,300.0,0.0
17080,168.0,338.0,0.0
17081,87.0,2.0,0.0
17082,220.0,251.0,0.0
17083,154.0,280.0,0.0
17084,26.0,88.0,0.0
17085,54.0,322.0,0.0
17086,196.0,170.0,0.0
17087,253.0,88.0,0.0
17088,224.0,534.0,0.0
17089,126.0,187.0,0.0
17090,144.0,539.0,0.0
17091,11.0,282.0,0.0
17092,61.0,34.0,0.0
17093,107.0,87.0,0.0
17094,158.0,305.0,0.0
17095,127.0,299.0,0.0
17096,48.0,69.0,0.0
17097,41.0,83.0,0.0
17098,267.0,367.0,0.0
17099,67.0,415.0,0.0
17100,86.0,301.0,0.0
17101,200.0,404.0,0.0
17102,56.0,465.0,0.0
17103,209.0,449.0,0.0
17104,221.0,445.0,0.0
17105,63.0,335.0,0.0
17106,166.0,77.0,0.0
17107,112.0,16.0,0.0
17108,230.0,317.0,0.0
17109,148.0,495.0,0.0
17110,219.0,576.0,0.0
17111,250.0,400.0,0.0
17112,45.0,353.0,0.0
17113,110.0,12.0,0.0
17114,127.0,461.0,0.0
17115,249.0,590.0,0.0
17116,90.0,433.0,0.0
17117,57.0,287.0,0.0
17118,79.0,311.0,0.0
17119,49.0,552.0,0.0
17120,268.0,281.0,0.0
17121,251.0,361.0,0.0
17122,227.0,304.0,0.0
17123,163.0,38.0,0.0
17124,256.0,580.0,0.0
17125,101.0,422.0,0.0
17126,100.0,278.0,0.0
17127,77.0,206.0,0.0
17128,195.0,292.0,0.0
17129,214.0,435.0,0.0
17130,121.0,263.0,0.0
17131,177.0,60.0,0.0
17132,106.0,390.0,0.0
17133,61.0,581.0,0.0
17134,168.0,516.0,0.0
17135,195.0,381.0,0.0
17136,207.0,42.0,0.0
17137,230.0,252.0,0.0
17138,73.0,67.0,0.0
17139,105.0,555.0,0.0
17140,42.0,66.0,0.0
17141,155.0,362.0,0.0
17142,153.0,129.0,0.0
17143,117.0,519.0,0.0
17144,64.0,11.0,0.0
17145,98.0,57.0,0.0
17146,68.0,490.0,0.0
17147,163.0,526.0,0.0
17148,50.0,375.0,0.0
17149,127.0,411.0,0.0
17150,230.0,308.0,0.0
17151,14.0,480.0,0.0
17152,94.0,39.0,0.0
17153,4.0,382.0,0.0
17154,5.0,35.0,0.0
17155,144.0,563.0,0.0
17156,198.0,535.0,0.0
17157,173.0,347.0,0.0
17158,261.0,537.0,0.0
17159,131.0,314.0,0.0
17160,121.0,434.0,0.0
17161,241.0,363.0,0.0
17162,224.0,494.0,0.0
17163,220.0,231.0,0.0
17164,192.0,517.0,0.0
17165,167.0,240.0,0.0
17166,105.0,548.0,0.0
17167,104.0,357.0,0.0
17168,12.0,188.0,0.0
17169,203.0,435.0,0.0
17170,52.0,468.0,0.0
17171,196.0,218.0,0.0
17172,3.0,581.0,0.0
17173,182.0,62.0,0.0
17174,141.0,13.0,0.0
17175,80.0,259.0,0.0
17176,62.0,73.0,0.0
17177,229.0,488.0,0.0
17178,179.0,311.0,0.0
17179,15.0,227.0,0.0
17180,230.0,221.0,0.0
17181,7.0,411.0,0.0
17182,71.0,490.0,0.0
17183,13.0,240.0,0.0
17184,151.0,126.0,0.0
17185,122.0,155.0,0.0
17186,70.0,399.0,0.0
17187,116.0,489.0,0.0
17188,31.0,72.0,0.0
17189,239.0,168.0,0.0
17190,131.0,564.0,0.0
17191,93.0,547.0,0.0
17192,0.0,375.0,0.0
17193,55.0,402.0,0.0
17194,256.0,509.0,0.0
17195,66.0,79.0,0.0
17196,43.0,296.0,0.0
17197,122.0,229.0,0.0
17198,195.0,386.0,0.0
17199,69.0,592.0,0.0
17200,52.0,37.0,0.0
17201,38.0,509.0,0.0
17202,12.0,195.0,0.0
17203,169.0,170.0,0.0
17204,262.0,522.0,0.0
17205,225.0,221.0,0.0
17206,184.0,528.0,0.0
17207,88.0,149.0,0.0
17208,220.0,548.0,0.0
17209,239.0,26.0,0.0
17210,4.0,107.0,0.0
17211,68.0,591.0,0.0
17212,53.0,88.0,0.0
17213,6.0,370.0,0.0
17214,58.0,244.0,0.0
17215,88.0,104.0,0.0
17216,207.0,169.0,0.0
17217,15.0,22.0,0.0
17218,10.0,596.0,0.0
17219,61.0,506.0,0.0
17220,1.0,6.0,0.0
17221,13.0,524.0,0.0
17222,188.0,166.0,0.0
17223,97.0,191.0,0.0
17224,54.0,345.0,0.0
17225,254.0,39.0,0.0
17226,264.0,558.0,0.0
17227,237.0,166.0,0.0
17228,14.0,216.0,0.0
17229,194.0,409.0,0.0
17230,207.0,154.0,0.0
17231,175.0,25.0,0.0
17232,82.0,416.0,0.0
17233,243.0,487.0,0.0
17234,153.0,283.0,0.0
17235,201.0,237.0,0.0
17236,185.0,405.0,0.0
17237,180.0,308.0,0.0
17238,243.0,134.0,0.0
17239,220.0,184.0,0.0
17240,24.0,517.0,0.0
17241,10.0,582.0,0.0
17242,36.0,353.0,0.0
17243,204.0,487.0,0.0
17244,132.0,287.0,0.0
17245,220.0,227.0,0.0
17246,264.0,332.0,0.0
17247,192.0,535.0,0.0
17248,215.0,71.0,0.0
17249,70.0,584.0,0.0
17250,52.0,333.0,0.0
17251,155.0,1.0,0.0
17252,80.0,525.0,0.0
17253,244.0,399.0,0.0
17254,34.0,586.0,0.0
17255,235.0,183.0,0.0
17256,153.0,420.0,0.0
17257,47.0,82.0,0.0
17258,215.0,32.0,0.0
17259,218.0,374.0,0.0
17260,139.0,57.0,0.0
17261,139.0,289.0,0.0
17262,70.0,423.0,0.0
17263,259.0,52.0,0.0
17264,27.0,559.0,0.0
17265,104.0,519.0,0.0
17266,91.0,539.0,0.0
17267,210.0,308.0,0.0
17268,184.0,515.0,0.0
17269,182.0,521.0,0.0
17270,190.0,441.0,0.0
17271,128.0,288.0,0.0
17272,75.0,280.0,0.0
17273,185.0,481.0,0.0
17274,215.0,498.0,0.0
17275,227.0,57.0,0.0
17276,19.0,299.0,0.0
17277,174.0,567.0,0.0
17278,268.0,283.0,0.0
17279,34.0,338.0,0.0
17280,261.0,442.0,0.0
17281,186.0,206.0,0.0
17282,206.0,38.0,0.0
17283,43.0,226.0,0.0
17284,69.0,573.0,0.0
17285,229.0,329.0,0.0
17286,16.0,58.0,0.0
17287,25.0,453.0,0.0
17288,136.0,130.0,0.0
17289,107.0,190.0,0.0
17290,190.0,178.0,0.0
17291,159.0,143.0,0.0
17292,64.0,358.0,0.0
17293,163.0,42.0,0.0
17294,190.0,383.0,0.0
17295,105.0,213.0,0.0
17296,115.0,141.0,0.0
17297,226.0,499.0,0.0
17298,35.0,448.0,0.0
17299,88.0,252.0,0.0
17300,234.0,107.0,0.0
17301,30.0,490.0,0.0
17302,30.0,171.0,0.0
17303,249.0,200.0,0.0
17304,206.0,62.0,0.0
17305,4.0,415.0,0.0
17306,93.0,40.0,0.0
17307,47.0,270.0,0.0
17308,230.0,369.0,0.0
17309,43.0,463.0,0.0
17310,13.0,44.0,0.0
17311,90.0,393.0,0.0
17312,118.0,497.0,0.0
17313,143.0,402.0,0.0
17314,100.0,314.0,0.0
17315,108.0,7.0,0.0
17316,86.0,547.0,0.0
17317,61.0,418.0,0.0
17318,164.0,5.0,0.0
17319,116.0,171.0,0.0
17320,177.0,155.0,0.0
17321,44.0,429.0,0.0
17322,130.0,80.0,0.0
17323,95.0,140.0,0.0
17324,100.0,75.0,0.0
17325,155.0,228.0,0.0
17326,200.0,95.0,0.0
17327,223.0,502.0,0.0
17328,144.0,303.0,0.0
17329,62.0,402.0,0.0
17330,94.0,580.0,0.0
17331,245.0,519.0,0.0
17332,180.0,454.0,0.0
17333,254.0,488.0,0.0
17334,208.0,453.0,0.0
17335,265.0,594.0,0.0
17336,227.0,47.0,0.0
17337,167.0,306.0,0.0
17338,240.0,465.0,0.0
17339,108.0,182.0,0.0
17340,101.0,289.0,0.0
17341,201.0,352.0,0.0
17342,87.0,149.0,0.0
17343,150.0,161.0,0.0
17344,201.0,562.0,0.0
17345,164.0,86.0,0.0
17346,258.0,399.0,0.0
17347,151.0,220.0,0.0
17348,27.0,360.0,0.0
17349,184.0,281.0,0.0
17350,193.0,237.0,0.0
17351,185.0,197.0,0.0
17352,121.0,249.0,0.0
17353,0.0,63.0,0.0
17354,215.0,83.0,0.0
17355,21.0,584.0,0.0
17356,29.0,146.0,0.0
17357,119.0,92.0,0.0
17358,139.0,173.0,0.0
17359,148.0,568.0,0.0
17360,44.0,69.0,0.0
17361,13.0,432.0,0.0
17362,253.0,411.0,0.0
17363,200.0,460.0,0.0
17364,112.0,140.0,0.0
17365,101.0,253.0,0.0
17366,258.0,239.0,0.0
17367,37.0,105.0,0.0
17368,162.0,372.0,0.0
17369,67.0,258.0,0.0
17370,92.0,553.0,0.0
17371,219.0,577.0,0.0
17372,33.0,86.0,0.0
17373,205.0,43.0,0.0
17374,243.0,482.0,0.0
17375,188.0,561.0,0.0
17376,217.0,345.0,0.0
17377,73.0,212.0,0.0
17378,31.0,576.0,0.0
17379,183.0,451.0,0.0
17380,242.0,471.0,0.0
17381,3.0,210.0,0.0
17382,268.0,143.0,0.0
17383,112.0,151.0,0.0
17384,36.0,231.0,0.0
17385,178.0,63.0,0.0
17386,65.0,563.0,0.0
17387,65.0,299.0,0.0
17388,67.0,31.0,0.0
17389,258.0,296.0,0.0
17390,164.0,20.0,0.0
17391,169.0,142.0,0.0
17392,228.0,78.0,0.0
17393,207.0,504.0,0.0
17394,166.0,201.0,0.0
17395,189.0,559.0,0.0
17396,168.0,396.0,0.0
17397,161.0,433.0,0.0
17398,133.0,367.0,0.0
17399,181.0,430.0,0.0
17400,249.0,410.0,0.0
17401,116.0,308.0,0.0
17402,63.0,365.0,0.0
17403,115.0,527.0,0.0
17404,257.0,247.0,0.0
17405,163.0,561.0,0.0
17406,237.0,486.0,0.0
17407,38.0,459.0,0.0
17408,218.0,494.0,0.0
17409,126.0,230.0,0.0
17410,254.0,191.0,0.0
17411,118.0,327.0,0.0
17412,193.0,579.0,0.0
17413,24.0,344.0,0.0
17414,43.0,578.0,0.0
17415,131.0,154.0,0.0
17416,79.0,94.0,0.0
17417,72.0,487.0,0.0
17418,6.0,122.0,0.0
17419,32.0,168.0,0.0
17420,69.0,126.0,0.0
17421,213.0,391.0,0.0
17422,212.0,241.0,0.0
17423,247.0,74.0,0.0
17424,47.0,288.0,0.0
17425,51.0,566.0,0.0
17426,267.0,424.0,0.0
17427,96.0,544.0,0.0
17428,22.0,508.0,0.0
17429,164.0,329.0,0.0
17430,227.0,56.0,0.0
17431,252.0,30.0,0.0
17432,222.0,365.0,0.0
17433,164.0,322.0,0.0
17434,259.0,498.0,0.0
17435,37.0,249.0,0.0
17436,188.0,470.0,0.0
17437,23.0,160.0,0.0
17438,186.0,524.0,0.0
17439,244.0,198.0,0.0
17440,81.0,573.0,0.0
17441,55.0,113.0,0.0
17442,224.0,574.0,0.0
17443,57.0,113.0,0.0
17444,160.0,176.0,0.0
17445,109.0,332.0,0.0
17446,109.0,407.0,0.0
17447,56.0,434.0,0.0
17448,44.0,216.0,0.0
17449,24.0,498.0,0.0
17450,118.0,111.0,0.0
17451,116.0,426.0,0.0
17452,80.0,98.0,0.0
17453,22.0,132.0,0.0
17454,168.0,466.0,0.0
17455,82.0,450.0,0.0
17456,250.0,41.0,0.0
17457,180.0,6.0,0.0
17458,80.0,188.0,0.0
17459,125.0,529.0,0.0
17460,38.0,483.0,0.0
17461,188.0,5.0,0.0
17462,102.0,414.0,0.0
17463,107.0,360.0,0.0
17464,20.0,34.0,0.0
17465,92.0,28.0,0.0
17466,196.0,266.0,0.0
17467,245.0,483.0,0.0
17468,142.0,313.0,0.0
17469,176.0,79.0,0.0
17470,62.0,22.0,0.0
17471,88.0,530.0,0.0
17472,111.0,477.0,0.0
17473,166.0,401.0,0.0
17474,70.0,256.0,0.0
17475,197.0,168.0,0.0
17476,117.0,239.0,0.0
17477,268.0,543.0,0.0
17478,20.0,29.0,0.0
17479,58.0,370.0,0.0
17480,225.0,213.0,0.0
17481,67.0,169.0,0.0
17482,214.0,463.0,0.0
17483,85.0,251.0,0.0
17484,140.0,64.0,0.0
17485,268.0,319.0,0.0
17486,196.0,94.0,0.0
17487,77.0,453.0,0.0
17488,143.0,248.0,0.0
17489,116.0,75.0,0.0
17490,227.0,38.0,0.0
17491,221.0,467.0,0.0
17492,175.0,316.0,0.0
17493,174.0,255.0,0.0
17494,182.0,438.0,0.0
17495,115.0,375.0,0.0
17496,85.0,382.0,0.0
17497,172.0,322.0,0.0
17498,166.0,86.0,0.0
17499,238.0,37.0,0.0
17500,136.0,52.0,0.0
17501,148.0,335.0,0.0
17502,170.0,242.0,0.0
17503,20.0,132.0,0.0
17504,51.0,264.0,0.0
17505,225.0,100.0,0.0
17506,214.0,227.0,0.0
17507,46.0,564.0,0.0
17508,166.0,554.0,0.0
17509,9.0,227.0,0.0
17510,15.0,331.0,0.0
17511,117.0,112.0,0.0
17512,152.0,335.0,0.0
17513,138.0,199.0,0.0
17514,158.0,337.0,0.0
17515,35.0,429.0,0.0
17516,33.0,14.0,0.0
17517,257.0,398.0,0.0
17518,232.0,430.0,0.0
17519,255.0,234.0,0.0
17520,45.0,158.0,0.0
17521,75.0,500.0,0.0
17522,93.0,306.0,0.0
17523,228.0,209.0,0.0
17524,73.0,275.0,0.0
17525,98.0,521.0,0.0
17526,58.0,191.0,0.0
17527,7.0,537.0,0.0
17528,210.0,449.0,0.0
17529,263.0,404.0,0.0
17530,172.0,109.0,0.0
17531,215.0,9.0,0.0
17532,222.0,473.0,0.0
17533,134.0,280.0,0.0
17534,84.0,220.0,0.0
17535,129.0,390.0,0.0
17536,127.0,515.0,0.0
17537,152.0,467.0,0.0
17538,219.0,78.0,0.0
17539,47.0,346.0,0.0
17540,222.0,19.0,0.0
17541,262.0,195.0,0.0
17542,109.0,141.0,0.0
17543,185.0,524.0,0.0
17544,216.0,391.0,0.0
17545,73.0,19.0,0.0
17546,117.0,575.0,0.0
17547,268.0,32.0,0.0
17548,49.0,94.0,0.0
17549,186.0,82.0,0.0
17550,60.0,434.0,0.0
17551,229.0,453.0,0.0
17552,140.0,484.0,0.0
17553,77.0,12.0,0.0
17554,160.0,281.0,0.0
17555,24.0,509.0,0.0
17556,65.0,265.0,0.0
17557,122.0,247.0,0.0
17558,267.0,186.0,0.0
17559,253.0,162.0,0.0
17560,203.0,256.0,0.0
17561,211.0,303.0,0.0
17562,229.0,249.0,0.0
17563,68.0,584.0,0.0
17564,109.0,257.0,0.0
17565,31.0,329.0,0.0
17566,96.0,405.0,0.0
17567,137.0,472.0,0.0
17568,31.0,314.0,0.0
17569,17.0,124.0,0.0
17570,240.0,505.0,0.0
17571,189.0,176.0,0.0
17572,38.0,385.0,0.0
17573,25.0,46.0,0.0
17574,212.0,222.0,0.0
17575,158.0,448.0,0.0
17576,9.0,535.0,0.0
17577,36.0,519.0,0.0
17578,176.0,358.0,0.0
17579,200.0,477.0,0.0
17580,54.0,546.0,0.0
17581,213.0,574.0,0.0
17582,237.0,529.0,0.0
17583,193.0,545.0,0.0
17584,255.0,451.0,0.0
17585,77.0,228.0,0.0
17586,136.0,528.0,0.0
17587,263.0,544.0,0.0
17588,119.0,555.0,0.0
17589,188.0,125.0,0.0
17590,91.0,205.0,0.0
17591,141.0,79.0,0.0
17592,119.0,160.0,0.0
17593,74.0,281.0,0.0
17594,41.0,537.0,0.0
17595,244.0,27.0,0.0
17596,173.0,160.0,0.0
17597,55.0,585.0,0.0
17598,9.0,474.0,0.0
17599,93.0,487.0,0.0
17600,60.0,222.0,0.0
17601,1.0,118.0,0.0
17602,139.0,153.0,0.0
17603,236.0,194.0,0.0
17604,86.0,184.0,0.0
17605,101.0,462.0,0.0
17606,86.0,591.0,0.0
17607,211.0,167.0,0.0
17608,211.0,119.0,0.0
17609,206.0,210.0,0.0
17610,106.0,516.0,0.0
17611,29.0,157.0,0.0
17612,93.0,329.0,0.0
17613,93.0,447.0,0.0
17614,206.0,474.0,0.0
17615,63.0,296.0,0.0
17616,34.0,350.0,0.0
17617,91.0,287.0,0.0
17618,180.0,209.0,0.0
17619,174.0,202.0,0.0
17620,216.0,67.0,0.0
17621,135.0,113.0,0.0
17622,17.0,282.0,0.0
17623,33.0,232.0,0.0
17624,158.0,98.0,0.0
17625,69.0,456.0,0.0
17626,100.0,98.0,0.0
17627,177.0,365.0,0.0
17628,208.0,548.0,0.0
17629,167.0,354.0,0.0
17630,198.0,562.0,0.0
17631,14.0,352.0,0.0
17632,141.0,49.0,0.0
17633,174.0,186.0,0.0
17634,156.0,296.0,0.0
17635,189.0,141.0,0.0
17636,265.0,520.0,0.0
17637,187.0,396.0,0.0
17638,16.0,317.0,0.0
17639,26.0,104.0,0.0
17640,75.0,519.0,0.0
17641,26.0,415.0,0.0
17642,111.0,250.0,0.0
17643,21.0,359.0,0.0
17644,222.0,574.0,0.0
17645,54.0,173.0,0.0
17646,73.0,238.0,0.0
17647,223.0,551.0,0.0
17648,141.0,228.0,0.0
17649,161.0,260.0,0.0
17650,52.0,38.0,0.0
17651,189.0,244.0,0.0
17652,252.0,548.0,0.0
17653,60.0,489.0,0.0
17654,204.0,165.0,0.0
17655,92.0,79.0,0.0
17656,178.0,479.0,0.0
17657,9.0,212.0,0.0
17658,239.0,418.0,0.0
17659,114.0,52.0,0.0
17660,96.0,188.0,0.0
17661,49.0,579.0,0.0
17662,60.0,220.0,0.0
17663,125.0,62.0,0.0
17664,121.0,381.0,0.0
17665,152.0,141.0,0.0
17666,210.0,289.0,0.0
17667,186.0,367.0,0.0
17668,80.0,34.0,0.0
17669,202.0,245.0,0.0
17670,170.0,222.0,0.0
17671,158.0,124.0,0.0
17672,248.0,197.0,0.0
17673,70.0,359.0,0.0
17674,202.0,181.0,0.0
17675,148.0,281.0,0.0
17676,78.0,417.0,0.0
17677,221.0,523.0,0.0
17678,37.0,374.0,0.0
17679,229.0,516.0,0.0
17680,0.0,226.0,0.0
17681,8.0,315.0,0.0
17682,68.0,517.0,0.0
17683,1.0,331.0,0.0
17684,42.0,443.0,0.0
17685,204.0,549.0,0.0
17686,13.0,15.0,0.0
17687,248.0,250.0,0.0
17688,2.0,249.0,0.0
17689,0.0,269.0,0.0
17690,146.0,37.0,0.0
17691,92.0,357.0,0.0
17692,170.0,567.0,0.0
17693,219.0,481.0,0.0
17694,1.0,187.0,0.0
17695,219.0,321.0,0.0
17696,188.0,548.0,0.0
17697,166.0,505.0,0.0
17698,34.0,542.0,0.0
17699,174.0,83.0,0.0
17700,245.0,53.0,0.0
17701,246.0,109.0,0.0
17702,11.0,383.0,0.0
17703,204.0,16.0,0.0
17704,231.0,43.0,0.0
17705,223.0,363.0,0.0
17706,183.0,88.0,0.0
17707,16.0,531.0,0.0
17708,2.0,170.0,0.0
17709,221.0,287.0,0.0
17710,79.0,65.0,0.0
17711,142.0,287.0,0.0
17712,167.0,391.0,0.0
17713,26.0,284.0,0.0
17714,181.0,437.0,0.0
17715,7.0,62.0,0.0
17716,215.0,241.0,0.0
17717,54.0,220.0,0.0
17718,265.0,557.0,0.0
17719,236.0,459.0,0.0
17720,60.0,455.0,0.0
17721,123.0,591.0,0.0
17722,151.0,565.0,0.0
17723,40.0,276.0,0.0
17724,89.0,31.0,0.0
17725,60.0,573.0,0.0
17726,183.0,15.0,0.0
17727,219.0,372.0,0.0
17728,253.0,364.0,0.0
17729,167.0,16.0,0.0
17730,120.0,358.0,0.0
17731,46.0,229.0,0.0
17732,29.0,71.0,0.0
17733,68.0,233.0,0.0
17734,111.0,573.0,0.0
17735,1.0,401.0,0.0
17736,186.0,373.0,0.0
17737,115.0,225.0,0.0
17738,266.0,529.0,0.0
17739,172.0,464.0,0.0
17740,138.0,265.0,0.0
17741,237.0,181.0,0.0
17742,229.0,577.0,0.0
17743,10.0,187.0,0.0
17744,175.0,157.0,0.0
17745,160.0,589.0,0.0
17746,180.0,281.0,0.0
17747,119.0,281.0,0.0
17748,124.0,369.0,0.0
17749,265.0,583.0,0.0
17750,67.0,431.0,0.0
17751,9.0,347.0,0.0
17752,21.0,270.0,0.0
17753,132.0,533.0,0.0
17754,95.0,440.0,0.0
17755,12.0,75.0,0.0
17756,143.0,395.0,0.0
17757,232.0,18.0,0.0
17758,227.0,394.0,0.0
17759,38.0,193.0,0.0
17760,213.0,292.0,0.0
17761,267.0,455.0,0.0
17762,187.0,429.0,0.0
17763,79.0,273.0,0.0
17764,85.0,552.0,0.0
17765,162.0,442.0,0.0
17766,156.0,582.0,0.0
17767,88.0,376.0,0.0
17768,0.0,81.0,0.0
17769,255.0,483.0,0.0
17770,119.0,441.0,0.0
17771,75.0,52.0,0.0
17772,108.0,186.0,0.0
17773,155.0,354.0,0.0
17774,26.0,142.0,0.0
17775,16.0,304.0,0.0
17776,74.0,65.0,0.0
17777,186.0,443.0,0.0
17778,236.0,218.0,0.0
17779,258.0,463.0,0.0
17780,231.0,225.0,0.0
17781,221.0,447.0,0.0
17782,178.0,123.0,0.0
17783,106.0,514.0,0.0
17784,30.0,404.0,0.0
17785,247.0,529.0,0.0
17786,264.0,172.0,0.0
17787,183.0,193.0,0.0
17788,130.0,339.0,0.0
17789,165.0,522.0,0.0
17790,106.0,215.0,0.0
17791,42.0,451.0,0.0
17792,157.0,400.0,0.0
17793,104.0,554.0,0.0
17794,94.0,432.0,0.0
17795,174.0,441.0,0.0
17796,67.0,496.0,0.0
17797,106.0,503.0,0.0
17798,150.0,169.0,0.0
17799,131.0,582.0,0.0
17800,120.0,155.0,0.0
17801,197.0,213.0,0.0
17802,149.0,221.0,0.0
17803,96.0,417.0,0.0
17804,208.0,420.0,0.0
17805,5.0,527.0,0.0
17806,70.0,454.0,0.0
17807,195.0,327.0,0.0
17808,154.0,329.0,0.0
17809,150.0,525.0,0.0
17810,77.0,290.0,0.0
17811,56.0,132.0,0.0
17812,56.0,11.0,0.0
17813,15.0,467.0,0.0
17814,67.0,235.0,0.0
17815,215.0,168.0,0.0
17816,36.0,44.0,0.0
17817,234.0,63.0,0.0
17818,187.0,576.0,0.0
17819,161.0,538.0,0.0
17820,175.0,597.0,0.0
17821,56.0,584.0,0.0
17822,174.0,434.0,0.0
17823,154.0,246.0,0.0
17824,178.0,134.0,0.0
17825,194.0,486.0,0.0
17826,146.0,149.0,0.0
17827,125.0,123.0,0.0
17828,31.0,109.0,0.0
17829,50.0,522.0,0.0
17830,49.0,319.0,0.0
17831,83.0,519.0,0.0
17832,9.0,206.0,0.0
17833,267.0,487.0,0.0
17834,201.0,480.0,0.0
17835,206.0,246.0,0.0
17836,249.0,532.0,0.0
17837,47.0,269.0,0.0
17838,198.0,511.0,0.0
17839,127.0,148.0,0.0
17840,167.0,365.0,0.0
17841,112.0,79.0,0.0
17842,93.0,557.0,0.0
17843,178.0,19.0,0.0
17844,242.0,483.0,0.0
17845,252.0,349.0,0.0
17846,116.0,181.0,0.0
17847,227.0,327.0,0.0
17848,211.0,520.0,0.0
17849,263.0,11.0,0.0
17850,88.0,235.0,0.0
17851,191.0,2.0,0.0
17852,245.0,102.0,0.0
17853,248.0,584.0,0.0
17854,92.0,14.0,0.0
17855,9.0,470.0,0.0
17856,97.0,462.0,0.0
17857,115.0,554.0,0.0
17858,48.0,365.0,0.0
17859,222.0,564.0,0.0
17860,196.0,79.0,0.0
17861,85.0,223.0,0.0
17862,5.0,590.0,0.0
17863,231.0,399.0,0.0
17864,225.0,62.0,0.0
17865,194.0,238.0,0.0
17866,75.0,48.0,0.0
17867,254.0,130.0,0.0
17868,79.0,463.0,0.0
17869,39.0,271.0,0.0
17870,250.0,410.0,0.0
17871,256.0,448.0,0.0
17872,119.0,196.0,0.0
17873,121.0,370.0,0.0
17874,196.0,478.0,0.0
17875,265.0,419.0,0.0
17876,0.0,157.0,0.0
17877,106.0,125.0,0.0
17878,21.0,561.0,0.0
17879,190.0,203.0,0.0
17880,159.0,223.0,0.0
17881,39.0,422.0,0.0
17882,182.0,457.0,0.0
17883,154.0,459.0,0.0
17884,113.0,82.0,0.0
17885,255.0,338.0,0.0
17886,264.0,429.0,0.0
17887,223.0,435.0,0.0
17888,268.0,168.0,0.0
17889,217.0,333.0,0.0
17890,101.0,280.0,0.0
17891,74.0,374.0,0.0
17892,216.0,357.0,0.0
17893,170.0,410.0,0.0
17894,224.0,301.0,0.0
17895,214.0,540.0,0.0
17896,258.0,419.0,0.0
17897,48.0,589.0,0.0
17898,53.0,370.0,0.0
17899,216.0,418.0,0.0
17900,145.0,237.0,0.0
17901,48.0,592.0,0.0
17902,242.0,256.0,0.0
17903,121.0,95.0,0.0
17904,30.0,487.0,0.0
17905,42.0,324.0,0.0
17906,246.0,487.0,0.0
17907,99.0,484.0,0.0
17908,136.0,250.0,0.0
17909,162.0,503.0,0.0
17910,152.0,164.0,0.0
17911,268.0,314.0,0.0
17912,146.0,297.0,0.0
17913,191.0,252.0,0.0
17914,197.0,40.0,0.0
17915,194.0,554.0,0.0
17916,88.0,73.0,0.0
17917,198.0,579.0,0.0
17918,240.0,485.0,0.0
17919,117.0,416.0,0.0
17920,39.0,246.0,0.0
17921,70.0,242.0,0.0
17922,259.0,13.0,0.0
17923,93.0,387.0,0.0
17924,213.0,217.0,0.0
17925,252.0,228.0,0.0
17926,198.0,542.0,0.0
17927,19.0,503.0,0.0
17928,150.0,6.0,0.0
17929,168.0,509.0,0.0
17930,243.0,569.0,0.0
17931,201.0,59.0,0.0
17932,222.0,136.0,0.0
17933,140.0,8.0,0.0
17934,113.0,531.0,0.0
17935,99.0,212.0,0.0
17936,193.0,569.0,0.0
17937,240.0,336.0,0.0
17938,217.0,27.0,0.0
17939,133.0,108.0,0.0
17940,240.0,140.0,0.0
17941,158.0,450.0,0.0
17942,2.0,482.0,0.0
17943,169.0,88.0,0.0
17944,246.0,458.0,0.0
17945,76.0,591.0,0.0
17946,152.0,463.0,0.0
17947,167.0,398.0,0.0
17948,67.0,66.0,0.0
17949,4.0,28.0,0.0
17950,142.0,413.0,0.0
17951,167.0,159.0,0.0
17952,200.0,335.0,0.0
17953,66.0,564.0,0.0
17954,42.0,266.0,0.0
17955,138.0,435.0,0.0
17956,248.0,123.0,0.0
17957,227.0,454.0,0.0
17958,216.0,500.0,0.0
17959,3.0,204.0,0.0
17960,128.0,553.0,0.0
17961,182.0,298.0,0.0
17962,196.0,162.0,0.0
17963,6.0,3.0,0.0
17964,96.0,277.0,0.0
17965,189.0,568.0,0.0
17966,118.0,219.0,0.0
17967,25.0,300.0,0.0
17968,253.0,155.0,0.0
17969,7.0,582.0,0.0
17970,95.0,597.0,0.0
17971,242.0,260.0,0.0
17972,211.0,328.0,0.0
17973,172.0,554.0,0.0
17974,7.0,437.0,0.0
17975,186.0,164.0,0.0
17976,210.0,235.0,0.0
17977,157.0,597.0,0.0
17978,15.0,507.0,0.0
17979,224.0,167.0,0.0
17980,119.0,261.0,0.0
17981,100.0,306.0,0.0
17982,239.0,254.0,0.0
17983,190.0,55.0,0.0
17984,7.0,49.0,0.0
17985,80.0,412.0,0.0
17986,93.0,353.0,0.0
17987,150.0,300.0,0.0
17988,198.0,130.0,0.0
17989,4.0,474.0,0.0
17990,49.0,347.0,0.0
17991,32.0,296.0,0.0
17992,136.0,272.0,0.0
17993,191.0,98.0,0.0
17994,8.0,125.0,0.0
17995,88.0,275.0,0.0
17996,160.0,15.0,0.0
17997,158.0,412.0,0.0
17998,252.0,532.0,0.0
17999,117.0,136.0,0.0
18000,38.0,173.0,0.0
18001,118.0,518.0,0.0
18002,77.0,441.0,0.0
18003,219.0,16.0,0.0
18004,254.0,444.0,0.0
18005,168.0,49.0,0.0
18006,117.0,306.0,0.0
18007,266.0,135.0,0.0
18008,246.0,127.0,0.0
18009,16.0,162.0,0.0
18010,39.0,255.0,0.0
18011,81.0,506.0,0.0
18012,240.0,158.0,0.0
18013,166.0,63.0,0.0
18014,232.0,315.0,0.0
18015,246.0,492.0,0.0
18016,45.0,372.0,0.0
18017,258.0,99.0,0.0
18018,3.0,249.0,0.0
18019,15.0,155.0,0.0
18020,115.0,4.0,0.0
18021,45.0,318.0,0.0
18022,207.0,342.0,0.0
18023,187.0,578.0,0.0
18024,136.0,177.0,0.0
18025,245.0,117.0,0.0
18026,253.0,72.0,0.0
18027,260.0,421.0,0.0
18028,0.0,346.0,0.0
18029,26.0,548.0,0.0
18030,249.0,560.0,0.0
18031,192.0,445.0,0.0
18032,231.0,384.0,0.0
18033,156.0,90.0,0.0
18034,126.0,509.0,0.0
18035,138.0,490.0,0.0
18036,191.0,184.0,0.0
18037,152.0,256.0,0.0
18038,169.0,375.0,0.0
18039,8.0,405.0,0.0
18040,265.0,372.0,0.0
18041,140.0,169.0,0.0
18042,80.0,85.0,0.0
18043,14.0,333.0,0.0
18044,31.0,181.0,0.0
18045,211.0,400.0,0.0
18046,11.0,556.0,0.0
18047,98.0,266.0,0.0
18048,107.0,314.0,0.0
18049,204.0,279.0,0.0
18050,0.0,339.0,0.0
18051,108.0,237.0,0.0
18052,137.0,581.0,0.0
18053,115.0,240.0,0.0
18054,181.0,432.0,0.0
18055,155.0,596.0,0.0
18056,263.0,151.0,0.0
18057,110.0,457.0,0.0
18058,5.0,465.0,0.0
18059,95.0,56.0,0.0
18060,131.0,560.0,0.0
18061,114.0,321.0,0.0
18062,34.0,27.0,0.0
18063,261.0,507.0,0.0
18064,116.0,570.0,0.0
18065,113.0,588.0,0.0
18066,29.0,442.0,0.0
18067,126.0,128.0,0.0
18068,130.0,240.0,0.0
18069,188.0,516.0,0.0
18070,158.0,315.0,0.0
18071,76.0,175.0,0.0
18072,226.0,503.0,0.0
18073,103.0,165.0,0.0
18074,231.0,191.0,0.0
18075,189.0,61.0,0.0
18076,83.0,26.0,0.0
18077,60.0,49.0,0.0
18078,243.0,589.0,0.0
18079,67.0,443.0,0.0
18080,72.0,507.0,0.0
18081,99.0,387.0,0.0
18082,251.0,526.0,0.0
18083,150.0,79.0,0.0
18084,166.0,31.0,0.0
18085,25.0,21.0,0.0
18086,257.0,338.0,0.0
18087,243.0,415.0,0.0
18088,49.0,554.0,0.0
18089,29.0,83.0,0.0
18090,55.0,460.0,0.0
18091,262.0,540.0,0.0
18092,9.0,399.0,0.0
18093,10.0,494.0,0.0
18094,79.0,183.0,0.0
18095,201.0,394.0,0.0
18096,223.0,542.0,0.0
18097,214.0,568.0,0.0
18098,219.0,32.0,0.0
18099,215.0,586.0,0.0
18100,24.0,422.0,0.0
18101,60.0,474.0,0.0
18102,237.0,564.0,0.0
18103,48.0,202.0,0.0
18104,192.0,502.0,0.0
18105,0.0,543.0,0.0
18106,258.0,444.0,0.0
18107,194.0,327.0,0.0
18108,238.0,123.0,0.0
18109,37.0,424.0,0.0
18110,104.0,478.0,0.0
18111,135.0,149.0,0.0
18112,233.0,427.0,0.0
18113,42.0,255.0,0.0
18114,113.0,391.0,0.0
18115,66.0,263.0,0.0
18116,230.0,439.0,0.0
18117,59.0,404.0,0.0
18118,173.0,384.0,0.0
18119,159.0,398.0,0.0
18120,103.0,202.0,0.0
18121,12.0,102.0,0.0
18122,153.0,489.0,0.0
18123,39.0,522.0,0.0
18124,14.0,171.0,0.0
18125,63.0,469.0,0.0
18126,96.0,465.0,0.0
18127,57.0,391.0,0.0
18128,135.0,237.0,0.0
18129,215.0,250.0,0.0
18130,4.0,90.0,0.0
18131,213.0,453.0,0.0
18132,140.0,310.0,0.0
18133,37.0,121.0,0.0
18134,172.0,475.0,0.0
18135,196.0,548.0,0.0
18136,240.0,286.0,0.0
18137,119.0,254.0,0.0
18138,27.0,436.0,0.0
18139,194.0,108.0,0.0
18140,8.0,316.0,0.0
18141,125.0,7.0,0.0
18142,187.0,323.0,0.0
18143,5.0,542.0,0.0
18144,91.0,242.0,0.0
18145,248.0,117.0,0.0
18146,133.0,64.0,0.0
18147,130.0,363.0,0.0
18148,7.0,471.0,0.0
18149,72.0,271.0,0.0
18150,44.0,376.0,0.0
18151,182.0,389.0,0.0
18152,240.0,335.0,0.0
18153,149.0,7.0,0.0
18154,113.0,37.0,0.0
18155,264.0,228.0,0.0
18156,233.0,428.0,0.0
18157,111.0,90.0,0.0
18158,256.0,93.0,0.0
18159,259.0,450.0,0.0
18160,95.0,37.0,0.0
18161,61.0,397.0,0.0
18162,146.0,129.0,0.0
18163,80.0,53.0,0.0
18164,53.0,369.0,0.0
18165,173.0,275.0,0.0
18166,195.0,361.0,0.0
18167,217.0,575.0,0.0
18168,43.0,153.0,0.0
18169,99.0,131.0,0.0
18170,246.0,54.0,0.0
18171,209.0,477.0,0.0
18172,13.0,278.0,0.0
18173,54.0,341.0,0.0
18174,244.0,283.0,0.0
18175,254.0,239.0,0.0
18176,138.0,251.0,0.0
18177,188.0,352.0,0.0
18178,111.0,226.0,0.0
18179,207.0,196.0,0.0
18180,134.0,260.0,0.0
18181,33.0,418.0,0.0
18182,10.0,597.0,0.0
18183,240.0,281.0,0.0
18184,119.0,349.0,0.0
18185,130.0,524.0,0.0
18186,225.0,541.0,0.0
18187,200.0,415.0,0.0
18188,244.0,245.0,0.0
18189,14.0,202.0,0.0
18190,179.0,488.0,0.0
18191,157.0,414.0,0.0
18192,113.0,4.0,0.0
18193,196.0,190.0,0.0
18194,15.0,7.0,0.0
18195,71.0,97.0,0.0
18196,6.0,204.0,0.0
18197,64.0,530.0,0.0
18198,16.0,459.0,0.0
18199,122.0,294.0,0.0
18200,2.0,430.0,0.0
18201,238.0,467.0,0.0
18202,24.0,482.0,0.0
18203,114.0,198.0,0.0
18204,198.0,240.0,0.0
18205,188.0,215.0,0.0
18206,229.0,156.0,0.0
18207,234.0,389.0,0.0
18208,235.0,579.0,0.0
18209,48.0,358.0,0.0
18210,184.0,187.0,0.0
18211,193.0,554.0,0.0
18212,36.0,115.0,0.0
18213,58.0,226.0,0.0
18214,121.0,272.0,0.0
18215,153.0,323.0,0.0
18216,107.0,226.0,0.0
18217,10.0,595.0,0.0
18218,98.0,158.0,0.0
18219,172.0,419.0,0.0
18220,202.0,121.0,0.0
18221,207.0,160.0,0.0
18222,86.0,575.0,0.0
18223,161.0,165.0,0.0
18224,8.0,104.0,0.0
18225,247.0,196.0,0.0
18226,83.0,218.0,0.0
18227,260.0,477.0,0.0
18228,263.0,69.0,0.0
18229,237.0,264.0,0.0
18230,202.0,404.0,0.0
18231,22.0,387.0,0.0
18232,142.0,69.0,0.0
18233,42.0,245.0,0.0
18234,130.0,559.0,0.0
18235,165.0,51.0,0.0
18236,89.0,64.0,0.0
18237,87.0,273.0,0.0
18238,197.0,557.0,0.0
18239,225.0,436.0,0.0
18240,105.0,30.0,0.0
18241,143.0,357.0,0.0
18242,123.0,153.0,0.0
18243,5.0,315.0,0.0
18244,140.0,507.0,0.0
18245,128.0,536.0,0.0
18246,107.0,33.0,0.0
18247,37.0,290.0,0.0
18248,76.0,499.0,0.0
18249,120.0,240.0,0.0
18250,46.0,394.0,0.0
18251,197.0,266.0,0.0
18252,71.0,552.0,0.0
18253,163.0,71.0,0.0
18254,252.0,192.0,0.0
18255,236.0,173.0,0.0
18256,15.0,24.0,0.0
18257,268.0,486.0,0.0
18258,246.0,358.0,0.0
18259,116.0,574.0,0.0
18260,188.0,162.0,0.0
18261,109.0,47.0,0.0
18262,136.0,561.0,0.0
18263,263.0,82.0,0.0
18264,8.0,208.0,0.0
18265,81.0,424.0,0.0
18266,180.0,268.0,0.0
18267,190.0,324.0,0.0
18268,9.0,207.0,0.0
18269,241.0,444.0,0.0
18270,153.0,335.0,0.0
18271,4.0,449.0,0.0
18272,122.0,8.0,0.0
18273,19.0,6.0,0.0
18274,193.0,366.0,0.0
18275,191.0,573.0,0.0
18276,108.0,521.0,0.0
18277,157.0,574.0,0.0
18278,72.0,113.0,0.0
18279,105.0,409.0,0.0
18280,183.0,184.0,0.0
18281,240.0,356.0,0.0
18282,162.0,174.0,0.0
18283,80.0,69.0,0.0
18284,207.0,444.0,0.0
18285,230.0,19.0,0.0
18286,76.0,188.0,0.0
18287,113.0,282.0,0.0
18288,179.0,227.0,0.0
18289,195.0,6.0,0.0
18290,212.0,19.0,0.0
18291,178.0,561.0,0.0
18292,97.0,496.0,0.0
18293,9.0,154.0,0.0
18294,157.0,503.0,0.0
18295,54.0,223.0,0.0
18296,127.0,475.0,0.0
18297,66.0,385.0,0.0
18298,206.0,573.0,0.0
18299,244.0,347.0,0.0
18300,29.0,286.0,0.0
18301,104.0,190.0,0.0
18302,41.0,141.0,0.0
18303,38.0,288.0,0.0
18304,161.0,509.0,0.0
18305,144.0,541.0,0.0
18306,29.0,48.0,0.0
18307,133.0,421.0,0.0
18308,260.0,338.0,0.0
18309,243.0,282.0,0.0
18310,194.0,273.0,0.0
18311,226.0,549.0,0.0
18312,267.0,56.0,0.0
18313,213.0,283.0,0.0
18314,194.0,71.0,0.0
18315,39.0,451.0,0.0
18316,254.0,556.0,0.0
18317,253.0,37.0,0.0
18318,239.0,117.0,0.0
18319,215.0,191.0,0.0
18320,46.0,262.0,0.0
18321,24.0,77.0,0.0
18322,145.0,85.0,0.0
18323,117.0,370.0,0.0
18324,233.0,456.0,0.0
18325,210.0,110.0,0.0
18326,264.0,435.0,0.0
18327,78.0,575.0,0.0
18328,50.0,89.0,0.0
18329,162.0,289.0,0.0
18330,204.0,379.0,0.0
18331,15.0,229.0,0.0
18332,128.0,586.0,0.0
18333,265.0,281.0,0.0
18334,207.0,306.0,0.0
18335,53.0,65.0,0.0
18336,202.0,224.0,0.0
18337,216.0,230.0,0.0
18338,127.0,406.0,0.0
18339,155.0,49.0,0.0
18340,194.0,352.0,0.0
18341,267.0,310.0,0.0
18342,208.0,276.0,0.0
18343,227.0,19.0,0.0
18344,152.0,568.0,0.0
18345,57.0,426.0,0.0
18346,8.0,161.0,0.0
18347,38.0,174.0,0.0
18348,144.0,555.0,0.0
18349,233.0,538.0,0.0
18350,116.0,290.0,0.0
18351,134.0,596.0,0.0
18352,150.0,155.0,0.0
18353,111.0,394.0,0.0
18354,110.0,417.0,0.0
18355,153.0,90.0,0.0
18356,149.0,0.0,0.0
18357,211.0,287.0,0.0
18358,176.0,584.0,0.0
18359,36.0,181.0,0.0
18360,59.0,212.0,0.0
18361,5.0,128.0,0.0
18362,24.0,532.0,0.0
18363,6.0,399.0,0.0
18364,169.0,493.0,0.0
18365,218.0,100.0,0.0
18366,170.0,310.0,0.0
18367,0.0,263.0,0.0
18368,238.0,112.0,0.0
18369,199.0,75.0,0.0
18370,27.0,39.0,0.0
18371,103.0,507.0,0.0
18372,253.0,271.0,0.0
18373,71.0,37.0,0.0
18374,153.0,394.0,0.0
18375,24.0,589.0,0.0
18376,81.0,555.0,0.0
18377,189.0,19.0,0.0
18378,34.0,348.0,0.0
18379,148.0,109.0,0.0
18380,217.0,324.0,0.0
18381,115.0,309.0,0.0
18382,149.0,200.0,0.0
18383,136.0,287.0,0.0
18384,21.0,204.0,0.0
18385,74.0,471.0,0.0
18386,77.0,126.0,0.0
18387,155.0,222.0,0.0
18388,210.0,408.0,0.0
18389,188.0,559.0,0.0
18390,29.0,147.0,0.0
18391,216.0,304.0,0.0
18392,20.0,576.0,0.0
18393,257.0,454.0,0.0
18394,15.0,390.0,0.0
18395,245.0,217.0,0.0
18396,36.0,533.0,0.0
18397,184.0,453.0,0.0
18398,82.0,322.0,0.0
18399,34.0,225.0,0.0
18400,153.0,238.0,0.0
18401,5.0,72.0,0.0
18402,208.0,149.0,0.0
18403,152.0,213.0,0.0
18404,163.0,499.0,0.0
18405,213.0,70.0,0.0
18406,139.0,174.0,0.0
18407,79.0,596.0,0.0
18408,11.0,421.0,0.0
18409,124.0,170.0,0.0
18410,101.0,196.0,0.0
18411,204.0,339.0,0.0
18412,26.0,448.0,0.0
18413,129.0,585.0,0.0
18414,68.0,34.0,0.0
18415,143.0,103.0,0.0
18416,157.0,353.0,0.0
18417,32.0,104.0,0.0
18418,107.0,279.0,0.0
18419,158.0,13.0,0.0
18420,230.0,352.0,0.0
18421,163.0,22.0,0.0
18422,35.0,48.0,0.0
18423,42.0,308.0,0.0
18424,204.0,251.0,0.0
18425,14.0,296.0,0.0
18426,40.0,131.0,0.0
18427,256.0,164.0,0.0
18428,215.0,104.0,0.0
18429,135.0,545.0,0.0
18430,196.0,150.0,0.0
18431,134.0,206.0,0.0
18432,44.0,251.0,0.0
18433,229.0,450.0,0.0
18434,46.0,110.0,0.0
18435,38.0,172.0,0.0
18436,144.0,156.0,0.0
18437,29.0,416.0,0.0
18438,18.0,220.0,0.0
18439,131.0,180.0,0.0
18440,43.0,248.0,0.0
18441,118.0,592.0,0.0
18442,153.0,25.0,0.0
18443,189.0,456.0,0.0
18444,198.0,168.0,0.0
18445,12.0,219.0,0.0
18446,177.0,232.0,0.0
18447,161.0,376.0,0.0
18448,39.0,487.0,0.0
18449,127.0,144.0,0.0
18450,115.0,499.0,0.0
18451,25.0,590.0,0.0
18452,268.0,507.0,0.0
18453,213.0,225.0,0.0
18454,30.0,340.0,0.0
18455,91.0,207.0,0.0
18456,106.0,159.0,0.0
18457,79.0,453.0,0.0
18458,63.0,480.0,0.0
18459,8.0,227.0,0.0
18460,103.0,551.0,0.0
18461,143.0,242.0,0.0
18462,30.0,273.0,0.0
18463,36.0,529.0,0.0
18464,191.0,318.0,0.0
18465,220.0,481.0,0.0
18466,143.0,377.0,0.0
18467,59.0,298.0,0.0
18468,155.0,382.0,0.0
18469,186.0,256.0,0.0
18470,94.0,41.0,0.0
18471,110.0,424.0,0.0
18472,128.0,456.0,0.0
18473,52.0,270.0,0.0
18474,153.0,484.0,0.0
18475,46.0,311.0,0.0
18476,51.0,370.0,0.0
18477,50.0,518.0,0.0
18478,254.0,378.0,0.0
18479,136.0,327.0,0.0
18480,13.0,11.0,0.0
18481,125.0,428.0,0.0
18482,20.0,33.0,0.0
18483,189.0,252.0,0.0
18484,224.0,310.0,0.0
18485,184.0,54.0,0.0
18486,54.0,301.0,0.0
18487,129.0,559.0,0.0
18488,116.0,560.0,0.0
18489,257.0,458.0,0.0
18490,210.0,230.0,0.0
18491,82.0,430.0,0.0
18492,111.0,82.0,0.0
18493,35.0,477.0,0.0
18494,180.0,283.0,0.0
18495,51.0,279.0,0.0
18496,54.0,316.0,0.0
18497,77.0,251.0,0.0
18498,147.0,25.0,0.0
18499,41.0,184.0,0.0
18500,11.0,485.0,0.0
18501,42.0,306.0,0.0
18502,44.0,412.0,0.0
18503,243.0,324.0,0.0
18504,107.0,367.0,0.0
18505,159.0,591.0,0.0
18506,239.0,431.0,0.0
18507,59.0,254.0,0.0
18508,3.0,403.0,0.0
18509,148.0,71.0,0.0
18510,139.0,430.0,0.0
18511,20.0,315.0,0.0
18512,229.0,163.0,0.0
18513,30.0,128.0,0.0
18514,76.0,528.0,0.0
18515,72.0,496.0,0.0
18516,111.0,102.0,0.0
18517,4.0,519.0,0.0
18518,124.0,189.0,0.0
18519,240.0,179.0,0.0
18520,80.0,39.0,0.0
18521,90.0,363.0,0.0
18522,5.0,85.0,0.0
18523,134.0,223.0,0.0
18524,221.0,42.0,0.0
18525,138.0,538.0,0.0
18526,226.0,93.0,0.0
18527,152.0,188.0,0.0
18528,9.0,483.0,0.0
18529,215.0,544.0,0.0
18530,180.0,346.0,0.0
18531,123.0,351.0,0.0
18532,237.0,154.0,0.0
18533,114.0,215.0,0.0
18534,81.0,257.0,0.0
18535,210.0,418.0,0.0
18536,170.0,576.0,0.0
18537,154.0,26.0,0.0
18538,57.0,507.0,0.0
18539,105.0,371.0,0.0
18540,46.0,308.0,0.0
18541,159.0,431.0,0.0
18542,84.0,3.0,0.0
18543,229.0,165.0,0.0
18544,171.0,245.0,0.0
18545,152.0,135.0,0.0
18546,191.0,243.0,0.0
18547,4.0,427.0,0.0
18548,232.0,61.0,0.0
18549,150.0,432.0,0.0
18550,24.0,590.0,0.0
18551,58.0,112.0,0.0
18552,104.0,548.0,0.0
18553,60.0,121.0,0.0
18554,109.0,54.0,0.0
18555,55.0,492.0,0.0
18556,44.0,395.0,0.0
18557,88.0,93.0,0.0
18558,182.0,375.0,0.0
18559,139.0,147.0,0.0
18560,225.0,395.0,0.0
18561,49.0,539.0,0.0
18562,183.0,229.0,0.0
18563,132.0,143.0,0.0
18564,38.0,280.0,0.0
18565,249.0,1.0,0.0
18566,169.0,122.0,0.0
18567,11.0,333.0,0.0
18568,62.0,576.0,0.0
18569,234.0,568.0,0.0
18570,35.0,42.0,0.0
18571,127.0,216.0,0.0
18572,143.0,65.0,0.0
18573,206.0,433.0,0.0
18574,50.0,197.0,0.0
18575,92.0,265.0,0.0
18576,184.0,102.0,0.0
18577,255.0,242.0,0.0
18578,168.0,27.0,0.0
18579,73.0,336.0,0.0
18580,58.0,128.0,0.0
18581,174.0,487.0,0.0
18582,60.0,350.0,0.0
18583,89.0,180.0,0.0
18584,78.0,280.0,0.0
18585,171.0,470.0,0.0
18586,118.0,418.0,0.0
18587,93.0,54.0,0.0
18588,242.0,271.0,0.0
18589,82.0,110.0,0.0
18590,60.0,101.0,0.0
18591,168.0,493.0,0.0
18592,169.0,198.0,0.0
18593,74.0,483.0,0.0
18594,36.0,565.0,0.0
18595,38.0,131.0,0.0
18596,107.0,243.0,0.0
18597,14.0,431.0,0.0
18598,203.0,206.0,0.0
18599,168.0,183.0,0.0
18600,140.0,407.0,0.0
18601,202.0,435.0,0.0
18602,240.0,590.0,0.0
18603,228.0,193.0,0.0
18604,177.0,165.0,0.0
18605,217.0,360.0,0.0
18606,129.0,159.0,0.0
18607,168.0,305.0,0.0
18608,180.0,157.0,0.0
18609,259.0,47.0,0.0
18610,151.0,455.0,0.0
18611,65.0,113.0,0.0
18612,258.0,494.0,0.0
18613,179.0,57.0,0.0
18614,127.0,75.0,0.0
18615,86.0,444.0,0.0
18616,88.0,268.0,0.0
18617,263.0,407.0,0.0
18618,22.0,361.0,0.0
18619,182.0,488.0,0.0
18620,172.0,516.0,0.0
18621,66.0,197.0,0.0
18622,122.0,345.0,0.0
18623,112.0,593.0,0.0
18624,42.0,159.0,0.0
18625,38.0,213.0,0.0
18626,207.0,404.0,0.0
18627,148.0,362.0,0.0
18628,14.0,13.0,0.0
18629,11.0,415.0,0.0
18630,163.0,315.0,0.0
18631,12.0,509.0,0.0
18632,40.0,190.0,0.0
18633,220.0,382.0,0.0
18634,149.0,205.0,0.0
18635,73.0,320.0,0.0
18636,95.0,343.0,0.0
18637,128.0,587.0,0.0
18638,253.0,82.0,0.0
18639,5.0,24.0,0.0
18640,170.0,72.0,0.0
18641,256.0,563.0,0.0
18642,1.0,104.0,0.0
18643,204.0,282.0,0.0
18644,124.0,472.0,0.0
18645,109.0,426.0,0.0
18646,47.0,272.0,0.0
18647,36.0,177.0,0.0
18648,178.0,502.0,0.0
18649,186.0,441.0,0.0
18650,159.0,193.0,0.0
18651,265.0,460.0,0.0
18652,131.0,532.0,0.0
18653,92.0,444.0,0.0
18654,64.0,436.0,0.0
18655,251.0,575.0,0.0
18656,161.0,301.0,0.0
18657,114.0,441.0,0.0
18658,91.0,196.0,0.0
18659,215.0,546.0,0.0
18660,169.0,30.0,0.0
18661,230.0,481.0,0.0
18662,224.0,507.0,0.0
18663,88.0,502.0,0.0
18664,103.0,368.0,0.0
18665,209.0,487.0,0.0
18666,210.0,515.0,0.0
18667,50.0,545.0,0.0
18668,144.0,234.0,0.0
18669,176.0,62.0,0.0
18670,22.0,458.0,0.0
18671,3.0,482.0,0.0
18672,38.0,282.0,0.0
18673,37.0,203.0,0.0
18674,250.0,75.0,0.0
18675,197.0,163.0,0.0
18676,78.0,97.0,0.0
18677,103.0,277.0,0.0
18678,6.0,197.0,0.0
18679,239.0,350.0,0.0
18680,179.0,297.0,0.0
18681,191.0,312.0,0.0
18682,233.0,55.0,0.0
18683,110.0,349.0,0.0
18684,213.0,504.0,0.0
18685,55.0,9.0,0.0
18686,264.0,498.0,0.0
18687,17.0,67.0,0.0
18688,190.0,461.0,0.0
18689,149.0,149.0,0.0
18690,176.0,396.0,0.0
18691,43.0,570.0,0.0
18692,68.0,230.0,0.0
18693,210.0,560.0,0.0
18694,39.0,38.0,0.0
18695,223.0,244.0,0.0
18696,213.0,558.0,0.0
18697,254.0,514.0,0.0
18698,41.0,213.0,0.0
18699,38.0,530.0,0.0
18700,156.0,156.0,0.0
18701,43.0,146.0,0.0
18702,95.0,353.0,0.0
18703,100.0,139.0,0.0
18704,110.0,230.0,0.0
18705,74.0,351.0,0.0
18706,34.0,234.0,0.0
18707,24.0,295.0,0.0
18708,232.0,481.0,0.0
18709,26.0,261.0,0.0
18710,93.0,195.0,0.0
18711,210.0,371.0,0.0
18712,61.0,208.0,0.0
18713,116.0,360.0,0.0
18714,224.0,537.0,0.0
18715,205.0,554.0,0.0
18716,40.0,398.0,0.0
18717,92.0,375.0,0.0
18718,153.0,371.0,0.0
18719,39.0,192.0,0.0
18720,96.0,18.0,0.0
18721,67.0,78.0,0.0
18722,15.0,43.0,0.0
18723,160.0,467.0,0.0
18724,106.0,261.0,0.0
18725,38.0,518.0,0.0
18726,217.0,555.0,0.0
18727,65.0,35.0,0.0
18728,81.0,121.0,0.0
18729,97.0,352.0,0.0
18730,70.0,513.0,0.0
18731,212.0,415.0,0.0
18732,83.0,583.0,0.0
18733,153.0,96.0,0.0
18734,258.0,197.0,0.0
18735,152.0,194.0,0.0
18736,215.0,331.0,0.0
18737,156.0,99.0,0.0
18738,113.0,224.0,0.0
18739,193.0,167.0,0.0
18740,239.0,436.0,0.0
18741,197.0,424.0,0.0
18742,239.0,6.0,0.0
18743,48.0,382.0,0.0
18744,150.0,472.0,0.0
18745,179.0,323.0,0.0
18746,196.0,398.0,0.0
18747,186.0,261.0,0.0
18748,10.0,46.0,0.0
18749,209.0,274.0,0.0
18750,189.0,547.0,0.0
18751,262.0,272.0,0.0
18752,150.0,596.0,0.0
18753,53.0,359.0,0.0
18754,143.0,571.0,0.0
18755,125.0,385.0,0.0
18756,124.0,198.0,0.0
18757,217.0,138.0,0.0
18758,122.0,364.0,0.0
18759,154.0,354.0,0.0
18760,252.0,496.0,0.0
18761,19.0,231.0,0.0
18762,150.0,451.0,0.0
18763,21.0,153.0,0.0
18764,174.0,166.0,0.0
18765,89.0,107.0,0.0
18766,197.0,387.0,0.0
18767,199.0,464.0,0.0
18768,140.0,501.0,0.0
18769,101.0,215.0,0.0
18770,140.0,437.0,0.0
18771,201.0,129.0,0.0
18772,195.0,47.0,0.0
18773,92.0,90.0,0.0
18774,134.0,363.0,0.0
18775,138.0,226.0,0.0
18776,138.0,61.0,0.0
18777,170.0,305.0,0.0
18778,188.0,493.0,0.0
18779,28.0,108.0,0.0
18780,212.0,177.0,0.0
18781,249.0,54.0,0.0
18782,236.0,332.0,0.0
18783,111.0,270.0,0.0
18784,256.0,218.0,0.0
18785,205.0,461.0,0.0
18786,164.0,199.0,0.0
18787,132.0,554.0,0.0
18788,3.0,348.0,0.0
18789,26.0,15.0,0.0
18790,72.0,456.0,0.0
18791,265.0,248.0,0.0
18792,41.0,149.0,0.0
18793,40.0,569.0,0.0
18794,192.0,509.0,0.0
18795,190.0,448.0,0.0
18796,98.0,188.0,0.0
18797,33.0,346.0,0.0
18798,50.0,281.0,0.0
18799,38.0,275.0,0.0
18800,225.0,455.0,0.0
18801,110.0,52.0,0.0
18802,5.0,507.0,0.0
18803,167.0,309.0,0.0
18804,228.0,518.0,0.0
18805,88.0,513.0,0.0
18806,133.0,330.0,0.0
18807,217.0,296.0,0.0
18808,249.0,64.0,0.0
18809,69.0,510.0,0.0
18810,96.0,184.0,0.0
18811,226.0,508.0,0.0
18812,67.0,183.0,0.0
18813,267.0,57.0,0.0
18814,210.0,354.0,0.0
18815,179.0,194.0,0.0
18816,204.0,551.0,0.0
18817,118.0,580.0,0.0
18818,116.0,362.0,0.0
18819,181.0,312.0,0.0
18820,166.0,420.0,0.0
18821,7.0,76.0,0.0
18822,136.0,238.0,0.0
18823,7.0,174.0,0.0
18824,22.0,260.0,0.0
18825,234.0,573.0,0.0
18826,145.0,65.0,0.0
18827,20.0,331.0,0.0
18828,111.0,383.0,0.0
18829,70.0,316.0,0.0
18830,198.0,402.0,0.0
18831,5.0,516.0,0.0
18832,82.0,158.0,0.0
18833,3.0,355.0,0.0
18834,36.0,216.0,0.0
18835,237.0,526.0,0.0
18836,238.0,555.0,0.0
18837,221.0,473.0,0.0
18838,205.0,134.0,0.0
18839,230.0,509.0,0.0
18840,59.0,410.0,0.0
18841,244.0,281.0,0.0
18842,131.0,191.0,0.0
18843,26.0,468.0,0.0
18844,211.0,516.0,0.0
18845,39.0,559.0,0.0
18846,103.0,16.0,0.0
18847,23.0,450.0,0.0
18848,265.0,211.0,0.0
18849,237.0,466.0,0.0
18850,56.0,63.0,0.0
18851,184.0,84.0,0.0
18852,190.0,505.0,0.0
18853,248.0,165.0,0.0
18854,73.0,90.0,0.0
18855,246.0,41.0,0.0
18856,195.0,148.0,0.0
18857,4.0,228.0,0.0
18858,90.0,187.0,0.0
18859,129.0,41.0,0.0
18860,19.0,286.0,0.0
18861,153.0,482.0,0.0
18862,96.0,217.0,0.0
18863,144.0,56.0,0.0
18864,0.0,563.0,0.0
18865,171.0,502.0,0.0
18866,258.0,453.0,0.0
18867,95.0,515.0,0.0
18868,128.0,307.0,0.0
18869,37.0,104.0,0.0
18870,131.0,77.0,0.0
18871,62.0,313.0,0.0
18872,135.0,348.0,0.0
18873,181.0,241.0,0.0
18874,183.0,217.0,0.0
18875,174.0,250.0,0.0
18876,198.0,528.0,0.0
18877,137.0,520.0,0.0
18878,228.0,403.0,0.0
18879,169.0,125.0,0.0
18880,138.0,53.0,0.0
18881,248.0,307.0,0.0
18882,233.0,584.0,0.0
18883,131.0,88.0,0.0
18884,76.0,77.0,0.0
18885,143.0,494.0,0.0
18886,61.0,588.0,0.0
18887,226.0,287.0,0.0
18888,111.0,141.0,0.0
18889,148.0,455.0,0.0
18890,12.0,199.0,0.0
18891,49.0,355.0,0.0
18892,237.0,353.0,0.0
18893,64.0,396.0,0.0
18894,107.0,501.0,0.0
18895,235.0,332.0,0.0
18896,32.0,431.0,0.0
18897,233.0,125.0,0.0
18898,29.0,289.0,0.0
18899,95.0,473.0,0.0
18900,190.0,94.0,0.0
18901,24.0,329.0,0.0
18902,41.0,172.0,0.0
18903,92.0,159.0,0.0
18904,135.0,252.0,0.0
18905,121.0,552.0,0.0
18906,18.0,520.0,0.0
18907,206.0,235.0,0.0
18908,219.0,536.0,0.0
18909,6.0,436.0,0.0
18910,94.0,393.0,0.0
18911,222.0,352.0,0.0
18912,61.0,61.0,0.0
18913,118.0,145.0,0.0
18914,202.0,261.0,0.0
18915,75.0,113.0,0.0
18916,28.0,413.0,0.0
18917,155.0,162.0,0.0
18918,222.0,487.0,0.0
18919,160.0,363.0,0.0
18920,12.0,590.0,0.0
18921,61.0,453.0,0.0
18922,230.0,581.0,0.0
18923,140.0,406.0,0.0
18924,34.0,182.0,0.0
18925,146.0,347.0,0.0
18926,97.0,61.0,0.0
18927,131.0,516.0,0.0
18928,245.0,65.0,0.0
18929,63.0,104.0,0.0
18930,41.0,533.0,0.0
18931,16.0,48.0,0.0
18932,176.0,546.0,0.0
18933,160.0,323.0,0.0
18934,31.0,482.0,0.0
18935,229.0,86.0,0.0
18936,143.0,171.0,0.0
18937,188.0,392.0,0.0
18938,12.0,507.0,0.0
18939,211.0,277.0,0.0
18940,5.0,480.0,0.0
18941,190.0,335.0,0.0
18942,171.0,460.0,0.0
18943,138.0,163.0,0.0
18944,141.0,310.0,0.0
18945,80.0,141.0,0.0
18946,243.0,117.0,0.0
18947,241.0,166.0,0.0
18948,4.0,257.0,0.0
18949,122.0,588.0,0.0
18950,224.0,70.0,0.0
18951,110.0,382.0,0.0
18952,161.0,424.0,0.0
18953,203.0,399.0,0.0
18954,227.0,428.0,0.0
18955,46.0,78.0,0.0
18956,120.0,500.0,0.0
18957,122.0,16.0,0.0
18958,138.0,227.0,0.0
18959,190.0,73.0,0.0
18960,184.0,466.0,0.0
18961,110.0,143.0,0.0
18962,86.0,65.0,0.0
18963,96.0,2.0,0.0
18964,158.0,472.0,0.0
18965,215.0,430.0,0.0
18966,104.0,332.0,0.0
18967,47.0,427.0,0.0
18968,227.0,525.0,0.0
18969,90.0,555.0,0.0
18970,191.0,290.0,0.0
18971,10.0,78.0,0.0
18972,124.0,586.0,0.0
18973,9.0,548.0,0.0
18974,144.0,72.0,0.0
18975,121.0,131.0,0.0
18976,180.0,521.0,0.0
18977,158.0,340.0,0.0
18978,19.0,353.0,0.0
18979,63.0,461.0,0.0
18980,209.0,7.0,0.0
18981,18.0,26.0,0.0
18982,64.0,582.0,0.0
18983,15.0,74.0,0.0
18984,62.0,16.0,0.0
18985,96.0,364.0,0.0
18986,37.0,17.0,0.0
18987,230.0,90.0,0.0
18988,221.0,44.0,0.0
18989,67.0,450.0,0.0
18990,124.0,0.0,0.0
18991,222.0,115.0,0.0
18992,29.0,573.0,0.0
18993,11.0,429.0,0.0
18994,179.0,369.0,0.0
18995,85.0,581.0,0.0
18996,83.0,483.0,0.0
18997,217.0,47.0,0.0
18998,133.0,334.0,0.0
18999,99.0,30.0,0.0
19000,153.0,476.0,0.0
19001,268.0,145.0,0.0
19002,184.0,358.0,0.0
19003,139.0,89.0,0.0
19004,5.0,140.0,0.0
19005,155.0,128.0,0.0
19006,242.0,307.0,0.0
19007,126.0,233.0,0.0
19008,33.0,39.0,0.0
19009,111.0,384.0,0.0
19010,221.0,458.0,0.0
19011,189.0,333.0,0.0
19012,204.0,420.0,0.0
19013,8.0,221.0,0.0
19014,265.0,349.0,0.0
19015,151.0,476.0,0.0
19016,21.0,158.0,0.0
19017,92.0,534.0,0.0
19018,23.0,453.0,0.0
19019,175.0,544.0,0.0
19020,37.0,52.0,0.0
19021,163.0,552.0,0.0
19022,124.0,377.0,0.0
19023,169.0,417.0,0.0
19024,86.0,154.0,0.0
19025,138.0,582.0,0.0
19026,260.0,427.0,0.0
19027,67.0,276.0,0.0
19028,143.0,149.0,0.0
19029,221.0,348.0,0.0
19030,81.0,582.0,0.0
19031,193.0,310.0,0.0
19032,218.0,28.0,0.0
19033,163.0,457.0,0.0
19034,205.0,536.0,0.0
19035,218.0,207.0,0.0
19036,7.0,534.0,0.0
19037,207.0,573.0,0.0
19038,196.0,283.0,0.0
19039,26.0,534.0,0.0
19040,129.0,163.0,0.0
19041,256.0,95.0,0.0
19042,58.0,326.0,0.0
19043,46.0,336.0,0.0
19044,86.0,31.0,0.0
19045,8.0,180.0,0.0
19046,143.0,439.0,0.0
19047,10.0,505.0,0.0
19048,187.0,65.0,0.0
19049,116.0,404.0,0.0
19050,267.0,330.0,0.0
19051,109.0,425.0,0.0
19052,257.0,475.0,0.0
19053,31.0,158.0,0.0
19054,7.0,336.0,0.0
19055,138.0,33.0,0.0
19056,81.0,270.0,0.0
19057,41.0,469.0,0.0
19058,265.0,152.0,0.0
19059,186.0,232.0,0.0
19060,180.0,140.0,0.0
19061,268.0,85.0,0.0
19062,29.0,524.0,0.0
19063,214.0,197.0,0.0
19064,31.0,303.0,0.0
19065,155.0,29.0,0.0
19066,55.0,196.0,0.0
19067,183.0,472.0,0.0
19068,91.0,495.0,0.0
19069,118.0,141.0,0.0
19070,85.0,337.0,0.0
19071,180.0,578.0,0.0
19072,124.0,267.0,0.0
19073,4.0,189.0,0.0
19074,99.0,496.0,0.0
19075,61.0,485.0,0.0
19076,170.0,594.0,0.0
19077,8.0,543.0,0.0
19078,24.0,284.0,0.0
19079,236.0,529.0,0.0
19080,100.0,368.0,0.0
19081,109.0,134.0,0.0
19082,237.0,107.0,0.0
19083,251.0,8.0,0.0
19084,126.0,450.0,0.0
19085,138.0,558.0,0.0
19086,168.0,281.0,0.0
19087,220.0,284.0,0.0
19088,232.0,331.0,0.0
19089,172.0,220.0,0.0
19090,175.0,150.0,0.0
19091,14.0,137.0,0.0
19092,95.0,297.0,0.0
19093,77.0,543.0,0.0
19094,22.0,160.0,0.0
19095,153.0,51.0,0.0
19096,16.0,93.0,0.0
19097,192.0,501.0,0.0
19098,80.0,325.0,0.0
19099,4.0,193.0,0.0
19100,202.0,497.0,0.0
19101,164.0,256.0,0.0
19102,231.0,177.0,0.0
19103,219.0,228.0,0.0
19104,168.0,234.0,0.0
19105,120.0,249.0,0.0
19106,104.0,41.0,0.0
19107,71.0,532.0,0.0
19108,156.0,160.0,0.0
19109,81.0,0.0,0.0
19110,204.0,506.0,0.0
19111,184.0,596.0,0.0
19112,64.0,384.0,0.0
19113,75.0,343.0,0.0
19114,265.0,498.0,0.0
19115,97.0,158.0,0.0
19116,125.0,13.0,0.0
19117,57.0,527.0,0.0
19118,43.0,474.0,0.0
19119,61.0,120.0,0.0
19120,55.0,29.0,0.0
19121,171.0,376.0,0.0
19122,177.0,5.0,0.0
19123,244.0,154.0,0.0
19124,42.0,465.0,0.0
19125,159.0,297.0,0.0
19126,130.0,460.0,0.0
19127,140.0,354.0,0.0
19128,24.0,170.0,0.0
19129,224.0,249.0,0.0
19130,70.0,143.0,0.0
19131,157.0,327.0,0.0
19132,238.0,215.0,0.0
19133,229.0,415.0,0.0
19134,112.0,80.0,0.0
19135,58.0,361.0,0.0
19136,2.0,10.0,0.0
19137,205.0,555.0,0.0
19138,200.0,388.0,0.0
19139,4.0,268.0,0.0
19140,38.0,379.0,0.0
19141,139.0,574.0,0.0
19142,22.0,233.0,0.0
19143,77.0,229.0,0.0
19144,3.0,192.0,0.0
19145,185.0,83.0,0.0
19146,117.0,257.0,0.0
19147,215.0,485.0,0.0
19148,211.0,484.0,0.0
19149,13.0,544.0,0.0
19150,118.0,44.0,0.0
19151,22.0,319.0,0.0
19152,57.0,411.0,0.0
19153,46.0,138.0,0.0
19154,92.0,7.0,0.0
19155,117.0,200.0,0.0
19156,193.0,496.0,0.0
19157,26.0,505.0,0.0
19158,83.0,306.0,0.0
19159,62.0,474.0,0.0
19160,209.0,335.0,0.0
19161,202.0,412.0,0.0
19162,222.0,51.0,0.0
19163,167.0,462.0,0.0
19164,241.0,474.0,0.0
19165,77.0,205.0,0.0
19166,2.0,233.0,0.0
19167,257.0,330.0,0.0
19168,252.0,351.0,0.0
19169,236.0,274.0,0.0
19170,22.0,207.0,0.0
19171,259.0,563.0,0.0
19172,230.0,150.0,0.0
19173,38.0,335.0,0.0
19174,14.0,544.0,0.0
19175,125.0,452.0,0.0
19176,268.0,390.0,0.0
19177,64.0,317.0,0.0
19178,209.0,426.0,0.0
19179,25.0,547.0,0.0
19180,38.0,413.0,0.0
19181,50.0,430.0,0.0
19182,0.0,279.0,0.0
19183,168.0,174.0,0.0
19184,43.0,106.0,0.0
19185,239.0,107.0,0.0
19186,114.0,169.0,0.0
19187,177.0,289.0,0.0
19188,239.0,133.0,0.0
19189,100.0,186.0,0.0
19190,157.0,56.0,0.0
19191,68.0,480.0,0.0
19192,98.0,182.0,0.0
19193,91.0,437.0,0.0
19194,240.0,477.0,0.0
19195,176.0,135.0,0.0
19196,139.0,107.0,0.0
19197,163.0,435.0,0.0
19198,223.0,224.0,0.0
19199,163.0,0.0,0.0
19200,221.0,94.0,0.0
19201,3.0,529.0,0.0
19202,24.0,367.0,0.0
19203,18.0,490.0,0.0
19204,220.0,371.0,0.0
19205,170.0,229.0,0.0
19206,227.0,316.0,0.0
19207,98.0,589.0,0.0
19208,42.0,41.0,0.0
19209,167.0,218.0,0.0
19210,54.0,573.0,0.0
19211,32.0,309.0,0.0
19212,50.0,397.0,0.0
19213,186.0,591.0,0.0
19214,14.0,520.0,0.0
19215,235.0,411.0,0.0
19216,221.0,243.0,0.0
19217,174.0,477.0,0.0
19218,221.0,28.0,0.0
19219,168.0,549.0,0.0
19220,265.0,437.0,0.0
19221,14.0,139.0,0.0
19222,65.0,132.0,0.0
19223,99.0,14.0,0.0
19224,61.0,356.0,0.0
19225,234.0,431.0,0.0
19226,12.0,557.0,0.0
19227,34.0,237.0,0.0
19228,187.0,436.0,0.0
19229,196.0,475.0,0.0
19230,130.0,94.0,0.0
19231,190.0,137.0,0.0
19232,255.0,381.0,0.0
19233,59.0,534.0,0.0
19234,58.0,122.0,0.0
19235,79.0,541.0,0.0
19236,59.0,561.0,0.0
19237,212.0,82.0,0.0
19238,6.0,133.0,0.0
19239,3.0,262.0,0.0
19240,259.0,171.0,0.0
19241,135.0,0.0,0.0
19242,219.0,140.0,0.0
19243,0.0,519.0,0.0
19244,27.0,13.0,0.0
19245,171.0,419.0,0.0
19246,108.0,202.0,0.0
19247,23.0,75.0,0.0
19248,249.0,170.0,0.0
19249,24.0,376.0,0.0
19250,124.0,346.0,0.0
19251,210.0,97.0,0.0
19252,174.0,128.0,0.0
19253,114.0,42.0,0.0
19254,121.0,0.0,0.0
19255,69.0,115.0,0.0
19256,79.0,164.0,0.0
19257,50.0,586.0,0.0
19258,161.0,525.0,0.0
19259,133.0,406.0,0.0
19260,4.0,551.0,0.0
19261,201.0,544.0,0.0
19262,118.0,271.0,0.0
19263,248.0,7.0,0.0
19264,179.0,154.0,0.0
19265,261.0,149.0,0.0
19266,78.0,246.0,0.0
19267,211.0,419.0,0.0
19268,90.0,84.0,0.0
19269,58.0,425.0,0.0
19270,127.0,442.0,0.0
19271,10.0,63.0,0.0
19272,46.0,168.0,0.0
19273,203.0,590.0,0.0
19274,251.0,92.0,0.0
19275,202.0,114.0,0.0
19276,163.0,538.0,0.0
19277,231.0,311.0,0.0
19278,218.0,540.0,0.0
19279,72.0,301.0,0.0
19280,239.0,94.0,0.0
19281,100.0,464.0,0.0
19282,239.0,564.0,0.0
19283,22.0,275.0,0.0
19284,108.0,470.0,0.0
19285,89.0,567.0,0.0
19286,201.0,261.0,0.0
19287,41.0,407.0,0.0
19288,0.0,20.0,0.0
19289,109.0,454.0,0.0
19290,112.0,509.0,0.0
19291,8.0,371.0,0.0
19292,55.0,548.0,0.0
19293,93.0,409.0,0.0
19294,188.0,594.0,0.0
19295,146.0,87.0,0.0
19296,263.0,554.0,0.0
19297,161.0,471.0,0.0
19298,24.0,61.0,0.0
19299,163.0,306.0,0.0
19300,205.0,150.0,0.0
19301,240.0,43.0,0.0
19302,83.0,332.0,0.0
19303,53.0,475.0,0.0
19304,237.0,191.0,0.0
19305,92.0,153.0,0.0
19306,94.0,472.0,0.0
19307,220.0,483.0,0.0
19308,114.0,476.0,0.0
19309,228.0,96.0,0.0
19310,141.0,123.0,0.0
19311,96.0,485.0,0.0
19312,116.0,255.0,0.0
19313,129.0,189.0,0.0
19314,33.0,446.0,0.0
19315,197.0,14.0,0.0
19316,7.0,474.0,0.0
19317,250.0,192.0,0.0
19318,38.0,316.0,0.0
19319,218.0,463.0,0.0
19320,253.0,424.0,0.0
19321,157.0,208.0,0.0
19322,219.0,119.0,0.0
19323,35.0,85.0,0.0
19324,208.0,233.0,0.0
19325,211.0,427.0,0.0
19326,186.0,392.0,0.0
19327,74.0,448.0,0.0
19328,157.0,372.0,0.0
19329,194.0,482.0,0.0
19330,183.0,158.0,0.0
19331,8.0,29.0,0.0
19332,50.0,400.0,0.0
19333,170.0,264.0,0.0
19334,247.0,157.0,0.0
19335,168.0,162.0,0.0
19336,114.0,8.0,0.0
19337,229.0,360.0,0.0
19338,3.0,522.0,0.0
19339,175.0,384.0,0.0
19340,4.0,479.0,0.0
19341,30.0,87.0,0.0
19342,69.0,4.0,0.0
19343,56.0,312.0,0.0
19344,40.0,394.0,0.0
19345,65.0,335.0,0.0
19346,10.0,472.0,0.0
19347,255.0,23.0,0.0
19348,48.0,401.0,0.0
19349,160.0,296.0,0.0
19350,0.0,136.0,0.0
19351,71.0,322.0,0.0
19352,133.0,271.0,0.0
19353,203.0,299.0,0.0
19354,40.0,408.0,0.0
19355,120.0,6.0,0.0
19356,38.0,80.0,0.0
19357,5.0,447.0,0.0
19358,144.0,274.0,0.0
19359,38.0,85.0,0.0
19360,175.0,75.0,0.0
19361,217.0,531.0,0.0
19362,156.0,336.0,0.0
19363,200.0,448.0,0.0
19364,77.0,515.0,0.0
19365,246.0,1.0,0.0
19366,246.0,187.0,0.0
19367,183.0,539.0,0.0
19368,228.0,467.0,0.0
19369,268.0,431.0,0.0
19370,200.0,0.0,0.0
19371,72.0,318.0,0.0
19372,73.0,234.0,0.0
19373,19.0,526.0,0.0
19374,192.0,53.0,0.0
19375,177.0,237.0,0.0
19376,254.0,134.0,0.0
19377,3.0,213.0,0.0
19378,111.0,57.0,0.0
19379,197.0,345.0,0.0
19380,13.0,253.0,0.0
19381,216.0,472.0,0.0
19382,50.0,435.0,0.0
19383,261.0,477.0,0.0
19384,3.0,18.0,0.0
19385,121.0,72.0,0.0
19386,49.0,479.0,0.0
19387,19.0,456.0,0.0
19388,33.0,216.0,0.0
19389,40.0,515.0,0.0
19390,247.0,385.0,0.0
19391,196.0,417.0,0.0
19392,241.0,165.0,0.0
19393,192.0,120.0,0.0
19394,245.0,435.0,0.0
19395,9.0,440.0,0.0
19396,113.0,136.0,0.0
19397,100.0,190.0,0.0
19398,192.0,402.0,0.0
19399,233.0,516.0,0.0
19400,192.0,316.0,0.0
19401,240.0,137.0,0.0
19402,166.0,28.0,0.0
19403,260.0,265.0,0.0
19404,260.0,210.0,0.0
19405,109.0,477.0,0.0
19406,239.0,106.0,0.0
19407,160.0,10.0,0.0
19408,164.0,223.0,0.0
19409,4.0,118.0,0.0
19410,248.0,392.0,0.0
19411,38.0,55.0,0.0
19412,14.0,331.0,0.0
19413,161.0,505.0,0.0
19414,140.0,366.0,0.0
19415,154.0,578.0,0.0
19416,196.0,523.0,0.0
19417,53.0,308.0,0.0
19418,87.0,451.0,0.0
19419,261.0,102.0,0.0
19420,66.0,382.0,0.0
19421,162.0,416.0,0.0
19422,108.0,70.0,0.0
19423,155.0,445.0,0.0
19424,235.0,141.0,0.0
19425,169.0,355.0,0.0
19426,4.0,416.0,0.0
19427,24.0,572.0,0.0
19428,10.0,213.0,0.0
19429,265.0,269.0,0.0
19430,154.0,567.0,0.0
19431,108.0,63.0,0.0
19432,2.0,375.0,0.0
19433,98.0,141.0,0.0
19434,108.0,308.0,0.0
19435,78.0,525.0,0.0
19436,209.0,47.0,0.0
19437,70.0,325.0,0.0
19438,137.0,98.0,0.0
19439,247.0,60.0,0.0
19440,137.0,580.0,0.0
19441,119.0,430.0,0.0
19442,172.0,75.0,0.0
19443,102.0,384.0,0.0
19444,229.0,301.0,0.0
19445,236.0,509.0,0.0
19446,61.0,384.0,0.0
19447,5.0,99.0,0.0
19448,3.0,354.0,0.0
19449,21.0,150.0,0.0
19450,258.0,397.0,0.0
19451,99.0,143.0,0.0
19452,11.0,562.0,0.0
19453,261.0,414.0,0.0
19454,60.0,145.0,0.0
19455,20.0,282.0,0.0
19456,85.0,375.0,0.0
19457,214.0,422.0,0.0
19458,263.0,528.0,0.0
19459,173.0,19.0,0.0
19460,49.0,584.0,0.0
19461,133.0,408.0,0.0
19462,185.0,475.0,0.0
19463,218.0,372.0,0.0
19464,204.0,581.0,0.0
19465,112.0,268.0,0.0
19466,21.0,250.0,0.0
19467,194.0,385.0,0.0
19468,267.0,32.0,0.0
19469,214.0,336.0,0.0
19470,241.0,401.0,0.0
19471,189.0,35.0,0.0
19472,49.0,25.0,0.0
19473,61.0,487.0,0.0
19474,99.0,52.0,0.0
19475,141.0,76.0,0.0
19476,92.0,393.0,0.0
19477,85.0,525.0,0.0
19478,179.0,26.0,0.0
19479,96.0,558.0,0.0
19480,216.0,508.0,0.0
19481,6.0,468.0,0.0
19482,219.0,64.0,0.0
19483,185.0,470.0,0.0
19484,189.0,567.0,0.0
19485,147.0,582.0,0.0
19486,179.0,455.0,0.0
19487,0.0,579.0,0.0
19488,234.0,172.0,0.0
19489,116.0,551.0,0.0
19490,22.0,212.0,0.0
19491,197.0,373.0,0.0
19492,110.0,410.0,0.0
19493,233.0,242.0,0.0
19494,49.0,395.0,0.0
19495,18.0,261.0,0.0
19496,36.0,317.0,0.0
19497,143.0,507.0,0.0
19498,94.0,60.0,0.0
19499,1.0,220.0,0.0
19500,67.0,428.0,0.0
19501,35.0,474.0,0.0
19502,135.0,538.0,0.0
19503,111.0,526.0,0.0
19504,227.0,552.0,0.0
19505,158.0,577.0,0.0
19506,65.0,554.0,0.0
19507,172.0,301.0,0.0
19508,30.0,36.0,0.0
19509,250.0,549.0,0.0
19510,204.0,492.0,0.0
19511,118.0,54.0,0.0
19512,237.0,291.0,0.0
19513,239.0,341.0,0.0
19514,177.0,553.0,0.0
19515,230.0,262.0,0.0
19516,7.0,242.0,0.0
19517,92.0,89.0,0.0
19518,94.0,185.0,0.0
19519,199.0,43.0,0.0
19520,22.0,393.0,0.0
19521,57.0,487.0,0.0
19522,15.0,412.0,0.0
19523,242.0,290.0,0.0
19524,47.0,556.0,0.0
19525,247.0,425.0,0.0
19526,137.0,562.0,0.0
19527,3.0,32.0,0.0
19528,203.0,414.0,0.0
19529,78.0,453.0,0.0
19530,27.0,544.0,0.0
19531,126.0,37.0,0.0
19532,147.0,319.0,0.0
19533,163.0,554.0,0.0
19534,53.0,105.0,0.0
19535,32.0,364.0,0.0
19536,116.0,440.0,0.0
19537,116.0,309.0,0.0
19538,44.0,554.0,0.0
19539,123.0,389.0,0.0
19540,127.0,365.0,0.0
19541,261.0,180.0,0.0
19542,83.0,94.0,0.0
19543,110.0,524.0,0.0
19544,197.0,552.0,0.0
19545,195.0,209.0,0.0
19546,88.0,111.0,0.0
19547,256.0,427.0,0.0
19548,181.0,530.0,0.0
19549,60.0,163.0,0.0
19550,95.0,69.0,0.0
19551,20.0,130.0,0.0
19552,145.0,575.0,0.0
19553,26.0,459.0,0.0
19554,218.0,530.0,0.0
19555,187.0,358.0,0.0
19556,255.0,533.0,0.0
19557,196.0,517.0,0.0
19558,105.0,11.0,0.0
19559,3.0,307.0,0.0
19560,73.0,496.0,0.0
19561,31.0,256.0,0.0
19562,32.0,223.0,0.0
19563,27.0,497.0,0.0
19564,204.0,483.0,0.0
19565,170.0,122.0,0.0
19566,88.0,505.0,0.0
19567,134.0,281.0,0.0
19568,156.0,23.0,0.0
19569,124.0,213.0,0.0
19570,22.0,184.0,0.0
19571,137.0,260.0,0.0
19572,179.0,551.0,0.0
19573,89.0,405.0,0.0
19574,158.0,544.0,0.0
19575,84.0,41.0,0.0
19576,7.0,69.0,0.0
19577,35.0,371.0,0.0
19578,112.0,364.0,0.0
19579,181.0,450.0,0.0
19580,46.0,18.0,0.0
19581,185.0,363.0,0.0
19582,24.0,477.0,0.0
19583,165.0,396.0,0.0
19584,187.0,332.0,0.0
19585,29.0,114.0,0.0
19586,8.0,137.0,0.0
19587,28.0,101.0,0.0
19588,258.0,517.0,0.0
19589,64.0,73.0,0.0
19590,180.0,517.0,0.0
19591,23.0,190.0,0.0
19592,121.0,9.0,0.0
19593,191.0,17.0,0.0
19594,239.0,314.0,0.0
19595,198.0,147.0,0.0
19596,8.0,588.0,0.0
19597,134.0,495.0,0.0
19598,28.0,39.0,0.0
19599,19.0,78.0,0.0
19600,111.0,301.0,0.0
19601,196.0,551.0,0.0
19602,0.0,389.0,0.0
19603,196.0,88.0,0.0
19604,176.0,581.0,0.0
19605,175.0,138.0,0.0
19606,262.0,477.0,0.0
19607,167.0,353.0,0.0
19608,264.0,378.0,0.0
19609,148.0,389.0,0.0
19610,205.0,546.0,0.0
19611,137.0,100.0,0.0
19612,210.0,241.0,0.0
19613,259.0,543.0,0.0
19614,165.0,487.0,0.0
19615,66.0,51.0,0.0
19616,242.0,68.0,0.0
19617,246.0,588.0,0.0
19618,166.0,62.0,0.0
19619,217.0,508.0,0.0
19620,118.0,0.0,0.0
19621,238.0,58.0,0.0
19622,196.0,256.0,0.0
19623,8.0,540.0,0.0
19624,42.0,37.0,0.0
19625,97.0,577.0,0.0
19626,5.0,61.0,0.0
19627,26.0,306.0,0.0
19628,213.0,157.0,0.0
19629,50.0,259.0,0.0
19630,2.0,231.0,0.0
19631,205.0,94.0,0.0
19632,106.0,479.0,0.0
19633,161.0,425.0,0.0
19634,177.0,536.0,0.0
19635,193.0,19.0,0.0
19636,23.0,409.0,0.0
19637,231.0,9.0,0.0
19638,143.0,209.0,0.0
19639,212.0,134.0,0.0
19640,211.0,58.0,0.0
19641,91.0,156.0,0.0
19642,227.0,280.0,0.0
19643,109.0,432.0,0.0
19644,195.0,62.0,0.0
19645,164.0,392.0,0.0
19646,157.0,32.0,0.0
19647,79.0,329.0,0.0
19648,264.0,328.0,0.0
19649,77.0,95.0,0.0
19650,48.0,314.0,0.0
19651,155.0,449.0,0.0
19652,251.0,0.0,0.0
19653,135.0,159.0,0.0
19654,7.0,591.0,0.0
19655,230.0,475.0,0.0
19656,129.0,294.0,0.0
19657,104.0,397.0,0.0
19658,193.0,334.0,0.0
19659,184.0,139.0,0.0
19660,237.0,28.0,0.0
19661,160.0,42.0,0.0
19662,110.0,234.0,0.0
19663,91.0,386.0,0.0
19664,129.0,243.0,0.0
19665,33.0,174.0,0.0
19666,210.0,516.0,0.0
19667,7.0,230.0,0.0
19668,260.0,316.0,0.0
19669,79.0,30.0,0.0
19670,14.0,33.0,0.0
19671,83.0,595.0,0.0
19672,108.0,496.0,0.0
19673,197.0,433.0,0.0
19674,43.0,1.0,0.0
19675,128.0,68.0,0.0
19676,192.0,261.0,0.0
19677,185.0,199.0,0.0
19678,84.0,132.0,0.0
19679,115.0,455.0,0.0
19680,142.0,101.0,0.0
19681,200.0,235.0,0.0
19682,106.0,175.0,0.0
19683,44.0,495.0,0.0
19684,262.0,87.0,0.0
19685,212.0,26.0,0.0
19686,150.0,557.0,0.0
19687,187.0,270.0,0.0
19688,142.0,454.0,0.0
19689,157.0,547.0,0.0
19690,259.0,113.0,0.0
19691,204.0,317.0,0.0
19692,177.0,539.0,0.0
19693,39.0,259.0,0.0
19694,222.0,194.0,0.0
19695,267.0,13.0,0.0
19696,244.0,497.0,0.0
19697,160.0,286.0,0.0
19698,68.0,391.0,0.0
19699,25.0,368.0,0.0
19700,163.0,10.0,0.0
19701,55.0,62.0,0.0
19702,168.0,352.0,0.0
19703,184.0,173.0,0.0
19704,83.0,541.0,0.0
19705,223.0,489.0,0.0
19706,201.0,98.0,0.0
19707,229.0,250.0,0.0
19708,221.0,476.0,0.0
19709,128.0,541.0,0.0
19710,137.0,457.0,0.0
19711,19.0,323.0,0.0
19712,56.0,475.0,0.0
19713,135.0,337.0,0.0
19714,243.0,40.0,0.0
19715,75.0,212.0,0.0
19716,150.0,261.0,0.0
19717,41.0,262.0,0.0
19718,25.0,478.0,0.0
19719,230.0,111.0,0.0
19720,100.0,17.0,0.0
19721,175.0,266.0,0.0
19722,268.0,227.0,0.0
19723,109.0,50.0,0.0
19724,235.0,71.0,0.0
19725,40.0,264.0,0.0
19726,104.0,597.0,0.0
19727,102.0,337.0,0.0
19728,238.0,449.0,0.0
19729,93.0,124.0,0.0
19730,194.0,309.0,0.0
19731,258.0,461.0,0.0
19732,62.0,535.0,0.0
19733,93.0,438.0,0.0
19734,37.0,234.0,0.0
19735,12.0,202.0,0.0
19736,121.0,573.0,0.0
19737,154.0,41.0,0.0
19738,152.0,249.0,0.0
19739,202.0,542.0,0.0
19740,7.0,455.0,0.0
19741,159.0,515.0,0.0
19742,57.0,384.0,0.0
19743,154.0,203.0,0.0
19744,122.0,515.0,0.0
19745,45.0,82.0,0.0
19746,110.0,228.0,0.0
19747,167.0,205.0,0.0
19748,250.0,86.0,0.0
19749,118.0,484.0,0.0
19750,53.0,150.0,0.0
19751,97.0,291.0,0.0
19752,90.0,28.0,0.0
19753,92.0,425.0,0.0
19754,148.0,360.0,0.0
19755,230.0,345.0,0.0
19756,183.0,124.0,0.0
19757,200.0,239.0,0.0
19758,163.0,74.0,0.0
19759,201.0,122.0,0.0
19760,254.0,364.0,0.0
19761,174.0,45.0,0.0
19762,45.0,44.0,0.0
19763,133.0,481.0,0.0
19764,142.0,507.0,0.0
19765,202.0,458.0,0.0
19766,42.0,58.0,0.0
19767,31.0,288.0,0.0
19768,109.0,510.0,0.0
19769,149.0,574.0,0.0
19770,109.0,387.0,0.0
19771,154.0,272.0,0.0
19772,138.0,495.0,0.0
19773,116.0,125.0,0.0
19774,122.0,396.0,0.0
19775,164.0,150.0,0.0
19776,191.0,367.0,0.0
19777,159.0,354.0,0.0
19778,253.0,371.0,0.0
19779,143.0,552.0,0.0
19780,63.0,400.0,0.0
19781,77.0,30.0,0.0
19782,166.0,221.0,0.0
19783,29.0,96.0,0.0
19784,203.0,73.0,0.0
19785,153.0,230.0,0.0
19786,239.0,80.0,0.0
19787,49.0,6.0,0.0
19788,44.0,414.0,0.0
19789,53.0,409.0,0.0
19790,37.0,423.0,0.0
19791,37.0,526.0,0.0
19792,72.0,91.0,0.0
19793,91.0,481.0,0.0
19794,20.0,300.0,0.0
19795,46.0,6.0,0.0
19796,112.0,194.0,0.0
19797,246.0,176.0,0.0
19798,106.0,496.0,0.0
19799,190.0,159.0,0.0
19800,137.0,513.0,0.0
19801,14.0,503.0,0.0
19802,88.0,255.0,0.0
19803,143.0,326.0,0.0
19804,206.0,9.0,0.0
19805,187.0,537.0,0.0
19806,230.0,365.0,0.0
19807,176.0,44.0,0.0
19808,152.0,555.0,0.0
19809,179.0,68.0,0.0
19810,241.0,22.0,0.0
19811,261.0,27.0,0.0
19812,125.0,525.0,0.0
19813,17.0,330.0,0.0
19814,47.0,475.0,0.0
19815,152.0,366.0,0.0
19816,46.0,515.0,0.0
19817,126.0,424.0,0.0
19818,6.0,280.0,0.0
19819,217.0,549.0,0.0
19820,230.0,556.0,0.0
19821,212.0,220.0,0.0
19822,215.0,165.0,0.0
19823,34.0,387.0,0.0
19824,105.0,202.0,0.0
19825,244.0,511.0,0.0
19826,37.0,484.0,0.0
19827,177.0,80.0,0.0
19828,180.0,293.0,0.0
19829,253.0,146.0,0.0
19830,213.0,174.0,0.0
19831,238.0,594.0,0.0
19832,241.0,279.0,0.0
19833,200.0,562.0,0.0
19834,259.0,14.0,0.0
19835,85.0,174.0,0.0
19836,20.0,103.0,0.0
19837,212.0,236.0,0.0
19838,63.0,529.0,0.0
19839,164.0,221.0,0.0
19840,231.0,297.0,0.0
19841,136.0,478.0,0.0
19842,209.0,100.0,0.0
19843,56.0,127.0,0.0
19844,220.0,374.0,0.0
19845,239.0,393.0,0.0
19846,162.0,148.0,0.0
19847,188.0,74.0,0.0
19848,210.0,258.0,0.0
19849,178.0,266.0,0.0
19850,268.0,303.0,0.0
19851,105.0,223.0,0.0
19852,174.0,335.0,0.0
19853,93.0,400.0,0.0
19854,58.0,305.0,0.0
19855,69.0,400.0,0.0
19856,100.0,581.0,0.0
19857,72.0,104.0,0.0
19858,115.0,535.0,0.0
19859,266.0,514.0,0.0
19860,70.0,269.0,0.0
19861,22.0,590.0,0.0
19862,73.0,296.0,0.0
19863,218.0,548.0,0.0
19864,246.0,414.0,0.0
19865,25.0,292.0,0.0
19866,176.0,174.0,0.0
19867,139.0,564.0,0.0
19868,145.0,273.0,0.0
19869,55.0,3.0,0.0
19870,121.0,407.0,0.0
19871,192.0,107.0,0.0
19872,210.0,355.0,0.0
19873,38.0,325.0,0.0
19874,49.0,251.0,0.0
19875,8.0,121.0,0.0
19876,234.0,424.0,0.0
19877,74.0,462.0,0.0
19878,261.0,559.0,0.0
19879,43.0,240.0,0.0
19880,229.0,116.0,0.0
19881,84.0,148.0,0.0
19882,97.0,297.0,0.0
19883,81.0,260.0,0.0
19884,252.0,397.0,0.0
19885,103.0,557.0,0.0
19886,58.0,506.0,0.0
19887,257.0,12.0,0.0
19888,191.0,270.0,0.0
19889,79.0,232.0,0.0
19890,60.0,242.0,0.0
19891,153.0,169.0,0.0
19892,150.0,171.0,0.0
19893,29.0,99.0,0.0
19894,76.0,450.0,0.0
19895,193.0,487.0,0.0
19896,127.0,328.0,0.0
19897,196.0,9.0,0.0
19898,132.0,468.0,0.0
19899,85.0,500.0,0.0
19900,91.0,358.0,0.0
19901,180.0,438.0,0.0
19902,116.0,195.0,0.0
19903,26.0,260.0,0.0
19904,7.0,431.0,0.0
19905,61.0,229.0,0.0
19906,87.0,518.0,0.0
19907,21.0,206.0,0.0
19908,261.0,542.0,0.0
19909,20.0,17.0,0.0
19910,207.0,34.0,0.0
19911,24.0,78.0,0.0
19912,76.0,348.0,0.0
19913,85.0,298.0,0.0
19914,112.0,49.0,0.0
19915,261.0,469.0,0.0
19916,136.0,449.0,0.0
19917,180.0,337.0,0.0
19918,162.0,520.0,0.0
19919,120.0,161.0,0.0
19920,194.0,369.0,0.0
19921,171.0,413.0,0.0
19922,127.0,149.0,0.0
19923,122.0,484.0,0.0
19924,103.0,447.0,0.0
19925,59.0,547.0,0.0
19926,155.0,42.0,0.0
19927,247.0,350.0,0.0
19928,221.0,337.0,0.0
19929,166.0,88.0,0.0
19930,38.0,171.0,0.0
19931,213.0,331.0,0.0
19932,145.0,572.0,0.0
19933,36.0,138.0,0.0
19934,90.0,459.0,0.0
19935,148.0,160.0,0.0
19936,178.0,246.0,0.0
19937,179.0,577.0,0.0
19938,256.0,417.0,0.0
19939,118.0,519.0,0.0
19940,47.0,255.0,0.0
19941,108.0,183.0,0.0
19942,22.0,46.0,0.0
19943,157.0,359.0,0.0
19944,247.0,432.0,0.0
19945,37.0,411.0,0.0
19946,235.0,343.0,0.0
19947,61.0,399.0,0.0
19948,239.0,417.0,0.0
19949,241.0,547.0,0.0
19950,151.0,329.0,0.0
19951,102.0,504.0,0.0
19952,85.0,125.0,0.0
19953,156.0,113.0,0.0
19954,70.0,456.0,0.0
19955,189.0,386.0,0.0
19956,161.0,455.0,0.0
19957,1.0,217.0,0.0
19958,268.0,528.0,0.0
19959,23.0,375.0,0.0
19960,153.0,179.0,0.0
19961,51.0,594.0,0.0
19962,9.0,328.0,0.0
19963,40.0,369.0,0.0
19964,90.0,71.0,0.0
19965,149.0,193.0,0.0
19966,114.0,510.0,0.0
19967,131.0,577.0,0.0
19968,134.0,357.0,0.0
19969,243.0,274.0,0.0
19970,15.0,37.0,0.0
19971,87.0,163.0,0.0
19972,125.0,82.0,0.0
19973,47.0,568.0,0.0
19974,206.0,420.0,0.0
19975,164.0,516.0,0.0
19976,267.0,470.0,0.0
19977,73.0,451.0,0.0
19978,136.0,437.0,0.0
19979,225.0,553.0,0.0
19980,245.0,161.0,0.0
19981,228.0,573.0,0.0
19982,203.0,43.0,0.0
19983,110.0,522.0,0.0
19984,263.0,41.0,0.0
19985,69.0,487.0,0.0
19986,66.0,579.0,0.0
19987,36.0,437.0,0.0
19988,258.0,18.0,0.0
19989,7.0,264.0,0.0
19990,12.0,79.0,0.0
19991,202.0,362.0,0.0
19992,158.0,477.0,0.0
19993,119.0,239.0,0.0
19994,243.0,353.0,0.0
19995,225.0,261.0,0.0
19996,80.0,117.0,0.0
19997,39.0,135.0,0.0
19998,194.0,4.0,0.0
19999,117.0,105.0,0.0
20000,56.0,159.0,0.0
20001,181.0,233.0,0.0
20002,232.0,564.0,0.0
20003,99.0,559.0,0.0
20004,108.0,588.0,0.0
20005,125.0,288.0,0.0
20006,240.0,309.0,0.0
20007,44.0,37.0,0.0
20008,190.0,568.0,0.0
20009,12.0,122.0,0.0
20010,126.0,123.0,0.0
20011,150.0,507.0,0.0
20012,23.0,597.0,0.0
20013,205.0,396.0,0.0
20014,62.0,479.0,0.0
20015,255.0,458.0,0.0
20016,133.0,470.0,0.0
20017,116.0,538.0,0.0
20018,132.0,168.0,0.0
20019,170.0,380.0,0.0
20020,258.0,513.0,0.0
20021,235.0,62.0,0.0
20022,247.0,159.0,0.0
20023,163.0,62.0,0.0
20024,179.0,107.0,0.0
20025,172.0,488.0,0.0
20026,138.0,195.0,0.0
20027,111.0,325.0,0.0
20028,235.0,502.0,0.0
20029,215.0,261.0,0.0
20030,159.0,135.0,0.0
20031,118.0,207.0,0.0
20032,21.0,284.0,0.0
20033,14.0,34.0,0.0
20034,111.0,545.0,0.0
20035,38.0,115.0,0.0
20036,94.0,218.0,0.0
20037,48.0,138.0,0.0
20038,107.0,311.0,0.0
20039,247.0,422.0,0.0
20040,116.0,541.0,0.0
20041,2.0,364.0,0.0
20042,78.0,322.0,0.0
20043,176.0,273.0,0.0
20044,96.0,355.0,0.0
20045,41.0,6.0,0.0
20046,117.0,220.0,0.0
20047,246.0,397.0,0.0
20048,220.0,335.0,0.0
20049,184.0,377.0,0.0
20050,69.0,466.0,0.0
20051,196.0,493.0,0.0
20052,7.0,483.0,0.0
20053,62.0,531.0,0.0
20054,260.0,529.0,0.0
20055,8.0,569.0,0.0
20056,251.0,50.0,0.0
20057,148.0,587.0,0.0
20058,204.0,175.0,0.0
20059,212.0,398.0,0.0
20060,53.0,485.0,0.0
20061,70.0,228.0,0.0
20062,4.0,38.0,0.0
20063,161.0,171.0,0.0
20064,6.0,49.0,0.0
20065,253.0,419.0,0.0
20066,95.0,229.0,0.0
20067,158.0,161.0,0.0
20068,107.0,396.0,0.0
20069,78.0,250.0,0.0
20070,172.0,326.0,0.0
20071,187.0,511.0,0.0
20072,227.0,331.0,0.0
20073,39.0,318.0,0.0
20074,17.0,453.0,0.0
20075,149.0,488.0,0.0
20076,85.0,418.0,0.0
20077,198.0,42.0,0.0
20078,193.0,53.0,0.0
20079,182.0,288.0,0.0
20080,173.0,218.0,0.0
20081,182.0,552.0,0.0
20082,235.0,287.0,0.0
20083,33.0,448.0,0.0
20084,98.0,569.0,0.0
20085,221.0,431.0,0.0
20086,231.0,355.0,0.0
20087,142.0,169.0,0.0
20088,27.0,425.0,0.0
20089,190.0,521.0,0.0
20090,95.0,211.0,0.0
20091,159.0,139.0,0.0
20092,44.0,34.0,0.0
20093,236.0,300.0,0.0
20094,117.0,291.0,0.0
20095,134.0,432.0,0.0
20096,106.0,164.0,0.0
20097,243.0,394.0,0.0
20098,132.0,470.0,0.0
20099,49.0,553.0,0.0
20100,151.0,492.0,0.0
20101,129.0,432.0,0.0
20102,139.0,394.0,0.0
20103,92.0,562.0,0.0
20104,29.0,314.0,0.0
20105,96.0,438.0,0.0
20106,71.0,311.0,0.0
20107,52.0,466.0,0.0
20108,256.0,561.0,0.0
20109,101.0,537.0,0.0
20110,233.0,524.0,0.0
20111,166.0,17.0,0.0
20112,97.0,588.0,0.0
20113,198.0,530.0,0.0
20114,21.0,556.0,0.0
20115,164.0,578.0,0.0
20116,22.0,8.0,0.0
20117,199.0,65.0,0.0
20118,266.0,349.0,0.0
20119,243.0,363.0,0.0
20120,258.0,538.0,0.0
20121,209.0,384.0,0.0
20122,202.0,329.0,0.0
20123,11.0,590.0,0.0
20124,193.0,292.0,0.0
20125,225.0,316.0,0.0
20126,0.0,311.0,0.0
20127,149.0,391.0,0.0
20128,261.0,26.0,0.0
20129,261.0,567.0,0.0
20130,47.0,520.0,0.0
20131,68.0,509.0,0.0
20132,220.0,155.0,0.0
20133,212.0,500.0,0.0
20134,63.0,126.0,0.0
20135,188.0,529.0,0.0
20136,134.0,259.0,0.0
20137,88.0,213.0,0.0
20138,73.0,306.0,0.0
20139,72.0,579.0,0.0
20140,126.0,32.0,0.0
20141,37.0,119.0,0.0
20142,17.0,180.0,0.0
20143,210.0,489.0,0.0
20144,12.0,248.0,0.0
20145,250.0,256.0,0.0
20146,62.0,562.0,0.0
20147,42.0,355.0,0.0
20148,44.0,416.0,0.0
20149,165.0,241.0,0.0
20150,196.0,210.0,0.0
20151,184.0,521.0,0.0
20152,260.0,553.0,0.0
20153,153.0,386.0,0.0
20154,2.0,438.0,0.0
20155,160.0,588.0,0.0
20156,204.0,9.0,0.0
20157,37.0,505.0,0.0
20158,222.0,446.0,0.0
20159,137.0,591.0,0.0
20160,112.0,431.0,0.0
20161,98.0,90.0,0.0
20162,64.0,482.0,0.0
20163,176.0,316.0,0.0
20164,143.0,275.0,0.0
20165,233.0,548.0,0.0
20166,45.0,165.0,0.0
20167,242.0,71.0,0.0
20168,30.0,391.0,0.0
20169,24.0,209.0,0.0
20170,258.0,367.0,0.0
20171,154.0,163.0,0.0
20172,218.0,563.0,0.0
20173,258.0,151.0,0.0
20174,135.0,167.0,0.0
20175,35.0,138.0,0.0
20176,192.0,260.0,0.0
20177,7.0,452.0,0.0
20178,55.0,560.0,0.0
20179,33.0,253.0,0.0
20180,247.0,67.0,0.0
20181,149.0,529.0,0.0
20182,221.0,342.0,0.0
20183,79.0,306.0,0.0
20184,109.0,406.0,0.0
20185,124.0,30.0,0.0
20186,246.0,55.0,0.0
20187,232.0,561.0,0.0
20188,198.0,556.0,0.0
20189,100.0,532.0,0.0
20190,253.0,11.0,0.0
20191,59.0,54.0,0.0
20192,166.0,526.0,0.0
20193,225.0,494.0,0.0
20194,114.0,395.0,0.0
20195,263.0,488.0,0.0
20196,0.0,155.0,0.0
20197,1.0,320.0,0.0
20198,250.0,101.0,0.0
20199,219.0,9.0,0.0
20200,78.0,486.0,0.0
20201,235.0,152.0,0.0
20202,137.0,122.0,0.0
20203,128.0,571.0,0.0
20204,197.0,169.0,0.0
20205,146.0,15.0,0.0
20206,205.0,185.0,0.0
20207,66.0,91.0,0.0
20208,102.0,166.0,0.0
20209,60.0,96.0,0.0
20210,39.0,47.0,0.0
20211,27.0,63.0,0.0
20212,28.0,294.0,0.0
20213,66.0,482.0,0.0
20214,85.0,6.0,0.0
20215,86.0,214.0,0.0
20216,112.0,522.0,0.0
20217,236.0,500.0,0.0
20218,127.0,155.0,0.0
20219,73.0,277.0,0.0
20220,6.0,116.0,0.0
20221,42.0,452.0,0.0
20222,59.0,384.0,0.0
20223,101.0,498.0,0.0
20224,111.0,18.0,0.0
20225,162.0,275.0,0.0
20226,251.0,121.0,0.0
20227,91.0,332.0,0.0
20228,179.0,445.0,0.0
20229,73.0,391.0,0.0
20230,268.0,301.0,0.0
20231,109.0,113.0,0.0
20232,26.0,546.0,0.0
20233,46.0,506.0,0.0
20234,84.0,21.0,0.0
20235,17.0,201.0,0.0
20236,15.0,144.0,0.0
20237,188.0,418.0,0.0
20238,111.0,561.0,0.0
20239,161.0,435.0,0.0
20240,27.0,373.0,0.0
20241,175.0,136.0,0.0
20242,75.0,235.0,0.0
20243,58.0,477.0,0.0
20244,193.0,34.0,0.0
20245,172.0,150.0,0.0
20246,141.0,585.0,0.0
20247,121.0,330.0,0.0
20248,58.0,557.0,0.0
20249,54.0,232.0,0.0
20250,194.0,561.0,0.0
20251,1.0,219.0,0.0
20252,216.0,338.0,0.0
20253,95.0,500.0,0.0
20254,249.0,390.0,0.0
20255,190.0,234.0,0.0
20256,224.0,549.0,0.0
20257,235.0,400.0,0.0
20258,1.0,440.0,0.0
20259,40.0,329.0,0.0
20260,48.0,108.0,0.0
20261,243.0,398.0,0.0
20262,51.0,447.0,0.0
20263,164.0,402.0,0.0
20264,165.0,517.0,0.0
20265,97.0,346.0,0.0
20266,0.0,447.0,0.0
20267,60.0,345.0,0.0
20268,265.0,399.0,0.0
20269,95.0,36.0,0.0
20270,157.0,0.0,0.0
20271,100.0,283.0,0.0
20272,263.0,335.0,0.0
20273,258.0,177.0,0.0
20274,42.0,115.0,0.0
20275,147.0,253.0,0.0
20276,237.0,343.0,0.0
20277,247.0,593.0,0.0
20278,52.0,176.0,0.0
20279,232.0,548.0,0.0
20280,177.0,345.0,0.0
20281,229.0,130.0,0.0
20282,9.0,118.0,0.0
20283,68.0,514.0,0.0
20284,143.0,166.0,0.0
20285,194.0,375.0,0.0
20286,84.0,155.0,0.0
20287,29.0,565.0,0.0
20288,153.0,506.0,0.0
20289,92.0,278.0,0.0
20290,155.0,493.0,0.0
20291,225.0,414.0,0.0
20292,202.0,406.0,0.0
20293,264.0,371.0,0.0
20294,42.0,82.0,0.0
20295,258.0,479.0,0.0
20296,169.0,385.0,0.0
20297,198.0,362.0,0.0
20298,165.0,418.0,0.0
20299,151.0,69.0,0.0
20300,76.0,543.0,0.0
20301,247.0,285.0,0.0
20302,167.0,388.0,0.0
20303,182.0,556.0,0.0
20304,191.0,405.0,0.0
20305,166.0,384.0,0.0
20306,104.0,574.0,0.0
20307,16.0,545.0,0.0
20308,163.0,525.0,0.0
20309,166.0,587.0,0.0
20310,19.0,525.0,0.0
20311,12.0,52.0,0.0
20312,259.0,582.0,0.0
20313,152.0,140.0,0.0
20314,67.0,588.0,0.0
20315,170.0,284.0,0.0
20316,5.0,485.0,0.0
20317,149.0,560.0,0.0
20318,237.0,35.0,0.0
20319,196.0,57.0,0.0
20320,218.0,329.0,0.0
20321,229.0,87.0,0.0
20322,65.0,439.0,0.0
20323,234.0,406.0,0.0
20324,266.0,30.0,0.0
20325,267.0,214.0,0.0
20326,206.0,58.0,0.0
20327,35.0,366.0,0.0
20328,93.0,339.0,0.0
20329,222.0,18.0,0.0
20330,164.0,320.0,0.0
20331,44.0,162.0,0.0
20332,153.0,172.0,0.0
20333,34.0,211.0,0.0
20334,44.0,580.0,0.0
20335,248.0,378.0,0.0
20336,187.0,58.0,0.0
20337,158.0,84.0,0.0
20338,111.0,256.0,0.0
20339,165.0,360.0,0.0
20340,174.0,153.0,0.0
20341,171.0,291.0,0.0
20342,171.0,40.0,0.0
20343,64.0,460.0,0.0
20344,36.0,224.0,0.0
20345,0.0,571.0,0.0
20346,171.0,52.0,0.0
20347,117.0,55.0,0.0
20348,12.0,167.0,0.0
20349,123.0,537.0,0.0
20350,13.0,567.0,0.0
20351,65.0,582.0,0.0
20352,254.0,296.0,0.0
20353,11.0,94.0,0.0
20354,139.0,257.0,0.0
20355,220.0,343.0,0.0
20356,194.0,290.0,0.0
20357,251.0,537.0,0.0
20358,208.0,203.0,0.0
20359,137.0,102.0,0.0
20360,171.0,263.0,0.0
20361,111.0,524.0,0.0
20362,121.0,112.0,0.0
20363,167.0,500.0,0.0
20364,101.0,40.0,0.0
20365,185.0,10.0,0.0
20366,83.0,185.0,0.0
20367,53.0,178.0,0.0
20368,5.0,468.0,0.0
20369,83.0,308.0,0.0
20370,5.0,296.0,0.0
20371,233.0,238.0,0.0
20372,33.0,591.0,0.0
20373,144.0,86.0,0.0
20374,240.0,5.0,0.0
20375,17.0,499.0,0.0
20376,225.0,379.0,0.0
20377,114.0,30.0,0.0
20378,266.0,71.0,0.0
20379,98.0,202.0,0.0
20380,93.0,371.0,0.0
20381,75.0,476.0,0.0
20382,59.0,202.0,0.0
20383,234.0,185.0,0.0
20384,219.0,76.0,0.0
20385,113.0,277.0,0.0
20386,200.0,165.0,0.0
20387,268.0,434.0,0.0
20388,264.0,234.0,0.0
20389,224.0,168.0,0.0
20390,117.0,429.0,0.0
20391,175.0,143.0,0.0
20392,266.0,273.0,0.0
20393,103.0,304.0,0.0
20394,28.0,398.0,0.0
20395,210.0,68.0,0.0
20396,95.0,583.0,0.0
20397,210.0,167.0,0.0
20398,102.0,557.0,0.0
20399,85.0,36.0,0.0
20400,113.0,462.0,0.0
20401,175.0,349.0,0.0
20402,236.0,0.0,0.0
20403,104.0,95.0,0.0
20404,128.0,302.0,0.0
20405,147.0,105.0,0.0
20406,162.0,24.0,0.0
20407,124.0,456.0,0.0
20408,61.0,82.0,0.0
20409,119.0,135.0,0.0
20410,140.0,4.0,0.0
20411,160.0,29.0,0.0
20412,245.0,502.0,0.0
20413,181.0,313.0,0.0
20414,14.0,325.0,0.0
20415,151.0,199.0,0.0
20416,50.0,40.0,0.0
20417,62.0,32.0,0.0
20418,189.0,234.0,0.0
20419,124.0,314.0,0.0
20420,65.0,462.0,0.0
20421,180.0,479.0,0.0
20422,266.0,180.0,0.0
20423,130.0,197.0,0.0
20424,119.0,406.0,0.0
20425,129.0,250.0,0.0
20426,241.0,378.0,0.0
20427,55.0,49.0,0.0
20428,118.0,352.0,0.0
20429,142.0,515.0,0.0
20430,57.0,242.0,0.0
20431,4.0,470.0,0.0
20432,142.0,240.0,0.0
20433,172.0,212.0,0.0
20434,235.0,163.0,0.0
20435,78.0,283.0,0.0
20436,252.0,42.0,0.0
20437,79.0,86.0,0.0
20438,172.0,408.0,0.0
20439,175.0,65.0,0.0
20440,137.0,400.0,0.0
20441,233.0,248.0,0.0
20442,33.0,421.0,0.0
20443,60.0,118.0,0.0
20444,55.0,577.0,0.0
20445,197.0,323.0,0.0
20446,100.0,462.0,0.0
20447,132.0,40.0,0.0
20448,170.0,525.0,0.0
20449,195.0,416.0,0.0
20450,233.0,250.0,0.0
20451,116.0,421.0,0.0
20452,115.0,394.0,0.0
20453,21.0,113.0,0.0
20454,135.0,559.0,0.0
20455,134.0,355.0,0.0
20456,7.0,321.0,0.0
20457,196.0,399.0,0.0
20458,64.0,308.0,0.0
20459,153.0,201.0,0.0
20460,23.0,307.0,0.0
20461,201.0,139.0,0.0
20462,105.0,156.0,0.0
20463,64.0,90.0,0.0
20464,177.0,260.0,0.0
20465,112.0,176.0,0.0
20466,204.0,29.0,0.0
20467,214.0,530.0,0.0
20468,123.0,232.0,0.0
20469,31.0,516.0,0.0
20470,32.0,224.0,0.0
20471,260.0,320.0,0.0
20472,123.0,468.0,0.0
20473,45.0,210.0,0.0
20474,100.0,333.0,0.0
20475,247.0,229.0,0.0
20476,44.0,549.0,0.0
20477,229.0,23.0,0.0
20478,10.0,66.0,0.0
20479,8.0,530.0,0.0
20480,246.0,213.0,0.0
20481,21.0,221.0,0.0
20482,206.0,378.0,0.0
20483,26.0,139.0,0.0
20484,177.0,15.0,0.0
20485,182.0,448.0,0.0
20486,50.0,551.0,0.0
20487,192.0,235.0,0.0
20488,51.0,309.0,0.0
20489,116.0,142.0,0.0
20490,137.0,86.0,0.0
20491,232.0,391.0,0.0
20492,239.0,438.0,0.0
20493,40.0,123.0,0.0
20494,165.0,585.0,0.0
20495,262.0,336.0,0.0
20496,48.0,354.0,0.0
20497,155.0,136.0,0.0
20498,151.0,456.0,0.0
20499,86.0,240.0,0.0
20500,245.0,536.0,0.0
20501,174.0,168.0,0.0
20502,245.0,157.0,0.0
20503,114.0,55.0,0.0
20504,145.0,548.0,0.0
20505,210.0,366.0,0.0
20506,53.0,284.0,0.0
20507,50.0,14.0,0.0
20508,88.0,56.0,0.0
20509,215.0,215.0,0.0
20510,101.0,208.0,0.0
20511,7.0,548.0,0.0
20512,241.0,305.0,0.0
20513,194.0,542.0,0.0
20514,127.0,196.0,0.0
20515,140.0,207.0,0.0
20516,48.0,497.0,0.0
20517,170.0,157.0,0.0
20518,90.0,563.0,0.0
20519,212.0,558.0,0.0
20520,143.0,80.0,0.0
20521,129.0,548.0,0.0
20522,211.0,494.0,0.0
20523,142.0,575.0,0.0
20524,158.0,392.0,0.0
20525,172.0,83.0,0.0
20526,145.0,21.0,0.0
20527,201.0,306.0,0.0
20528,44.0,198.0,0.0
20529,138.0,332.0,0.0
20530,261.0,240.0,0.0
20531,188.0,495.0,0.0
20532,24.0,499.0,0.0
20533,227.0,34.0,0.0
20534,74.0,217.0,0.0
20535,34.0,413.0,0.0
20536,146.0,547.0,0.0
20537,79.0,99.0,0.0
20538,43.0,583.0,0.0
20539,146.0,163.0,0.0
20540,56.0,42.0,0.0
20541,113.0,125.0,0.0
20542,24.0,555.0,0.0
20543,46.0,71.0,0.0
20544,242.0,478.0,0.0
20545,151.0,76.0,0.0
20546,8.0,273.0,0.0
20547,59.0,169.0,0.0
20548,135.0,421.0,0.0
20549,85.0,559.0,0.0
20550,214.0,225.0,0.0
20551,23.0,503.0,0.0
20552,261.0,18.0,0.0
20553,205.0,128.0,0.0
20554,169.0,65.0,0.0
20555,187.0,305.0,0.0
20556,256.0,434.0,0.0
20557,90.0,152.0,0.0
20558,75.0,373.0,0.0
20559,102.0,584.0,0.0
20560,31.0,441.0,0.0
20561,53.0,573.0,0.0
20562,56.0,316.0,0.0
20563,252.0,141.0,0.0
20564,229.0,512.0,0.0
20565,9.0,562.0,0.0
20566,54.0,280.0,0.0
20567,140.0,113.0,0.0
20568,263.0,18.0,0.0
20569,51.0,298.0,0.0
20570,20.0,396.0,0.0
20571,236.0,192.0,0.0
20572,113.0,540.0,0.0
20573,173.0,438.0,0.0
20574,250.0,71.0,0.0
20575,193.0,402.0,0.0
20576,195.0,450.0,0.0
20577,12.0,258.0,0.0
20578,194.0,218.0,0.0
20579,20.0,52.0,0.0
20580,103.0,442.0,0.0
20581,136.0,53.0,0.0
20582,16.0,590.0,0.0
20583,19.0,590.0,0.0
20584,139.0,56.0,0.0
20585,199.0,233.0,0.0
20586,36.0,290.0,0.0
20587,207.0,574.0,0.0
20588,83.0,191.0,0.0
20589,258.0,209.0,0.0
20590,244.0,179.0,0.0
20591,228.0,479.0,0.0
20592,86.0,324.0,0.0
20593,119.0,45.0,0.0
20594,71.0,482.0,0.0
20595,115.0,129.0,0.0
20596,229.0,24.0,0.0
20597,258.0,530.0,0.0
20598,113.0,11.0,0.0
20599,175.0,411.0,0.0
20600,33.0,269.0,0.0
20601,118.0,575.0,0.0
20602,261.0,72.0,0.0
20603,228.0,583.0,0.0
20604,46.0,112.0,0.0
20605,46.0,89.0,0.0
20606,215.0,114.0,0.0
20607,38.0,148.0,0.0
20608,195.0,368.0,0.0
20609,267.0,413.0,0.0
20610,33.0,339.0,0.0
20611,54.0,39.0,0.0
20612,120.0,345.0,0.0
20613,69.0,395.0,0.0
20614,257.0,383.0,0.0
20615,68.0,419.0,0.0
20616,68.0,14.0,0.0
20617,47.0,134.0,0.0
20618,36.0,31.0,0.0
20619,247.0,309.0,0.0
20620,187.0,408.0,0.0
20621,80.0,291.0,0.0
20622,38.0,65.0,0.0
20623,177.0,336.0,0.0
20624,105.0,320.0,0.0
20625,261.0,595.0,0.0
20626,201.0,535.0,0.0
20627,131.0,173.0,0.0
20628,217.0,205.0,0.0
20629,234.0,363.0,0.0
20630,41.0,193.0,0.0
20631,236.0,346.0,0.0
20632,221.0,539.0,0.0
20633,75.0,195.0,0.0
20634,185.0,548.0,0.0
20635,242.0,20.0,0.0
20636,184.0,45.0,0.0
20637,39.0,46.0,0.0
20638,119.0,564.0,0.0
20639,262.0,408.0,0.0
20640,170.0,277.0,0.0
20641,145.0,63.0,0.0
20642,259.0,282.0,0.0
20643,12.0,92.0,0.0
20644,232.0,428.0,0.0
20645,161.0,83.0,0.0
20646,167.0,60.0,0.0
20647,203.0,501.0,0.0
20648,245.0,344.0,0.0
20649,173.0,233.0,0.0
20650,198.0,573.0,0.0
20651,57.0,201.0,0.0
20652,134.0,325.0,0.0
20653,63.0,131.0,0.0
20654,268.0,330.0,0.0
20655,220.0,84.0,0.0
20656,95.0,272.0,0.0
20657,188.0,335.0,0.0
20658,235.0,223.0,0.0
20659,255.0,330.0,0.0
20660,125.0,432.0,0.0
20661,179.0,380.0,0.0
20662,166.0,93.0,0.0
20663,163.0,357.0,0.0
20664,158.0,301.0,0.0
20665,238.0,137.0,0.0
20666,34.0,435.0,0.0
20667,210.0,556.0,0.0
20668,169.0,405.0,0.0
20669,106.0,340.0,0.0
20670,163.0,240.0,0.0
20671,22.0,463.0,0.0
20672,179.0,186.0,0.0
20673,213.0,376.0,0.0
20674,215.0,23.0,0.0
20675,31.0,195.0,0.0
20676,98.0,510.0,0.0
20677,93.0,318.0,0.0
20678,192.0,574.0,0.0
20679,251.0,392.0,0.0
20680,29.0,168.0,0.0
20681,133.0,42.0,0.0
20682,33.0,34.0,0.0
20683,263.0,204.0,0.0
20684,166.0,375.0,0.0
20685,186.0,210.0,0.0
20686,121.0,69.0,0.0
20687,255.0,528.0,0.0
20688,242.0,351.0,0.0
20689,158.0,283.0,0.0
20690,196.0,274.0,0.0
20691,180.0,307.0,0.0
20692,44.0,389.0,0.0
20693,233.0,517.0,0.0
20694,6.0,421.0,0.0
20695,256.0,139.0,0.0
20696,183.0,322.0,0.0
20697,236.0,476.0,0.0
20698,110.0,18.0,0.0
20699,70.0,326.0,0.0
20700,152.0,142.0,0.0
20701,129.0,149.0,0.0
20702,57.0,404.0,0.0
20703,179.0,65.0,0.0
20704,210.0,67.0,0.0
20705,125.0,210.0,0.0
20706,86.0,460.0,0.0
20707,25.0,375.0,0.0
20708,18.0,227.0,0.0
20709,74.0,420.0,0.0
20710,16.0,475.0,0.0
20711,141.0,179.0,0.0
20712,210.0,112.0,0.0
20713,43.0,186.0,0.0
20714,117.0,524.0,0.0
20715,251.0,277.0,0.0
20716,96.0,198.0,0.0
20717,223.0,469.0,0.0
20718,7.0,430.0,0.0
20719,170.0,87.0,0.0
20720,264.0,319.0,0.0
20721,54.0,212.0,0.0
20722,36.0,382.0,0.0
20723,150.0,200.0,0.0
20724,142.0,214.0,0.0
20725,43.0,455.0,0.0
20726,46.0,423.0,0.0
20727,161.0,172.0,0.0
20728,267.0,506.0,0.0
20729,118.0,47.0,0.0
20730,141.0,56.0,0.0
20731,189.0,552.0,0.0
20732,181.0,524.0,0.0
20733,142.0,573.0,0.0
20734,132.0,315.0,0.0
20735,60.0,331.0,0.0
20736,237.0,457.0,0.0
20737,74.0,544.0,0.0
20738,216.0,254.0,0.0
20739,205.0,49.0,0.0
20740,133.0,528.0,0.0
20741,58.0,85.0,0.0
20742,49.0,418.0,0.0
20743,260.0,201.0,0.0
20744,20.0,530.0,0.0
20745,237.0,345.0,0.0
20746,261.0,500.0,0.0
20747,209.0,418.0,0.0
20748,77.0,9.0,0.0
20749,117.0,132.0,0.0
20750,95.0,225.0,0.0
20751,154.0,137.0,0.0
20752,244.0,139.0,0.0
20753,141.0,429.0,0.0
20754,108.0,355.0,0.0
20755,97.0,413.0,0.0
20756,157.0,479.0,0.0
20757,196.0,42.0,0.0
20758,115.0,536.0,0.0
20759,241.0,44.0,0.0
20760,34.0,592.0,0.0
20761,44.0,8.0,0.0
20762,266.0,486.0,0.0
20763,88.0,387.0,0.0
20764,157.0,441.0,0.0
20765,74.0,419.0,0.0
20766,192.0,88.0,0.0
20767,92.0,468.0,0.0
20768,227.0,486.0,0.0
20769,64.0,406.0,0.0
20770,253.0,160.0,0.0
20771,180.0,529.0,0.0
20772,241.0,587.0,0.0
20773,203.0,445.0,0.0
20774,213.0,430.0,0.0
20775,97.0,9.0,0.0
20776,21.0,340.0,0.0
20777,91.0,494.0,0.0
20778,158.0,82.0,0.0
20779,228.0,360.0,0.0
20780,149.0,204.0,0.0
20781,76.0,7.0,0.0
20782,3.0,580.0,0.0
20783,219.0,427.0,0.0
20784,19.0,213.0,0.0
20785,184.0,88.0,0.0
20786,43.0,265.0,0.0
20787,201.0,53.0,0.0
20788,189.0,471.0,0.0
20789,28.0,368.0,0.0
20790,182.0,90.0,0.0
20791,106.0,314.0,0.0
20792,30.0,472.0,0.0
20793,244.0,372.0,0.0
20794,114.0,580.0,0.0
20795,252.0,321.0,0.0
20796,171.0,466.0,0.0
20797,123.0,62.0,0.0
20798,40.0,386.0,0.0
20799,87.0,346.0,0.0
20800,141.0,395.0,0.0
20801,185.0,139.0,0.0
20802,201.0,437.0,0.0
20803,111.0,475.0,0.0
20804,37.0,418.0,0.0
20805,109.0,446.0,0.0
20806,113.0,108.0,0.0
20807,252.0,171.0,0.0
20808,98.0,516.0,0.0
20809,179.0,152.0,0.0
20810,237.0,419.0,0.0
20811,159.0,267.0,0.0
20812,54.0,259.0,0.0
20813,27.0,131.0,0.0
20814,242.0,412.0,0.0
20815,143.0,492.0,0.0
20816,17.0,569.0,0.0
20817,175.0,488.0,0.0
20818,128.0,346.0,0.0
20819,117.0,357.0,0.0
20820,163.0,534.0,0.0
20821,222.0,332.0,0.0
20822,40.0,382.0,0.0
20823,40.0,416.0,0.0
20824,220.0,580.0,0.0
20825,85.0,342.0,0.0
20826,182.0,151.0,0.0
20827,252.0,111.0,0.0
20828,21.0,21.0,0.0
20829,86.0,570.0,0.0
20830,20.0,272.0,0.0
20831,204.0,553.0,0.0
20832,186.0,370.0,0.0
20833,84.0,347.0,0.0
20834,202.0,366.0,0.0
20835,251.0,581.0,0.0
20836,242.0,418.0,0.0
20837,130.0,447.0,0.0
20838,112.0,11.0,0.0
20839,226.0,464.0,0.0
20840,53.0,549.0,0.0
20841,242.0,580.0,0.0
20842,202.0,237.0,0.0
20843,232.0,133.0,0.0
20844,184.0,277.0,0.0
20845,118.0,562.0,0.0
20846,134.0,531.0,0.0
20847,236.0,392.0,0.0
20848,252.0,435.0,0.0
20849,44.0,524.0,0.0
20850,258.0,271.0,0.0
20851,202.0,37.0,0.0
20852,111.0,292.0,0.0
20853,212.0,171.0,0.0
20854,76.0,530.0,0.0
20855,206.0,396.0,0.0
20856,229.0,572.0,0.0
20857,22.0,416.0,0.0
20858,144.0,354.0,0.0
20859,8.0,534.0,0.0
20860,33.0,359.0,0.0
20861,34.0,524.0,0.0
20862,1.0,112.0,0.0
20863,25.0,70.0,0.0
20864,30.0,212.0,0.0
20865,38.0,372.0,0.0
20866,268.0,28.0,0.0
20867,90.0,468.0,0.0
20868,152.0,456.0,0.0
20869,50.0,472.0,0.0
20870,232.0,228.0,0.0
20871,59.0,194.0,0.0
20872,68.0,557.0,0.0
20873,92.0,324.0,0.0
20874,23.0,117.0,0.0
20875,167.0,287.0,0.0
20876,234.0,492.0,0.0
20877,0.0,425.0,0.0
20878,220.0,154.0,0.0
20879,247.0,35.0,0.0
20880,7.0,333.0,0.0
20881,167.0,409.0,0.0
20882,178.0,342.0,0.0
20883,222.0,461.0,0.0
20884,77.0,369.0,0.0
20885,187.0,580.0,0.0
20886,62.0,265.0,0.0
20887,27.0,435.0,0.0
20888,268.0,163.0,0.0
20889,252.0,476.0,0.0
20890,109.0,71.0,0.0
20891,193.0,107.0,0.0
20892,76.0,54.0,0.0
20893,74.0,577.0,0.0
20894,263.0,519.0,0.0
20895,88.0,494.0,0.0
20896,67.0,225.0,0.0
20897,161.0,185.0,0.0
20898,184.0,133.0,0.0
20899,218.0,197.0,0.0
20900,252.0,477.0,0.0
20901,79.0,195.0,0.0
20902,58.0,246.0,0.0
20903,130.0,585.0,0.0
20904,168.0,67.0,0.0
20905,194.0,514.0,0.0
20906,127.0,221.0,0.0
20907,184.0,387.0,0.0
20908,35.0,446.0,0.0
20909,231.0,353.0,0.0
20910,231.0,275.0,0.0
20911,197.0,201.0,0.0
20912,213.0,507.0,0.0
20913,119.0,96.0,0.0
20914,202.0,264.0,0.0
20915,110.0,484.0,0.0
20916,80.0,120.0,0.0
20917,197.0,408.0,0.0
20918,121.0,593.0,0.0
20919,138.0,247.0,0.0
20920,249.0,389.0,0.0
20921,87.0,225.0,0.0
20922,1.0,237.0,0.0
20923,235.0,444.0,0.0
20924,211.0,45.0,0.0
20925,244.0,579.0,0.0
20926,151.0,370.0,0.0
20927,108.0,97.0,0.0
20928,61.0,574.0,0.0
20929,36.0,147.0,0.0
20930,201.0,55.0,0.0
20931,68.0,69.0,0.0
20932,137.0,276.0,0.0
20933,75.0,291.0,0.0
20934,194.0,347.0,0.0
20935,100.0,497.0,0.0
20936,131.0,423.0,0.0
20937,207.0,16.0,0.0
20938,145.0,467.0,0.0
20939,196.0,212.0,0.0
20940,14.0,506.0,0.0
20941,237.0,142.0,0.0
20942,9.0,353.0,0.0
20943,103.0,524.0,0.0
20944,12.0,494.0,0.0
20945,198.0,454.0,0.0
20946,169.0,169.0,0.0
20947,122.0,552.0,0.0
20948,15.0,33.0,0.0
20949,23.0,324.0,0.0
20950,54.0,338.0,0.0
20951,103.0,562.0,0.0
20952,62.0,55.0,0.0
20953,140.0,568.0,0.0
20954,118.0,68.0,0.0
20955,13.0,130.0,0.0
20956,88.0,203.0,0.0
20957,40.0,385.0,0.0
20958,266.0,183.0,0.0
20959,238.0,342.0,0.0
20960,265.0,290.0,0.0
20961,106.0,231.0,0.0
20962,144.0,366.0,0.0
20963,252.0,160.0,0.0
20964,251.0,424.0,0.0
20965,118.0,247.0,0.0
20966,1.0,551.0,0.0
20967,179.0,443.0,0.0
20968,225.0,157.0,0.0
20969,71.0,395.0,0.0
20970,26.0,338.0,0.0
20971,21.0,40.0,0.0
20972,124.0,499.0,0.0
20973,190.0,308.0,0.0
20974,50.0,309.0,0.0
20975,21.0,86.0,0.0
20976,11.0,453.0,0.0
20977,15.0,206.0,0.0
20978,120.0,251.0,0.0
20979,155.0,205.0,0.0
20980,178.0,235.0,0.0
20981,252.0,205.0,0.0
20982,240.0,257.0,0.0
20983,17.0,144.0,0.0
20984,227.0,381.0,0.0
20985,19.0,452.0,0.0
20986,201.0,325.0,0.0
20987,63.0,245.0,0.0
20988,7.0,256.0,0.0
20989,203.0,512.0,0.0
20990,49.0,517.0,0.0
20991,157.0,433.0,0.0
20992,206.0,56.0,0.0
20993,230.0,466.0,0.0
20994,110.0,64.0,0.0
20995,114.0,562.0,0.0
20996,239.0,356.0,0.0
20997,255.0,250.0,0.0
20998,201.0,348.0,0.0
20999,121.0,440.0,0.0
21000,78.0,372.0,0.0
21001,6.0,368.0,0.0
21002,78.0,439.0,0.0
21003,168.0,135.0,0.0
21004,197.0,300.0,0.0
21005,232.0,550.0,0.0
21006,223.0,128.0,0.0
21007,216.0,591.0,0.0
21008,25.0,322.0,0.0
21009,132.0,16.0,0.0
21010,76.0,64.0,0.0
21011,42.0,485.0,0.0
21012,261.0,2.0,0.0
21013,201.0,90.0,0.0
21014,156.0,2.0,0.0
21015,267.0,323.0,0.0
21016,161.0,264.0,0.0
21017,181.0,455.0,0.0
21018,174.0,108.0,0.0
21019,107.0,584.0,0.0
21020,115.0,285.0,0.0
21021,96.0,377.0,0.0
21022,156.0,110.0,0.0
21023,6.0,585.0,0.0
21024,199.0,291.0,0.0
21025,137.0,541.0,0.0
21026,152.0,281.0,0.0
21027,10.0,135.0,0.0
21028,30.0,304.0,0.0
21029,14.0,350.0,0.0
21030,57.0,539.0,0.0
21031,0.0,176.0,0.0
21032,242.0,579.0,0.0
21033,23.0,209.0,0.0
21034,122.0,451.0,0.0
21035,200.0,566.0,0.0
21036,235.0,467.0,0.0
21037,149.0,183.0,0.0
21038,103.0,49.0,0.0
21039,77.0,152.0,0.0
21040,180.0,188.0,0.0
21041,119.0,342.0,0.0
21042,186.0,57.0,0.0
21043,34.0,317.0,0.0
21044,73.0,272.0,0.0
21045,216.0,83.0,0.0
21046,38.0,157.0,0.0
21047,19.0,415.0,0.0
21048,112.0,77.0,0.0
21049,206.0,207.0,0.0
21050,48.0,120.0,0.0
21051,67.0,83.0,0.0
21052,67.0,531.0,0.0
21053,247.0,125.0,0.0
21054,112.0,490.0,0.0
21055,125.0,122.0,0.0
21056,128.0,361.0,0.0
21057,121.0,321.0,0.0
21058,16.0,325.0,0.0
21059,25.0,425.0,0.0
21060,248.0,567.0,0.0
21061,250.0,299.0,0.0
21062,98.0,139.0,0.0
21063,105.0,73.0,0.0
21064,66.0,55.0,0.0
21065,112.0,508.0,0.0
21066,71.0,465.0,0.0
21067,167.0,224.0,0.0
21068,138.0,496.0,0.0
21069,105.0,519.0,0.0
21070,243.0,566.0,0.0
21071,163.0,419.0,0.0
21072,90.0,106.0,0.0
21073,185.0,211.0,0.0
21074,10.0,56.0,0.0
21075,138.0,397.0,0.0
21076,38.0,83.0,0.0
21077,259.0,453.0,0.0
21078,119.0,289.0,0.0
21079,186.0,333.0,0.0
21080,22.0,376.0,0.0
21081,22.0,330.0,0.0
21082,87.0,520.0,0.0
21083,170.0,258.0,0.0
21084,218.0,522.0,0.0
21085,177.0,67.0,0.0
21086,152.0,448.0,0.0
21087,189.0,259.0,0.0
21088,12.0,100.0,0.0
21089,63.0,162.0,0.0
21090,0.0,549.0,0.0
21091,15.0,342.0,0.0
21092,15.0,469.0,0.0
21093,187.0,70.0,0.0
21094,131.0,116.0,0.0
21095,72.0,179.0,0.0
21096,197.0,97.0,0.0
21097,26.0,323.0,0.0
21098,172.0,171.0,0.0
21099,49.0,273.0,0.0
21100,156.0,375.0,0.0
21101,221.0,160.0,0.0
21102,101.0,248.0,0.0
21103,231.0,535.0,0.0
21104,225.0,334.0,0.0
21105,141.0,420.0,0.0
21106,19.0,564.0,0.0
21107,31.0,409.0,0.0
21108,68.0,188.0,0.0
21109,224.0,217.0,0.0
21110,78.0,553.0,0.0
21111,74.0,465.0,0.0
21112,124.0,427.0,0.0
21113,87.0,578.0,0.0
21114,178.0,115.0,0.0
21115,64.0,430.0,0.0
21116,195.0,294.0,0.0
21117,253.0,528.0,0.0
21118,258.0,159.0,0.0
21119,27.0,248.0,0.0
21120,29.0,546.0,0.0
21121,55.0,280.0,0.0
21122,117.0,397.0,0.0
21123,190.0,336.0,0.0
21124,43.0,411.0,0.0
21125,97.0,465.0,0.0
21126,209.0,355.0,0.0
21127,215.0,454.0,0.0
21128,7.0,163.0,0.0
21129,24.0,132.0,0.0
21130,165.0,255.0,0.0
21131,124.0,541.0,0.0
21132,57.0,206.0,0.0
21133,83.0,384.0,0.0
21134,212.0,450.0,0.0
21135,127.0,402.0,0.0
21136,245.0,162.0,0.0
21137,117.0,276.0,0.0
21138,84.0,235.0,0.0
21139,241.0,262.0,0.0
21140,140.0,377.0,0.0
21141,4.0,439.0,0.0
21142,232.0,365.0,0.0
21143,66.0,573.0,0.0
21144,34.0,236.0,0.0
21145,69.0,128.0,0.0
21146,136.0,493.0,0.0
21147,181.0,564.0,0.0
21148,8.0,100.0,0.0
21149,238.0,246.0,0.0
21150,206.0,497.0,0.0
21151,94.0,443.0,0.0
21152,179.0,479.0,0.0
21153,57.0,29.0,0.0
21154,70.0,321.0,0.0
21155,137.0,175.0,0.0
21156,45.0,209.0,0.0
21157,233.0,195.0,0.0
21158,88.0,380.0,0.0
21159,2.0,371.0,0.0
21160,207.0,343.0,0.0
21161,221.0,291.0,0.0
21162,201.0,353.0,0.0
21163,266.0,352.0,0.0
21164,88.0,106.0,0.0
21165,85.0,508.0,0.0
21166,264.0,501.0,0.0
21167,13.0,478.0,0.0
21168,31.0,132.0,0.0
21169,248.0,91.0,0.0
21170,155.0,482.0,0.0
21171,227.0,207.0,0.0
21172,101.0,50.0,0.0
21173,31.0,71.0,0.0
21174,82.0,164.0,0.0
21175,172.0,231.0,0.0
21176,115.0,115.0,0.0
21177,151.0,263.0,0.0
21178,20.0,257.0,0.0
21179,124.0,297.0,0.0
21180,134.0,4.0,0.0
21181,8.0,303.0,0.0
21182,164.0,500.0,0.0
21183,268.0,587.0,0.0
21184,185.0,474.0,0.0
21185,227.0,471.0,0.0
21186,161.0,547.0,0.0
21187,196.0,269.0,0.0
21188,212.0,182.0,0.0
21189,101.0,11.0,0.0
21190,194.0,455.0,0.0
21191,256.0,321.0,0.0
21192,160.0,124.0,0.0
21193,211.0,261.0,0.0
21194,1.0,125.0,0.0
21195,183.0,474.0,0.0
21196,257.0,179.0,0.0
21197,39.0,120.0,0.0
21198,22.0,369.0,0.0
21199,18.0,395.0,0.0
21200,49.0,182.0,0.0
21201,96.0,471.0,0.0
21202,134.0,379.0,0.0
21203,196.0,110.0,0.0
21204,121.0,425.0,0.0
21205,125.0,574.0,0.0
21206,26.0,370.0,0.0
21207,74.0,232.0,0.0
21208,131.0,480.0,0.0
21209,228.0,463.0,0.0
21210,13.0,221.0,0.0
21211,4.0,77.0,0.0
21212,218.0,458.0,0.0
21213,217.0,263.0,0.0
21214,132.0,566.0,0.0
21215,90.0,242.0,0.0
21216,113.0,226.0,0.0
21217,13.0,345.0,0.0
21218,23.0,5.0,0.0
21219,61.0,300.0,0.0
21220,60.0,374.0,0.0
21221,241.0,271.0,0.0
21222,28.0,190.0,0.0
21223,118.0,344.0,0.0
21224,179.0,74.0,0.0
21225,40.0,1.0,0.0
21226,3.0,512.0,0.0
21227,34.0,357.0,0.0
21228,213.0,82.0,0.0
21229,175.0,555.0,0.0
21230,268.0,483.0,0.0
21231,205.0,521.0,0.0
21232,202.0,238.0,0.0
21233,208.0,531.0,0.0
21234,39.0,337.0,0.0
21235,14.0,420.0,0.0
21236,2.0,31.0,0.0
21237,137.0,109.0,0.0
21238,31.0,98.0,0.0
21239,91.0,201.0,0.0
21240,84.0,413.0,0.0
21241,99.0,421.0,0.0
21242,45.0,24.0,0.0
21243,151.0,109.0,0.0
21244,5.0,467.0,0.0
21245,147.0,168.0,0.0
21246,192.0,371.0,0.0
21247,196.0,481.0,0.0
21248,50.0,583.0,0.0
21249,182.0,519.0,0.0
21250,164.0,254.0,0.0
21251,165.0,244.0,0.0
21252,167.0,98.0,0.0
21253,207.0,139.0,0.0
21254,164.0,530.0,0.0
21255,120.0,350.0,0.0
21256,11.0,365.0,0.0
21257,179.0,83.0,0.0
21258,158.0,276.0,0.0
21259,234.0,308.0,0.0
21260,115.0,20.0,0.0
21261,56.0,472.0,0.0
21262,203.0,23.0,0.0
21263,176.0,192.0,0.0
21264,138.0,494.0,0.0
21265,198.0,92.0,0.0
21266,264.0,530.0,0.0
21267,193.0,200.0,0.0
21268,143.0,521.0,0.0
21269,142.0,545.0,0.0
21270,216.0,19.0,0.0
21271,188.0,28.0,0.0
21272,108.0,451.0,0.0
21273,192.0,458.0,0.0
21274,111.0,180.0,0.0
21275,256.0,200.0,0.0
21276,48.0,465.0,0.0
21277,174.0,112.0,0.0
21278,139.0,80.0,0.0
21279,115.0,250.0,0.0
21280,45.0,279.0,0.0
21281,148.0,346.0,0.0
21282,151.0,99.0,0.0
21283,9.0,16.0,0.0
21284,188.0,523.0,0.0
21285,75.0,56.0,0.0
21286,25.0,311.0,0.0
21287,93.0,404.0,0.0
21288,117.0,61.0,0.0
21289,179.0,404.0,0.0
21290,47.0,18.0,0.0
21291,24.0,147.0,0.0
21292,234.0,377.0,0.0
21293,207.0,349.0,0.0
21294,205.0,264.0,0.0
21295,213.0,161.0,0.0
21296,113.0,197.0,0.0
21297,41.0,53.0,0.0
21298,242.0,379.0,0.0
21299,64.0,359.0,0.0
21300,74.0,76.0,0.0
21301,268.0,46.0,0.0
21302,159.0,263.0,0.0
21303,66.0,435.0,0.0
21304,221.0,477.0,0.0
21305,148.0,240.0,0.0
21306,15.0,70.0,0.0
21307,219.0,409.0,0.0
21308,211.0,288.0,0.0
21309,218.0,34.0,0.0
21310,197.0,374.0,0.0
21311,239.0,190.0,0.0
21312,6.0,456.0,0.0
21313,93.0,397.0,0.0
21314,231.0,65.0,0.0
21315,72.0,231.0,0.0
21316,204.0,384.0,0.0
21317,62.0,154.0,0.0
21318,62.0,594.0,0.0
21319,74.0,345.0,0.0
21320,59.0,57.0,0.0
21321,57.0,496.0,0.0
21322,224.0,351.0,0.0
21323,211.0,322.0,0.0
21324,29.0,556.0,0.0
21325,162.0,210.0,0.0
21326,172.0,409.0,0.0
21327,245.0,421.0,0.0
21328,42.0,307.0,0.0
21329,244.0,469.0,0.0
21330,227.0,590.0,0.0
21331,17.0,299.0,0.0
21332,88.0,129.0,0.0
21333,240.0,567.0,0.0
21334,235.0,238.0,0.0
21335,108.0,273.0,0.0
21336,81.0,489.0,0.0
21337,114.0,351.0,0.0
21338,250.0,167.0,0.0
21339,140.0,260.0,0.0
21340,103.0,411.0,0.0
21341,106.0,419.0,0.0
21342,205.0,24.0,0.0
21343,25.0,91.0,0.0
21344,72.0,174.0,0.0
21345,51.0,420.0,0.0
21346,19.0,430.0,0.0
21347,103.0,183.0,0.0
21348,8.0,172.0,0.0
21349,75.0,387.0,0.0
21350,15.0,415.0,0.0
21351,79.0,198.0,0.0
21352,247.0,108.0,0.0
21353,41.0,406.0,0.0
21354,127.0,31.0,0.0
21355,74.0,442.0,0.0
21356,243.0,283.0,0.0
21357,62.0,101.0,0.0
21358,234.0,204.0,0.0
21359,152.0,403.0,0.0
21360,267.0,445.0,0.0
21361,121.0,110.0,0.0
21362,35.0,24.0,0.0
21363,210.0,200.0,0.0
21364,12.0,539.0,0.0
21365,95.0,97.0,0.0
21366,18.0,124.0,0.0
21367,3.0,120.0,0.0
21368,114.0,255.0,0.0
21369,174.0,488.0,0.0
21370,92.0,206.0,0.0
21371,241.0,355.0,0.0
21372,148.0,141.0,0.0
21373,161.0,201.0,0.0
21374,183.0,210.0,0.0
21375,174.0,102.0,0.0
21376,179.0,496.0,0.0
21377,215.0,65.0,0.0
21378,224.0,425.0,0.0
21379,81.0,246.0,0.0
21380,192.0,90.0,0.0
21381,70.0,165.0,0.0
21382,112.0,256.0,0.0
21383,3.0,56.0,0.0
21384,265.0,424.0,0.0
21385,96.0,30.0,0.0
21386,12.0,30.0,0.0
21387,4.0,21.0,0.0
21388,80.0,431.0,0.0
21389,218.0,102.0,0.0
21390,253.0,186.0,0.0
21391,268.0,340.0,0.0
21392,115.0,290.0,0.0
21393,259.0,260.0,0.0
21394,70.0,523.0,0.0
21395,115.0,243.0,0.0
21396,267.0,503.0,0.0
21397,81.0,568.0,0.0
21398,169.0,534.0,0.0
21399,30.0,183.0,0.0
21400,268.0,358.0,0.0
21401,24.0,190.0,0.0
21402,258.0,122.0,0.0
21403,6.0,413.0,0.0
21404,159.0,463.0,0.0
21405,158.0,365.0,0.0
21406,106.0,225.0,0.0
21407,33.0,165.0,0.0
21408,98.0,339.0,0.0
21409,100.0,471.0,0.0
21410,190.0,417.0,0.0
21411,147.0,468.0,0.0
21412,10.0,432.0,0.0
21413,143.0,505.0,0.0
21414,137.0,411.0,0.0
21415,167.0,109.0,0.0
21416,59.0,199.0,0.0
21417,171.0,278.0,0.0
21418,101.0,17.0,0.0
21419,186.0,127.0,0.0
21420,168.0,233.0,0.0
21421,104.0,305.0,0.0
21422,168.0,264.0,0.0
21423,70.0,111.0,0.0
21424,184.0,26.0,0.0
21425,75.0,504.0,0.0
21426,183.0,206.0,0.0
21427,93.0,403.0,0.0
21428,83.0,421.0,0.0
21429,21.0,383.0,0.0
21430,198.0,79.0,0.0
21431,128.0,560.0,0.0
21432,139.0,18.0,0.0
21433,40.0,120.0,0.0
21434,117.0,549.0,0.0
21435,124.0,491.0,0.0
21436,137.0,365.0,0.0
21437,220.0,460.0,0.0
21438,204.0,84.0,0.0
21439,153.0,246.0,0.0
21440,212.0,340.0,0.0
21441,120.0,539.0,0.0
21442,59.0,59.0,0.0
21443,44.0,500.0,0.0
21444,203.0,584.0,0.0
21445,54.0,47.0,0.0
21446,19.0,64.0,0.0
21447,176.0,392.0,0.0
21448,139.0,255.0,0.0
21449,146.0,462.0,0.0
21450,47.0,147.0,0.0
21451,207.0,140.0,0.0
21452,229.0,536.0,0.0
21453,167.0,363.0,0.0
21454,10.0,478.0,0.0
21455,261.0,467.0,0.0
21456,174.0,117.0,0.0
21457,136.0,124.0,0.0
21458,245.0,370.0,0.0
21459,228.0,37.0,0.0
21460,104.0,216.0,0.0
21461,11.0,437.0,0.0
21462,228.0,293.0,0.0
21463,155.0,419.0,0.0
21464,186.0,431.0,0.0
21465,229.0,411.0,0.0
21466,54.0,383.0,0.0
21467,26.0,376.0,0.0
21468,253.0,543.0,0.0
21469,245.0,13.0,0.0
21470,192.0,304.0,0.0
21471,261.0,448.0,0.0
21472,214.0,488.0,0.0
21473,259.0,72.0,0.0
21474,152.0,575.0,0.0
21475,118.0,552.0,0.0
21476,152.0,544.0,0.0
21477,100.0,373.0,0.0
21478,217.0,422.0,0.0
21479,131.0,266.0,0.0
21480,265.0,459.0,0.0
21481,234.0,440.0,0.0
21482,85.0,561.0,0.0
21483,137.0,493.0,0.0
21484,18.0,65.0,0.0
21485,232.0,310.0,0.0
21486,5.0,445.0,0.0
21487,177.0,498.0,0.0
21488,201.0,404.0,0.0
21489,253.0,562.0,0.0
21490,241.0,308.0,0.0
21491,163.0,406.0,0.0
21492,161.0,589.0,0.0
21493,61.0,258.0,0.0
21494,209.0,94.0,0.0
21495,90.0,358.0,0.0
21496,150.0,482.0,0.0
21497,222.0,528.0,0.0
21498,249.0,40.0,0.0
21499,8.0,340.0,0.0
21500,262.0,373.0,0.0
21501,251.0,552.0,0.0
21502,196.0,514.0,0.0
21503,109.0,272.0,0.0
21504,179.0,355.0,0.0
21505,101.0,438.0,0.0
21506,80.0,575.0,0.0
21507,130.0,189.0,0.0
21508,101.0,506.0,0.0
21509,234.0,361.0,0.0
21510,18.0,167.0,0.0
21511,106.0,574.0,0.0
21512,245.0,323.0,0.0
21513,22.0,537.0,0.0
21514,203.0,392.0,0.0
21515,123.0,469.0,0.0
21516,255.0,157.0,0.0
21517,225.0,329.0,0.0
21518,205.0,133.0,0.0
21519,127.0,182.0,0.0
21520,152.0,511.0,0.0
21521,42.0,352.0,0.0
21522,106.0,206.0,0.0
21523,75.0,151.0,0.0
21524,66.0,449.0,0.0
21525,92.0,322.0,0.0
21526,194.0,479.0,0.0
21527,41.0,313.0,0.0
21528,11.0,75.0,0.0
21529,186.0,19.0,0.0
21530,229.0,53.0,0.0
21531,8.0,427.0,0.0
21532,137.0,379.0,0.0
21533,136.0,406.0,0.0
21534,118.0,361.0,0.0
21535,18.0,49.0,0.0
21536,134.0,57.0,0.0
21537,1.0,458.0,0.0
21538,29.0,381.0,0.0
21539,122.0,429.0,0.0
21540,145.0,198.0,0.0
21541,171.0,239.0,0.0
21542,214.0,535.0,0.0
21543,115.0,186.0,0.0
21544,186.0,363.0,0.0
21545,158.0,387.0,0.0
21546,37.0,559.0,0.0
21547,16.0,456.0,0.0
21548,260.0,67.0,0.0
21549,98.0,542.0,0.0
21550,160.0,568.0,0.0
21551,157.0,37.0,0.0
21552,8.0,25.0,0.0
21553,175.0,392.0,0.0
21554,200.0,98.0,0.0
21555,124.0,392.0,0.0
21556,78.0,513.0,0.0
21557,0.0,54.0,0.0
21558,5.0,180.0,0.0
21559,63.0,241.0,0.0
21560,263.0,2.0,0.0
21561,267.0,150.0,0.0
21562,20.0,382.0,0.0
21563,206.0,193.0,0.0
21564,132.0,421.0,0.0
21565,97.0,469.0,0.0
21566,50.0,180.0,0.0
21567,151.0,528.0,0.0
21568,12.0,348.0,0.0
21569,46.0,150.0,0.0
21570,125.0,541.0,0.0
21571,196.0,253.0,0.0
21572,87.0,403.0,0.0
21573,186.0,217.0,0.0
21574,20.0,412.0,0.0
21575,42.0,580.0,0.0
21576,58.0,262.0,0.0
21577,184.0,80.0,0.0
21578,65.0,184.0,0.0
21579,226.0,113.0,0.0
21580,231.0,327.0,0.0
21581,129.0,181.0,0.0
21582,93.0,384.0,0.0
21583,26.0,390.0,0.0
21584,33.0,95.0,0.0
21585,154.0,90.0,0.0
21586,108.0,373.0,0.0
21587,247.0,264.0,0.0
21588,136.0,491.0,0.0
21589,168.0,478.0,0.0
21590,170.0,399.0,0.0
21591,57.0,416.0,0.0
21592,106.0,298.0,0.0
21593,31.0,334.0,0.0
21594,53.0,327.0,0.0
21595,154.0,81.0,0.0
21596,201.0,188.0,0.0
21597,239.0,291.0,0.0
21598,47.0,150.0,0.0
21599,92.0,564.0,0.0
21600,118.0,487.0,0.0
21601,150.0,301.0,0.0
21602,268.0,165.0,0.0
21603,135.0,105.0,0.0
21604,115.0,494.0,0.0
21605,210.0,569.0,0.0
21606,37.0,148.0,0.0
21607,38.0,302.0,0.0
21608,203.0,302.0,0.0
21609,258.0,536.0,0.0
21610,179.0,58.0,0.0
21611,170.0,314.0,0.0
21612,32.0,478.0,0.0
21613,207.0,442.0,0.0
21614,119.0,486.0,0.0
21615,180.0,2.0,0.0
21616,2.0,318.0,0.0
21617,268.0,404.0,0.0
21618,172.0,16.0,0.0
21619,249.0,415.0,0.0
21620,227.0,180.0,0.0
21621,212.0,448.0,0.0
21622,136.0,149.0,0.0
21623,95.0,451.0,0.0
21624,206.0,394.0,0.0
21625,98.0,175.0,0.0
21626,7.0,512.0,0.0
21627,110.0,539.0,0.0
21628,180.0,275.0,0.0
21629,245.0,433.0,0.0
21630,24.0,205.0,0.0
21631,209.0,110.0,0.0
21632,19.0,144.0,0.0
21633,93.0,545.0,0.0
21634,177.0,324.0,0.0
21635,36.0,343.0,0.0
21636,121.0,46.0,0.0
21637,157.0,108.0,0.0
21638,78.0,531.0,0.0
21639,39.0,564.0,0.0
21640,206.0,76.0,0.0
21641,204.0,327.0,0.0
21642,107.0,432.0,0.0
21643,87.0,117.0,0.0
21644,139.0,187.0,0.0
21645,242.0,426.0,0.0
21646,268.0,255.0,0.0
21647,206.0,384.0,0.0
21648,162.0,179.0,0.0
21649,198.0,55.0,0.0
21650,190.0,433.0,0.0
21651,66.0,362.0,0.0
21652,233.0,544.0,0.0
21653,76.0,487.0,0.0
21654,202.0,402.0,0.0
21655,189.0,574.0,0.0
21656,92.0,447.0,0.0
21657,227.0,82.0,0.0
21658,233.0,15.0,0.0
21659,154.0,311.0,0.0
21660,77.0,404.0,0.0
21661,231.0,131.0,0.0
21662,36.0,208.0,0.0
21663,4.0,464.0,0.0
21664,257.0,432.0,0.0
21665,227.0,451.0,0.0
21666,237.0,85.0,0.0
21667,42.0,483.0,0.0
21668,154.0,352.0,0.0
21669,162.0,160.0,0.0
21670,31.0,138.0,0.0
21671,262.0,150.0,0.0
21672,246.0,61.0,0.0
21673,116.0,414.0,0.0
21674,29.0,372.0,0.0
21675,118.0,150.0,0.0
21676,176.0,493.0,0.0
21677,137.0,334.0,0.0
21678,165.0,516.0,0.0
21679,178.0,281.0,0.0
21680,24.0,288.0,0.0
21681,265.0,380.0,0.0
21682,220.0,517.0,0.0
21683,159.0,467.0,0.0
21684,216.0,402.0,0.0
21685,192.0,1.0,0.0
21686,187.0,9.0,0.0
21687,63.0,361.0,0.0
21688,163.0,81.0,0.0
21689,202.0,391.0,0.0
21690,231.0,204.0,0.0
21691,114.0,184.0,0.0
21692,62.0,306.0,0.0
21693,262.0,93.0,0.0
21694,164.0,174.0,0.0
21695,13.0,259.0,0.0
21696,114.0,307.0,0.0
21697,0.0,52.0,0.0
21698,167.0,184.0,0.0
21699,247.0,6.0,0.0
21700,47.0,222.0,0.0
21701,212.0,324.0,0.0
21702,50.0,338.0,0.0
21703,83.0,99.0,0.0
21704,73.0,462.0,0.0
21705,81.0,533.0,0.0
21706,56.0,110.0,0.0
21707,2.0,365.0,0.0
21708,41.0,208.0,0.0
21709,59.0,489.0,0.0
21710,31.0,84.0,0.0
21711,33.0,437.0,0.0
21712,171.0,191.0,0.0
21713,115.0,183.0,0.0
21714,27.0,379.0,0.0
21715,166.0,306.0,0.0
21716,66.0,166.0,0.0
21717,7.0,138.0,0.0
21718,9.0,525.0,0.0
21719,27.0,67.0,0.0
21720,224.0,373.0,0.0
21721,118.0,392.0,0.0
21722,107.0,470.0,0.0
21723,69.0,329.0,0.0
21724,264.0,268.0,0.0
21725,168.0,210.0,0.0
21726,83.0,28.0,0.0
21727,99.0,584.0,0.0
21728,3.0,547.0,0.0
21729,82.0,325.0,0.0
21730,120.0,111.0,0.0
21731,187.0,281.0,0.0
21732,137.0,239.0,0.0
21733,211.0,351.0,0.0
21734,230.0,204.0,0.0
21735,19.0,472.0,0.0
21736,187.0,226.0,0.0
21737,208.0,512.0,0.0
21738,204.0,477.0,0.0
21739,234.0,288.0,0.0
21740,226.0,581.0,0.0
21741,119.0,244.0,0.0
21742,136.0,56.0,0.0
21743,72.0,176.0,0.0
21744,56.0,119.0,0.0
21745,46.0,463.0,0.0
21746,35.0,349.0,0.0
21747,198.0,505.0,0.0
21748,236.0,224.0,0.0
21749,230.0,397.0,0.0
21750,128.0,585.0,0.0
21751,29.0,539.0,0.0
21752,142.0,253.0,0.0
21753,60.0,319.0,0.0
21754,181.0,558.0,0.0
21755,45.0,225.0,0.0
21756,206.0,463.0,0.0
21757,124.0,227.0,0.0
21758,251.0,471.0,0.0
21759,110.0,125.0,0.0
21760,142.0,218.0,0.0
21761,59.0,304.0,0.0
21762,100.0,277.0,0.0
21763,43.0,426.0,0.0
21764,185.0,289.0,0.0
21765,246.0,143.0,0.0
21766,182.0,350.0,0.0
21767,127.0,574.0,0.0
21768,112.0,189.0,0.0
21769,206.0,338.0,0.0
21770,48.0,131.0,0.0
21771,38.0,248.0,0.0
21772,154.0,57.0,0.0
21773,222.0,229.0,0.0
21774,23.0,247.0,0.0
21775,237.0,104.0,0.0
21776,162.0,280.0,0.0
21777,161.0,11.0,0.0
21778,90.0,184.0,0.0
21779,85.0,386.0,0.0
21780,200.0,190.0,0.0
21781,139.0,83.0,0.0
21782,62.0,291.0,0.0
21783,235.0,199.0,0.0
21784,66.0,234.0,0.0
21785,63.0,344.0,0.0
21786,62.0,570.0,0.0
21787,186.0,283.0,0.0
21788,34.0,262.0,0.0
21789,77.0,286.0,0.0
21790,14.0,546.0,0.0
21791,62.0,64.0,0.0
21792,45.0,55.0,0.0
21793,48.0,267.0,0.0
21794,29.0,535.0,0.0
21795,180.0,453.0,0.0
21796,226.0,178.0,0.0
21797,148.0,121.0,0.0
21798,256.0,317.0,0.0
21799,21.0,451.0,0.0
21800,43.0,341.0,0.0
21801,7.0,463.0,0.0
21802,176.0,217.0,0.0
21803,158.0,469.0,0.0
21804,245.0,345.0,0.0
21805,1.0,585.0,0.0
21806,32.0,404.0,0.0
21807,43.0,485.0,0.0
21808,103.0,80.0,0.0
21809,264.0,335.0,0.0
21810,251.0,427.0,0.0
21811,68.0,442.0,0.0
21812,253.0,521.0,0.0
21813,185.0,2.0,0.0
21814,234.0,597.0,0.0
21815,145.0,27.0,0.0
21816,22.0,585.0,0.0
21817,141.0,326.0,0.0
21818,164.0,265.0,0.0
21819,208.0,316.0,0.0
21820,34.0,488.0,0.0
21821,173.0,309.0,0.0
21822,3.0,195.0,0.0
21823,0.0,204.0,0.0
21824,154.0,51.0,0.0
21825,206.0,135.0,0.0
21826,225.0,337.0,0.0
21827,198.0,117.0,0.0
21828,74.0,22.0,0.0
21829,24.0,139.0,0.0
21830,234.0,487.0,0.0
21831,225.0,450.0,0.0
21832,174.0,133.0,0.0
21833,47.0,324.0,0.0
21834,207.0,185.0,0.0
21835,196.0,414.0,0.0
21836,165.0,484.0,0.0
21837,54.0,57.0,0.0
21838,113.0,208.0,0.0
21839,159.0,336.0,0.0
21840,225.0,431.0,0.0
21841,3.0,48.0,0.0
21842,68.0,534.0,0.0
21843,202.0,502.0,0.0
21844,220.0,420.0,0.0
21845,108.0,185.0,0.0
21846,97.0,274.0,0.0
21847,192.0,245.0,0.0
21848,205.0,418.0,0.0
21849,203.0,528.0,0.0
21850,35.0,94.0,0.0
21851,176.0,576.0,0.0
21852,114.0,353.0,0.0
21853,193.0,124.0,0.0
21854,13.0,303.0,0.0
21855,154.0,424.0,0.0
21856,95.0,338.0,0.0
21857,64.0,240.0,0.0
21858,158.0,475.0,0.0
21859,226.0,513.0,0.0
21860,28.0,170.0,0.0
21861,62.0,234.0,0.0
21862,3.0,131.0,0.0
21863,238.0,492.0,0.0
21864,145.0,161.0,0.0
21865,17.0,361.0,0.0
21866,41.0,320.0,0.0
21867,61.0,268.0,0.0
21868,106.0,249.0,0.0
21869,110.0,387.0,0.0
21870,230.0,357.0,0.0
21871,169.0,421.0,0.0
21872,110.0,572.0,0.0
21873,88.0,568.0,0.0
21874,116.0,568.0,0.0
21875,264.0,489.0,0.0
21876,46.0,383.0,0.0
21877,200.0,509.0,0.0
21878,40.0,160.0,0.0
21879,166.0,513.0,0.0
21880,240.0,17.0,0.0
21881,125.0,213.0,0.0
21882,139.0,384.0,0.0
21883,5.0,328.0,0.0
21884,154.0,284.0,0.0
21885,176.0,577.0,0.0
21886,177.0,180.0,0.0
21887,13.0,580.0,0.0
21888,26.0,51.0,0.0
21889,212.0,506.0,0.0
21890,136.0,82.0,0.0
21891,50.0,499.0,0.0
21892,252.0,472.0,0.0
21893,6.0,246.0,0.0
21894,91.0,125.0,0.0
21895,268.0,326.0,0.0
21896,29.0,163.0,0.0
21897,85.0,547.0,0.0
21898,25.0,130.0,0.0
21899,264.0,129.0,0.0
21900,121.0,124.0,0.0
21901,231.0,595.0,0.0
21902,16.0,164.0,0.0
21903,40.0,204.0,0.0
21904,54.0,153.0,0.0
21905,51.0,303.0,0.0
21906,190.0,350.0,0.0
21907,1.0,318.0,0.0
21908,88.0,210.0,0.0
21909,157.0,96.0,0.0
21910,252.0,167.0,0.0
21911,126.0,24.0,0.0
21912,160.0,561.0,0.0
21913,98.0,350.0,0.0
21914,128.0,30.0,0.0
21915,68.0,486.0,0.0
21916,86.0,164.0,0.0
21917,238.0,31.0,0.0
21918,17.0,463.0,0.0
21919,250.0,129.0,0.0
21920,0.0,46.0,0.0
21921,258.0,124.0,0.0
21922,7.0,229.0,0.0
21923,43.0,96.0,0.0
21924,107.0,15.0,0.0
21925,54.0,298.0,0.0
21926,164.0,222.0,0.0
21927,121.0,310.0,0.0
21928,88.0,554.0,0.0
21929,2.0,568.0,0.0
21930,243.0,444.0,0.0
21931,69.0,478.0,0.0
21932,114.0,573.0,0.0
21933,141.0,558.0,0.0
21934,88.0,112.0,0.0
21935,191.0,84.0,0.0
21936,147.0,101.0,0.0
21937,85.0,217.0,0.0
21938,225.0,24.0,0.0
21939,243.0,275.0,0.0
21940,45.0,246.0,0.0
21941,45.0,228.0,0.0
21942,216.0,541.0,0.0
21943,71.0,172.0,0.0
21944,95.0,67.0,0.0
21945,166.0,294.0,0.0
21946,231.0,375.0,0.0
21947,220.0,248.0,0.0
21948,216.0,45.0,0.0
21949,186.0,328.0,0.0
21950,197.0,342.0,0.0
21951,99.0,551.0,0.0
21952,187.0,167.0,0.0
21953,266.0,583.0,0.0
21954,3.0,88.0,0.0
21955,251.0,454.0,0.0
21956,88.0,39.0,0.0
21957,188.0,326.0,0.0
21958,171.0,471.0,0.0
21959,261.0,459.0,0.0
21960,36.0,287.0,0.0
21961,61.0,39.0,0.0
21962,176.0,453.0,0.0
21963,26.0,259.0,0.0
21964,205.0,472.0,0.0
21965,51.0,550.0,0.0
21966,236.0,130.0,0.0
21967,225.0,588.0,0.0
21968,30.0,78.0,0.0
21969,2.0,179.0,0.0
21970,32.0,552.0,0.0
21971,101.0,397.0,0.0
21972,14.0,560.0,0.0
21973,65.0,487.0,0.0
21974,72.0,577.0,0.0
21975,105.0,488.0,0.0
21976,114.0,221.0,0.0
21977,29.0,265.0,0.0
21978,255.0,86.0,0.0
21979,233.0,337.0,0.0
21980,268.0,341.0,0.0
21981,96.0,370.0,0.0
21982,24.0,30.0,0.0
21983,193.0,539.0,0.0
21984,174.0,325.0,0.0
21985,19.0,324.0,0.0
21986,210.0,248.0,0.0
21987,234.0,331.0,0.0
21988,174.0,187.0,0.0
21989,215.0,414.0,0.0
21990,136.0,407.0,0.0
21991,183.0,336.0,0.0
21992,117.0,387.0,0.0
21993,262.0,92.0,0.0
21994,211.0,433.0,0.0
21995,159.0,55.0,0.0
21996,90.0,246.0,0.0
21997,243.0,271.0,0.0
21998,46.0,407.0,0.0
21999,109.0,152.0,0.0
22000,112.0,585.0,0.0
22001,8.0,429.0,0.0
22002,78.0,485.0,0.0
22003,166.0,533.0,0.0
22004,63.0,85.0,0.0
22005,8.0,16.0,0.0
22006,30.0,69.0,0.0
22007,56.0,574.0,0.0
22008,55.0,335.0,0.0
22009,70.0,13.0,0.0
22010,27.0,137.0,0.0
22011,8.0,377.0,0.0
22012,90.0,522.0,0.0
22013,87.0,460.0,0.0
22014,5.0,387.0,0.0
22015,2.0,539.0,0.0
22016,111.0,222.0,0.0
22017,27.0,289.0,0.0
22018,246.0,526.0,0.0
22019,206.0,232.0,0.0
22020,78.0,62.0,0.0
22021,59.0,165.0,0.0
22022,55.0,515.0,0.0
22023,234.0,561.0,0.0
22024,97.0,175.0,0.0
22025,193.0,447.0,0.0
22026,145.0,86.0,0.0
22027,11.0,541.0,0.0
22028,160.0,72.0,0.0
22029,248.0,376.0,0.0
22030,213.0,151.0,0.0
22031,168.0,317.0,0.0
22032,101.0,437.0,0.0
22033,251.0,198.0,0.0
22034,241.0,347.0,0.0
22035,8.0,292.0,0.0
22036,152.0,168.0,0.0
22037,2.0,224.0,0.0
22038,123.0,109.0,0.0
22039,15.0,31.0,0.0
22040,59.0,463.0,0.0
22041,251.0,148.0,0.0
22042,213.0,240.0,0.0
22043,109.0,501.0,0.0
22044,248.0,310.0,0.0
22045,26.0,35.0,0.0
22046,196.0,19.0,0.0
22047,88.0,17.0,0.0
22048,102.0,290.0,0.0
22049,246.0,211.0,0.0
22050,83.0,309.0,0.0
22051,124.0,100.0,0.0
22052,213.0,96.0,0.0
22053,208.0,176.0,0.0
22054,4.0,142.0,0.0
22055,248.0,232.0,0.0
22056,111.0,265.0,0.0
22057,9.0,15.0,0.0
22058,245.0,70.0,0.0
22059,179.0,301.0,0.0
22060,47.0,148.0,0.0
22061,66.0,73.0,0.0
22062,50.0,584.0,0.0
22063,53.0,56.0,0.0
22064,95.0,200.0,0.0
22065,156.0,415.0,0.0
22066,68.0,171.0,0.0
22067,176.0,193.0,0.0
22068,95.0,436.0,0.0
22069,239.0,581.0,0.0
22070,156.0,573.0,0.0
22071,3.0,193.0,0.0
22072,101.0,412.0,0.0
22073,149.0,53.0,0.0
22074,176.0,527.0,0.0
22075,257.0,95.0,0.0
22076,235.0,148.0,0.0
22077,100.0,414.0,0.0
22078,31.0,271.0,0.0
22079,59.0,210.0,0.0
22080,197.0,593.0,0.0
22081,56.0,192.0,0.0
22082,168.0,375.0,0.0
22083,10.0,493.0,0.0
22084,254.0,132.0,0.0
22085,223.0,148.0,0.0
22086,112.0,293.0,0.0
22087,76.0,448.0,0.0
22088,262.0,443.0,0.0
22089,263.0,196.0,0.0
22090,152.0,121.0,0.0
22091,69.0,47.0,0.0
22092,216.0,521.0,0.0
22093,105.0,187.0,0.0
22094,206.0,87.0,0.0
22095,35.0,86.0,0.0
22096,262.0,251.0,0.0
22097,254.0,292.0,0.0
22098,247.0,587.0,0.0
22099,140.0,487.0,0.0
22100,228.0,306.0,0.0
22101,71.0,94.0,0.0
22102,217.0,395.0,0.0
22103,60.0,307.0,0.0
22104,205.0,183.0,0.0
22105,202.0,585.0,0.0
22106,94.0,288.0,0.0
22107,268.0,596.0,0.0
22108,201.0,18.0,0.0
22109,212.0,259.0,0.0
22110,210.0,322.0,0.0
22111,161.0,124.0,0.0
22112,3.0,214.0,0.0
22113,209.0,410.0,0.0
22114,179.0,373.0,0.0
22115,170.0,587.0,0.0
22116,232.0,186.0,0.0
22117,118.0,239.0,0.0
22118,208.0,520.0,0.0
22119,171.0,392.0,0.0
22120,237.0,406.0,0.0
22121,134.0,293.0,0.0
22122,207.0,26.0,0.0
22123,66.0,439.0,0.0
22124,267.0,382.0,0.0
22125,138.0,217.0,0.0
22126,120.0,47.0,0.0
22127,104.0,473.0,0.0
22128,128.0,223.0,0.0
22129,52.0,135.0,0.0
22130,178.0,106.0,0.0
22131,98.0,463.0,0.0
22132,195.0,572.0,0.0
22133,89.0,594.0,0.0
22134,88.0,184.0,0.0
22135,59.0,140.0,0.0
22136,95.0,76.0,0.0
22137,248.0,305.0,0.0
22138,215.0,545.0,0.0
22139,3.0,382.0,0.0
22140,176.0,480.0,0.0
22141,170.0,432.0,0.0
22142,67.0,52.0,0.0
22143,43.0,591.0,0.0
22144,21.0,193.0,0.0
22145,55.0,51.0,0.0
22146,130.0,506.0,0.0
22147,258.0,56.0,0.0
22148,220.0,521.0,0.0
22149,185.0,220.0,0.0
22150,231.0,100.0,0.0
22151,73.0,571.0,0.0
22152,79.0,216.0,0.0
22153,187.0,72.0,0.0
22154,267.0,373.0,0.0
22155,33.0,508.0,0.0
22156,108.0,596.0,0.0
22157,20.0,360.0,0.0
22158,230.0,165.0,0.0
22159,192.0,95.0,0.0
22160,103.0,407.0,0.0
22161,165.0,159.0,0.0
22162,120.0,167.0,0.0
22163,173.0,546.0,0.0
22164,93.0,427.0,0.0
22165,250.0,198.0,0.0
22166,18.0,303.0,0.0
22167,191.0,395.0,0.0
22168,174.0,9.0,0.0
22169,21.0,577.0,0.0
22170,123.0,101.0,0.0
22171,115.0,218.0,0.0
22172,20.0,219.0,0.0
22173,148.0,473.0,0.0
22174,104.0,132.0,0.0
22175,44.0,456.0,0.0
22176,253.0,345.0,0.0
22177,113.0,396.0,0.0
22178,91.0,412.0,0.0
22179,2.0,505.0,0.0
22180,23.0,341.0,0.0
22181,49.0,79.0,0.0
22182,62.0,583.0,0.0
22183,131.0,299.0,0.0
22184,109.0,439.0,0.0
22185,67.0,228.0,0.0
22186,199.0,394.0,0.0
22187,215.0,84.0,0.0
22188,258.0,429.0,0.0
22189,163.0,573.0,0.0
22190,229.0,578.0,0.0
22191,40.0,407.0,0.0
22192,35.0,264.0,0.0
22193,47.0,71.0,0.0
22194,264.0,451.0,0.0
22195,240.0,500.0,0.0
22196,70.0,139.0,0.0
22197,12.0,352.0,0.0
22198,200.0,519.0,0.0
22199,211.0,170.0,0.0
22200,12.0,328.0,0.0
22201,177.0,283.0,0.0
22202,45.0,32.0,0.0
22203,225.0,423.0,0.0
22204,72.0,596.0,0.0
22205,132.0,144.0,0.0
22206,2.0,13.0,0.0
22207,209.0,531.0,0.0
22208,154.0,468.0,0.0
22209,45.0,387.0,0.0
22210,229.0,190.0,0.0
22211,162.0,108.0,0.0
22212,215.0,99.0,0.0
22213,203.0,520.0,0.0
22214,232.0,316.0,0.0
22215,131.0,555.0,0.0
22216,150.0,344.0,0.0
22217,37.0,329.0,0.0
22218,29.0,227.0,0.0
22219,158.0,502.0,0.0
22220,31.0,390.0,0.0
22221,190.0,585.0,0.0
22222,37.0,211.0,0.0
22223,21.0,356.0,0.0
22224,263.0,567.0,0.0
22225,201.0,24.0,0.0
22226,174.0,158.0,0.0
22227,127.0,557.0,0.0
22228,96.0,456.0,0.0
22229,29.0,358.0,0.0
22230,241.0,466.0,0.0
22231,247.0,29.0,0.0
22232,251.0,122.0,0.0
22233,207.0,579.0,0.0
22234,230.0,394.0,0.0
22235,134.0,576.0,0.0
22236,85.0,207.0,0.0
22237,138.0,17.0,0.0
22238,185.0,497.0,0.0
22239,248.0,358.0,0.0
22240,118.0,452.0,0.0
22241,107.0,374.0,0.0
22242,238.0,185.0,0.0
22243,227.0,211.0,0.0
22244,128.0,181.0,0.0
22245,132.0,404.0,0.0
22246,268.0,20.0,0.0
22247,42.0,572.0,0.0
22248,23.0,73.0,0.0
22249,12.0,580.0,0.0
22250,265.0,220.0,0.0
22251,13.0,576.0,0.0
22252,129.0,11.0,0.0
22253,82.0,308.0,0.0
22254,62.0,483.0,0.0
22255,63.0,264.0,0.0
22256,180.0,296.0,0.0
22257,107.0,393.0,0.0
22258,145.0,517.0,0.0
22259,123.0,488.0,0.0
22260,137.0,358.0,0.0
22261,149.0,588.0,0.0
22262,250.0,171.0,0.0
22263,200.0,163.0,0.0
22264,99.0,110.0,0.0
22265,230.0,368.0,0.0
22266,119.0,127.0,0.0
22267,93.0,476.0,0.0
22268,94.0,395.0,0.0
22269,105.0,442.0,0.0
22270,227.0,359.0,0.0
22271,19.0,343.0,0.0
22272,261.0,171.0,0.0
22273,255.0,202.0,0.0
22274,239.0,325.0,0.0
22275,210.0,433.0,0.0
22276,57.0,103.0,0.0
22277,188.0,226.0,0.0
22278,12.0,366.0,0.0
22279,257.0,256.0,0.0
22280,216.0,409.0,0.0
22281,97.0,510.0,0.0
22282,22.0,145.0,0.0
22283,255.0,190.0,0.0
22284,64.0,142.0,0.0
22285,167.0,538.0,0.0
22286,118.0,467.0,0.0
22287,226.0,394.0,0.0
22288,8.0,322.0,0.0
22289,68.0,214.0,0.0
22290,201.0,256.0,0.0
22291,221.0,343.0,0.0
22292,212.0,273.0,0.0
22293,23.0,309.0,0.0
22294,219.0,352.0,0.0
22295,90.0,593.0,0.0
22296,153.0,285.0,0.0
22297,81.0,485.0,0.0
22298,140.0,497.0,0.0
22299,29.0,224.0,0.0
22300,1.0,589.0,0.0
22301,235.0,440.0,0.0
22302,25.0,568.0,0.0
22303,112.0,96.0,0.0
22304,129.0,392.0,0.0
22305,111.0,465.0,0.0
22306,209.0,121.0,0.0
22307,65.0,79.0,0.0
22308,19.0,219.0,0.0
22309,127.0,3.0,0.0
22310,69.0,396.0,0.0
22311,214.0,151.0,0.0
22312,201.0,175.0,0.0
22313,12.0,373.0,0.0
22314,14.0,214.0,0.0
22315,149.0,268.0,0.0
22316,168.0,365.0,0.0
22317,245.0,569.0,0.0
22318,145.0,257.0,0.0
22319,53.0,257.0,0.0
22320,37.0,192.0,0.0
22321,225.0,98.0,0.0
22322,118.0,597.0,0.0
22323,152.0,47.0,0.0
22324,7.0,536.0,0.0
22325,190.0,368.0,0.0
22326,8.0,498.0,0.0
22327,28.0,386.0,0.0
22328,258.0,319.0,0.0
22329,246.0,454.0,0.0
22330,70.0,388.0,0.0
22331,249.0,199.0,0.0
22332,119.0,550.0,0.0
22333,265.0,386.0,0.0
22334,168.0,328.0,0.0
22335,248.0,568.0,0.0
22336,228.0,327.0,0.0
22337,145.0,596.0,0.0
22338,73.0,402.0,0.0
22339,112.0,273.0,0.0
22340,76.0,2.0,0.0
22341,167.0,198.0,0.0
22342,118.0,30.0,0.0
22343,253.0,173.0,0.0
22344,150.0,538.0,0.0
22345,216.0,545.0,0.0
22346,125.0,334.0,0.0
22347,259.0,210.0,0.0
22348,64.0,587.0,0.0
22349,101.0,227.0,0.0
22350,216.0,160.0,0.0
22351,143.0,349.0,0.0
22352,45.0,289.0,0.0
22353,40.0,445.0,0.0
22354,177.0,91.0,0.0
22355,49.0,208.0,0.0
22356,219.0,237.0,0.0
22357,83.0,454.0,0.0
22358,243.0,335.0,0.0
22359,98.0,566.0,0.0
22360,103.0,376.0,0.0
22361,154.0,408.0,0.0
22362,44.0,575.0,0.0
22363,44.0,330.0,0.0
22364,79.0,443.0,0.0
22365,225.0,564.0,0.0
22366,47.0,40.0,0.0
22367,37.0,134.0,0.0
22368,124.0,534.0,0.0
22369,96.0,413.0,0.0
22370,46.0,592.0,0.0
22371,159.0,237.0,0.0
22372,100.0,439.0,0.0
22373,78.0,456.0,0.0
22374,144.0,263.0,0.0
22375,81.0,43.0,0.0
22376,8.0,331.0,0.0
22377,36.0,68.0,0.0
22378,111.0,177.0,0.0
22379,246.0,286.0,0.0
22380,140.0,298.0,0.0
22381,193.0,165.0,0.0
22382,197.0,173.0,0.0
22383,263.0,48.0,0.0
22384,257.0,479.0,0.0
22385,224.0,593.0,0.0
22386,54.0,196.0,0.0
22387,152.0,129.0,0.0
22388,218.0,461.0,0.0
22389,22.0,571.0,0.0
22390,260.0,436.0,0.0
22391,217.0,565.0,0.0
22392,152.0,588.0,0.0
22393,20.0,139.0,0.0
22394,3.0,532.0,0.0
22395,138.0,148.0,0.0
22396,12.0,144.0,0.0
22397,35.0,51.0,0.0
22398,230.0,104.0,0.0
22399,247.0,431.0,0.0
22400,235.0,443.0,0.0
22401,114.0,80.0,0.0
22402,88.0,574.0,0.0
22403,102.0,84.0,0.0
22404,174.0,574.0,0.0
22405,37.0,26.0,0.0
22406,264.0,505.0,0.0
22407,211.0,142.0,0.0
22408,25.0,114.0,0.0
22409,126.0,134.0,0.0
22410,143.0,501.0,0.0
22411,137.0,404.0,0.0
22412,235.0,305.0,0.0
22413,83.0,229.0,0.0
22414,121.0,245.0,0.0
22415,106.0,218.0,0.0
22416,91.0,346.0,0.0
22417,257.0,336.0,0.0
22418,238.0,328.0,0.0
22419,121.0,68.0,0.0
22420,165.0,15.0,0.0
22421,103.0,25.0,0.0
22422,54.0,484.0,0.0
22423,235.0,322.0,0.0
22424,124.0,311.0,0.0
22425,86.0,106.0,0.0
22426,153.0,442.0,0.0
22427,13.0,465.0,0.0
22428,195.0,377.0,0.0
22429,29.0,526.0,0.0
22430,195.0,475.0,0.0
22431,215.0,569.0,0.0
22432,210.0,534.0,0.0
22433,217.0,507.0,0.0
22434,192.0,302.0,0.0
22435,78.0,561.0,0.0
22436,103.0,199.0,0.0
22437,258.0,567.0,0.0
22438,121.0,451.0,0.0
22439,118.0,4.0,0.0
22440,137.0,512.0,0.0
22441,13.0,301.0,0.0
22442,143.0,578.0,0.0
22443,185.0,259.0,0.0
22444,118.0,337.0,0.0
22445,67.0,92.0,0.0
22446,21.0,306.0,0.0
22447,86.0,589.0,0.0
22448,211.0,217.0,0.0
22449,192.0,381.0,0.0
22450,263.0,493.0,0.0
22451,3.0,466.0,0.0
22452,237.0,121.0,0.0
22453,253.0,51.0,0.0
22454,247.0,438.0,0.0
22455,224.0,177.0,0.0
22456,189.0,173.0,0.0
22457,80.0,551.0,0.0
22458,123.0,262.0,0.0
22459,264.0,296.0,0.0
22460,29.0,106.0,0.0
22461,145.0,256.0,0.0
22462,122.0,596.0,0.0
22463,260.0,298.0,0.0
22464,43.0,377.0,0.0
22465,154.0,530.0,0.0
22466,50.0,365.0,0.0
22467,148.0,234.0,0.0
22468,120.0,212.0,0.0
22469,221.0,151.0,0.0
22470,209.0,332.0,0.0
22471,200.0,523.0,0.0
22472,237.0,59.0,0.0
22473,54.0,515.0,0.0
22474,168.0,318.0,0.0
22475,155.0,60.0,0.0
22476,15.0,525.0,0.0
22477,173.0,395.0,0.0
22478,113.0,426.0,0.0
22479,76.0,467.0,0.0
22480,215.0,3.0,0.0
22481,131.0,139.0,0.0
22482,64.0,163.0,0.0
22483,34.0,97.0,0.0
22484,251.0,417.0,0.0
22485,125.0,12.0,0.0
22486,195.0,75.0,0.0
22487,60.0,1.0,0.0
22488,164.0,461.0,0.0
22489,188.0,222.0,0.0
22490,244.0,285.0,0.0
22491,170.0,436.0,0.0
22492,228.0,530.0,0.0
22493,107.0,533.0,0.0
22494,208.0,596.0,0.0
22495,93.0,488.0,0.0
22496,160.0,528.0,0.0
22497,204.0,64.0,0.0
22498,103.0,161.0,0.0
22499,211.0,347.0,0.0
22500,88.0,65.0,0.0
22501,142.0,293.0,0.0
22502,246.0,71.0,0.0
22503,162.0,516.0,0.0
22504,51.0,250.0,0.0
22505,4.0,120.0,0.0
22506,137.0,130.0,0.0
22507,142.0,584.0,0.0
22508,103.0,212.0,0.0
22509,32.0,565.0,0.0
22510,240.0,0.0,0.0
22511,204.0,240.0,0.0
22512,65.0,44.0,0.0
22513,187.0,560.0,0.0
22514,113.0,525.0,0.0
22515,247.0,489.0,0.0
22516,244.0,330.0,0.0
22517,247.0,155.0,0.0
22518,161.0,151.0,0.0
22519,169.0,509.0,0.0
22520,243.0,162.0,0.0
22521,53.0,361.0,0.0
22522,236.0,467.0,0.0
22523,162.0,492.0,0.0
22524,15.0,252.0,0.0
22525,195.0,421.0,0.0
22526,241.0,127.0,0.0
22527,263.0,154.0,0.0
22528,100.0,4.0,0.0
22529,62.0,180.0,0.0
22530,196.0,347.0,0.0
22531,251.0,75.0,0.0
22532,58.0,310.0,0.0
22533,138.0,2.0,0.0
22534,108.0,57.0,0.0
22535,249.0,524.0,0.0
22536,116.0,493.0,0.0
22537,59.0,125.0,0.0
22538,84.0,515.0,0.0
22539,25.0,586.0,0.0
22540,33.0,453.0,0.0
22541,124.0,512.0,0.0
22542,137.0,564.0,0.0
22543,62.0,466.0,0.0
22544,125.0,369.0,0.0
22545,59.0,206.0,0.0
22546,118.0,510.0,0.0
22547,36.0,65.0,0.0
22548,15.0,338.0,0.0
22549,157.0,346.0,0.0
22550,39.0,105.0,0.0
22551,169.0,553.0,0.0
22552,73.0,448.0,0.0
22553,194.0,380.0,0.0
22554,87.0,512.0,0.0
22555,37.0,4.0,0.0
22556,26.0,83.0,0.0
22557,234.0,346.0,0.0
22558,144.0,211.0,0.0
22559,222.0,214.0,0.0
22560,112.0,209.0,0.0
22561,68.0,226.0,0.0
22562,125.0,129.0,0.0
22563,7.0,561.0,0.0
22564,170.0,291.0,0.0
22565,197.0,432.0,0.0
22566,33.0,229.0,0.0
22567,171.0,576.0,0.0
22568,112.0,495.0,0.0
22569,69.0,535.0,0.0
22570,217.0,420.0,0.0
22571,42.0,584.0,0.0
22572,105.0,221.0,0.0
22573,238.0,347.0,0.0
22574,155.0,234.0,0.0
22575,74.0,538.0,0.0
22576,247.0,566.0,0.0
22577,159.0,183.0,0.0
22578,30.0,275.0,0.0
22579,34.0,233.0,0.0
22580,124.0,82.0,0.0
22581,97.0,165.0,0.0
22582,124.0,278.0,0.0
22583,76.0,293.0,0.0
22584,29.0,20.0,0.0
22585,254.0,386.0,0.0
22586,53.0,83.0,0.0
22587,157.0,580.0,0.0
22588,31.0,165.0,0.0
22589,217.0,365.0,0.0
22590,226.0,358.0,0.0
22591,233.0,190.0,0.0
22592,15.0,306.0,0.0
22593,92.0,539.0,0.0
22594,126.0,169.0,0.0
22595,10.0,199.0,0.0
22596,264.0,107.0,0.0
22597,27.0,531.0,0.0
22598,196.0,273.0,0.0
22599,115.0,336.0,0.0
22600,174.0,461.0,0.0
22601,71.0,209.0,0.0
22602,39.0,73.0,0.0
22603,104.0,440.0,0.0
22604,168.0,33.0,0.0
22605,18.0,5.0,0.0
22606,203.0,511.0,0.0
22607,138.0,97.0,0.0
22608,94.0,285.0,0.0
22609,38.0,180.0,0.0
22610,235.0,497.0,0.0
22611,137.0,413.0,0.0
22612,221.0,161.0,0.0
22613,8.0,402.0,0.0
22614,232.0,570.0,0.0
22615,26.0,126.0,0.0
22616,171.0,430.0,0.0
22617,238.0,382.0,0.0
22618,60.0,469.0,0.0
22619,6.0,188.0,0.0
22620,141.0,29.0,0.0
22621,244.0,117.0,0.0
22622,121.0,116.0,0.0
22623,84.0,117.0,0.0
22624,126.0,318.0,0.0
22625,18.0,329.0,0.0
22626,218.0,354.0,0.0
22627,47.0,484.0,0.0
22628,105.0,76.0,0.0
22629,74.0,306.0,0.0
22630,256.0,597.0,0.0
22631,215.0,315.0,0.0
22632,268.0,187.0,0.0
22633,11.0,219.0,0.0
22634,207.0,156.0,0.0
22635,169.0,218.0,0.0
22636,159.0,421.0,0.0
22637,208.0,92.0,0.0
22638,159.0,377.0,0.0
22639,22.0,405.0,0.0
22640,105.0,414.0,0.0
22641,39.0,245.0,0.0
22642,134.0,310.0,0.0
22643,81.0,247.0,0.0
22644,100.0,268.0,0.0
22645,18.0,582.0,0.0
22646,234.0,459.0,0.0
22647,127.0,2.0,0.0
22648,220.0,317.0,0.0
22649,114.0,399.0,0.0
22650,110.0,285.0,0.0
22651,81.0,101.0,0.0
22652,69.0,96.0,0.0
22653,132.0,387.0,0.0
22654,22.0,411.0,0.0
22655,50.0,439.0,0.0
22656,119.0,585.0,0.0
22657,4.0,438.0,0.0
22658,45.0,292.0,0.0
22659,6.0,369.0,0.0
22660,80.0,88.0,0.0
22661,78.0,95.0,0.0
22662,52.0,155.0,0.0
22663,139.0,184.0,0.0
22664,231.0,491.0,0.0
22665,17.0,528.0,0.0
22666,196.0,220.0,0.0
22667,77.0,191.0,0.0
22668,252.0,2.0,0.0
22669,101.0,508.0,0.0
22670,92.0,250.0,0.0
22671,10.0,453.0,0.0
22672,211.0,98.0,0.0
22673,188.0,103.0,0.0
22674,218.0,542.0,0.0
22675,207.0,0.0,0.0
22676,21.0,212.0,0.0
22677,85.0,339.0,0.0
22678,91.0,569.0,0.0
22679,6.0,253.0,0.0
22680,50.0,377.0,0.0
22681,222.0,191.0,0.0
22682,163.0,80.0,0.0
22683,0.0,582.0,0.0
22684,205.0,574.0,0.0
22685,214.0,439.0,0.0
22686,249.0,219.0,0.0
22687,29.0,523.0,0.0
22688,189.0,548.0,0.0
22689,254.0,548.0,0.0
22690,221.0,71.0,0.0
22691,120.0,320.0,0.0
22692,177.0,266.0,0.0
22693,132.0,266.0,0.0
22694,241.0,560.0,0.0
22695,29.0,217.0,0.0
22696,78.0,582.0,0.0
22697,39.0,166.0,0.0
22698,225.0,279.0,0.0
22699,6.0,576.0,0.0
22700,148.0,483.0,0.0
22701,105.0,417.0,0.0
22702,58.0,225.0,0.0
22703,256.0,579.0,0.0
22704,40.0,161.0,0.0
22705,216.0,450.0,0.0
22706,265.0,377.0,0.0
22707,129.0,350.0,0.0
22708,45.0,512.0,0.0
22709,38.0,498.0,0.0
22710,259.0,273.0,0.0
22711,78.0,447.0,0.0
22712,91.0,85.0,0.0
22713,10.0,5.0,0.0
22714,125.0,345.0,0.0
22715,106.0,328.0,0.0
22716,164.0,157.0,0.0
22717,24.0,112.0,0.0
22718,188.0,520.0,0.0
22719,237.0,225.0,0.0
22720,113.0,322.0,0.0
22721,179.0,49.0,0.0
22722,9.0,538.0,0.0
22723,182.0,476.0,0.0
22724,77.0,188.0,0.0
22725,72.0,161.0,0.0
22726,74.0,416.0,0.0
22727,247.0,532.0,0.0
22728,113.0,499.0,0.0
22729,237.0,421.0,0.0
22730,41.0,526.0,0.0
22731,38.0,376.0,0.0
22732,263.0,526.0,0.0
22733,175.0,342.0,0.0
22734,238.0,593.0,0.0
22735,111.0,13.0,0.0
22736,116.0,340.0,0.0
22737,66.0,575.0,0.0
22738,13.0,525.0,0.0
22739,93.0,551.0,0.0
22740,248.0,396.0,0.0
22741,126.0,352.0,0.0
22742,233.0,33.0,0.0
22743,86.0,50.0,0.0
22744,133.0,456.0,0.0
22745,131.0,138.0,0.0
22746,203.0,222.0,0.0
22747,169.0,410.0,0.0
22748,118.0,123.0,0.0
22749,140.0,34.0,0.0
22750,166.0,75.0,0.0
22751,265.0,148.0,0.0
22752,51.0,46.0,0.0
22753,82.0,349.0,0.0
22754,210.0,523.0,0.0
22755,47.0,256.0,0.0
22756,186.0,468.0,0.0
22757,41.0,341.0,0.0
22758,97.0,240.0,0.0
22759,249.0,116.0,0.0
22760,16.0,339.0,0.0
22761,190.0,269.0,0.0
22762,47.0,203.0,0.0
22763,191.0,456.0,0.0
22764,155.0,451.0,0.0
22765,128.0,478.0,0.0
22766,10.0,1.0,0.0
22767,40.0,495.0,0.0
22768,171.0,259.0,0.0
22769,182.0,190.0,0.0
22770,17.0,303.0,0.0
22771,14.0,537.0,0.0
22772,39.0,543.0,0.0
22773,265.0,359.0,0.0
22774,122.0,589.0,0.0
22775,13.0,211.0,0.0
22776,215.0,171.0,0.0
22777,232.0,307.0,0.0
22778,33.0,180.0,0.0
22779,149.0,93.0,0.0
22780,79.0,412.0,0.0
22781,131.0,594.0,0.0
22782,167.0,141.0,0.0
22783,15.0,8.0,0.0
22784,155.0,57.0,0.0
22785,267.0,4.0,0.0
22786,1.0,208.0,0.0
22787,192.0,111.0,0.0
22788,257.0,346.0,0.0
22789,0.0,322.0,0.0
22790,216.0,153.0,0.0
22791,215.0,234.0,0.0
22792,133.0,232.0,0.0
22793,261.0,185.0,0.0
22794,18.0,340.0,0.0
22795,248.0,419.0,0.0
22796,196.0,474.0,0.0
22797,32.0,155.0,0.0
22798,132.0,37.0,0.0
22799,47.0,469.0,0.0
22800,48.0,584.0,0.0
22801,137.0,132.0,0.0
22802,241.0,248.0,0.0
22803,225.0,140.0,0.0
22804,264.0,231.0,0.0
22805,230.0,461.0,0.0
22806,220.0,477.0,0.0
22807,176.0,369.0,0.0
22808,203.0,48.0,0.0
22809,217.0,239.0,0.0
22810,17.0,58.0,0.0
22811,99.0,450.0,0.0
22812,90.0,537.0,0.0
22813,26.0,162.0,0.0
22814,19.0,245.0,0.0
22815,205.0,590.0,0.0
22816,49.0,516.0,0.0
22817,238.0,495.0,0.0
22818,35.0,519.0,0.0
22819,195.0,23.0,0.0
22820,268.0,95.0,0.0
22821,103.0,94.0,0.0
22822,212.0,495.0,0.0
22823,215.0,212.0,0.0
22824,53.0,269.0,0.0
22825,26.0,257.0,0.0
22826,119.0,243.0,0.0
22827,128.0,388.0,0.0
22828,132.0,345.0,0.0
22829,114.0,163.0,0.0
22830,13.0,503.0,0.0
22831,184.0,412.0,0.0
22832,205.0,23.0,0.0
22833,237.0,557.0,0.0
22834,77.0,444.0,0.0
22835,168.0,471.0,0.0
22836,113.0,99.0,0.0
22837,210.0,303.0,0.0
22838,180.0,248.0,0.0
22839,161.0,310.0,0.0
22840,127.0,113.0,0.0
22841,35.0,544.0,0.0
22842,213.0,518.0,0.0
22843,137.0,484.0,0.0
22844,44.0,394.0,0.0
22845,139.0,244.0,0.0
22846,78.0,222.0,0.0
22847,15.0,200.0,0.0
22848,113.0,174.0,0.0
22849,21.0,511.0,0.0
22850,64.0,281.0,0.0
22851,99.0,226.0,0.0
22852,149.0,586.0,0.0
22853,82.0,359.0,0.0
22854,23.0,141.0,0.0
22855,267.0,332.0,0.0
22856,167.0,22.0,0.0
22857,108.0,236.0,0.0
22858,229.0,528.0,0.0
22859,41.0,546.0,0.0
22860,232.0,26.0,0.0
22861,149.0,153.0,0.0
22862,16.0,407.0,0.0
22863,159.0,159.0,0.0
22864,61.0,167.0,0.0
22865,127.0,566.0,0.0
22866,126.0,182.0,0.0
22867,253.0,302.0,0.0
22868,235.0,347.0,0.0
22869,116.0,179.0,0.0
22870,13.0,545.0,0.0
22871,249.0,130.0,0.0
22872,68.0,220.0,0.0
22873,40.0,208.0,0.0
22874,153.0,143.0,0.0
22875,22.0,456.0,0.0
22876,145.0,43.0,0.0
22877,268.0,115.0,0.0
22878,71.0,212.0,0.0
22879,108.0,478.0,0.0
22880,216.0,288.0,0.0
22881,212.0,546.0,0.0
22882,240.0,58.0,0.0
22883,137.0,496.0,0.0
22884,226.0,110.0,0.0
22885,63.0,120.0,0.0
22886,186.0,364.0,0.0
22887,135.0,274.0,0.0
22888,255.0,265.0,0.0
22889,224.0,278.0,0.0
22890,86.0,361.0,0.0
22891,237.0,119.0,0.0
22892,6.0,54.0,0.0
22893,50.0,548.0,0.0
22894,122.0,335.0,0.0
22895,182.0,212.0,0.0
22896,183.0,176.0,0.0
22897,193.0,533.0,0.0
22898,63.0,23.0,0.0
22899,87.0,587.0,0.0
22900,46.0,369.0,0.0
22901,215.0,404.0,0.0
22902,111.0,273.0,0.0
22903,252.0,96.0,0.0
22904,34.0,571.0,0.0
22905,156.0,316.0,0.0
22906,244.0,374.0,0.0
22907,101.0,495.0,0.0
22908,16.0,40.0,0.0
22909,38.0,382.0,0.0
22910,154.0,16.0,0.0
22911,79.0,102.0,0.0
22912,163.0,398.0,0.0
22913,161.0,432.0,0.0
22914,260.0,344.0,0.0
22915,214.0,87.0,0.0
22916,155.0,66.0,0.0
22917,59.0,277.0,0.0
22918,116.0,388.0,0.0
22919,246.0,589.0,0.0
22920,79.0,581.0,0.0
22921,125.0,314.0,0.0
22922,169.0,225.0,0.0
22923,125.0,536.0,0.0
22924,135.0,64.0,0.0
22925,235.0,84.0,0.0
22926,109.0,559.0,0.0
22927,136.0,577.0,0.0
22928,113.0,155.0,0.0
22929,158.0,73.0,0.0
22930,84.0,370.0,0.0
22931,80.0,112.0,0.0
22932,99.0,64.0,0.0
22933,263.0,504.0,0.0
22934,240.0,283.0,0.0
22935,52.0,105.0,0.0
22936,115.0,16.0,0.0
22937,192.0,194.0,0.0
22938,156.0,101.0,0.0
22939,40.0,40.0,0.0
22940,125.0,24.0,0.0
22941,86.0,457.0,0.0
22942,137.0,169.0,0.0
22943,198.0,317.0,0.0
22944,218.0,189.0,0.0
22945,142.0,369.0,0.0
22946,109.0,229.0,0.0
22947,30.0,537.0,0.0
22948,205.0,214.0,0.0
22949,116.0,122.0,0.0
22950,262.0,574.0,0.0
22951,65.0,463.0,0.0
22952,248.0,208.0,0.0
22953,106.0,475.0,0.0
22954,45.0,553.0,0.0
22955,124.0,360.0,0.0
22956,23.0,455.0,0.0
22957,185.0,73.0,0.0
22958,201.0,258.0,0.0
22959,134.0,491.0,0.0
22960,235.0,393.0,0.0
22961,229.0,493.0,0.0
22962,211.0,24.0,0.0
22963,264.0,586.0,0.0
22964,160.0,140.0,0.0
22965,65.0,29.0,0.0
22966,166.0,429.0,0.0
22967,178.0,411.0,0.0
22968,152.0,475.0,0.0
22969,111.0,340.0,0.0
22970,24.0,185.0,0.0
22971,241.0,281.0,0.0
22972,50.0,513.0,0.0
22973,37.0,44.0,0.0
22974,177.0,210.0,0.0
22975,210.0,245.0,0.0
22976,151.0,462.0,0.0
22977,10.0,274.0,0.0
22978,138.0,76.0,0.0
22979,7.0,147.0,0.0
22980,239.0,42.0,0.0
22981,54.0,398.0,0.0
22982,6.0,394.0,0.0
22983,0.0,501.0,0.0
22984,242.0,98.0,0.0
22985,216.0,77.0,0.0
22986,202.0,42.0,0.0
22987,104.0,345.0,0.0
22988,219.0,335.0,0.0
22989,195.0,466.0,0.0
22990,221.0,456.0,0.0
22991,59.0,101.0,0.0
22992,257.0,72.0,0.0
22993,180.0,562.0,0.0
22994,174.0,236.0,0.0
22995,111.0,571.0,0.0
22996,190.0,338.0,0.0
22997,228.0,91.0,0.0
22998,146.0,525.0,0.0
22999,224.0,216.0,0.0
23000,136.0,39.0,0.0
23001,5.0,540.0,0.0
23002,218.0,316.0,0.0
23003,253.0,367.0,0.0
23004,122.0,394.0,0.0
23005,104.0,409.0,0.0
23006,24.0,480.0,0.0
23007,219.0,87.0,0.0
23008,91.0,48.0,0.0
23009,42.0,562.0,0.0
23010,260.0,391.0,0.0
23011,15.0,199.0,0.0
23012,34.0,59.0,0.0
23013,41.0,283.0,0.0
23014,265.0,480.0,0.0
23015,112.0,23.0,0.0
23016,126.0,488.0,0.0
23017,191.0,551.0,0.0
23018,205.0,285.0,0.0
23019,55.0,16.0,0.0
23020,146.0,289.0,0.0
23021,80.0,405.0,0.0
23022,46.0,283.0,0.0
23023,64.0,422.0,0.0
23024,93.0,406.0,0.0
23025,116.0,589.0,0.0
23026,2.0,184.0,0.0
23027,74.0,40.0,0.0
23028,6.0,497.0,0.0
23029,110.0,356.0,0.0
23030,258.0,343.0,0.0
23031,4.0,320.0,0.0
23032,36.0,320.0,0.0
23033,123.0,17.0,0.0
23034,139.0,513.0,0.0
23035,77.0,13.0,0.0
23036,246.0,205.0,0.0
23037,213.0,410.0,0.0
23038,2.0,429.0,0.0
23039,200.0,145.0,0.0
23040,212.0,93.0,0.0
23041,43.0,574.0,0.0
23042,96.0,99.0,0.0
23043,232.0,87.0,0.0
23044,138.0,447.0,0.0
23045,58.0,116.0,0.0
23046,158.0,60.0,0.0
23047,21.0,197.0,0.0
23048,21.0,510.0,0.0
23049,188.0,119.0,0.0
23050,121.0,304.0,0.0
23051,40.0,296.0,0.0
23052,68.0,163.0,0.0
23053,232.0,417.0,0.0
23054,53.0,260.0,0.0
23055,30.0,354.0,0.0
23056,93.0,383.0,0.0
23057,197.0,509.0,0.0
23058,192.0,401.0,0.0
23059,255.0,25.0,0.0
23060,128.0,140.0,0.0
23061,130.0,227.0,0.0
23062,224.0,463.0,0.0
23063,266.0,253.0,0.0
23064,163.0,269.0,0.0
23065,144.0,197.0,0.0
23066,70.0,536.0,0.0
23067,111.0,558.0,0.0
23068,165.0,3.0,0.0
23069,205.0,547.0,0.0
23070,255.0,71.0,0.0
23071,10.0,532.0,0.0
23072,227.0,276.0,0.0
23073,61.0,160.0,0.0
23074,256.0,406.0,0.0
23075,4.0,265.0,0.0
23076,36.0,8.0,0.0
23077,33.0,158.0,0.0
23078,136.0,135.0,0.0
23079,141.0,546.0,0.0
23080,40.0,239.0,0.0
23081,93.0,138.0,0.0
23082,190.0,15.0,0.0
23083,181.0,145.0,0.0
23084,242.0,315.0,0.0
23085,11.0,91.0,0.0
23086,230.0,291.0,0.0
23087,153.0,439.0,0.0
23088,123.0,443.0,0.0
23089,191.0,69.0,0.0
23090,71.0,41.0,0.0
23091,155.0,178.0,0.0
23092,223.0,388.0,0.0
23093,98.0,274.0,0.0
23094,227.0,173.0,0.0
23095,137.0,108.0,0.0
23096,255.0,421.0,0.0
23097,267.0,263.0,0.0
23098,50.0,44.0,0.0
23099,29.0,369.0,0.0
23100,27.0,504.0,0.0
23101,201.0,231.0,0.0
23102,123.0,63.0,0.0
23103,240.0,544.0,0.0
23104,107.0,244.0,0.0
23105,260.0,294.0,0.0
23106,131.0,218.0,0.0
23107,259.0,102.0,0.0
23108,100.0,338.0,0.0
23109,56.0,70.0,0.0
23110,262.0,455.0,0.0
23111,228.0,199.0,0.0
23112,121.0,561.0,0.0
23113,267.0,174.0,0.0
23114,227.0,546.0,0.0
23115,28.0,298.0,0.0
23116,34.0,473.0,0.0
23117,162.0,445.0,0.0
23118,72.0,407.0,0.0
23119,222.0,549.0,0.0
23120,184.0,87.0,0.0
23121,176.0,415.0,0.0
23122,62.0,5.0,0.0
23123,41.0,244.0,0.0
23124,172.0,153.0,0.0
23125,34.0,505.0,0.0
23126,121.0,390.0,0.0
23127,238.0,360.0,0.0
23128,19.0,164.0,0.0
23129,58.0,531.0,0.0
23130,144.0,305.0,0.0
23131,93.0,543.0,0.0
23132,233.0,434.0,0.0
23133,67.0,429.0,0.0
23134,54.0,472.0,0.0
23135,258.0,95.0,0.0
23136,166.0,349.0,0.0
23137,188.0,182.0,0.0
23138,87.0,255.0,0.0
23139,245.0,373.0,0.0
23140,138.0,391.0,0.0
23141,124.0,466.0,0.0
23142,92.0,161.0,0.0
23143,245.0,200.0,0.0
23144,238.0,530.0,0.0
23145,254.0,461.0,0.0
23146,110.0,389.0,0.0
23147,83.0,46.0,0.0
23148,251.0,58.0,0.0
23149,131.0,417.0,0.0
23150,253.0,32.0,0.0
23151,15.0,436.0,0.0
23152,225.0,449.0,0.0
23153,215.0,375.0,0.0
23154,99.0,41.0,0.0
23155,170.0,221.0,0.0
23156,166.0,301.0,0.0
23157,253.0,529.0,0.0
23158,103.0,405.0,0.0
23159,149.0,338.0,0.0
23160,61.0,109.0,0.0
23161,193.0,116.0,0.0
23162,98.0,105.0,0.0
23163,44.0,590.0,0.0
23164,202.0,441.0,0.0
23165,178.0,224.0,0.0
23166,213.0,371.0,0.0
23167,18.0,177.0,0.0
23168,82.0,157.0,0.0
23169,21.0,441.0,0.0
23170,54.0,67.0,0.0
23171,119.0,469.0,0.0
23172,110.0,495.0,0.0
23173,199.0,476.0,0.0
23174,63.0,252.0,0.0
23175,35.0,41.0,0.0
23176,231.0,381.0,0.0
23177,133.0,561.0,0.0
23178,199.0,534.0,0.0
23179,155.0,216.0,0.0
23180,88.0,27.0,0.0
23181,241.0,163.0,0.0
23182,3.0,309.0,0.0
23183,182.0,415.0,0.0
23184,93.0,80.0,0.0
23185,120.0,290.0,0.0
23186,161.0,125.0,0.0
23187,166.0,352.0,0.0
23188,78.0,452.0,0.0
23189,153.0,210.0,0.0
23190,214.0,478.0,0.0
23191,204.0,389.0,0.0
23192,59.0,479.0,0.0
23193,203.0,58.0,0.0
23194,50.0,146.0,0.0
23195,157.0,354.0,0.0
23196,69.0,247.0,0.0
23197,159.0,316.0,0.0
23198,160.0,516.0,0.0
23199,66.0,459.0,0.0
23200,100.0,42.0,0.0
23201,84.0,459.0,0.0
23202,70.0,222.0,0.0
23203,7.0,100.0,0.0
23204,50.0,80.0,0.0
23205,233.0,91.0,0.0
23206,134.0,572.0,0.0
23207,200.0,312.0,0.0
23208,89.0,354.0,0.0
23209,136.0,423.0,0.0
23210,153.0,18.0,0.0
23211,242.0,296.0,0.0
23212,18.0,584.0,0.0
23213,261.0,517.0,0.0
23214,214.0,380.0,0.0
23215,175.0,265.0,0.0
23216,101.0,593.0,0.0
23217,201.0,143.0,0.0
23218,0.0,242.0,0.0
23219,243.0,364.0,0.0
23220,62.0,296.0,0.0
23221,9.0,547.0,0.0
23222,236.0,265.0,0.0
23223,118.0,296.0,0.0
23224,268.0,124.0,0.0
23225,173.0,401.0,0.0
23226,134.0,42.0,0.0
23227,54.0,60.0,0.0
23228,154.0,336.0,0.0
23229,90.0,180.0,0.0
23230,86.0,579.0,0.0
23231,250.0,585.0,0.0
23232,252.0,504.0,0.0
23233,205.0,459.0,0.0
23234,153.0,408.0,0.0
23235,253.0,317.0,0.0
23236,148.0,116.0,0.0
23237,23.0,104.0,0.0
23238,257.0,143.0,0.0
23239,236.0,277.0,0.0
23240,146.0,409.0,0.0
23241,5.0,303.0,0.0
23242,61.0,51.0,0.0
23243,80.0,55.0,0.0
23244,46.0,447.0,0.0
23245,229.0,429.0,0.0
23246,106.0,71.0,0.0
23247,177.0,227.0,0.0
23248,25.0,338.0,0.0
23249,228.0,5.0,0.0
23250,146.0,227.0,0.0
23251,262.0,30.0,0.0
23252,70.0,295.0,0.0
23253,9.0,592.0,0.0
23254,136.0,444.0,0.0
23255,159.0,178.0,0.0
23256,262.0,54.0,0.0
23257,72.0,504.0,0.0
23258,18.0,477.0,0.0
23259,183.0,297.0,0.0
23260,182.0,18.0,0.0
23261,55.0,457.0,0.0
23262,92.0,571.0,0.0
23263,219.0,154.0,0.0
23264,62.0,360.0,0.0
23265,175.0,13.0,0.0
23266,154.0,191.0,0.0
23267,179.0,405.0,0.0
23268,124.0,109.0,0.0
23269,224.0,586.0,0.0
23270,122.0,423.0,0.0
23271,266.0,111.0,0.0
23272,204.0,409.0,0.0
23273,153.0,13.0,0.0
23274,82.0,167.0,0.0
23275,117.0,115.0,0.0
23276,74.0,453.0,0.0
23277,9.0,563.0,0.0
23278,79.0,560.0,0.0
23279,239.0,425.0,0.0
23280,32.0,377.0,0.0
23281,241.0,494.0,0.0
23282,26.0,59.0,0.0
23283,64.0,200.0,0.0
23284,103.0,150.0,0.0
23285,170.0,271.0,0.0
23286,164.0,65.0,0.0
23287,25.0,28.0,0.0
23288,220.0,318.0,0.0
23289,172.0,540.0,0.0
23290,192.0,258.0,0.0
23291,28.0,414.0,0.0
23292,187.0,493.0,0.0
23293,176.0,442.0,0.0
23294,199.0,347.0,0.0
23295,262.0,404.0,0.0
23296,158.0,353.0,0.0
23297,225.0,402.0,0.0
23298,253.0,203.0,0.0
23299,26.0,294.0,0.0
23300,26.0,283.0,0.0
23301,225.0,357.0,0.0
23302,178.0,33.0,0.0
23303,241.0,369.0,0.0
23304,39.0,319.0,0.0
23305,124.0,253.0,0.0
23306,193.0,460.0,0.0
23307,227.0,233.0,0.0
23308,17.0,517.0,0.0
23309,163.0,163.0,0.0
23310,79.0,514.0,0.0
23311,70.0,477.0,0.0
23312,89.0,580.0,0.0
23313,120.0,473.0,0.0
23314,260.0,390.0,0.0
23315,166.0,81.0,0.0
23316,262.0,571.0,0.0
23317,86.0,278.0,0.0
23318,178.0,258.0,0.0
23319,246.0,390.0,0.0
23320,239.0,72.0,0.0
23321,217.0,465.0,0.0
23322,133.0,269.0,0.0
23323,76.0,421.0,0.0
23324,232.0,281.0,0.0
23325,237.0,179.0,0.0
23326,47.0,99.0,0.0
23327,71.0,43.0,0.0
23328,171.0,17.0,0.0
23329,42.0,336.0,0.0
23330,92.0,244.0,0.0
23331,191.0,20.0,0.0
23332,209.0,115.0,0.0
23333,139.0,290.0,0.0
23334,103.0,66.0,0.0
23335,169.0,271.0,0.0
23336,104.0,114.0,0.0
23337,143.0,42.0,0.0
23338,59.0,536.0,0.0
23339,69.0,17.0,0.0
23340,111.0,382.0,0.0
23341,260.0,57.0,0.0
23342,36.0,395.0,0.0
23343,110.0,540.0,0.0
23344,122.0,212.0,0.0
23345,62.0,104.0,0.0
23346,208.0,516.0,0.0
23347,221.0,77.0,0.0
23348,19.0,575.0,0.0
23349,179.0,469.0,0.0
23350,21.0,255.0,0.0
23351,19.0,312.0,0.0
23352,184.0,188.0,0.0
23353,232.0,393.0,0.0
23354,91.0,573.0,0.0
23355,239.0,17.0,0.0
23356,41.0,93.0,0.0
23357,3.0,396.0,0.0
23358,0.0,555.0,0.0
23359,177.0,158.0,0.0
23360,211.0,134.0,0.0
23361,128.0,576.0,0.0
23362,18.0,119.0,0.0
23363,106.0,395.0,0.0
23364,244.0,75.0,0.0
23365,218.0,486.0,0.0
23366,50.0,165.0,0.0
23367,80.0,385.0,0.0
23368,132.0,397.0,0.0
23369,32.0,383.0,0.0
23370,132.0,73.0,0.0
23371,239.0,526.0,0.0
23372,140.0,400.0,0.0
23373,6.0,541.0,0.0
23374,163.0,184.0,0.0
23375,6.0,218.0,0.0
23376,190.0,574.0,0.0
23377,111.0,69.0,0.0
23378,151.0,332.0,0.0
23379,86.0,25.0,0.0
23380,3.0,569.0,0.0
23381,138.0,504.0,0.0
23382,34.0,129.0,0.0
23383,98.0,366.0,0.0
23384,1.0,114.0,0.0
23385,234.0,446.0,0.0
23386,32.0,408.0,0.0
23387,200.0,345.0,0.0
23388,180.0,375.0,0.0
23389,132.0,101.0,0.0
23390,237.0,167.0,0.0
23391,9.0,286.0,0.0
23392,163.0,343.0,0.0
23393,147.0,149.0,0.0
23394,41.0,479.0,0.0
23395,114.0,304.0,0.0
23396,50.0,579.0,0.0
23397,249.0,362.0,0.0
23398,116.0,306.0,0.0
23399,93.0,453.0,0.0
23400,137.0,587.0,0.0
23401,66.0,294.0,0.0
23402,85.0,476.0,0.0
23403,228.0,490.0,0.0
23404,190.0,528.0,0.0
23405,96.0,518.0,0.0
23406,93.0,379.0,0.0
23407,2.0,559.0,0.0
23408,138.0,418.0,0.0
23409,266.0,371.0,0.0
23410,27.0,195.0,0.0
23411,213.0,534.0,0.0
23412,133.0,216.0,0.0
23413,199.0,149.0,0.0
23414,112.0,160.0,0.0
23415,85.0,209.0,0.0
23416,260.0,585.0,0.0
23417,9.0,192.0,0.0
23418,32.0,495.0,0.0
23419,247.0,374.0,0.0
23420,182.0,336.0,0.0
23421,88.0,175.0,0.0
23422,234.0,137.0,0.0
23423,191.0,100.0,0.0
23424,32.0,573.0,0.0
23425,127.0,280.0,0.0
23426,195.0,180.0,0.0
23427,88.0,400.0,0.0
23428,48.0,362.0,0.0
23429,109.0,25.0,0.0
23430,72.0,315.0,0.0
23431,10.0,161.0,0.0
23432,19.0,563.0,0.0
23433,119.0,531.0,0.0
23434,160.0,585.0,0.0
23435,133.0,566.0,0.0
23436,137.0,80.0,0.0
23437,234.0,266.0,0.0
23438,157.0,593.0,0.0
23439,246.0,74.0,0.0
23440,231.0,579.0,0.0
23441,18.0,349.0,0.0
23442,50.0,207.0,0.0
23443,124.0,36.0,0.0
23444,137.0,422.0,0.0
23445,103.0,395.0,0.0
23446,202.0,438.0,0.0
23447,4.0,572.0,0.0
23448,6.0,554.0,0.0
23449,56.0,557.0,0.0
23450,88.0,371.0,0.0
23451,146.0,441.0,0.0
23452,190.0,292.0,0.0
23453,206.0,544.0,0.0
23454,190.0,295.0,0.0
23455,42.0,251.0,0.0
23456,76.0,69.0,0.0
23457,189.0,410.0,0.0
23458,221.0,210.0,0.0
23459,46.0,304.0,0.0
23460,251.0,109.0,0.0
23461,259.0,56.0,0.0
23462,264.0,64.0,0.0
23463,157.0,7.0,0.0
23464,14.0,354.0,0.0
23465,65.0,432.0,0.0
23466,42.0,357.0,0.0
23467,63.0,517.0,0.0
23468,146.0,171.0,0.0
23469,144.0,171.0,0.0
23470,192.0,373.0,0.0
23471,207.0,231.0,0.0
23472,212.0,198.0,0.0
23473,48.0,191.0,0.0
23474,154.0,346.0,0.0
23475,187.0,426.0,0.0
23476,95.0,226.0,0.0
23477,94.0,258.0,0.0
23478,184.0,234.0,0.0
23479,36.0,551.0,0.0
23480,103.0,189.0,0.0
23481,184.0,431.0,0.0
23482,212.0,210.0,0.0
23483,190.0,278.0,0.0
23484,251.0,321.0,0.0
23485,56.0,211.0,0.0
23486,245.0,382.0,0.0
23487,116.0,313.0,0.0
23488,192.0,161.0,0.0
23489,252.0,466.0,0.0
23490,224.0,324.0,0.0
23491,110.0,335.0,0.0
23492,224.0,18.0,0.0
23493,14.0,319.0,0.0
23494,194.0,495.0,0.0
23495,147.0,444.0,0.0
23496,192.0,288.0,0.0
23497,154.0,8.0,0.0
23498,199.0,371.0,0.0
23499,8.0,232.0,0.0
23500,155.0,14.0,0.0
23501,134.0,184.0,0.0
23502,164.0,203.0,0.0
23503,180.0,394.0,0.0
23504,241.0,74.0,0.0
23505,136.0,560.0,0.0
23506,235.0,396.0,0.0
23507,45.0,478.0,0.0
23508,30.0,10.0,0.0
23509,14.0,150.0,0.0
23510,14.0,159.0,0.0
23511,90.0,382.0,0.0
23512,31.0,269.0,0.0
23513,135.0,445.0,0.0
23514,100.0,318.0,0.0
23515,56.0,397.0,0.0
23516,202.0,421.0,0.0
23517,20.0,506.0,0.0
23518,129.0,301.0,0.0
23519,91.0,185.0,0.0
23520,113.0,544.0,0.0
23521,20.0,371.0,0.0
23522,111.0,104.0,0.0
23523,213.0,461.0,0.0
23524,205.0,237.0,0.0
23525,67.0,198.0,0.0
23526,266.0,270.0,0.0
23527,100.0,530.0,0.0
23528,82.0,112.0,0.0
23529,109.0,220.0,0.0
23530,92.0,293.0,0.0
23531,101.0,378.0,0.0
23532,265.0,324.0,0.0
23533,251.0,194.0,0.0
23534,46.0,13.0,0.0
23535,13.0,163.0,0.0
23536,25.0,376.0,0.0
23537,1.0,348.0,0.0
23538,30.0,583.0,0.0
23539,263.0,417.0,0.0
23540,23.0,457.0,0.0
23541,54.0,412.0,0.0
23542,119.0,208.0,0.0
23543,62.0,348.0,0.0
23544,241.0,382.0,0.0
23545,110.0,174.0,0.0
23546,244.0,485.0,0.0
23547,143.0,353.0,0.0
23548,148.0,459.0,0.0
23549,125.0,478.0,0.0
23550,27.0,22.0,0.0
23551,134.0,204.0,0.0
23552,157.0,591.0,0.0
23553,28.0,111.0,0.0
23554,214.0,582.0,0.0
23555,91.0,384.0,0.0
23556,181.0,288.0,0.0
23557,14.0,102.0,0.0
23558,27.0,252.0,0.0
23559,25.0,26.0,0.0
23560,69.0,590.0,0.0
23561,242.0,575.0,0.0
23562,137.0,582.0,0.0
23563,267.0,315.0,0.0
23564,60.0,245.0,0.0
23565,12.0,11.0,0.0
23566,9.0,78.0,0.0
23567,66.0,441.0,0.0
23568,57.0,495.0,0.0
23569,198.0,580.0,0.0
23570,207.0,142.0,0.0
23571,193.0,323.0,0.0
23572,39.0,432.0,0.0
23573,25.0,316.0,0.0
23574,158.0,249.0,0.0
23575,188.0,385.0,0.0
23576,108.0,334.0,0.0
23577,166.0,470.0,0.0
23578,190.0,142.0,0.0
23579,218.0,554.0,0.0
23580,132.0,212.0,0.0
23581,82.0,265.0,0.0
23582,195.0,569.0,0.0
23583,196.0,394.0,0.0
23584,247.0,579.0,0.0
23585,80.0,542.0,0.0
23586,175.0,43.0,0.0
23587,63.0,225.0,0.0
23588,268.0,211.0,0.0
23589,89.0,537.0,0.0
23590,207.0,110.0,0.0
23591,194.0,107.0,0.0
23592,179.0,381.0,0.0
23593,87.0,529.0,0.0
23594,30.0,142.0,0.0
23595,53.0,146.0,0.0
23596,33.0,424.0,0.0
23597,152.0,504.0,0.0
23598,97.0,269.0,0.0
23599,183.0,414.0,0.0
23600,247.0,152.0,0.0
23601,103.0,88.0,0.0
23602,5.0,530.0,0.0
23603,225.0,154.0,0.0
23604,71.0,67.0,0.0
23605,129.0,319.0,0.0
23606,266.0,172.0,0.0
23607,120.0,402.0,0.0
23608,166.0,212.0,0.0
23609,199.0,230.0,0.0
23610,34.0,452.0,0.0
23611,111.0,246.0,0.0
23612,259.0,19.0,0.0
23613,57.0,235.0,0.0
23614,134.0,536.0,0.0
23615,84.0,497.0,0.0
23616,9.0,130.0,0.0
23617,54.0,266.0,0.0
23618,264.0,474.0,0.0
23619,0.0,65.0,0.0
23620,29.0,578.0,0.0
23621,179.0,71.0,0.0
23622,74.0,495.0,0.0
23623,90.0,505.0,0.0
23624,107.0,359.0,0.0
23625,93.0,357.0,0.0
23626,138.0,560.0,0.0
23627,194.0,192.0,0.0
23628,20.0,326.0,0.0
23629,29.0,82.0,0.0
23630,14.0,268.0,0.0
23631,179.0,384.0,0.0
23632,260.0,240.0,0.0
23633,13.0,457.0,0.0
23634,207.0,9.0,0.0
23635,117.0,268.0,0.0
23636,250.0,345.0,0.0
23637,124.0,215.0,0.0
23638,170.0,103.0,0.0
23639,36.0,484.0,0.0
23640,27.0,370.0,0.0
23641,103.0,558.0,0.0
23642,55.0,474.0,0.0
23643,86.0,237.0,0.0
23644,180.0,265.0,0.0
23645,67.0,353.0,0.0
23646,61.0,70.0,0.0
23647,227.0,422.0,0.0
23648,7.0,179.0,0.0
23649,112.0,538.0,0.0
23650,98.0,220.0,0.0
23651,10.0,584.0,0.0
23652,199.0,141.0,0.0
23653,118.0,134.0,0.0
23654,165.0,588.0,0.0
23655,223.0,485.0,0.0
23656,111.0,149.0,0.0
23657,229.0,3.0,0.0
23658,23.0,399.0,0.0
23659,196.0,257.0,0.0
23660,264.0,87.0,0.0
23661,25.0,473.0,0.0
23662,79.0,401.0,0.0
23663,84.0,49.0,0.0
23664,260.0,399.0,0.0
23665,126.0,583.0,0.0
23666,51.0,80.0,0.0
23667,185.0,545.0,0.0
23668,121.0,532.0,0.0
23669,181.0,460.0,0.0
23670,115.0,485.0,0.0
23671,175.0,154.0,0.0
23672,224.0,276.0,0.0
23673,7.0,514.0,0.0
23674,173.0,138.0,0.0
23675,82.0,339.0,0.0
23676,145.0,278.0,0.0
23677,181.0,5.0,0.0
23678,27.0,125.0,0.0
23679,105.0,527.0,0.0
23680,185.0,450.0,0.0
23681,206.0,283.0,0.0
23682,230.0,233.0,0.0
23683,140.0,429.0,0.0
23684,197.0,574.0,0.0
23685,127.0,51.0,0.0
23686,177.0,285.0,0.0
23687,88.0,139.0,0.0
23688,203.0,404.0,0.0
23689,237.0,437.0,0.0
23690,13.0,589.0,0.0
23691,45.0,12.0,0.0
23692,255.0,517.0,0.0
23693,89.0,98.0,0.0
23694,257.0,201.0,0.0
23695,158.0,142.0,0.0
23696,142.0,479.0,0.0
23697,35.0,246.0,0.0
23698,232.0,511.0,0.0
23699,213.0,237.0,0.0
23700,12.0,268.0,0.0
23701,205.0,222.0,0.0
23702,88.0,481.0,0.0
23703,69.0,272.0,0.0
23704,94.0,43.0,0.0
23705,262.0,453.0,0.0
23706,28.0,219.0,0.0
23707,131.0,95.0,0.0
23708,12.0,595.0,0.0
23709,79.0,324.0,0.0
23710,156.0,577.0,0.0
23711,164.0,312.0,0.0
23712,101.0,185.0,0.0
23713,125.0,209.0,0.0
23714,1.0,345.0,0.0
23715,90.0,324.0,0.0
23716,240.0,243.0,0.0
23717,240.0,428.0,0.0
23718,16.0,148.0,0.0
23719,202.0,292.0,0.0
23720,22.0,9.0,0.0
23721,221.0,176.0,0.0
23722,78.0,170.0,0.0
23723,236.0,64.0,0.0
23724,242.0,30.0,0.0
23725,29.0,238.0,0.0
23726,105.0,229.0,0.0
23727,11.0,486.0,0.0
23728,134.0,327.0,0.0
23729,0.0,458.0,0.0
23730,70.0,29.0,0.0
23731,115.0,357.0,0.0
23732,102.0,255.0,0.0
23733,194.0,483.0,0.0
23734,207.0,253.0,0.0
23735,144.0,550.0,0.0
23736,174.0,211.0,0.0
23737,72.0,15.0,0.0
23738,40.0,395.0,0.0
23739,245.0,504.0,0.0
23740,88.0,297.0,0.0
23741,120.0,298.0,0.0
23742,174.0,183.0,0.0
23743,171.0,415.0,0.0
23744,73.0,486.0,0.0
23745,173.0,150.0,0.0
23746,125.0,449.0,0.0
23747,239.0,154.0,0.0
23748,209.0,368.0,0.0
23749,119.0,269.0,0.0
23750,36.0,164.0,0.0
23751,39.0,504.0,0.0
23752,146.0,286.0,0.0
23753,156.0,342.0,0.0
23754,9.0,110.0,0.0
23755,132.0,558.0,0.0
23756,143.0,474.0,0.0
23757,198.0,379.0,0.0
23758,5.0,87.0,0.0
23759,28.0,318.0,0.0
23760,86.0,475.0,0.0
23761,166.0,479.0,0.0
23762,250.0,188.0,0.0
23763,247.0,259.0,0.0
23764,138.0,400.0,0.0
23765,107.0,32.0,0.0
23766,217.0,338.0,0.0
23767,230.0,355.0,0.0
23768,141.0,14.0,0.0
23769,263.0,394.0,0.0
23770,251.0,139.0,0.0
23771,98.0,445.0,0.0
23772,76.0,547.0,0.0
23773,5.0,78.0,0.0
23774,55.0,584.0,0.0
23775,92.0,435.0,0.0
23776,1.0,0.0,0.0
23777,173.0,149.0,0.0
23778,127.0,338.0,0.0
23779,209.0,154.0,0.0
23780,99.0,401.0,0.0
23781,169.0,501.0,0.0
23782,59.0,187.0,0.0
23783,218.0,91.0,0.0
23784,156.0,15.0,0.0
23785,47.0,165.0,0.0
23786,47.0,531.0,0.0
23787,67.0,278.0,0.0
23788,71.0,20.0,0.0
23789,57.0,436.0,0.0
23790,191.0,336.0,0.0
23791,159.0,343.0,0.0
23792,65.0,94.0,0.0
23793,121.0,94.0,0.0
23794,189.0,96.0,0.0
23795,24.0,595.0,0.0
23796,102.0,350.0,0.0
23797,164.0,476.0,0.0
23798,187.0,525.0,0.0
23799,10.0,0.0,0.0
23800,14.0,528.0,0.0
23801,56.0,13.0,0.0
23802,85.0,451.0,0.0
23803,225.0,575.0,0.0
23804,248.0,586.0,0.0
23805,188.0,428.0,0.0
23806,232.0,163.0,0.0
23807,99.0,368.0,0.0
23808,262.0,140.0,0.0
23809,156.0,167.0,0.0
23810,65.0,23.0,0.0
23811,83.0,553.0,0.0
23812,258.0,585.0,0.0
23813,29.0,457.0,0.0
23814,81.0,124.0,0.0
23815,53.0,273.0,0.0
23816,224.0,345.0,0.0
23817,91.0,544.0,0.0
23818,81.0,414.0,0.0
23819,137.0,362.0,0.0
23820,82.0,197.0,0.0
23821,1.0,157.0,0.0
23822,217.0,297.0,0.0
23823,205.0,279.0,0.0
23824,21.0,578.0,0.0
23825,217.0,512.0,0.0
23826,234.0,174.0,0.0
23827,90.0,249.0,0.0
23828,64.0,499.0,0.0
23829,153.0,105.0,0.0
23830,52.0,161.0,0.0
23831,157.0,532.0,0.0
23832,80.0,320.0,0.0
23833,97.0,468.0,0.0
23834,163.0,249.0,0.0
23835,61.0,299.0,0.0
23836,254.0,41.0,0.0
23837,125.0,252.0,0.0
23838,122.0,238.0,0.0
23839,187.0,184.0,0.0
23840,75.0,294.0,0.0
23841,229.0,21.0,0.0
23842,84.0,231.0,0.0
23843,184.0,153.0,0.0
23844,223.0,37.0,0.0
23845,106.0,411.0,0.0
23846,213.0,314.0,0.0
23847,138.0,371.0,0.0
23848,212.0,434.0,0.0
23849,23.0,91.0,0.0
23850,198.0,348.0,0.0
23851,52.0,192.0,0.0
23852,209.0,62.0,0.0
23853,19.0,156.0,0.0
23854,47.0,453.0,0.0
23855,8.0,507.0,0.0
23856,96.0,503.0,0.0
23857,214.0,63.0,0.0
23858,231.0,267.0,0.0
23859,212.0,280.0,0.0
23860,23.0,525.0,0.0
23861,173.0,293.0,0.0
23862,64.0,164.0,0.0
23863,233.0,407.0,0.0
23864,69.0,335.0,0.0
23865,96.0,250.0,0.0
23866,18.0,131.0,0.0
23867,199.0,480.0,0.0
23868,64.0,536.0,0.0
23869,236.0,387.0,0.0
23870,77.0,88.0,0.0
23871,85.0,19.0,0.0
23872,268.0,153.0,0.0
23873,202.0,450.0,0.0
23874,258.0,184.0,0.0
23875,187.0,243.0,0.0
23876,174.0,16.0,0.0
23877,23.0,337.0,0.0
23878,213.0,560.0,0.0
23879,245.0,342.0,0.0
23880,94.0,449.0,0.0
23881,137.0,389.0,0.0
23882,44.0,114.0,0.0
23883,28.0,89.0,0.0
23884,159.0,76.0,0.0
23885,120.0,280.0,0.0
23886,40.0,393.0,0.0
23887,30.0,346.0,0.0
23888,226.0,409.0,0.0
23889,113.0,410.0,0.0
23890,242.0,450.0,0.0
23891,233.0,525.0,0.0
23892,31.0,585.0,0.0
23893,20.0,185.0,0.0
23894,265.0,325.0,0.0
23895,254.0,526.0,0.0
23896,99.0,61.0,0.0
23897,41.0,236.0,0.0
23898,68.0,488.0,0.0
23899,11.0,181.0,0.0
23900,29.0,486.0,0.0
23901,190.0,474.0,0.0
23902,40.0,345.0,0.0
23903,52.0,462.0,0.0
23904,19.0,138.0,0.0
23905,93.0,489.0,0.0
23906,77.0,283.0,0.0
23907,165.0,139.0,0.0
23908,116.0,153.0,0.0
23909,3.0,416.0,0.0
23910,256.0,494.0,0.0
23911,185.0,290.0,0.0
23912,209.0,473.0,0.0
23913,4.0,188.0,0.0
23914,247.0,256.0,0.0
23915,24.0,494.0,0.0
23916,24.0,559.0,0.0
23917,60.0,521.0,0.0
23918,250.0,248.0,0.0
23919,242.0,21.0,0.0
23920,145.0,534.0,0.0
23921,247.0,274.0,0.0
23922,126.0,482.0,0.0
23923,147.0,336.0,0.0
23924,177.0,329.0,0.0
23925,157.0,555.0,0.0
23926,266.0,551.0,0.0
23927,267.0,401.0,0.0
23928,171.0,511.0,0.0
23929,200.0,435.0,0.0
23930,254.0,562.0,0.0
23931,105.0,9.0,0.0
23932,47.0,374.0,0.0
23933,111.0,523.0,0.0
23934,161.0,209.0,0.0
23935,130.0,398.0,0.0
23936,215.0,40.0,0.0
23937,235.0,429.0,0.0
23938,18.0,313.0,0.0
23939,133.0,122.0,0.0
23940,43.0,52.0,0.0
23941,115.0,500.0,0.0
23942,10.0,283.0,0.0
23943,72.0,129.0,0.0
23944,38.0,420.0,0.0
23945,256.0,6.0,0.0
23946,14.0,257.0,0.0
23947,184.0,53.0,0.0
23948,241.0,389.0,0.0
23949,116.0,354.0,0.0
23950,59.0,475.0,0.0
23951,125.0,531.0,0.0
23952,223.0,350.0,0.0
23953,176.0,253.0,0.0
23954,268.0,204.0,0.0
23955,102.0,571.0,0.0
23956,45.0,519.0,0.0
23957,17.0,104.0,0.0
23958,115.0,362.0,0.0
23959,158.0,530.0,0.0
23960,7.0,243.0,0.0
23961,197.0,553.0,0.0
23962,260.0,192.0,0.0
23963,151.0,594.0,0.0
23964,172.0,403.0,0.0
23965,90.0,12.0,0.0
23966,17.0,198.0,0.0
23967,156.0,72.0,0.0
23968,240.0,533.0,0.0
23969,223.0,333.0,0.0
23970,52.0,482.0,0.0
23971,30.0,429.0,0.0
23972,195.0,539.0,0.0
23973,232.0,166.0,0.0
23974,84.0,43.0,0.0
23975,104.0,521.0,0.0
23976,81.0,129.0,0.0
23977,70.0,94.0,0.0
23978,173.0,409.0,0.0
23979,124.0,249.0,0.0
23980,144.0,235.0,0.0
23981,219.0,100.0,0.0
23982,163.0,423.0,0.0
23983,164.0,552.0,0.0
23984,76.0,510.0,0.0
23985,129.0,495.0,0.0
23986,208.0,152.0,0.0
23987,84.0,458.0,0.0
23988,77.0,127.0,0.0
23989,200.0,178.0,0.0
23990,198.0,361.0,0.0
23991,157.0,223.0,0.0
23992,78.0,175.0,0.0
23993,54.0,137.0,0.0
23994,18.0,403.0,0.0
23995,221.0,50.0,0.0
23996,22.0,208.0,0.0
23997,249.0,567.0,0.0
23998,252.0,269.0,0.0
23999,9.0,248.0,0.0
24000,11.0,200.0,0.0
24001,48.0,282.0,0.0
24002,233.0,169.0,0.0
24003,69.0,46.0,0.0
24004,238.0,532.0,0.0
24005,187.0,99.0,0.0
24006,251.0,220.0,0.0
24007,80.0,422.0,0.0
24008,195.0,283.0,0.0
24009,211.0,431.0,0.0
24010,254.0,460.0,0.0
24011,45.0,486.0,0.0
24012,93.0,389.0,0.0
24013,70.0,114.0,0.0
24014,259.0,236.0,0.0
24015,20.0,78.0,0.0
24016,77.0,250.0,0.0
24017,222.0,211.0,0.0
24018,255.0,569.0,0.0
24019,49.0,435.0,0.0
24020,43.0,548.0,0.0
24021,198.0,161.0,0.0
24022,215.0,578.0,0.0
24023,91.0,526.0,0.0
24024,35.0,381.0,0.0
24025,140.0,394.0,0.0
24026,38.0,237.0,0.0
24027,82.0,561.0,0.0
24028,182.0,226.0,0.0
24029,263.0,585.0,0.0
24030,15.0,312.0,0.0
24031,114.0,456.0,0.0
24032,141.0,251.0,0.0
24033,247.0,356.0,0.0
24034,24.0,368.0,0.0
24035,93.0,107.0,0.0
24036,6.0,340.0,0.0
24037,132.0,564.0,0.0
24038,17.0,163.0,0.0
24039,214.0,86.0,0.0
24040,219.0,539.0,0.0
24041,98.0,512.0,0.0
24042,192.0,306.0,0.0
24043,229.0,119.0,0.0
24044,61.0,515.0,0.0
24045,121.0,594.0,0.0
24046,266.0,487.0,0.0
24047,31.0,245.0,0.0
24048,85.0,477.0,0.0
24049,121.0,275.0,0.0
24050,185.0,323.0,0.0
24051,54.0,172.0,0.0
24052,85.0,579.0,0.0
24053,224.0,359.0,0.0
24054,86.0,487.0,0.0
24055,62.0,42.0,0.0
24056,106.0,482.0,0.0
24057,24.0,446.0,0.0
24058,27.0,272.0,0.0
24059,239.0,401.0,0.0
24060,183.0,53.0,0.0
24061,221.0,314.0,0.0
24062,49.0,491.0,0.0
24063,185.0,410.0,0.0
24064,48.0,456.0,0.0
24065,121.0,494.0,0.0
24066,77.0,18.0,0.0
24067,48.0,535.0,0.0
24068,11.0,302.0,0.0
24069,77.0,347.0,0.0
24070,163.0,235.0,0.0
24071,61.0,424.0,0.0
24072,223.0,133.0,0.0
24073,124.0,178.0,0.0
24074,262.0,255.0,0.0
24075,122.0,488.0,0.0
24076,180.0,10.0,0.0
24077,152.0,279.0,0.0
24078,219.0,262.0,0.0
24079,15.0,72.0,0.0
24080,233.0,58.0,0.0
24081,13.0,242.0,0.0
24082,109.0,299.0,0.0
24083,171.0,540.0,0.0
24084,13.0,104.0,0.0
24085,199.0,461.0,0.0
24086,152.0,538.0,0.0
24087,194.0,261.0,0.0
24088,105.0,505.0,0.0
24089,163.0,257.0,0.0
24090,95.0,442.0,0.0
24091,5.0,559.0,0.0
24092,55.0,406.0,0.0
24093,210.0,103.0,0.0
24094,29.0,333.0,0.0
24095,23.0,365.0,0.0
24096,110.0,388.0,0.0
24097,133.0,438.0,0.0
24098,108.0,131.0,0.0
24099,16.0,395.0,0.0
24100,252.0,146.0,0.0
24101,104.0,25.0,0.0
24102,7.0,479.0,0.0
24103,28.0,537.0,0.0
24104,54.0,476.0,0.0
24105,98.0,331.0,0.0
24106,116.0,504.0,0.0
24107,139.0,433.0,0.0
24108,251.0,300.0,0.0
24109,155.0,496.0,0.0
24110,233.0,449.0,0.0
24111,175.0,237.0,0.0
24112,267.0,133.0,0.0
24113,170.0,165.0,0.0
24114,64.0,399.0,0.0
24115,87.0,580.0,0.0
24116,59.0,546.0,0.0
24117,171.0,152.0,0.0
24118,164.0,371.0,0.0
24119,127.0,180.0,0.0
24120,99.0,134.0,0.0
24121,13.0,0.0,0.0
24122,30.0,198.0,0.0
24123,57.0,401.0,0.0
24124,250.0,311.0,0.0
24125,98.0,504.0,0.0
24126,179.0,343.0,0.0
24127,22.0,587.0,0.0
24128,35.0,261.0,0.0
24129,111.0,154.0,0.0
24130,108.0,243.0,0.0
24131,76.0,41.0,0.0
24132,151.0,42.0,0.0
24133,34.0,544.0,0.0
24134,127.0,127.0,0.0
24135,101.0,273.0,0.0
24136,211.0,158.0,0.0
24137,86.0,61.0,0.0
24138,237.0,69.0,0.0
24139,267.0,527.0,0.0
24140,76.0,169.0,0.0
24141,120.0,484.0,0.0
24142,95.0,265.0,0.0
24143,213.0,588.0,0.0
24144,23.0,248.0,0.0
24145,127.0,97.0,0.0
24146,182.0,0.0,0.0
24147,200.0,597.0,0.0
24148,74.0,142.0,0.0
24149,230.0,88.0,0.0
24150,121.0,556.0,0.0
24151,89.0,270.0,0.0
24152,73.0,237.0,0.0
24153,241.0,258.0,0.0
24154,238.0,502.0,0.0
24155,54.0,431.0,0.0
24156,22.0,327.0,0.0
24157,1.0,314.0,0.0
24158,79.0,511.0,0.0
24159,85.0,454.0,0.0
24160,126.0,29.0,0.0
24161,64.0,588.0,0.0
24162,166.0,58.0,0.0
24163,85.0,124.0,0.0
24164,255.0,241.0,0.0
24165,171.0,72.0,0.0
24166,246.0,118.0,0.0
24167,30.0,580.0,0.0
24168,193.0,490.0,0.0
24169,40.0,447.0,0.0
24170,38.0,559.0,0.0
24171,108.0,64.0,0.0
24172,114.0,168.0,0.0
24173,76.0,174.0,0.0
24174,160.0,403.0,0.0
24175,198.0,487.0,0.0
24176,125.0,294.0,0.0
24177,252.0,219.0,0.0
24178,93.0,84.0,0.0
24179,198.0,484.0,0.0
24180,234.0,319.0,0.0
24181,19.0,545.0,0.0
24182,133.0,296.0,0.0
24183,104.0,236.0,0.0
24184,45.0,536.0,0.0
24185,256.0,258.0,0.0
24186,186.0,496.0,0.0
24187,113.0,111.0,0.0
24188,241.0,544.0,0.0
24189,24.0,142.0,0.0
24190,209.0,592.0,0.0
24191,206.0,71.0,0.0
24192,186.0,112.0,0.0
24193,255.0,198.0,0.0
24194,192.0,464.0,0.0
24195,24.0,588.0,0.0
24196,78.0,559.0,0.0
24197,217.0,401.0,0.0
24198,29.0,310.0,0.0
24199,118.0,591.0,0.0
24200,59.0,375.0,0.0
24201,101.0,305.0,0.0
24202,254.0,338.0,0.0
24203,120.0,37.0,0.0
24204,232.0,444.0,0.0
24205,239.0,483.0,0.0
24206,97.0,544.0,0.0
24207,87.0,332.0,0.0
24208,175.0,518.0,0.0
24209,203.0,273.0,0.0
24210,46.0,520.0,0.0
24211,31.0,546.0,0.0
24212,38.0,506.0,0.0
24213,2.0,299.0,0.0
24214,160.0,265.0,0.0
24215,259.0,358.0,0.0
24216,37.0,123.0,0.0
24217,79.0,70.0,0.0
24218,106.0,301.0,0.0
24219,257.0,162.0,0.0
24220,36.0,362.0,0.0
24221,219.0,28.0,0.0
24222,89.0,263.0,0.0
24223,56.0,142.0,0.0
24224,142.0,476.0,0.0
24225,150.0,37.0,0.0
24226,101.0,526.0,0.0
24227,189.0,215.0,0.0
24228,222.0,110.0,0.0
24229,158.0,326.0,0.0
24230,235.0,280.0,0.0
24231,85.0,384.0,0.0
24232,247.0,288.0,0.0
24233,157.0,549.0,0.0
24234,228.0,1.0,0.0
24235,212.0,302.0,0.0
24236,202.0,38.0,0.0
24237,174.0,246.0,0.0
24238,148.0,449.0,0.0
24239,141.0,216.0,0.0
24240,62.0,2.0,0.0
24241,219.0,364.0,0.0
24242,76.0,559.0,0.0
24243,118.0,385.0,0.0
24244,140.0,583.0,0.0
24245,128.0,506.0,0.0
24246,246.0,191.0,0.0
24247,243.0,384.0,0.0
24248,5.0,306.0,0.0
24249,58.0,155.0,0.0
24250,199.0,368.0,0.0
24251,236.0,209.0,0.0
24252,178.0,277.0,0.0
24253,192.0,151.0,0.0
24254,96.0,19.0,0.0
24255,84.0,450.0,0.0
24256,127.0,137.0,0.0
24257,243.0,334.0,0.0
24258,108.0,537.0,0.0
24259,245.0,300.0,0.0
24260,87.0,139.0,0.0
24261,6.0,135.0,0.0
24262,56.0,305.0,0.0
24263,44.0,497.0,0.0
24264,220.0,324.0,0.0
24265,84.0,380.0,0.0
24266,58.0,255.0,0.0
24267,194.0,368.0,0.0
24268,40.0,188.0,0.0
24269,198.0,280.0,0.0
24270,68.0,175.0,0.0
24271,190.0,440.0,0.0
24272,124.0,124.0,0.0
24273,261.0,29.0,0.0
24274,7.0,482.0,0.0
24275,184.0,551.0,0.0
24276,264.0,465.0,0.0
24277,246.0,62.0,0.0
24278,263.0,499.0,0.0
24279,15.0,395.0,0.0
24280,15.0,289.0,0.0
24281,181.0,208.0,0.0
24282,195.0,574.0,0.0
24283,187.0,177.0,0.0
24284,53.0,201.0,0.0
24285,172.0,425.0,0.0
24286,266.0,203.0,0.0
24287,15.0,580.0,0.0
24288,225.0,547.0,0.0
24289,44.0,593.0,0.0
24290,167.0,209.0,0.0
24291,227.0,172.0,0.0
24292,263.0,319.0,0.0
24293,246.0,23.0,0.0
24294,214.0,328.0,0.0
24295,150.0,368.0,0.0
24296,240.0,62.0,0.0
24297,120.0,413.0,0.0
24298,159.0,25.0,0.0
24299,4.0,113.0,0.0
24300,135.0,126.0,0.0
24301,143.0,543.0,0.0
24302,179.0,188.0,0.0
24303,174.0,275.0,0.0
24304,150.0,67.0,0.0
24305,68.0,502.0,0.0
24306,95.0,422.0,0.0
24307,146.0,107.0,0.0
24308,103.0,425.0,0.0
24309,24.0,563.0,0.0
24310,115.0,188.0,0.0
24311,110.0,452.0,0.0
24312,4.0,429.0,0.0
24313,208.0,508.0,0.0
24314,72.0,583.0,0.0
24315,7.0,491.0,0.0
24316,160.0,572.0,0.0
24317,68.0,511.0,0.0
24318,252.0,31.0,0.0
24319,215.0,388.0,0.0
24320,194.0,285.0,0.0
24321,261.0,74.0,0.0
24322,161.0,596.0,0.0
24323,4.0,73.0,0.0
24324,80.0,532.0,0.0
24325,198.0,539.0,0.0
24326,179.0,561.0,0.0
24327,17.0,125.0,0.0
24328,231.0,596.0,0.0
24329,72.0,444.0,0.0
24330,221.0,80.0,0.0
24331,24.0,72.0,0.0
24332,246.0,565.0,0.0
24333,48.0,226.0,0.0
24334,85.0,347.0,0.0
24335,257.0,406.0,0.0
24336,185.0,510.0,0.0
24337,234.0,157.0,0.0
24338,160.0,202.0,0.0
24339,114.0,365.0,0.0
24340,216.0,32.0,0.0
24341,190.0,271.0,0.0
24342,63.0,541.0,0.0
24343,155.0,534.0,0.0
24344,67.0,383.0,0.0
24345,71.0,211.0,0.0
24346,205.0,551.0,0.0
24347,238.0,35.0,0.0
24348,44.0,513.0,0.0
24349,111.0,442.0,0.0
24350,236.0,449.0,0.0
24351,146.0,284.0,0.0
24352,21.0,34.0,0.0
24353,167.0,338.0,0.0
24354,197.0,298.0,0.0
24355,193.0,144.0,0.0
24356,229.0,593.0,0.0
24357,43.0,547.0,0.0
24358,25.0,323.0,0.0
24359,235.0,69.0,0.0
24360,133.0,286.0,0.0
24361,200.0,573.0,0.0
24362,94.0,459.0,0.0
24363,237.0,553.0,0.0
24364,112.0,558.0,0.0
24365,112.0,337.0,0.0
24366,34.0,180.0,0.0
24367,142.0,456.0,0.0
24368,202.0,71.0,0.0
24369,23.0,535.0,0.0
24370,104.0,240.0,0.0
24371,9.0,537.0,0.0
24372,111.0,400.0,0.0
24373,223.0,328.0,0.0
24374,216.0,413.0,0.0
24375,100.0,326.0,0.0
24376,257.0,337.0,0.0
24377,143.0,108.0,0.0
24378,76.0,271.0,0.0
24379,142.0,342.0,0.0
24380,261.0,384.0,0.0
24381,244.0,98.0,0.0
24382,133.0,597.0,0.0
24383,133.0,210.0,0.0
24384,95.0,51.0,0.0
24385,123.0,201.0,0.0
24386,30.0,43.0,0.0
24387,125.0,20.0,0.0
24388,98.0,205.0,0.0
24389,50.0,427.0,0.0
24390,29.0,516.0,0.0
24391,166.0,404.0,0.0
24392,8.0,528.0,0.0
24393,261.0,278.0,0.0
24394,165.0,102.0,0.0
24395,60.0,309.0,0.0
24396,34.0,188.0,0.0
24397,223.0,514.0,0.0
24398,96.0,86.0,0.0
24399,203.0,71.0,0.0
24400,268.0,400.0,0.0
24401,32.0,521.0,0.0
24402,244.0,35.0,0.0
24403,194.0,408.0,0.0
24404,74.0,563.0,0.0
24405,66.0,350.0,0.0
24406,73.0,307.0,0.0
24407,234.0,229.0,0.0
24408,139.0,459.0,0.0
24409,208.0,594.0,0.0
24410,198.0,457.0,0.0
24411,55.0,574.0,0.0
24412,34.0,336.0,0.0
24413,255.0,433.0,0.0
24414,260.0,540.0,0.0
24415,58.0,321.0,0.0
24416,170.0,80.0,0.0
24417,130.0,552.0,0.0
24418,262.0,145.0,0.0
24419,142.0,250.0,0.0
24420,49.0,390.0,0.0
24421,101.0,528.0,0.0
24422,68.0,552.0,0.0
24423,95.0,78.0,0.0
24424,251.0,142.0,0.0
24425,264.0,523.0,0.0
24426,103.0,521.0,0.0
24427,49.0,519.0,0.0
24428,240.0,189.0,0.0
24429,29.0,74.0,0.0
24430,70.0,283.0,0.0
24431,207.0,506.0,0.0
24432,264.0,32.0,0.0
24433,66.0,395.0,0.0
24434,107.0,414.0,0.0
24435,249.0,16.0,0.0
24436,185.0,109.0,0.0
24437,61.0,374.0,0.0
24438,64.0,8.0,0.0
24439,3.0,260.0,0.0
24440,159.0,136.0,0.0
24441,1.0,393.0,0.0
24442,74.0,271.0,0.0
24443,161.0,49.0,0.0
24444,0.0,368.0,0.0
24445,147.0,519.0,0.0
24446,108.0,256.0,0.0
24447,120.0,333.0,0.0
24448,207.0,288.0,0.0
24449,33.0,389.0,0.0
24450,125.0,142.0,0.0
24451,184.0,121.0,0.0
24452,222.0,457.0,0.0
24453,144.0,135.0,0.0
24454,65.0,174.0,0.0
24455,226.0,387.0,0.0
24456,49.0,433.0,0.0
24457,39.0,304.0,0.0
24458,128.0,480.0,0.0
24459,42.0,574.0,0.0
24460,75.0,422.0,0.0
24461,12.0,53.0,0.0
24462,107.0,271.0,0.0
24463,30.0,524.0,0.0
24464,222.0,582.0,0.0
24465,21.0,407.0,0.0
24466,135.0,499.0,0.0
24467,60.0,485.0,0.0
24468,30.0,145.0,0.0
24469,148.0,246.0,0.0
24470,204.0,575.0,0.0
24471,243.0,254.0,0.0
24472,219.0,137.0,0.0
24473,134.0,303.0,0.0
24474,172.0,207.0,0.0
24475,61.0,364.0,0.0
24476,88.0,569.0,0.0
24477,249.0,388.0,0.0
24478,116.0,244.0,0.0
24479,230.0,206.0,0.0
24480,234.0,327.0,0.0
24481,75.0,355.0,0.0
24482,175.0,588.0,0.0
24483,255.0,465.0,0.0
24484,155.0,309.0,0.0
24485,2.0,486.0,0.0
24486,252.0,338.0,0.0
24487,94.0,152.0,0.0
24488,133.0,440.0,0.0
24489,94.0,595.0,0.0
24490,214.0,78.0,0.0
24491,207.0,364.0,0.0
24492,172.0,505.0,0.0
24493,42.0,248.0,0.0
24494,250.0,181.0,0.0
24495,120.0,246.0,0.0
24496,172.0,65.0,0.0
24497,19.0,8.0,0.0
24498,85.0,15.0,0.0
24499,243.0,109.0,0.0
24500,91.0,372.0,0.0
24501,173.0,430.0,0.0
24502,73.0,326.0,0.0
24503,266.0,575.0,0.0
24504,188.0,541.0,0.0
24505,55.0,213.0,0.0
24506,61.0,129.0,0.0
24507,188.0,143.0,0.0
24508,109.0,139.0,0.0
24509,173.0,194.0,0.0
24510,120.0,532.0,0.0
24511,15.0,149.0,0.0
24512,76.0,8.0,0.0
24513,41.0,580.0,0.0
24514,190.0,579.0,0.0
24515,86.0,284.0,0.0
24516,56.0,178.0,0.0
24517,171.0,375.0,0.0
24518,231.0,395.0,0.0
24519,211.0,424.0,0.0
24520,109.0,125.0,0.0
24521,170.0,312.0,0.0
24522,121.0,569.0,0.0
24523,109.0,368.0,0.0
24524,188.0,322.0,0.0
24525,93.0,131.0,0.0
24526,77.0,400.0,0.0
24527,215.0,229.0,0.0
24528,94.0,194.0,0.0
24529,161.0,289.0,0.0
24530,246.0,270.0,0.0
24531,257.0,465.0,0.0
24532,136.0,401.0,0.0
24533,83.0,9.0,0.0
24534,186.0,527.0,0.0
24535,133.0,316.0,0.0
24536,9.0,253.0,0.0
24537,106.0,98.0,0.0
24538,240.0,76.0,0.0
24539,237.0,153.0,0.0
24540,232.0,328.0,0.0
24541,247.0,404.0,0.0
24542,83.0,23.0,0.0
24543,240.0,397.0,0.0
24544,100.0,367.0,0.0
24545,212.0,529.0,0.0
24546,161.0,31.0,0.0
24547,133.0,217.0,0.0
24548,47.0,131.0,0.0
24549,181.0,326.0,0.0
24550,100.0,435.0,0.0
24551,171.0,509.0,0.0
24552,113.0,394.0,0.0
24553,139.0,549.0,0.0
24554,59.0,27.0,0.0
24555,230.0,28.0,0.0
24556,117.0,363.0,0.0
24557,36.0,429.0,0.0
24558,239.0,435.0,0.0
24559,180.0,230.0,0.0
24560,3.0,300.0,0.0
24561,182.0,516.0,0.0
24562,57.0,44.0,0.0
24563,59.0,528.0,0.0
24564,247.0,119.0,0.0
24565,131.0,324.0,0.0
24566,121.0,278.0,0.0
24567,143.0,516.0,0.0
24568,141.0,513.0,0.0
24569,190.0,519.0,0.0
24570,228.0,420.0,0.0
24571,137.0,204.0,0.0
24572,256.0,370.0,0.0
24573,88.0,452.0,0.0
24574,178.0,285.0,0.0
24575,263.0,125.0,0.0
24576,196.0,31.0,0.0
24577,35.0,2.0,0.0
24578,166.0,139.0,0.0
24579,27.0,29.0,0.0
24580,199.0,415.0,0.0
24581,111.0,168.0,0.0
24582,111.0,268.0,0.0
24583,94.0,456.0,0.0
24584,159.0,546.0,0.0
24585,76.0,103.0,0.0
24586,162.0,359.0,0.0
24587,230.0,320.0,0.0
24588,52.0,267.0,0.0
24589,12.0,489.0,0.0
24590,68.0,325.0,0.0
24591,51.0,88.0,0.0
24592,170.0,170.0,0.0
24593,160.0,574.0,0.0
24594,79.0,525.0,0.0
24595,227.0,247.0,0.0
24596,83.0,141.0,0.0
24597,219.0,430.0,0.0
24598,90.0,309.0,0.0
24599,211.0,409.0,0.0
24600,235.0,427.0,0.0
24601,0.0,505.0,0.0
24602,164.0,49.0,0.0
24603,224.0,23.0,0.0
24604,9.0,217.0,0.0
24605,170.0,260.0,0.0
24606,97.0,197.0,0.0
24607,5.0,112.0,0.0
24608,21.0,537.0,0.0
24609,77.0,477.0,0.0
24610,71.0,512.0,0.0
24611,263.0,213.0,0.0
24612,251.0,5.0,0.0
24613,222.0,471.0,0.0
24614,124.0,399.0,0.0
24615,119.0,128.0,0.0
24616,57.0,141.0,0.0
24617,113.0,89.0,0.0
24618,5.0,309.0,0.0
24619,54.0,233.0,0.0
24620,253.0,387.0,0.0
24621,8.0,166.0,0.0
24622,5.0,66.0,0.0
24623,212.0,10.0,0.0
24624,91.0,138.0,0.0
24625,229.0,399.0,0.0
24626,249.0,322.0,0.0
24627,99.0,231.0,0.0
24628,7.0,267.0,0.0
24629,204.0,269.0,0.0
24630,28.0,544.0,0.0
24631,89.0,297.0,0.0
24632,191.0,356.0,0.0
24633,154.0,36.0,0.0
24634,49.0,256.0,0.0
24635,33.0,559.0,0.0
24636,136.0,119.0,0.0
24637,258.0,182.0,0.0
24638,87.0,509.0,0.0
24639,67.0,509.0,0.0
24640,130.0,326.0,0.0
24641,110.0,40.0,0.0
24642,199.0,318.0,0.0
24643,111.0,307.0,0.0
24644,8.0,176.0,0.0
24645,47.0,281.0,0.0
24646,4.0,352.0,0.0
24647,184.0,170.0,0.0
24648,71.0,433.0,0.0
24649,125.0,155.0,0.0
24650,121.0,208.0,0.0
24651,132.0,385.0,0.0
24652,69.0,433.0,0.0
24653,96.0,172.0,0.0
24654,13.0,445.0,0.0
24655,168.0,130.0,0.0
24656,135.0,131.0,0.0
24657,45.0,339.0,0.0
24658,244.0,346.0,0.0
24659,261.0,503.0,0.0
24660,138.0,587.0,0.0
24661,14.0,502.0,0.0
24662,138.0,548.0,0.0
24663,119.0,101.0,0.0
24664,174.0,352.0,0.0
24665,258.0,308.0,0.0
24666,206.0,24.0,0.0
24667,46.0,310.0,0.0
24668,22.0,562.0,0.0
24669,251.0,131.0,0.0
24670,210.0,109.0,0.0
24671,58.0,188.0,0.0
24672,128.0,219.0,0.0
24673,89.0,427.0,0.0
24674,255.0,364.0,0.0
24675,219.0,200.0,0.0
24676,25.0,19.0,0.0
24677,63.0,453.0,0.0
24678,9.0,374.0,0.0
24679,25.0,497.0,0.0
24680,80.0,330.0,0.0
24681,267.0,579.0,0.0
24682,16.0,3.0,0.0
24683,8.0,393.0,0.0
24684,143.0,193.0,0.0
24685,23.0,368.0,0.0
24686,101.0,570.0,0.0
24687,133.0,52.0,0.0
24688,254.0,581.0,0.0
24689,226.0,12.0,0.0
24690,164.0,325.0,0.0
24691,167.0,38.0,0.0
24692,22.0,499.0,0.0
24693,93.0,164.0,0.0
24694,125.0,540.0,0.0
24695,17.0,97.0,0.0
24696,226.0,305.0,0.0
24697,215.0,439.0,0.0
24698,69.0,197.0,0.0
24699,187.0,556.0,0.0
24700,128.0,5.0,0.0
24701,85.0,389.0,0.0
24702,264.0,154.0,0.0
24703,263.0,59.0,0.0
24704,80.0,480.0,0.0
24705,97.0,206.0,0.0
24706,102.0,208.0,0.0
24707,182.0,71.0,0.0
24708,59.0,584.0,0.0
24709,188.0,570.0,0.0
24710,251.0,596.0,0.0
24711,253.0,344.0,0.0
24712,119.0,440.0,0.0
24713,57.0,348.0,0.0
24714,42.0,544.0,0.0
24715,266.0,436.0,0.0
24716,9.0,345.0,0.0
24717,268.0,175.0,0.0
24718,36.0,233.0,0.0
24719,75.0,20.0,0.0
24720,135.0,495.0,0.0
24721,144.0,155.0,0.0
24722,155.0,352.0,0.0
24723,46.0,391.0,0.0
24724,62.0,456.0,0.0
24725,60.0,477.0,0.0
24726,28.0,84.0,0.0
24727,230.0,552.0,0.0
24728,237.0,341.0,0.0
24729,197.0,514.0,0.0
24730,195.0,501.0,0.0
24731,17.0,246.0,0.0
24732,212.0,577.0,0.0
24733,150.0,305.0,0.0
24734,136.0,508.0,0.0
24735,146.0,183.0,0.0
24736,61.0,153.0,0.0
24737,253.0,423.0,0.0
24738,151.0,18.0,0.0
24739,195.0,353.0,0.0
24740,259.0,51.0,0.0
24741,162.0,182.0,0.0
24742,36.0,588.0,0.0
24743,254.0,29.0,0.0
24744,173.0,46.0,0.0
24745,46.0,12.0,0.0
24746,176.0,41.0,0.0
24747,117.0,51.0,0.0
24748,148.0,98.0,0.0
24749,87.0,353.0,0.0
24750,240.0,165.0,0.0
24751,63.0,316.0,0.0
24752,133.0,562.0,0.0
24753,38.0,453.0,0.0
24754,245.0,243.0,0.0
24755,43.0,73.0,0.0
24756,218.0,291.0,0.0
24757,97.0,6.0,0.0
24758,7.0,351.0,0.0
24759,110.0,337.0,0.0
24760,65.0,55.0,0.0
24761,176.0,81.0,0.0
24762,268.0,518.0,0.0
24763,86.0,80.0,0.0
24764,211.0,35.0,0.0
24765,80.0,552.0,0.0
24766,76.0,305.0,0.0
24767,44.0,206.0,0.0
24768,223.0,595.0,0.0
24769,236.0,57.0,0.0
24770,40.0,20.0,0.0
24771,87.0,514.0,0.0
24772,88.0,292.0,0.0
24773,75.0,86.0,0.0
24774,70.0,548.0,0.0
24775,190.0,115.0,0.0
24776,177.0,569.0,0.0
24777,260.0,129.0,0.0
24778,194.0,271.0,0.0
24779,243.0,52.0,0.0
24780,237.0,212.0,0.0
24781,98.0,225.0,0.0
24782,11.0,235.0,0.0
24783,165.0,202.0,0.0
24784,160.0,218.0,0.0
24785,162.0,268.0,0.0
24786,138.0,406.0,0.0
24787,196.0,2.0,0.0
24788,186.0,417.0,0.0
24789,245.0,379.0,0.0
24790,255.0,232.0,0.0
24791,189.0,473.0,0.0
24792,132.0,360.0,0.0
24793,26.0,344.0,0.0
24794,34.0,354.0,0.0
24795,236.0,52.0,0.0
24796,149.0,314.0,0.0
24797,216.0,299.0,0.0
24798,108.0,597.0,0.0
24799,167.0,563.0,0.0
24800,245.0,283.0,0.0
24801,47.0,318.0,0.0
24802,254.0,120.0,0.0
24803,241.0,65.0,0.0
24804,169.0,96.0,0.0
24805,119.0,258.0,0.0
24806,246.0,186.0,0.0
24807,237.0,66.0,0.0
24808,218.0,493.0,0.0
24809,130.0,520.0,0.0
24810,58.0,459.0,0.0
24811,195.0,258.0,0.0
24812,122.0,431.0,0.0
24813,157.0,74.0,0.0
24814,119.0,454.0,0.0
24815,225.0,521.0,0.0
24816,261.0,413.0,0.0
24817,224.0,365.0,0.0
24818,237.0,452.0,0.0
24819,254.0,549.0,0.0
24820,0.0,207.0,0.0
24821,0.0,280.0,0.0
24822,67.0,358.0,0.0
24823,85.0,495.0,0.0
24824,39.0,341.0,0.0
24825,163.0,558.0,0.0
24826,255.0,321.0,0.0
24827,81.0,355.0,0.0
24828,105.0,173.0,0.0
24829,37.0,420.0,0.0
24830,75.0,465.0,0.0
24831,201.0,499.0,0.0
24832,262.0,367.0,0.0
24833,71.0,569.0,0.0
24834,26.0,419.0,0.0
24835,118.0,67.0,0.0
24836,199.0,278.0,0.0
24837,197.0,291.0,0.0
24838,13.0,189.0,0.0
24839,228.0,174.0,0.0
24840,91.0,289.0,0.0
24841,178.0,567.0,0.0
24842,47.0,159.0,0.0
24843,153.0,196.0,0.0
24844,160.0,366.0,0.0
24845,31.0,278.0,0.0
24846,80.0,524.0,0.0
24847,7.0,112.0,0.0
24848,7.0,221.0,0.0
24849,48.0,588.0,0.0
24850,116.0,342.0,0.0
24851,234.0,108.0,0.0
24852,72.0,187.0,0.0
24853,143.0,461.0,0.0
24854,97.0,286.0,0.0
24855,136.0,340.0,0.0
24856,196.0,85.0,0.0
24857,39.0,344.0,0.0
24858,157.0,263.0,0.0
24859,200.0,13.0,0.0
24860,143.0,560.0,0.0
24861,19.0,212.0,0.0
24862,29.0,414.0,0.0
24863,221.0,319.0,0.0
24864,77.0,318.0,0.0
24865,207.0,455.0,0.0
24866,13.0,199.0,0.0
24867,156.0,86.0,0.0
24868,210.0,587.0,0.0
24869,181.0,480.0,0.0
24870,128.0,306.0,0.0
24871,11.0,130.0,0.0
24872,77.0,73.0,0.0
24873,267.0,336.0,0.0
24874,53.0,449.0,0.0
24875,199.0,458.0,0.0
24876,12.0,51.0,0.0
24877,208.0,381.0,0.0
24878,12.0,420.0,0.0
24879,263.0,134.0,0.0
24880,222.0,101.0,0.0
24881,17.0,18.0,0.0
24882,24.0,401.0,0.0
24883,42.0,174.0,0.0
24884,202.0,387.0,0.0
24885,35.0,47.0,0.0
24886,73.0,106.0,0.0
24887,33.0,119.0,0.0
24888,195.0,297.0,0.0
24889,149.0,88.0,0.0
24890,18.0,20.0,0.0
24891,10.0,541.0,0.0
24892,0.0,154.0,0.0
24893,113.0,541.0,0.0
24894,77.0,140.0,0.0
24895,171.0,281.0,0.0
24896,193.0,422.0,0.0
24897,134.0,101.0,0.0
24898,186.0,258.0,0.0
24899,123.0,473.0,0.0
24900,102.0,194.0,0.0
24901,246.0,149.0,0.0
24902,184.0,543.0,0.0
24903,38.0,74.0,0.0
24904,76.0,171.0,0.0
24905,170.0,181.0,0.0
24906,47.0,9.0,0.0
24907,217.0,458.0,0.0
24908,225.0,293.0,0.0
24909,72.0,42.0,0.0
24910,201.0,73.0,0.0
24911,237.0,239.0,0.0
24912,262.0,61.0,0.0
24913,23.0,417.0,0.0
24914,248.0,542.0,0.0
24915,235.0,442.0,0.0
24916,209.0,57.0,0.0
24917,179.0,491.0,0.0
24918,261.0,195.0,0.0
24919,42.0,384.0,0.0
24920,165.0,492.0,0.0
24921,250.0,408.0,0.0
24922,237.0,3.0,0.0
24923,148.0,319.0,0.0
24924,263.0,378.0,0.0
24925,92.0,155.0,0.0
24926,2.0,417.0,0.0
24927,144.0,209.0,0.0
24928,126.0,173.0,0.0
24929,122.0,124.0,0.0
24930,85.0,404.0,0.0
24931,219.0,437.0,0.0
24932,5.0,254.0,0.0
24933,120.0,416.0,0.0
24934,48.0,530.0,0.0
24935,249.0,271.0,0.0
24936,268.0,403.0,0.0
24937,210.0,73.0,0.0
24938,120.0,114.0,0.0
24939,66.0,247.0,0.0
24940,230.0,167.0,0.0
24941,257.0,212.0,0.0
24942,154.0,180.0,0.0
24943,141.0,594.0,0.0
24944,205.0,29.0,0.0
24945,6.0,6.0,0.0
24946,126.0,518.0,0.0
24947,183.0,359.0,0.0
24948,211.0,198.0,0.0
24949,47.0,575.0,0.0
24950,150.0,518.0,0.0
24951,243.0,71.0,0.0
24952,28.0,555.0,0.0
24953,250.0,504.0,0.0
24954,266.0,225.0,0.0
24955,81.0,451.0,0.0
24956,257.0,177.0,0.0
24957,158.0,549.0,0.0
24958,159.0,355.0,0.0
24959,41.0,572.0,0.0
24960,186.0,154.0,0.0
24961,80.0,588.0,0.0
24962,98.0,588.0,0.0
24963,200.0,26.0,0.0
24964,224.0,495.0,0.0
24965,52.0,548.0,0.0
24966,257.0,204.0,0.0
24967,49.0,141.0,0.0
24968,191.0,500.0,0.0
24969,18.0,202.0,0.0
24970,178.0,255.0,0.0
24971,188.0,152.0,0.0
24972,80.0,130.0,0.0
24973,195.0,61.0,0.0
24974,90.0,34.0,0.0
24975,100.0,115.0,0.0
24976,204.0,310.0,0.0
24977,109.0,162.0,0.0
24978,91.0,553.0,0.0
24979,186.0,401.0,0.0
24980,238.0,518.0,0.0
24981,140.0,421.0,0.0
24982,68.0,503.0,0.0
24983,228.0,21.0,0.0
24984,235.0,159.0,0.0
24985,243.0,480.0,0.0
24986,139.0,401.0,0.0
24987,171.0,297.0,0.0
24988,104.0,261.0,0.0
24989,236.0,85.0,0.0
24990,229.0,523.0,0.0
24991,206.0,84.0,0.0
24992,183.0,353.0,0.0
24993,128.0,173.0,0.0
24994,49.0,109.0,0.0
24995,202.0,317.0,0.0
24996,99.0,588.0,0.0
24997,222.0,25.0,0.0
24998,186.0,79.0,0.0
24999,122.0,344.0,0.0
25000,106.0,7.0,0.0
25001,251.0,228.0,0.0
25002,90.0,240.0,0.0
25003,163.0,95.0,0.0
25004,198.0,150.0,0.0
25005,173.0,310.0,0.0
25006,21.0,389.0,0.0
25007,138.0,574.0,0.0
25008,225.0,184.0,0.0
25009,184.0,69.0,0.0
25010,256.0,585.0,0.0
25011,86.0,276.0,0.0
25012,211.0,449.0,0.0
25013,170.0,448.0,0.0
25014,91.0,63.0,0.0
25015,153.0,320.0,0.0
25016,22.0,193.0,0.0
25017,89.0,536.0,0.0
25018,35.0,405.0,0.0
25019,153.0,78.0,0.0
25020,262.0,570.0,0.0
25021,197.0,209.0,0.0
25022,93.0,9.0,0.0
25023,244.0,407.0,0.0
25024,77.0,422.0,0.0
25025,54.0,174.0,0.0
25026,24.0,240.0,0.0
25027,143.0,566.0,0.0
25028,109.0,431.0,0.0
25029,67.0,481.0,0.0
25030,144.0,551.0,0.0
25031,179.0,6.0,0.0
25032,184.0,29.0,0.0
25033,210.0,490.0,0.0
25034,192.0,84.0,0.0
25035,90.0,46.0,0.0
25036,226.0,582.0,0.0
25037,177.0,223.0,0.0
25038,221.0,520.0,0.0
25039,203.0,429.0,0.0
25040,263.0,314.0,0.0
25041,123.0,507.0,0.0
25042,101.0,93.0,0.0
25043,52.0,40.0,0.0
25044,129.0,138.0,0.0
25045,120.0,407.0,0.0
25046,216.0,62.0,0.0
25047,238.0,484.0,0.0
25048,81.0,540.0,0.0
25049,221.0,20.0,0.0
25050,222.0,350.0,0.0
25051,107.0,338.0,0.0
25052,120.0,558.0,0.0
25053,260.0,238.0,0.0
25054,171.0,66.0,0.0
25055,26.0,488.0,0.0
25056,120.0,289.0,0.0
25057,70.0,413.0,0.0
25058,95.0,355.0,0.0
25059,231.0,492.0,0.0
25060,40.0,366.0,0.0
25061,246.0,218.0,0.0
25062,237.0,88.0,0.0
25063,213.0,406.0,0.0
25064,250.0,80.0,0.0
25065,63.0,437.0,0.0
25066,80.0,526.0,0.0
25067,34.0,512.0,0.0
25068,239.0,407.0,0.0
25069,6.0,589.0,0.0
25070,134.0,493.0,0.0
25071,193.0,505.0,0.0
25072,198.0,469.0,0.0
25073,68.0,222.0,0.0
25074,84.0,545.0,0.0
25075,97.0,56.0,0.0
25076,119.0,199.0,0.0
25077,15.0,393.0,0.0
25078,25.0,421.0,0.0
25079,235.0,523.0,0.0
25080,68.0,123.0,0.0
25081,244.0,381.0,0.0
25082,43.0,285.0,0.0
25083,213.0,211.0,0.0
25084,64.0,591.0,0.0
25085,82.0,552.0,0.0
25086,16.0,8.0,0.0
25087,86.0,530.0,0.0
25088,105.0,162.0,0.0
25089,214.0,353.0,0.0
25090,250.0,65.0,0.0
25091,199.0,329.0,0.0
25092,133.0,527.0,0.0
25093,194.0,229.0,0.0
25094,66.0,415.0,0.0
25095,140.0,531.0,0.0
25096,186.0,555.0,0.0
25097,25.0,208.0,0.0
25098,106.0,472.0,0.0
25099,152.0,359.0,0.0
25100,211.0,389.0,0.0
25101,240.0,13.0,0.0
25102,173.0,170.0,0.0
25103,193.0,526.0,0.0
25104,240.0,211.0,0.0
25105,196.0,165.0,0.0
25106,250.0,240.0,0.0
25107,79.0,441.0,0.0
25108,235.0,51.0,0.0
25109,267.0,183.0,0.0
25110,250.0,221.0,0.0
25111,41.0,363.0,0.0
25112,66.0,287.0,0.0
25113,53.0,555.0,0.0
25114,213.0,506.0,0.0
25115,181.0,4.0,0.0
25116,91.0,530.0,0.0
25117,100.0,305.0,0.0
25118,206.0,31.0,0.0
25119,267.0,22.0,0.0
25120,131.0,294.0,0.0
25121,258.0,340.0,0.0
25122,212.0,565.0,0.0
25123,251.0,353.0,0.0
25124,233.0,364.0,0.0
25125,75.0,404.0,0.0
25126,138.0,458.0,0.0
25127,23.0,219.0,0.0
25128,25.0,433.0,0.0
25129,160.0,394.0,0.0
25130,54.0,214.0,0.0
25131,9.0,588.0,0.0
25132,106.0,288.0,0.0
25133,104.0,375.0,0.0
25134,246.0,321.0,0.0
25135,53.0,3.0,0.0
25136,194.0,264.0,0.0
25137,97.0,428.0,0.0
25138,26.0,532.0,0.0
25139,40.0,179.0,0.0
25140,218.0,44.0,0.0
25141,96.0,335.0,0.0
25142,121.0,396.0,0.0
25143,97.0,519.0,0.0
25144,5.0,428.0,0.0
25145,258.0,7.0,0.0
25146,187.0,21.0,0.0
25147,191.0,212.0,0.0
25148,255.0,133.0,0.0
25149,95.0,476.0,0.0
25150,121.0,242.0,0.0
25151,101.0,174.0,0.0
25152,133.0,105.0,0.0
25153,84.0,517.0,0.0
25154,110.0,550.0,0.0
25155,137.0,355.0,0.0
25156,246.0,38.0,0.0
25157,10.0,554.0,0.0
25158,19.0,466.0,0.0
25159,220.0,322.0,0.0
25160,266.0,82.0,0.0
25161,13.0,292.0,0.0
25162,171.0,214.0,0.0
25163,180.0,266.0,0.0
25164,84.0,527.0,0.0
25165,25.0,122.0,0.0
25166,190.0,564.0,0.0
25167,248.0,546.0,0.0
25168,0.0,95.0,0.0
25169,185.0,356.0,0.0
25170,75.0,303.0,0.0
25171,242.0,508.0,0.0
25172,162.0,197.0,0.0
25173,127.0,193.0,0.0
25174,265.0,559.0,0.0
25175,139.0,585.0,0.0
25176,170.0,502.0,0.0
25177,147.0,243.0,0.0
25178,61.0,546.0,0.0
25179,254.0,261.0,0.0
25180,266.0,467.0,0.0
25181,145.0,165.0,0.0
25182,267.0,170.0,0.0
25183,212.0,499.0,0.0
25184,227.0,561.0,0.0
25185,170.0,563.0,0.0
25186,143.0,491.0,0.0
25187,250.0,13.0,0.0
25188,231.0,582.0,0.0
25189,172.0,117.0,0.0
25190,14.0,561.0,0.0
25191,31.0,7.0,0.0
25192,72.0,489.0,0.0
25193,222.0,420.0,0.0
25194,4.0,356.0,0.0
25195,38.0,496.0,0.0
25196,48.0,203.0,0.0
25197,138.0,86.0,0.0
25198,204.0,556.0,0.0
25199,246.0,456.0,0.0
25200,182.0,565.0,0.0
25201,212.0,409.0,0.0
25202,111.0,297.0,0.0
25203,253.0,262.0,0.0
25204,168.0,443.0,0.0
25205,216.0,131.0,0.0
25206,133.0,142.0,0.0
25207,15.0,591.0,0.0
25208,58.0,356.0,0.0
25209,35.0,77.0,0.0
25210,208.0,515.0,0.0
25211,2.0,234.0,0.0
25212,217.0,18.0,0.0
25213,226.0,197.0,0.0
25214,110.0,547.0,0.0
25215,255.0,61.0,0.0
25216,206.0,333.0,0.0
25217,12.0,261.0,0.0
25218,192.0,485.0,0.0
25219,240.0,93.0,0.0
25220,187.0,379.0,0.0
25221,259.0,425.0,0.0
25222,242.0,435.0,0.0
25223,201.0,361.0,0.0
25224,174.0,583.0,0.0
25225,217.0,88.0,0.0
25226,171.0,209.0,0.0
25227,7.0,500.0,0.0
25228,88.0,293.0,0.0
25229,201.0,117.0,0.0
25230,50.0,528.0,0.0
25231,71.0,597.0,0.0
25232,134.0,211.0,0.0
25233,172.0,471.0,0.0
25234,82.0,184.0,0.0
25235,134.0,134.0,0.0
25236,205.0,559.0,0.0
25237,71.0,40.0,0.0
25238,110.0,344.0,0.0
25239,257.0,510.0,0.0
25240,250.0,37.0,0.0
25241,144.0,590.0,0.0
25242,253.0,118.0,0.0
25243,189.0,276.0,0.0
25244,186.0,317.0,0.0
25245,153.0,4.0,0.0
25246,177.0,200.0,0.0
25247,161.0,333.0,0.0
25248,161.0,18.0,0.0
25249,31.0,548.0,0.0
25250,25.0,213.0,0.0
25251,33.0,278.0,0.0
25252,134.0,74.0,0.0
25253,45.0,102.0,0.0
25254,86.0,500.0,0.0
25255,129.0,428.0,0.0
25256,23.0,550.0,0.0
25257,253.0,257.0,0.0
25258,161.0,82.0,0.0
25259,135.0,574.0,0.0
25260,29.0,429.0,0.0
25261,92.0,552.0,0.0
25262,80.0,68.0,0.0
25263,188.0,581.0,0.0
25264,158.0,9.0,0.0
25265,40.0,439.0,0.0
25266,201.0,534.0,0.0
25267,259.0,515.0,0.0
25268,88.0,323.0,0.0
25269,64.0,541.0,0.0
25270,124.0,190.0,0.0
25271,103.0,422.0,0.0
25272,74.0,54.0,0.0
25273,160.0,120.0,0.0
25274,62.0,563.0,0.0
25275,101.0,287.0,0.0
25276,50.0,582.0,0.0
25277,100.0,154.0,0.0
25278,226.0,152.0,0.0
25279,212.0,386.0,0.0
25280,235.0,496.0,0.0
25281,187.0,1.0,0.0
25282,44.0,165.0,0.0
25283,235.0,450.0,0.0
25284,147.0,315.0,0.0
25285,228.0,123.0,0.0
25286,163.0,258.0,0.0
25287,67.0,322.0,0.0
25288,7.0,557.0,0.0
25289,256.0,461.0,0.0
25290,251.0,255.0,0.0
25291,101.0,6.0,0.0
25292,35.0,360.0,0.0
25293,184.0,293.0,0.0
25294,150.0,283.0,0.0
25295,86.0,299.0,0.0
25296,129.0,389.0,0.0
25297,14.0,294.0,0.0
25298,28.0,500.0,0.0
25299,121.0,141.0,0.0
25300,105.0,330.0,0.0
25301,35.0,369.0,0.0
25302,173.0,65.0,0.0
25303,83.0,391.0,0.0
25304,171.0,189.0,0.0
25305,44.0,415.0,0.0
25306,130.0,258.0,0.0
25307,195.0,427.0,0.0
25308,163.0,568.0,0.0
25309,25.0,466.0,0.0
25310,176.0,269.0,0.0
25311,162.0,410.0,0.0
25312,131.0,372.0,0.0
25313,7.0,501.0,0.0
25314,231.0,192.0,0.0
25315,4.0,108.0,0.0
25316,180.0,297.0,0.0
25317,154.0,500.0,0.0
25318,38.0,508.0,0.0
25319,174.0,182.0,0.0
25320,197.0,538.0,0.0
25321,44.0,112.0,0.0
25322,231.0,511.0,0.0
25323,184.0,442.0,0.0
25324,137.0,243.0,0.0
25325,146.0,79.0,0.0
25326,171.0,10.0,0.0
25327,23.0,189.0,0.0
25328,55.0,126.0,0.0
25329,143.0,264.0,0.0
25330,64.0,468.0,0.0
25331,149.0,323.0,0.0
25332,68.0,1.0,0.0
25333,239.0,487.0,0.0
25334,251.0,433.0,0.0
25335,200.0,324.0,0.0
25336,57.0,62.0,0.0
25337,13.0,2.0,0.0
25338,83.0,473.0,0.0
25339,142.0,432.0,0.0
25340,186.0,158.0,0.0
25341,235.0,521.0,0.0
25342,138.0,154.0,0.0
25343,104.0,30.0,0.0
25344,167.0,119.0,0.0
25345,159.0,132.0,0.0
25346,259.0,187.0,0.0
25347,11.0,301.0,0.0
25348,155.0,141.0,0.0
25349,21.0,128.0,0.0
25350,130.0,490.0,0.0
25351,62.0,97.0,0.0
25352,74.0,334.0,0.0
25353,230.0,593.0,0.0
25354,200.0,30.0,0.0
25355,39.0,87.0,0.0
25356,64.0,48.0,0.0
25357,184.0,449.0,0.0
25358,143.0,123.0,0.0
25359,192.0,14.0,0.0
25360,161.0,477.0,0.0
25361,20.0,450.0,0.0
25362,153.0,165.0,0.0
25363,7.0,210.0,0.0
25364,60.0,199.0,0.0
25365,100.0,399.0,0.0
25366,253.0,81.0,0.0
25367,212.0,270.0,0.0
25368,19.0,70.0,0.0
25369,120.0,517.0,0.0
25370,36.0,81.0,0.0
25371,2.0,569.0,0.0
25372,235.0,206.0,0.0
25373,61.0,63.0,0.0
25374,30.0,53.0,0.0
25375,197.0,406.0,0.0
25376,33.0,173.0,0.0
25377,137.0,49.0,0.0
25378,228.0,513.0,0.0
25379,210.0,185.0,0.0
25380,1.0,145.0,0.0
25381,1.0,215.0,0.0
25382,122.0,167.0,0.0
25383,48.0,167.0,0.0
25384,121.0,404.0,0.0
25385,227.0,404.0,0.0
25386,212.0,446.0,0.0
25387,20.0,403.0,0.0
25388,198.0,174.0,0.0
25389,162.0,566.0,0.0
25390,47.0,512.0,0.0
25391,86.0,174.0,0.0
25392,254.0,222.0,0.0
25393,143.0,128.0,0.0
25394,85.0,227.0,0.0
25395,92.0,589.0,0.0
25396,246.0,329.0,0.0
25397,8.0,118.0,0.0
25398,126.0,255.0,0.0
25399,23.0,329.0,0.0
25400,229.0,75.0,0.0
25401,192.0,198.0,0.0
25402,161.0,176.0,0.0
25403,2.0,70.0,0.0
25404,1.0,414.0,0.0
25405,170.0,363.0,0.0
25406,236.0,431.0,0.0
25407,183.0,180.0,0.0
25408,40.0,378.0,0.0
25409,225.0,407.0,0.0
25410,8.0,350.0,0.0
25411,209.0,6.0,0.0
25412,226.0,345.0,0.0
25413,127.0,269.0,0.0
25414,91.0,168.0,0.0
25415,215.0,549.0,0.0
25416,139.0,70.0,0.0
25417,179.0,255.0,0.0
25418,190.0,74.0,0.0
25419,155.0,374.0,0.0
25420,248.0,403.0,0.0
25421,235.0,351.0,0.0
25422,221.0,262.0,0.0
25423,93.0,220.0,0.0
25424,244.0,442.0,0.0
25425,124.0,239.0,0.0
25426,163.0,401.0,0.0
25427,72.0,245.0,0.0
25428,113.0,251.0,0.0
25429,190.0,248.0,0.0
25430,18.0,308.0,0.0
25431,190.0,362.0,0.0
25432,14.0,61.0,0.0
25433,128.0,188.0,0.0
25434,190.0,66.0,0.0
25435,141.0,511.0,0.0
25436,38.0,332.0,0.0
25437,57.0,218.0,0.0
25438,119.0,43.0,0.0
25439,76.0,135.0,0.0
25440,45.0,110.0,0.0
25441,157.0,58.0,0.0
25442,93.0,561.0,0.0
25443,220.0,439.0,0.0
25444,256.0,383.0,0.0
25445,189.0,363.0,0.0
25446,231.0,451.0,0.0
25447,50.0,166.0,0.0
25448,55.0,112.0,0.0
25449,251.0,143.0,0.0
25450,214.0,314.0,0.0
25451,219.0,504.0,0.0
25452,4.0,166.0,0.0
25453,186.0,582.0,0.0
25454,263.0,71.0,0.0
25455,49.0,215.0,0.0
25456,198.0,190.0,0.0
25457,243.0,471.0,0.0
25458,81.0,597.0,0.0
25459,224.0,538.0,0.0
25460,227.0,29.0,0.0
25461,133.0,478.0,0.0
25462,61.0,296.0,0.0
25463,14.0,98.0,0.0
25464,53.0,40.0,0.0
25465,0.0,76.0,0.0
25466,231.0,125.0,0.0
25467,155.0,155.0,0.0
25468,66.0,549.0,0.0
25469,38.0,227.0,0.0
25470,203.0,283.0,0.0
25471,124.0,244.0,0.0
25472,42.0,349.0,0.0
25473,1.0,407.0,0.0
25474,194.0,200.0,0.0
25475,26.0,421.0,0.0
25476,252.0,376.0,0.0
25477,124.0,310.0,0.0
25478,160.0,305.0,0.0
25479,252.0,356.0,0.0
25480,30.0,48.0,0.0
25481,210.0,359.0,0.0
25482,95.0,195.0,0.0
25483,247.0,443.0,0.0
25484,182.0,493.0,0.0
25485,32.0,445.0,0.0
25486,240.0,259.0,0.0
25487,239.0,239.0,0.0
25488,3.0,490.0,0.0
25489,22.0,104.0,0.0
25490,218.0,310.0,0.0
25491,144.0,15.0,0.0
25492,252.0,572.0,0.0
25493,9.0,135.0,0.0
25494,6.0,173.0,0.0
25495,199.0,375.0,0.0
25496,23.0,157.0,0.0
25497,261.0,122.0,0.0
25498,112.0,123.0,0.0
25499,110.0,378.0,0.0
25500,42.0,88.0,0.0
25501,140.0,563.0,0.0
25502,195.0,18.0,0.0
25503,204.0,423.0,0.0
25504,78.0,480.0,0.0
25505,46.0,494.0,0.0
25506,140.0,453.0,0.0
25507,244.0,231.0,0.0
25508,126.0,470.0,0.0
25509,211.0,367.0,0.0
25510,137.0,519.0,0.0
25511,80.0,415.0,0.0
25512,26.0,255.0,0.0
25513,124.0,432.0,0.0
25514,222.0,306.0,0.0
25515,93.0,393.0,0.0
25516,206.0,148.0,0.0
25517,184.0,472.0,0.0
25518,229.0,11.0,0.0
25519,211.0,77.0,0.0
25520,121.0,228.0,0.0
25521,73.0,342.0,0.0
25522,23.0,340.0,0.0
25523,268.0,251.0,0.0
25524,167.0,315.0,0.0
25525,28.0,200.0,0.0
25526,232.0,321.0,0.0
25527,115.0,264.0,0.0
25528,20.0,6.0,0.0
25529,154.0,339.0,0.0
25530,172.0,177.0,0.0
25531,40.0,222.0,0.0
25532,238.0,257.0,0.0
25533,192.0,528.0,0.0
25534,24.0,310.0,0.0
25535,6.0,120.0,0.0
25536,78.0,110.0,0.0
25537,98.0,471.0,0.0
25538,41.0,484.0,0.0
25539,211.0,282.0,0.0
25540,90.0,279.0,0.0
25541,72.0,68.0,0.0
25542,46.0,8.0,0.0
25543,122.0,511.0,0.0
25544,229.0,369.0,0.0
25545,136.0,530.0,0.0
25546,180.0,363.0,0.0
25547,131.0,308.0,0.0
25548,189.0,453.0,0.0
25549,59.0,436.0,0.0
25550,66.0,276.0,0.0
25551,71.0,28.0,0.0
25552,66.0,227.0,0.0
25553,153.0,339.0,0.0
25554,198.0,78.0,0.0
25555,33.0,447.0,0.0
25556,185.0,21.0,0.0
25557,149.0,327.0,0.0
25558,198.0,140.0,0.0
25559,112.0,129.0,0.0
25560,18.0,549.0,0.0
25561,80.0,134.0,0.0
25562,7.0,352.0,0.0
25563,142.0,197.0,0.0
25564,237.0,131.0,0.0
25565,38.0,15.0,0.0
25566,105.0,328.0,0.0
25567,204.0,377.0,0.0
25568,74.0,332.0,0.0
25569,89.0,53.0,0.0
25570,192.0,187.0,0.0
25571,180.0,200.0,0.0
25572,216.0,284.0,0.0
25573,141.0,375.0,0.0
25574,56.0,494.0,0.0
25575,153.0,478.0,0.0
25576,148.0,497.0,0.0
25577,154.0,393.0,0.0
25578,177.0,101.0,0.0
25579,265.0,434.0,0.0
25580,150.0,66.0,0.0
25581,140.0,471.0,0.0
25582,88.0,437.0,0.0
25583,50.0,52.0,0.0
25584,27.0,486.0,0.0
25585,245.0,570.0,0.0
25586,134.0,190.0,0.0
25587,72.0,295.0,0.0
25588,181.0,537.0,0.0
25589,80.0,22.0,0.0
25590,82.0,547.0,0.0
25591,135.0,481.0,0.0
25592,77.0,429.0,0.0
25593,28.0,485.0,0.0
25594,110.0,439.0,0.0
25595,126.0,60.0,0.0
25596,267.0,354.0,0.0
25597,180.0,541.0,0.0
25598,235.0,13.0,0.0
25599,11.0,525.0,0.0
25600,163.0,262.0,0.0
25601,82.0,534.0,0.0
25602,206.0,152.0,0.0
25603,135.0,365.0,0.0
25604,92.0,492.0,0.0
25605,92.0,537.0,0.0
25606,19.0,79.0,0.0
25607,113.0,344.0,0.0
25608,249.0,169.0,0.0
25609,195.0,551.0,0.0
25610,160.0,313.0,0.0
25611,213.0,547.0,0.0
25612,13.0,353.0,0.0
25613,56.0,299.0,0.0
25614,40.0,458.0,0.0
25615,78.0,227.0,0.0
25616,40.0,560.0,0.0
25617,41.0,565.0,0.0
25618,117.0,254.0,0.0
25619,203.0,83.0,0.0
25620,129.0,483.0,0.0
25621,122.0,23.0,0.0
25622,48.0,590.0,0.0
25623,104.0,170.0,0.0
25624,118.0,426.0,0.0
25625,72.0,350.0,0.0
25626,149.0,434.0,0.0
25627,263.0,187.0,0.0
25628,4.0,2.0,0.0
25629,110.0,232.0,0.0
25630,190.0,469.0,0.0
25631,83.0,32.0,0.0
25632,243.0,263.0,0.0
25633,191.0,474.0,0.0
25634,113.0,334.0,0.0
25635,139.0,259.0,0.0
25636,182.0,152.0,0.0
25637,27.0,79.0,0.0
25638,14.0,47.0,0.0
25639,247.0,373.0,0.0
25640,32.0,164.0,0.0
25641,21.0,557.0,0.0
25642,187.0,168.0,0.0
25643,2.0,335.0,0.0
25644,106.0,89.0,0.0
25645,183.0,161.0,0.0
25646,42.0,104.0,0.0
25647,63.0,442.0,0.0
25648,199.0,246.0,0.0
25649,225.0,197.0,0.0
25650,89.0,527.0,0.0
25651,22.0,232.0,0.0
25652,99.0,196.0,0.0
25653,93.0,20.0,0.0
25654,56.0,595.0,0.0
25655,83.0,80.0,0.0
25656,225.0,176.0,0.0
25657,6.0,345.0,0.0
25658,45.0,300.0,0.0
25659,163.0,403.0,0.0
25660,110.0,340.0,0.0
25661,119.0,560.0,0.0
25662,128.0,533.0,0.0
25663,188.0,506.0,0.0
25664,80.0,131.0,0.0
25665,113.0,273.0,0.0
25666,80.0,4.0,0.0
25667,142.0,111.0,0.0
25668,105.0,564.0,0.0
25669,42.0,420.0,0.0
25670,141.0,46.0,0.0
25671,263.0,336.0,0.0
25672,71.0,168.0,0.0
25673,138.0,314.0,0.0
25674,110.0,34.0,0.0
25675,62.0,415.0,0.0
25676,253.0,223.0,0.0
25677,68.0,140.0,0.0
25678,134.0,51.0,0.0
25679,236.0,404.0,0.0
25680,72.0,551.0,0.0
25681,176.0,413.0,0.0
25682,77.0,570.0,0.0
25683,96.0,63.0,0.0
25684,98.0,574.0,0.0
25685,24.0,535.0,0.0
25686,163.0,575.0,0.0
25687,192.0,263.0,0.0
25688,184.0,249.0,0.0
25689,109.0,377.0,0.0
25690,204.0,136.0,0.0
25691,163.0,158.0,0.0
25692,88.0,243.0,0.0
25693,89.0,41.0,0.0
25694,267.0,223.0,0.0
25695,144.0,421.0,0.0
25696,56.0,375.0,0.0
25697,135.0,475.0,0.0
25698,132.0,366.0,0.0
25699,155.0,429.0,0.0
25700,80.0,223.0,0.0
25701,144.0,545.0,0.0
25702,50.0,580.0,0.0
25703,18.0,137.0,0.0
25704,216.0,100.0,0.0
25705,41.0,422.0,0.0
25706,55.0,483.0,0.0
25707,137.0,185.0,0.0
25708,118.0,533.0,0.0
25709,201.0,275.0,0.0
25710,233.0,347.0,0.0
25711,62.0,352.0,0.0
25712,110.0,312.0,0.0
25713,99.0,591.0,0.0
25714,28.0,188.0,0.0
25715,241.0,332.0,0.0
25716,144.0,253.0,0.0
25717,260.0,297.0,0.0
25718,88.0,450.0,0.0
25719,217.0,29.0,0.0
25720,122.0,587.0,0.0
25721,228.0,371.0,0.0
25722,266.0,346.0,0.0
25723,4.0,186.0,0.0
25724,38.0,273.0,0.0
25725,17.0,183.0,0.0
25726,95.0,88.0,0.0
25727,188.0,221.0,0.0
25728,263.0,164.0,0.0
25729,100.0,108.0,0.0
25730,229.0,463.0,0.0
25731,173.0,528.0,0.0
25732,204.0,498.0,0.0
25733,124.0,18.0,0.0
25734,227.0,595.0,0.0
25735,187.0,280.0,0.0
25736,120.0,214.0,0.0
25737,145.0,389.0,0.0
25738,249.0,17.0,0.0
25739,119.0,425.0,0.0
25740,134.0,229.0,0.0
25741,248.0,550.0,0.0
25742,198.0,223.0,0.0
25743,231.0,443.0,0.0
25744,238.0,269.0,0.0
25745,222.0,258.0,0.0
25746,23.0,268.0,0.0
25747,156.0,488.0,0.0
25748,204.0,111.0,0.0
25749,227.0,461.0,0.0
25750,77.0,108.0,0.0
25751,106.0,412.0,0.0
25752,233.0,527.0,0.0
25753,79.0,275.0,0.0
25754,57.0,241.0,0.0
25755,13.0,181.0,0.0
25756,31.0,550.0,0.0
25757,67.0,381.0,0.0
25758,136.0,452.0,0.0
25759,186.0,411.0,0.0
25760,41.0,61.0,0.0
25761,151.0,530.0,0.0
25762,77.0,574.0,0.0
25763,122.0,174.0,0.0
25764,260.0,279.0,0.0
25765,250.0,486.0,0.0
25766,30.0,331.0,0.0
25767,198.0,176.0,0.0
25768,229.0,484.0,0.0
25769,237.0,15.0,0.0
25770,78.0,463.0,0.0
25771,240.0,128.0,0.0
25772,68.0,469.0,0.0
25773,77.0,109.0,0.0
25774,216.0,544.0,0.0
25775,193.0,193.0,0.0
25776,139.0,501.0,0.0
25777,223.0,242.0,0.0
25778,209.0,158.0,0.0
25779,252.0,416.0,0.0
25780,251.0,365.0,0.0
25781,213.0,325.0,0.0
25782,43.0,586.0,0.0
25783,221.0,36.0,0.0
25784,186.0,523.0,0.0
25785,46.0,204.0,0.0
25786,19.0,116.0,0.0
25787,38.0,256.0,0.0
25788,199.0,58.0,0.0
25789,145.0,511.0,0.0
25790,266.0,577.0,0.0
25791,107.0,500.0,0.0
25792,59.0,328.0,0.0
25793,15.0,503.0,0.0
25794,249.0,355.0,0.0
25795,194.0,594.0,0.0
25796,149.0,396.0,0.0
25797,195.0,418.0,0.0
25798,104.0,535.0,0.0
25799,84.0,529.0,0.0
25800,105.0,189.0,0.0
25801,112.0,519.0,0.0
25802,86.0,552.0,0.0
25803,60.0,2.0,0.0
25804,19.0,234.0,0.0
25805,210.0,310.0,0.0
25806,246.0,440.0,0.0
25807,86.0,244.0,0.0
25808,215.0,527.0,0.0
25809,54.0,406.0,0.0
25810,180.0,176.0,0.0
25811,37.0,265.0,0.0
25812,235.0,182.0,0.0
25813,139.0,26.0,0.0
25814,61.0,408.0,0.0
25815,164.0,108.0,0.0
25816,218.0,33.0,0.0
25817,197.0,99.0,0.0
25818,141.0,543.0,0.0
25819,168.0,511.0,0.0
25820,52.0,240.0,0.0
25821,71.0,203.0,0.0
25822,52.0,542.0,0.0
25823,106.0,75.0,0.0
25824,92.0,176.0,0.0
25825,88.0,436.0,0.0
25826,72.0,114.0,0.0
25827,3.0,102.0,0.0
25828,256.0,535.0,0.0
25829,200.0,131.0,0.0
25830,119.0,475.0,0.0
25831,96.0,183.0,0.0
25832,144.0,151.0,0.0
25833,184.0,467.0,0.0
25834,29.0,341.0,0.0
25835,155.0,41.0,0.0
25836,264.0,538.0,0.0
25837,158.0,523.0,0.0
25838,140.0,203.0,0.0
25839,9.0,186.0,0.0
25840,105.0,595.0,0.0
25841,220.0,298.0,0.0
25842,78.0,176.0,0.0
25843,26.0,233.0,0.0
25844,243.0,477.0,0.0
25845,44.0,561.0,0.0
25846,2.0,160.0,0.0
25847,72.0,16.0,0.0
25848,45.0,532.0,0.0
25849,100.0,393.0,0.0
25850,110.0,323.0,0.0
25851,228.0,533.0,0.0
25852,60.0,520.0,0.0
25853,74.0,274.0,0.0
25854,182.0,465.0,0.0
25855,23.0,358.0,0.0
25856,113.0,380.0,0.0
25857,207.0,284.0,0.0
25858,230.0,148.0,0.0
25859,74.0,567.0,0.0
25860,225.0,538.0,0.0
25861,204.0,301.0,0.0
25862,6.0,485.0,0.0
25863,29.0,549.0,0.0
25864,99.0,469.0,0.0
25865,58.0,100.0,0.0
25866,195.0,72.0,0.0
25867,118.0,341.0,0.0
25868,181.0,261.0,0.0
25869,157.0,272.0,0.0
25870,30.0,582.0,0.0
25871,2.0,517.0,0.0
25872,253.0,252.0,0.0
25873,121.0,299.0,0.0
25874,55.0,111.0,0.0
25875,99.0,139.0,0.0
25876,45.0,403.0,0.0
25877,75.0,384.0,0.0
25878,240.0,484.0,0.0
25879,148.0,221.0,0.0
25880,212.0,77.0,0.0
25881,217.0,369.0,0.0
25882,156.0,564.0,0.0
25883,93.0,149.0,0.0
25884,60.0,570.0,0.0
25885,67.0,13.0,0.0
25886,235.0,490.0,0.0
25887,124.0,132.0,0.0
25888,135.0,254.0,0.0
25889,218.0,104.0,0.0
25890,19.0,41.0,0.0
25891,251.0,211.0,0.0
25892,33.0,412.0,0.0
25893,223.0,383.0,0.0
25894,233.0,41.0,0.0
25895,225.0,331.0,0.0
25896,226.0,389.0,0.0
25897,30.0,502.0,0.0
25898,263.0,497.0,0.0
25899,225.0,303.0,0.0
25900,209.0,464.0,0.0
25901,72.0,357.0,0.0
25902,213.0,312.0,0.0
25903,183.0,152.0,0.0
25904,195.0,445.0,0.0
25905,253.0,180.0,0.0
25906,243.0,244.0,0.0
25907,7.0,507.0,0.0
25908,152.0,287.0,0.0
25909,102.0,378.0,0.0
25910,203.0,86.0,0.0
25911,57.0,204.0,0.0
25912,89.0,285.0,0.0
25913,16.0,292.0,0.0
25914,20.0,311.0,0.0
25915,107.0,541.0,0.0
25916,176.0,298.0,0.0
25917,173.0,156.0,0.0
25918,233.0,432.0,0.0
25919,161.0,373.0,0.0
25920,191.0,397.0,0.0
25921,22.0,20.0,0.0
25922,242.0,350.0,0.0
25923,60.0,517.0,0.0
25924,266.0,440.0,0.0
25925,234.0,194.0,0.0
25926,74.0,268.0,0.0
25927,217.0,140.0,0.0
25928,256.0,498.0,0.0
25929,113.0,404.0,0.0
25930,266.0,9.0,0.0
25931,177.0,138.0,0.0
25932,74.0,373.0,0.0
25933,54.0,381.0,0.0
25934,67.0,451.0,0.0
25935,267.0,314.0,0.0
25936,40.0,82.0,0.0
25937,26.0,324.0,0.0
25938,161.0,223.0,0.0
25939,258.0,57.0,0.0
25940,118.0,87.0,0.0
25941,186.0,414.0,0.0
25942,47.0,8.0,0.0
25943,2.0,267.0,0.0
25944,103.0,591.0,0.0
25945,245.0,120.0,0.0
25946,219.0,546.0,0.0
25947,137.0,259.0,0.0
25948,97.0,44.0,0.0
25949,165.0,491.0,0.0
25950,160.0,167.0,0.0
25951,157.0,248.0,0.0
25952,117.0,488.0,0.0
25953,61.0,188.0,0.0
25954,245.0,579.0,0.0
25955,28.0,420.0,0.0
25956,47.0,86.0,0.0
25957,6.0,532.0,0.0
25958,226.0,555.0,0.0
25959,249.0,100.0,0.0
25960,65.0,295.0,0.0
25961,13.0,393.0,0.0
25962,34.0,390.0,0.0
25963,124.0,428.0,0.0
25964,186.0,517.0,0.0
25965,158.0,490.0,0.0
25966,119.0,31.0,0.0
25967,41.0,494.0,0.0
25968,176.0,162.0,0.0
25969,110.0,251.0,0.0
25970,155.0,195.0,0.0
25971,118.0,301.0,0.0
25972,130.0,137.0,0.0
25973,162.0,86.0,0.0
25974,0.0,415.0,0.0
25975,75.0,482.0,0.0
25976,198.0,228.0,0.0
25977,195.0,326.0,0.0
25978,260.0,563.0,0.0
25979,177.0,524.0,0.0
25980,2.0,497.0,0.0
25981,224.0,413.0,0.0
25982,219.0,254.0,0.0
25983,143.0,129.0,0.0
25984,86.0,319.0,0.0
25985,236.0,270.0,0.0
25986,224.0,490.0,0.0
25987,227.0,142.0,0.0
25988,248.0,288.0,0.0
25989,161.0,0.0,0.0
25990,22.0,165.0,0.0
25991,268.0,421.0,0.0
25992,65.0,181.0,0.0
25993,159.0,262.0,0.0
25994,82.0,531.0,0.0
25995,0.0,380.0,0.0
25996,247.0,221.0,0.0
25997,116.0,192.0,0.0
25998,131.0,595.0,0.0
25999,225.0,322.0,0.0
26000,238.0,505.0,0.0
26001,204.0,51.0,0.0
26002,231.0,253.0,0.0
26003,62.0,230.0,0.0
26004,65.0,312.0,0.0
26005,5.0,352.0,0.0
26006,65.0,74.0,0.0
26007,54.0,597.0,0.0
26008,102.0,179.0,0.0
26009,189.0,72.0,0.0
26010,50.0,394.0,0.0
26011,211.0,141.0,0.0
26012,119.0,22.0,0.0
26013,199.0,150.0,0.0
26014,91.0,116.0,0.0
26015,208.0,493.0,0.0
26016,143.0,96.0,0.0
26017,120.0,236.0,0.0
26018,114.0,531.0,0.0
26019,99.0,136.0,0.0
26020,176.0,124.0,0.0
26021,63.0,244.0,0.0
26022,83.0,223.0,0.0
26023,214.0,7.0,0.0
26024,250.0,562.0,0.0
26025,73.0,137.0,0.0
26026,212.0,57.0,0.0
26027,123.0,560.0,0.0
26028,128.0,84.0,0.0
26029,155.0,321.0,0.0
26030,11.0,115.0,0.0
26031,167.0,180.0,0.0
26032,70.0,563.0,0.0
26033,144.0,584.0,0.0
26034,146.0,477.0,0.0
26035,236.0,520.0,0.0
26036,31.0,301.0,0.0
26037,225.0,537.0,0.0
26038,151.0,486.0,0.0
26039,127.0,432.0,0.0
26040,118.0,131.0,0.0
26041,205.0,438.0,0.0
26042,117.0,313.0,0.0
26043,25.0,594.0,0.0
26044,168.0,589.0,0.0
26045,228.0,532.0,0.0
26046,253.0,513.0,0.0
26047,133.0,109.0,0.0
26048,13.0,99.0,0.0
26049,169.0,523.0,0.0
26050,88.0,126.0,0.0
26051,205.0,303.0,0.0
26052,134.0,174.0,0.0
26053,253.0,127.0,0.0
26054,97.0,86.0,0.0
26055,95.0,188.0,0.0
26056,20.0,339.0,0.0
26057,232.0,559.0,0.0
26058,91.0,283.0,0.0
26059,182.0,386.0,0.0
26060,238.0,184.0,0.0
26061,252.0,103.0,0.0
26062,64.0,571.0,0.0
26063,152.0,373.0,0.0
26064,232.0,473.0,0.0
26065,123.0,550.0,0.0
26066,123.0,500.0,0.0
26067,267.0,70.0,0.0
26068,170.0,25.0,0.0
26069,73.0,422.0,0.0
26070,93.0,576.0,0.0
26071,85.0,173.0,0.0
26072,249.0,246.0,0.0
26073,206.0,561.0,0.0
26074,42.0,98.0,0.0
26075,155.0,108.0,0.0
26076,110.0,531.0,0.0
26077,35.0,354.0,0.0
26078,155.0,90.0,0.0
26079,140.0,426.0,0.0
26080,85.0,267.0,0.0
26081,252.0,285.0,0.0
26082,41.0,170.0,0.0
26083,163.0,40.0,0.0
26084,67.0,403.0,0.0
26085,131.0,329.0,0.0
26086,135.0,312.0,0.0
26087,154.0,494.0,0.0
26088,158.0,0.0,0.0
26089,152.0,239.0,0.0
26090,238.0,271.0,0.0
26091,89.0,444.0,0.0
26092,254.0,384.0,0.0
26093,134.0,521.0,0.0
26094,133.0,145.0,0.0
26095,70.0,303.0,0.0
26096,157.0,290.0,0.0
26097,227.0,554.0,0.0
26098,155.0,37.0,0.0
26099,101.0,103.0,0.0
26100,72.0,379.0,0.0
26101,60.0,179.0,0.0
26102,214.0,318.0,0.0
26103,261.0,440.0,0.0
26104,118.0,451.0,0.0
26105,52.0,475.0,0.0
26106,1.0,293.0,0.0
26107,206.0,565.0,0.0
26108,40.0,446.0,0.0
26109,110.0,429.0,0.0
26110,24.0,292.0,0.0
26111,187.0,62.0,0.0
26112,248.0,377.0,0.0
26113,154.0,350.0,0.0
26114,41.0,196.0,0.0
26115,240.0,261.0,0.0
26116,29.0,447.0,0.0
26117,50.0,526.0,0.0
26118,79.0,495.0,0.0
26119,22.0,435.0,0.0
26120,161.0,249.0,0.0
26121,234.0,505.0,0.0
26122,110.0,121.0,0.0
26123,35.0,279.0,0.0
26124,151.0,155.0,0.0
26125,230.0,293.0,0.0
26126,14.0,80.0,0.0
26127,236.0,531.0,0.0
26128,50.0,337.0,0.0
26129,133.0,475.0,0.0
26130,192.0,335.0,0.0
26131,27.0,457.0,0.0
26132,133.0,364.0,0.0
26133,175.0,278.0,0.0
26134,40.0,169.0,0.0
26135,227.0,167.0,0.0
26136,142.0,494.0,0.0
26137,267.0,560.0,0.0
26138,101.0,460.0,0.0
26139,256.0,573.0,0.0
26140,138.0,584.0,0.0
26141,7.0,244.0,0.0
26142,178.0,552.0,0.0
26143,6.0,10.0,0.0
26144,164.0,409.0,0.0
26145,146.0,148.0,0.0
26146,256.0,276.0,0.0
26147,166.0,246.0,0.0
26148,258.0,172.0,0.0
26149,257.0,577.0,0.0
26150,250.0,56.0,0.0
26151,262.0,405.0,0.0
26152,80.0,403.0,0.0
26153,23.0,177.0,0.0
26154,138.0,388.0,0.0
26155,234.0,347.0,0.0
26156,88.0,360.0,0.0
26157,63.0,366.0,0.0
26158,247.0,338.0,0.0
26159,78.0,514.0,0.0
26160,8.0,186.0,0.0
26161,42.0,460.0,0.0
26162,192.0,370.0,0.0
26163,9.0,329.0,0.0
26164,101.0,167.0,0.0
26165,50.0,319.0,0.0
26166,5.0,92.0,0.0
26167,37.0,555.0,0.0
26168,184.0,383.0,0.0
26169,261.0,212.0,0.0
26170,47.0,14.0,0.0
26171,123.0,595.0,0.0
26172,184.0,185.0,0.0
26173,210.0,244.0,0.0
26174,19.0,1.0,0.0
26175,65.0,521.0,0.0
26176,198.0,312.0,0.0
26177,71.0,384.0,0.0
26178,246.0,372.0,0.0
26179,86.0,120.0,0.0
26180,143.0,173.0,0.0
26181,108.0,443.0,0.0
26182,102.0,156.0,0.0
26183,218.0,557.0,0.0
26184,30.0,6.0,0.0
26185,145.0,142.0,0.0
26186,162.0,183.0,0.0
26187,127.0,341.0,0.0
26188,190.0,532.0,0.0
26189,196.0,361.0,0.0
26190,134.0,73.0,0.0
26191,8.0,552.0,0.0
26192,180.0,353.0,0.0
26193,199.0,490.0,0.0
26194,146.0,413.0,0.0
26195,146.0,86.0,0.0
26196,163.0,309.0,0.0
26197,232.0,552.0,0.0
26198,246.0,408.0,0.0
26199,66.0,422.0,0.0
26200,142.0,368.0,0.0
26201,243.0,374.0,0.0
26202,142.0,431.0,0.0
26203,233.0,468.0,0.0
26204,255.0,425.0,0.0
26205,42.0,448.0,0.0
26206,130.0,42.0,0.0
26207,183.0,578.0,0.0
26208,245.0,294.0,0.0
26209,4.0,467.0,0.0
26210,156.0,67.0,0.0
26211,31.0,203.0,0.0
26212,161.0,571.0,0.0
26213,22.0,511.0,0.0
26214,120.0,431.0,0.0
26215,68.0,312.0,0.0
26216,224.0,318.0,0.0
26217,216.0,435.0,0.0
26218,140.0,362.0,0.0
26219,108.0,577.0,0.0
26220,13.0,415.0,0.0
26221,90.0,579.0,0.0
26222,205.0,352.0,0.0
26223,262.0,185.0,0.0
26224,222.0,581.0,0.0
26225,133.0,93.0,0.0
26226,259.0,136.0,0.0
26227,38.0,487.0,0.0
26228,67.0,56.0,0.0
26229,25.0,324.0,0.0
26230,99.0,338.0,0.0
26231,31.0,172.0,0.0
26232,72.0,125.0,0.0
26233,227.0,406.0,0.0
26234,169.0,481.0,0.0
26235,142.0,21.0,0.0
26236,221.0,112.0,0.0
26237,201.0,518.0,0.0
26238,176.0,325.0,0.0
26239,18.0,316.0,0.0
26240,7.0,578.0,0.0
26241,97.0,257.0,0.0
26242,266.0,166.0,0.0
26243,108.0,471.0,0.0
26244,124.0,301.0,0.0
26245,186.0,140.0,0.0
26246,193.0,572.0,0.0
26247,134.0,266.0,0.0
26248,108.0,155.0,0.0
26249,249.0,187.0,0.0
26250,241.0,591.0,0.0
26251,12.0,335.0,0.0
26252,112.0,83.0,0.0
26253,88.0,155.0,0.0
26254,134.0,76.0,0.0
26255,220.0,247.0,0.0
26256,27.0,65.0,0.0
26257,152.0,112.0,0.0
26258,97.0,27.0,0.0
26259,221.0,115.0,0.0
26260,211.0,63.0,0.0
26261,137.0,101.0,0.0
26262,60.0,347.0,0.0
26263,173.0,424.0,0.0
26264,246.0,575.0,0.0
26265,152.0,149.0,0.0
26266,195.0,34.0,0.0
26267,173.0,301.0,0.0
26268,84.0,578.0,0.0
26269,37.0,308.0,0.0
26270,66.0,337.0,0.0
26271,214.0,37.0,0.0
26272,235.0,587.0,0.0
26273,251.0,117.0,0.0
26274,185.0,589.0,0.0
26275,29.0,350.0,0.0
26276,16.0,568.0,0.0
26277,8.0,313.0,0.0
26278,238.0,309.0,0.0
26279,22.0,334.0,0.0
26280,249.0,304.0,0.0
26281,102.0,331.0,0.0
26282,13.0,66.0,0.0
26283,172.0,342.0,0.0
26284,12.0,150.0,0.0
26285,178.0,314.0,0.0
26286,85.0,437.0,0.0
26287,143.0,215.0,0.0
26288,221.0,565.0,0.0
26289,200.0,124.0,0.0
26290,0.0,195.0,0.0
26291,149.0,237.0,0.0
26292,260.0,541.0,0.0
26293,198.0,474.0,0.0
26294,121.0,358.0,0.0
26295,209.0,46.0,0.0
26296,125.0,533.0,0.0
26297,68.0,278.0,0.0
26298,218.0,432.0,0.0
26299,27.0,7.0,0.0
26300,30.0,233.0,0.0
26301,250.0,159.0,0.0
26302,194.0,150.0,0.0
26303,182.0,171.0,0.0
26304,149.0,582.0,0.0
26305,126.0,36.0,0.0
26306,32.0,457.0,0.0
26307,183.0,577.0,0.0
26308,77.0,501.0,0.0
26309,243.0,506.0,0.0
26310,222.0,20.0,0.0
26311,262.0,14.0,0.0
26312,219.0,303.0,0.0
26313,51.0,65.0,0.0
26314,110.0,249.0,0.0
26315,35.0,306.0,0.0
26316,161.0,73.0,0.0
26317,111.0,393.0,0.0
26318,222.0,49.0,0.0
26319,199.0,276.0,0.0
26320,5.0,343.0,0.0
26321,204.0,261.0,0.0
26322,42.0,434.0,0.0
26323,169.0,287.0,0.0
26324,19.0,51.0,0.0
26325,184.0,16.0,0.0
26326,59.0,318.0,0.0
26327,78.0,9.0,0.0
26328,109.0,70.0,0.0
26329,57.0,568.0,0.0
26330,133.0,520.0,0.0
26331,221.0,593.0,0.0
26332,222.0,112.0,0.0
26333,240.0,81.0,0.0
26334,87.0,327.0,0.0
26335,78.0,442.0,0.0
26336,10.0,471.0,0.0
26337,106.0,435.0,0.0
26338,4.0,381.0,0.0
26339,52.0,276.0,0.0
26340,196.0,211.0,0.0
26341,18.0,104.0,0.0
26342,112.0,251.0,0.0
26343,30.0,492.0,0.0
26344,119.0,488.0,0.0
26345,85.0,483.0,0.0
26346,95.0,449.0,0.0
26347,242.0,461.0,0.0
26348,117.0,344.0,0.0
26349,95.0,43.0,0.0
26350,110.0,223.0,0.0
26351,268.0,236.0,0.0
26352,113.0,526.0,0.0
26353,259.0,230.0,0.0
26354,266.0,292.0,0.0
26355,75.0,275.0,0.0
26356,221.0,286.0,0.0
26357,153.0,318.0,0.0
26358,59.0,77.0,0.0
26359,235.0,327.0,0.0
26360,192.0,434.0,0.0
26361,44.0,169.0,0.0
26362,187.0,544.0,0.0
26363,263.0,434.0,0.0
26364,151.0,504.0,0.0
26365,115.0,370.0,0.0
26366,164.0,381.0,0.0
26367,150.0,207.0,0.0
26368,68.0,408.0,0.0
26369,1.0,559.0,0.0
26370,19.0,77.0,0.0
26371,186.0,542.0,0.0
26372,194.0,449.0,0.0
26373,204.0,265.0,0.0
26374,85.0,141.0,0.0
26375,236.0,187.0,0.0
26376,75.0,126.0,0.0
26377,225.0,323.0,0.0
26378,202.0,49.0,0.0
26379,255.0,24.0,0.0
26380,205.0,348.0,0.0
26381,190.0,356.0,0.0
26382,109.0,542.0,0.0
26383,183.0,254.0,0.0
26384,239.0,134.0,0.0
26385,83.0,199.0,0.0
26386,62.0,311.0,0.0
26387,61.0,236.0,0.0
26388,129.0,359.0,0.0
26389,246.0,580.0,0.0
26390,252.0,187.0,0.0
26391,57.0,433.0,0.0
26392,201.0,511.0,0.0
26393,84.0,482.0,0.0
26394,79.0,43.0,0.0
26395,123.0,29.0,0.0
26396,89.0,25.0,0.0
26397,87.0,315.0,0.0
26398,29.0,113.0,0.0
26399,15.0,209.0,0.0
26400,203.0,84.0,0.0
26401,113.0,96.0,0.0
26402,109.0,494.0,0.0
26403,9.0,365.0,0.0
26404,157.0,504.0,0.0
26405,213.0,243.0,0.0
26406,106.0,290.0,0.0
26407,150.0,146.0,0.0
26408,204.0,226.0,0.0
26409,182.0,14.0,0.0
26410,101.0,583.0,0.0
26411,217.0,109.0,0.0
26412,29.0,433.0,0.0
26413,159.0,342.0,0.0
26414,191.0,497.0,0.0
26415,161.0,560.0,0.0
26416,195.0,570.0,0.0
26417,232.0,455.0,0.0
26418,152.0,469.0,0.0
26419,201.0,476.0,0.0
26420,232.0,284.0,0.0
26421,142.0,510.0,0.0
26422,50.0,195.0,0.0
26423,99.0,519.0,0.0
26424,242.0,527.0,0.0
26425,203.0,216.0,0.0
26426,143.0,95.0,0.0
26427,48.0,20.0,0.0
26428,72.0,436.0,0.0
26429,99.0,263.0,0.0
26430,170.0,138.0,0.0
26431,41.0,307.0,0.0
26432,241.0,506.0,0.0
26433,3.0,554.0,0.0
26434,128.0,460.0,0.0
26435,190.0,113.0,0.0
26436,197.0,152.0,0.0
26437,150.0,278.0,0.0
26438,138.0,165.0,0.0
26439,25.0,465.0,0.0
26440,8.0,159.0,0.0
26441,136.0,572.0,0.0
26442,251.0,205.0,0.0
26443,139.0,78.0,0.0
26444,77.0,360.0,0.0
26445,65.0,233.0,0.0
26446,234.0,463.0,0.0
26447,15.0,73.0,0.0
26448,44.0,273.0,0.0
26449,77.0,440.0,0.0
26450,68.0,491.0,0.0
26451,143.0,568.0,0.0
26452,140.0,156.0,0.0
26453,20.0,542.0,0.0
26454,165.0,443.0,0.0
26455,22.0,577.0,0.0
26456,106.0,527.0,0.0
26457,13.0,572.0,0.0
26458,65.0,428.0,0.0
26459,251.0,565.0,0.0
26460,62.0,283.0,0.0
26461,147.0,445.0,0.0
26462,110.0,48.0,0.0
26463,25.0,137.0,0.0
26464,222.0,13.0,0.0
26465,143.0,442.0,0.0
26466,249.0,286.0,0.0
26467,65.0,178.0,0.0
26468,22.0,191.0,0.0
26469,167.0,3.0,0.0
26470,234.0,189.0,0.0
26471,191.0,490.0,0.0
26472,167.0,303.0,0.0
26473,189.0,199.0,0.0
26474,42.0,274.0,0.0
26475,134.0,286.0,0.0
26476,207.0,523.0,0.0
26477,96.0,569.0,0.0
26478,69.0,74.0,0.0
26479,213.0,1.0,0.0
26480,123.0,557.0,0.0
26481,34.0,65.0,0.0
26482,249.0,67.0,0.0
26483,7.0,505.0,0.0
26484,37.0,542.0,0.0
26485,258.0,366.0,0.0
26486,1.0,269.0,0.0
26487,11.0,338.0,0.0
26488,31.0,19.0,0.0
26489,94.0,42.0,0.0
26490,242.0,237.0,0.0
26491,263.0,388.0,0.0
26492,75.0,391.0,0.0
26493,246.0,146.0,0.0
26494,91.0,108.0,0.0
26495,157.0,556.0,0.0
26496,259.0,246.0,0.0
26497,35.0,263.0,0.0
26498,220.0,221.0,0.0
26499,61.0,244.0,0.0
26500,139.0,212.0,0.0
26501,137.0,556.0,0.0
26502,209.0,239.0,0.0
26503,62.0,385.0,0.0
26504,116.0,201.0,0.0
26505,156.0,499.0,0.0
26506,12.0,89.0,0.0
26507,131.0,491.0,0.0
26508,217.0,262.0,0.0
26509,221.0,1.0,0.0
26510,161.0,206.0,0.0
26511,234.0,300.0,0.0
26512,211.0,511.0,0.0
26513,59.0,239.0,0.0
26514,19.0,28.0,0.0
26515,168.0,199.0,0.0
26516,134.0,383.0,0.0
26517,247.0,580.0,0.0
26518,20.0,46.0,0.0
26519,200.0,99.0,0.0
26520,26.0,67.0,0.0
26521,75.0,189.0,0.0
26522,14.0,166.0,0.0
26523,79.0,113.0,0.0
26524,261.0,304.0,0.0
26525,134.0,95.0,0.0
26526,237.0,381.0,0.0
26527,219.0,490.0,0.0
26528,38.0,339.0,0.0
26529,210.0,290.0,0.0
26530,145.0,34.0,0.0
26531,148.0,166.0,0.0
26532,23.0,463.0,0.0
26533,237.0,511.0,0.0
26534,247.0,554.0,0.0
26535,209.0,151.0,0.0
26536,238.0,439.0,0.0
26537,133.0,114.0,0.0
26538,163.0,367.0,0.0
26539,75.0,408.0,0.0
26540,56.0,404.0,0.0
26541,267.0,37.0,0.0
26542,212.0,458.0,0.0
26543,240.0,98.0,0.0
26544,0.0,480.0,0.0
26545,151.0,401.0,0.0
26546,254.0,507.0,0.0
26547,16.0,442.0,0.0
26548,240.0,280.0,0.0
26549,31.0,564.0,0.0
26550,204.0,184.0,0.0
26551,256.0,452.0,0.0
26552,216.0,37.0,0.0
26553,86.0,548.0,0.0
26554,71.0,297.0,0.0
26555,28.0,213.0,0.0
26556,25.0,436.0,0.0
26557,170.0,183.0,0.0
26558,220.0,565.0,0.0
26559,193.0,550.0,0.0
26560,63.0,265.0,0.0
26561,105.0,443.0,0.0
26562,66.0,355.0,0.0
26563,250.0,76.0,0.0
26564,214.0,220.0,0.0
26565,256.0,437.0,0.0
26566,215.0,506.0,0.0
26567,185.0,63.0,0.0
26568,145.0,201.0,0.0
26569,254.0,73.0,0.0
26570,134.0,181.0,0.0
26571,72.0,151.0,0.0
26572,98.0,246.0,0.0
26573,15.0,441.0,0.0
26574,209.0,152.0,0.0
26575,65.0,450.0,0.0
26576,157.0,595.0,0.0
26577,229.0,15.0,0.0
26578,220.0,421.0,0.0
26579,256.0,512.0,0.0
26580,18.0,467.0,0.0
26581,9.0,513.0,0.0
26582,166.0,597.0,0.0
26583,174.0,224.0,0.0
26584,222.0,406.0,0.0
26585,41.0,190.0,0.0
26586,139.0,567.0,0.0
26587,256.0,43.0,0.0
26588,0.0,274.0,0.0
26589,135.0,291.0,0.0
26590,157.0,160.0,0.0
26591,110.0,472.0,0.0
26592,238.0,287.0,0.0
26593,47.0,83.0,0.0
26594,154.0,184.0,0.0
26595,228.0,269.0,0.0
26596,65.0,526.0,0.0
26597,145.0,33.0,0.0
26598,243.0,310.0,0.0
26599,166.0,66.0,0.0
26600,42.0,478.0,0.0
26601,29.0,557.0,0.0
26602,70.0,444.0,0.0
26603,212.0,147.0,0.0
26604,128.0,542.0,0.0
26605,47.0,51.0,0.0
26606,181.0,535.0,0.0
26607,208.0,261.0,0.0
26608,8.0,158.0,0.0
26609,202.0,193.0,0.0
26610,99.0,293.0,0.0
26611,118.0,544.0,0.0
26612,138.0,277.0,0.0
26613,88.0,167.0,0.0
26614,230.0,568.0,0.0
26615,0.0,558.0,0.0
26616,29.0,123.0,0.0
26617,197.0,197.0,0.0
26618,203.0,549.0,0.0
26619,66.0,326.0,0.0
26620,237.0,320.0,0.0
26621,84.0,436.0,0.0
26622,138.0,74.0,0.0
26623,254.0,392.0,0.0
26624,213.0,310.0,0.0
26625,104.0,402.0,0.0
26626,75.0,480.0,0.0
26627,182.0,487.0,0.0
26628,22.0,61.0,0.0
26629,3.0,65.0,0.0
26630,52.0,269.0,0.0
26631,216.0,406.0,0.0
26632,130.0,78.0,0.0
26633,239.0,289.0,0.0
26634,43.0,379.0,0.0
26635,151.0,440.0,0.0
26636,241.0,486.0,0.0
26637,256.0,285.0,0.0
26638,16.0,320.0,0.0
26639,200.0,57.0,0.0
26640,241.0,558.0,0.0
26641,27.0,564.0,0.0
26642,211.0,375.0,0.0
26643,4.0,592.0,0.0
26644,2.0,210.0,0.0
26645,129.0,198.0,0.0
26646,141.0,270.0,0.0
26647,53.0,344.0,0.0
26648,103.0,67.0,0.0
26649,42.0,44.0,0.0
26650,41.0,52.0,0.0
26651,187.0,285.0,0.0
26652,230.0,554.0,0.0
26653,200.0,495.0,0.0
26654,3.0,46.0,0.0
26655,1.0,364.0,0.0
26656,177.0,27.0,0.0
26657,39.0,143.0,0.0
26658,185.0,14.0,0.0
26659,174.0,90.0,0.0
26660,184.0,589.0,0.0
26661,72.0,458.0,0.0
26662,14.0,575.0,0.0
26663,129.0,345.0,0.0
26664,20.0,138.0,0.0
26665,177.0,577.0,0.0
26666,107.0,74.0,0.0
26667,47.0,319.0,0.0
26668,255.0,452.0,0.0
26669,217.0,163.0,0.0
26670,213.0,61.0,0.0
26671,131.0,131.0,0.0
26672,142.0,360.0,0.0
26673,195.0,105.0,0.0
26674,237.0,298.0,0.0
26675,205.0,583.0,0.0
26676,80.0,483.0,0.0
26677,192.0,465.0,0.0
26678,187.0,278.0,0.0
26679,34.0,344.0,0.0
26680,213.0,172.0,0.0
26681,103.0,190.0,0.0
26682,127.0,428.0,0.0
26683,156.0,166.0,0.0
26684,107.0,559.0,0.0
26685,240.0,33.0,0.0
26686,14.0,356.0,0.0
26687,7.0,131.0,0.0
26688,28.0,314.0,0.0
26689,250.0,555.0,0.0
26690,79.0,248.0,0.0
26691,181.0,534.0,0.0
26692,258.0,43.0,0.0
26693,146.0,398.0,0.0
26694,157.0,501.0,0.0
26695,193.0,488.0,0.0
26696,81.0,346.0,0.0
26697,96.0,154.0,0.0
26698,259.0,553.0,0.0
26699,213.0,254.0,0.0
26700,103.0,130.0,0.0
26701,193.0,534.0,0.0
26702,42.0,538.0,0.0
26703,265.0,366.0,0.0
26704,241.0,411.0,0.0
26705,145.0,225.0,0.0
26706,217.0,177.0,0.0
26707,246.0,68.0,0.0
26708,155.0,278.0,0.0
26709,120.0,119.0,0.0
26710,194.0,263.0,0.0
26711,213.0,86.0,0.0
26712,66.0,83.0,0.0
26713,185.0,44.0,0.0
26714,98.0,549.0,0.0
26715,221.0,124.0,0.0
26716,130.0,473.0,0.0
26717,244.0,233.0,0.0
26718,197.0,455.0,0.0
26719,215.0,78.0,0.0
26720,64.0,268.0,0.0
26721,1.0,231.0,0.0
26722,119.0,132.0,0.0
26723,65.0,459.0,0.0
26724,53.0,297.0,0.0
26725,40.0,61.0,0.0
26726,253.0,356.0,0.0
26727,65.0,531.0,0.0
26728,57.0,129.0,0.0
26729,59.0,595.0,0.0
26730,170.0,19.0,0.0
26731,14.0,65.0,0.0
26732,217.0,101.0,0.0
26733,142.0,181.0,0.0
26734,57.0,428.0,0.0
26735,71.0,432.0,0.0
26736,153.0,573.0,0.0
26737,145.0,562.0,0.0
26738,51.0,401.0,0.0
26739,9.0,449.0,0.0
26740,8.0,403.0,0.0
26741,30.0,181.0,0.0
26742,131.0,318.0,0.0
26743,33.0,577.0,0.0
26744,193.0,114.0,0.0
26745,251.0,264.0,0.0
26746,206.0,428.0,0.0
26747,249.0,2.0,0.0
26748,124.0,121.0,0.0
26749,198.0,170.0,0.0
26750,251.0,180.0,0.0
26751,2.0,164.0,0.0
26752,112.0,587.0,0.0
26753,10.0,558.0,0.0
26754,27.0,404.0,0.0
26755,16.0,92.0,0.0
26756,103.0,39.0,0.0
26757,232.0,536.0,0.0
26758,206.0,194.0,0.0
26759,235.0,11.0,0.0
26760,60.0,69.0,0.0
26761,183.0,371.0,0.0
26762,103.0,301.0,0.0
26763,76.0,203.0,0.0
26764,204.0,121.0,0.0
26765,210.0,581.0,0.0
26766,10.0,464.0,0.0
26767,44.0,211.0,0.0
26768,216.0,516.0,0.0
26769,152.0,425.0,0.0
26770,163.0,332.0,0.0
26771,151.0,426.0,0.0
26772,84.0,297.0,0.0
26773,7.0,329.0,0.0
26774,14.0,85.0,0.0
26775,154.0,87.0,0.0
26776,248.0,169.0,0.0
26777,71.0,313.0,0.0
26778,27.0,439.0,0.0
26779,33.0,580.0,0.0
26780,86.0,525.0,0.0
26781,165.0,72.0,0.0
26782,147.0,409.0,0.0
26783,150.0,426.0,0.0
26784,78.0,264.0,0.0
26785,173.0,529.0,0.0
26786,235.0,112.0,0.0
26787,150.0,522.0,0.0
26788,55.0,462.0,0.0
26789,44.0,519.0,0.0
26790,202.0,306.0,0.0
26791,175.0,79.0,0.0
26792,99.0,302.0,0.0
26793,54.0,144.0,0.0
26794,23.0,173.0,0.0
26795,179.0,283.0,0.0
26796,98.0,264.0,0.0
26797,231.0,307.0,0.0
26798,184.0,585.0,0.0
26799,140.0,42.0,0.0
26800,191.0,359.0,0.0
26801,157.0,520.0,0.0
26802,250.0,118.0,0.0
26803,101.0,370.0,0.0
26804,174.0,219.0,0.0
26805,68.0,202.0,0.0
26806,101.0,314.0,0.0
26807,135.0,226.0,0.0
26808,122.0,277.0,0.0
26809,210.0,407.0,0.0
26810,62.0,446.0,0.0
26811,126.0,480.0,0.0
26812,262.0,359.0,0.0
26813,254.0,284.0,0.0
26814,14.0,338.0,0.0
26815,176.0,307.0,0.0
26816,1.0,580.0,0.0
26817,124.0,321.0,0.0
26818,4.0,389.0,0.0
26819,219.0,515.0,0.0
26820,77.0,306.0,0.0
26821,103.0,462.0,0.0
26822,160.0,194.0,0.0
26823,109.0,302.0,0.0
26824,95.0,340.0,0.0
26825,134.0,121.0,0.0
26826,250.0,428.0,0.0
26827,243.0,116.0,0.0
26828,251.0,146.0,0.0
26829,45.0,432.0,0.0
26830,88.0,472.0,0.0
26831,105.0,53.0,0.0
26832,121.0,187.0,0.0
26833,86.0,581.0,0.0
26834,257.0,5.0,0.0
26835,111.0,516.0,0.0
26836,72.0,122.0,0.0
26837,17.0,162.0,0.0
26838,77.0,204.0,0.0
26839,1.0,495.0,0.0
26840,74.0,387.0,0.0
26841,103.0,65.0,0.0
26842,235.0,509.0,0.0
26843,48.0,25.0,0.0
26844,222.0,160.0,0.0
26845,38.0,259.0,0.0
26846,80.0,240.0,0.0
26847,164.0,346.0,0.0
26848,14.0,355.0,0.0
26849,114.0,300.0,0.0
26850,160.0,49.0,0.0
26851,42.0,199.0,0.0
26852,74.0,237.0,0.0
26853,3.0,477.0,0.0
26854,152.0,253.0,0.0
26855,166.0,414.0,0.0
26856,162.0,127.0,0.0
26857,209.0,75.0,0.0
26858,251.0,307.0,0.0
26859,146.0,500.0,0.0
26860,213.0,99.0,0.0
26861,225.0,172.0,0.0
26862,40.0,437.0,0.0
26863,101.0,189.0,0.0
26864,184.0,561.0,0.0
26865,137.0,233.0,0.0
26866,112.0,222.0,0.0
26867,200.0,382.0,0.0
26868,169.0,215.0,0.0
26869,223.0,270.0,0.0
26870,61.0,108.0,0.0
26871,218.0,404.0,0.0
26872,120.0,483.0,0.0
26873,84.0,273.0,0.0
26874,60.0,32.0,0.0
26875,122.0,479.0,0.0
26876,37.0,597.0,0.0
26877,204.0,438.0,0.0
26878,32.0,213.0,0.0
26879,80.0,478.0,0.0
26880,117.0,553.0,0.0
26881,17.0,168.0,0.0
26882,29.0,87.0,0.0
26883,125.0,418.0,0.0
26884,204.0,335.0,0.0
26885,28.0,205.0,0.0
26886,3.0,357.0,0.0
26887,222.0,134.0,0.0
26888,61.0,219.0,0.0
26889,225.0,260.0,0.0
26890,156.0,387.0,0.0
26891,204.0,0.0,0.0
26892,92.0,554.0,0.0
26893,231.0,417.0,0.0
26894,5.0,474.0,0.0
26895,62.0,481.0,0.0
26896,61.0,367.0,0.0
26897,228.0,433.0,0.0
26898,253.0,566.0,0.0
26899,208.0,76.0,0.0
26900,40.0,260.0,0.0
26901,252.0,236.0,0.0
26902,170.0,450.0,0.0
26903,120.0,547.0,0.0
26904,45.0,272.0,0.0
26905,109.0,333.0,0.0
26906,167.0,425.0,0.0
26907,128.0,151.0,0.0
26908,173.0,277.0,0.0
26909,25.0,214.0,0.0
26910,40.0,238.0,0.0
26911,97.0,344.0,0.0
26912,16.0,177.0,0.0
26913,130.0,535.0,0.0
26914,215.0,410.0,0.0
26915,103.0,153.0,0.0
26916,149.0,502.0,0.0
26917,18.0,503.0,0.0
26918,245.0,427.0,0.0
26919,55.0,418.0,0.0
26920,236.0,567.0,0.0
26921,181.0,285.0,0.0
26922,74.0,487.0,0.0
26923,162.0,189.0,0.0
26924,268.0,294.0,0.0
26925,19.0,316.0,0.0
26926,187.0,372.0,0.0
26927,259.0,400.0,0.0
26928,77.0,155.0,0.0
26929,113.0,381.0,0.0
26930,88.0,372.0,0.0
26931,71.0,45.0,0.0
26932,2.0,290.0,0.0
26933,5.0,578.0,0.0
26934,258.0,175.0,0.0
26935,164.0,580.0,0.0
26936,195.0,562.0,0.0
26937,121.0,176.0,0.0
26938,87.0,239.0,0.0
26939,203.0,417.0,0.0
26940,199.0,197.0,0.0
26941,47.0,391.0,0.0
26942,162.0,493.0,0.0
26943,96.0,537.0,0.0
26944,128.0,559.0,0.0
26945,170.0,223.0,0.0
26946,95.0,131.0,0.0
26947,93.0,324.0,0.0
26948,220.0,258.0,0.0
26949,150.0,583.0,0.0
26950,215.0,427.0,0.0
26951,77.0,71.0,0.0
26952,60.0,89.0,0.0
26953,162.0,42.0,0.0
26954,158.0,517.0,0.0
26955,67.0,108.0,0.0
26956,11.0,593.0,0.0
26957,144.0,516.0,0.0
26958,241.0,374.0,0.0
26959,21.0,315.0,0.0
26960,115.0,502.0,0.0
26961,232.0,514.0,0.0
26962,253.0,169.0,0.0
26963,17.0,105.0,0.0
26964,127.0,577.0,0.0
26965,95.0,571.0,0.0
26966,88.0,419.0,0.0
26967,162.0,232.0,0.0
26968,156.0,251.0,0.0
26969,162.0,430.0,0.0
26970,218.0,188.0,0.0
26971,83.0,415.0,0.0
26972,33.0,308.0,0.0
26973,25.0,138.0,0.0
26974,18.0,232.0,0.0
26975,73.0,516.0,0.0
26976,7.0,237.0,0.0
26977,96.0,61.0,0.0
26978,172.0,235.0,0.0
26979,239.0,306.0,0.0
26980,25.0,513.0,0.0
26981,29.0,29.0,0.0
26982,150.0,461.0,0.0
26983,172.0,105.0,0.0
26984,262.0,374.0,0.0
26985,196.0,86.0,0.0
26986,222.0,329.0,0.0
26987,155.0,416.0,0.0
26988,52.0,344.0,0.0
26989,133.0,212.0,0.0
26990,148.0,78.0,0.0
26991,25.0,337.0,0.0
26992,194.0,49.0,0.0
26993,66.0,522.0,0.0
26994,108.0,362.0,0.0
26995,170.0,430.0,0.0
26996,46.0,16.0,0.0
26997,177.0,529.0,0.0
26998,13.0,307.0,0.0
26999,31.0,184.0,0.0
27000,154.0,517.0,0.0
27001,35.0,266.0,0.0
27002,185.0,138.0,0.0
27003,168.0,592.0,0.0
27004,175.0,460.0,0.0
27005,162.0,151.0,0.0
27006,95.0,282.0,0.0
27007,198.0,569.0,0.0
27008,163.0,179.0,0.0
27009,30.0,7.0,0.0
27010,65.0,543.0,0.0
27011,87.0,450.0,0.0
27012,233.0,303.0,0.0
27013,177.0,221.0,0.0
27014,146.0,4.0,0.0
27015,186.0,270.0,0.0
27016,23.0,578.0,0.0
27017,98.0,178.0,0.0
27018,128.0,340.0,0.0
27019,266.0,290.0,0.0
27020,51.0,563.0,0.0
27021,96.0,351.0,0.0
27022,152.0,513.0,0.0
27023,121.0,291.0,0.0
27024,225.0,224.0,0.0
27025,103.0,481.0,0.0
27026,98.0,594.0,0.0
27027,191.0,465.0,0.0
27028,219.0,48.0,0.0
27029,91.0,378.0,0.0
27030,74.0,170.0,0.0
27031,124.0,539.0,0.0
27032,179.0,91.0,0.0
27033,144.0,182.0,0.0
27034,27.0,134.0,0.0
27035,226.0,157.0,0.0
27036,95.0,551.0,0.0
27037,62.0,425.0,0.0
27038,24.0,394.0,0.0
27039,254.0,54.0,0.0
27040,232.0,28.0,0.0
27041,63.0,87.0,0.0
27042,234.0,421.0,0.0
27043,241.0,458.0,0.0
27044,250.0,328.0,0.0
27045,176.0,488.0,0.0
27046,116.0,389.0,0.0
27047,47.0,350.0,0.0
27048,154.0,211.0,0.0
27049,56.0,287.0,0.0
27050,49.0,549.0,0.0
27051,1.0,394.0,0.0
27052,92.0,466.0,0.0
27053,264.0,478.0,0.0
27054,232.0,526.0,0.0
27055,55.0,352.0,0.0
27056,176.0,342.0,0.0
27057,96.0,353.0,0.0
27058,204.0,27.0,0.0
27059,195.0,491.0,0.0
27060,10.0,142.0,0.0
27061,167.0,493.0,0.0
27062,56.0,118.0,0.0
27063,201.0,36.0,0.0
27064,109.0,301.0,0.0
27065,227.0,13.0,0.0
27066,100.0,269.0,0.0
27067,167.0,531.0,0.0
27068,247.0,250.0,0.0
27069,12.0,406.0,0.0
27070,75.0,165.0,0.0
27071,250.0,544.0,0.0
27072,41.0,316.0,0.0
27073,214.0,108.0,0.0
27074,173.0,297.0,0.0
27075,219.0,81.0,0.0
27076,85.0,417.0,0.0
27077,111.0,530.0,0.0
27078,247.0,91.0,0.0
27079,135.0,165.0,0.0
27080,89.0,72.0,0.0
27081,168.0,236.0,0.0
27082,36.0,499.0,0.0
27083,51.0,452.0,0.0
27084,50.0,81.0,0.0
27085,19.0,581.0,0.0
27086,134.0,242.0,0.0
27087,119.0,491.0,0.0
27088,217.0,11.0,0.0
27089,253.0,579.0,0.0
27090,55.0,148.0,0.0
27091,131.0,230.0,0.0
27092,47.0,546.0,0.0
27093,103.0,111.0,0.0
27094,158.0,528.0,0.0
27095,216.0,454.0,0.0
27096,40.0,454.0,0.0
27097,124.0,504.0,0.0
27098,174.0,508.0,0.0
27099,262.0,301.0,0.0
27100,248.0,188.0,0.0
27101,209.0,294.0,0.0
27102,86.0,2.0,0.0
27103,173.0,466.0,0.0
27104,237.0,588.0,0.0
27105,14.0,123.0,0.0
27106,6.0,424.0,0.0
27107,230.0,516.0,0.0
27108,143.0,535.0,0.0
27109,168.0,461.0,0.0
27110,102.0,438.0,0.0
27111,228.0,61.0,0.0
27112,176.0,341.0,0.0
27113,142.0,555.0,0.0
27114,95.0,371.0,0.0
27115,253.0,289.0,0.0
27116,106.0,400.0,0.0
27117,149.0,596.0,0.0
27118,9.0,484.0,0.0
27119,83.0,150.0,0.0
27120,69.0,101.0,0.0
27121,42.0,431.0,0.0
27122,164.0,98.0,0.0
27123,53.0,466.0,0.0
27124,154.0,127.0,0.0
27125,144.0,224.0,0.0
27126,211.0,187.0,0.0
27127,259.0,419.0,0.0
27128,43.0,427.0,0.0
27129,199.0,112.0,0.0
27130,220.0,75.0,0.0
27131,34.0,485.0,0.0
27132,217.0,70.0,0.0
27133,251.0,447.0,0.0
27134,69.0,553.0,0.0
27135,67.0,393.0,0.0
27136,140.0,590.0,0.0
27137,214.0,158.0,0.0
27138,62.0,487.0,0.0
27139,179.0,96.0,0.0
27140,110.0,293.0,0.0
27141,180.0,20.0,0.0
27142,106.0,88.0,0.0
27143,68.0,55.0,0.0
27144,27.0,384.0,0.0
27145,173.0,531.0,0.0
27146,85.0,458.0,0.0
27147,76.0,444.0,0.0
27148,88.0,327.0,0.0
27149,253.0,314.0,0.0
27150,49.0,290.0,0.0
27151,47.0,114.0,0.0
27152,109.0,441.0,0.0
27153,42.0,581.0,0.0
27154,214.0,153.0,0.0
27155,33.0,150.0,0.0
27156,234.0,239.0,0.0
27157,42.0,93.0,0.0
27158,34.0,209.0,0.0
27159,204.0,242.0,0.0
27160,64.0,152.0,0.0
27161,181.0,95.0,0.0
27162,194.0,505.0,0.0
27163,156.0,445.0,0.0
27164,114.0,190.0,0.0
27165,205.0,223.0,0.0
27166,80.0,269.0,0.0
27167,251.0,344.0,0.0
27168,3.0,333.0,0.0
27169,14.0,384.0,0.0
27170,24.0,543.0,0.0
27171,229.0,257.0,0.0
27172,241.0,514.0,0.0
27173,253.0,211.0,0.0
27174,2.0,329.0,0.0
27175,166.0,517.0,0.0
27176,182.0,249.0,0.0
27177,54.0,85.0,0.0
27178,69.0,204.0,0.0
27179,4.0,433.0,0.0
27180,187.0,500.0,0.0
27181,52.0,288.0,0.0
27182,68.0,294.0,0.0
27183,120.0,302.0,0.0
27184,21.0,405.0,0.0
27185,136.0,217.0,0.0
27186,56.0,293.0,0.0
27187,161.0,329.0,0.0
27188,37.0,210.0,0.0
27189,206.0,356.0,0.0
27190,190.0,143.0,0.0
27191,16.0,139.0,0.0
27192,153.0,103.0,0.0
27193,200.0,530.0,0.0
27194,223.0,424.0,0.0
27195,32.0,6.0,0.0
27196,98.0,101.0,0.0
27197,260.0,503.0,0.0
27198,132.0,193.0,0.0
27199,137.0,405.0,0.0
27200,3.0,148.0,0.0
27201,107.0,358.0,0.0
27202,211.0,467.0,0.0
27203,37.0,398.0,0.0
27204,38.0,284.0,0.0
27205,211.0,480.0,0.0
27206,119.0,202.0,0.0
27207,21.0,597.0,0.0
27208,207.0,529.0,0.0
27209,36.0,327.0,0.0
27210,256.0,106.0,0.0
27211,160.0,141.0,0.0
27212,65.0,329.0,0.0
27213,63.0,372.0,0.0
27214,80.0,527.0,0.0
27215,115.0,125.0,0.0
27216,190.0,504.0,0.0
27217,217.0,490.0,0.0
27218,161.0,228.0,0.0
27219,40.0,387.0,0.0
27220,242.0,210.0,0.0
27221,255.0,183.0,0.0
27222,166.0,36.0,0.0
27223,105.0,362.0,0.0
27224,11.0,320.0,0.0
27225,162.0,23.0,0.0
27226,115.0,280.0,0.0
27227,15.0,95.0,0.0
27228,128.0,78.0,0.0
27229,96.0,358.0,0.0
27230,176.0,232.0,0.0
27231,117.0,151.0,0.0
27232,140.0,43.0,0.0
27233,263.0,208.0,0.0
27234,154.0,189.0,0.0
27235,48.0,421.0,0.0
27236,185.0,560.0,0.0
27237,107.0,306.0,0.0
27238,16.0,446.0,0.0
27239,48.0,72.0,0.0
27240,81.0,328.0,0.0
27241,258.0,224.0,0.0
27242,229.0,254.0,0.0
27243,88.0,460.0,0.0
27244,76.0,428.0,0.0
27245,38.0,315.0,0.0
27246,12.0,423.0,0.0
27247,66.0,335.0,0.0
27248,268.0,98.0,0.0
27249,254.0,450.0,0.0
27250,238.0,550.0,0.0
27251,228.0,292.0,0.0
27252,7.0,454.0,0.0
27253,136.0,544.0,0.0
27254,85.0,263.0,0.0
27255,181.0,529.0,0.0
27256,39.0,29.0,0.0
27257,139.0,220.0,0.0
27258,36.0,27.0,0.0
27259,259.0,86.0,0.0
27260,219.0,348.0,0.0
27261,123.0,359.0,0.0
27262,7.0,32.0,0.0
27263,213.0,420.0,0.0
27264,185.0,532.0,0.0
27265,29.0,215.0,0.0
27266,47.0,177.0,0.0
27267,145.0,236.0,0.0
27268,168.0,542.0,0.0
27269,260.0,32.0,0.0
27270,87.0,361.0,0.0
27271,88.0,364.0,0.0
27272,26.0,329.0,0.0
27273,115.0,101.0,0.0
27274,144.0,403.0,0.0
27275,131.0,427.0,0.0
27276,131.0,250.0,0.0
27277,163.0,130.0,0.0
27278,129.0,90.0,0.0
27279,88.0,520.0,0.0
27280,169.0,192.0,0.0
27281,213.0,535.0,0.0
27282,248.0,480.0,0.0
27283,120.0,160.0,0.0
27284,189.0,529.0,0.0
27285,249.0,265.0,0.0
27286,138.0,288.0,0.0
27287,18.0,536.0,0.0
27288,205.0,531.0,0.0
27289,254.0,218.0,0.0
27290,143.0,403.0,0.0
27291,42.0,442.0,0.0
27292,14.0,403.0,0.0
27293,98.0,496.0,0.0
27294,20.0,222.0,0.0
27295,252.0,434.0,0.0
27296,147.0,411.0,0.0
27297,99.0,309.0,0.0
27298,48.0,596.0,0.0
27299,99.0,400.0,0.0
27300,110.0,89.0,0.0
27301,254.0,52.0,0.0
27302,50.0,124.0,0.0
27303,179.0,408.0,0.0
27304,240.0,507.0,0.0
27305,112.0,425.0,0.0
27306,111.0,28.0,0.0
27307,116.0,329.0,0.0
27308,233.0,350.0,0.0
27309,233.0,211.0,0.0
27310,225.0,6.0,0.0
27311,43.0,365.0,0.0
27312,200.0,108.0,0.0
27313,232.0,477.0,0.0
27314,140.0,462.0,0.0
27315,211.0,300.0,0.0
27316,144.0,14.0,0.0
27317,124.0,254.0,0.0
27318,54.0,224.0,0.0
27319,12.0,114.0,0.0
27320,19.0,254.0,0.0
27321,135.0,285.0,0.0
27322,231.0,558.0,0.0
27323,97.0,317.0,0.0
27324,88.0,305.0,0.0
27325,91.0,493.0,0.0
27326,20.0,154.0,0.0
27327,91.0,582.0,0.0
27328,184.0,517.0,0.0
27329,201.0,566.0,0.0
27330,144.0,458.0,0.0
27331,140.0,290.0,0.0
27332,263.0,507.0,0.0
27333,169.0,392.0,0.0
27334,181.0,76.0,0.0
27335,213.0,87.0,0.0
27336,141.0,479.0,0.0
27337,152.0,115.0,0.0
27338,168.0,157.0,0.0
27339,246.0,3.0,0.0
27340,216.0,3.0,0.0
27341,240.0,504.0,0.0
27342,112.0,552.0,0.0
27343,0.0,490.0,0.0
27344,212.0,420.0,0.0
27345,103.0,379.0,0.0
27346,36.0,236.0,0.0
27347,15.0,121.0,0.0
27348,23.0,544.0,0.0
27349,254.0,93.0,0.0
27350,12.0,479.0,0.0
27351,117.0,323.0,0.0
27352,169.0,394.0,0.0
27353,45.0,53.0,0.0
27354,246.0,115.0,0.0
27355,171.0,267.0,0.0
27356,9.0,316.0,0.0
27357,79.0,182.0,0.0
27358,189.0,454.0,0.0
27359,224.0,296.0,0.0
27360,110.0,494.0,0.0
27361,84.0,68.0,0.0
27362,227.0,132.0,0.0
27363,80.0,341.0,0.0
27364,112.0,181.0,0.0
27365,1.0,96.0,0.0
27366,211.0,363.0,0.0
27367,124.0,447.0,0.0
27368,56.0,7.0,0.0
27369,15.0,357.0,0.0
27370,102.0,454.0,0.0
27371,196.0,25.0,0.0
27372,82.0,166.0,0.0
27373,266.0,261.0,0.0
27374,19.0,411.0,0.0
27375,4.0,499.0,0.0
27376,4.0,553.0,0.0
27377,53.0,463.0,0.0
27378,268.0,230.0,0.0
27379,23.0,260.0,0.0
27380,118.0,532.0,0.0
27381,61.0,529.0,0.0
27382,30.0,538.0,0.0
27383,233.0,462.0,0.0
27384,127.0,451.0,0.0
27385,198.0,436.0,0.0
27386,109.0,476.0,0.0
27387,247.0,324.0,0.0
27388,138.0,99.0,0.0
27389,49.0,225.0,0.0
27390,168.0,269.0,0.0
27391,196.0,346.0,0.0
27392,224.0,512.0,0.0
27393,63.0,538.0,0.0
27394,76.0,438.0,0.0
27395,49.0,115.0,0.0
27396,134.0,194.0,0.0
27397,221.0,111.0,0.0
27398,115.0,247.0,0.0
27399,151.0,549.0,0.0
27400,193.0,47.0,0.0
27401,177.0,19.0,0.0
27402,190.0,119.0,0.0
27403,252.0,76.0,0.0
27404,189.0,249.0,0.0
27405,63.0,26.0,0.0
27406,202.0,244.0,0.0
27407,259.0,182.0,0.0
27408,194.0,85.0,0.0
27409,39.0,339.0,0.0
27410,70.0,486.0,0.0
27411,74.0,430.0,0.0
27412,232.0,587.0,0.0
27413,253.0,241.0,0.0
27414,173.0,451.0,0.0
27415,163.0,220.0,0.0
27416,26.0,322.0,0.0
27417,224.0,41.0,0.0
27418,32.0,512.0,0.0
27419,32.0,515.0,0.0
27420,47.0,399.0,0.0
27421,163.0,277.0,0.0
27422,149.0,304.0,0.0
27423,11.0,555.0,0.0
27424,41.0,520.0,0.0
27425,231.0,289.0,0.0
27426,130.0,433.0,0.0
27427,93.0,519.0,0.0
27428,82.0,40.0,0.0
27429,17.0,237.0,0.0
27430,91.0,129.0,0.0
27431,113.0,536.0,0.0
27432,0.0,511.0,0.0
27433,31.0,164.0,0.0
27434,45.0,558.0,0.0
27435,232.0,507.0,0.0
27436,30.0,564.0,0.0
27437,73.0,199.0,0.0
27438,240.0,467.0,0.0
27439,159.0,452.0,0.0
27440,160.0,583.0,0.0
27441,26.0,100.0,0.0
27442,242.0,404.0,0.0
27443,199.0,506.0,0.0
27444,233.0,67.0,0.0
27445,233.0,265.0,0.0
27446,164.0,584.0,0.0
27447,185.0,247.0,0.0
27448,161.0,392.0,0.0
27449,249.0,455.0,0.0
27450,160.0,569.0,0.0
27451,189.0,575.0,0.0
27452,250.0,386.0,0.0
27453,113.0,198.0,0.0
27454,8.0,22.0,0.0
27455,113.0,583.0,0.0
27456,64.0,417.0,0.0
27457,186.0,540.0,0.0
27458,164.0,259.0,0.0
27459,224.0,170.0,0.0
27460,16.0,5.0,0.0
27461,112.0,428.0,0.0
27462,104.0,40.0,0.0
27463,45.0,472.0,0.0
27464,247.0,181.0,0.0
27465,86.0,449.0,0.0
27466,73.0,498.0,0.0
27467,140.0,579.0,0.0
27468,256.0,32.0,0.0
27469,0.0,145.0,0.0
27470,50.0,333.0,0.0
27471,111.0,480.0,0.0
27472,130.0,315.0,0.0
27473,139.0,111.0,0.0
27474,148.0,128.0,0.0
27475,13.0,412.0,0.0
27476,20.0,25.0,0.0
27477,26.0,481.0,0.0
27478,70.0,369.0,0.0
27479,258.0,477.0,0.0
27480,228.0,421.0,0.0
27481,126.0,338.0,0.0
27482,154.0,482.0,0.0
27483,108.0,331.0,0.0
27484,160.0,222.0,0.0
27485,246.0,443.0,0.0
27486,174.0,417.0,0.0
27487,266.0,104.0,0.0
27488,65.0,425.0,0.0
27489,132.0,83.0,0.0
27490,80.0,163.0,0.0
27491,264.0,487.0,0.0
27492,256.0,524.0,0.0
27493,62.0,110.0,0.0
27494,249.0,231.0,0.0
27495,173.0,257.0,0.0
27496,100.0,124.0,0.0
27497,157.0,529.0,0.0
27498,261.0,133.0,0.0
27499,160.0,210.0,0.0
27500,140.0,574.0,0.0
27501,64.0,91.0,0.0
27502,23.0,390.0,0.0
27503,143.0,28.0,0.0
27504,226.0,82.0,0.0
27505,252.0,63.0,0.0
27506,178.0,101.0,0.0
27507,237.0,23.0,0.0
27508,59.0,480.0,0.0
27509,59.0,68.0,0.0
27510,181.0,243.0,0.0
27511,71.0,518.0,0.0
27512,149.0,244.0,0.0
27513,230.0,431.0,0.0
27514,13.0,468.0,0.0
27515,215.0,236.0,0.0
27516,146.0,349.0,0.0
27517,227.0,438.0,0.0
27518,32.0,46.0,0.0
27519,4.0,210.0,0.0
27520,34.0,548.0,0.0
27521,30.0,361.0,0.0
27522,175.0,304.0,0.0
27523,171.0,417.0,0.0
27524,23.0,494.0,0.0
27525,241.0,460.0,0.0
27526,238.0,68.0,0.0
27527,225.0,53.0,0.0
27528,43.0,81.0,0.0
27529,35.0,151.0,0.0
27530,146.0,147.0,0.0
27531,190.0,320.0,0.0
27532,95.0,593.0,0.0
27533,225.0,43.0,0.0
27534,248.0,467.0,0.0
27535,202.0,289.0,0.0
27536,266.0,254.0,0.0
27537,53.0,477.0,0.0
27538,213.0,516.0,0.0
27539,223.0,74.0,0.0
27540,64.0,345.0,0.0
27541,194.0,512.0,0.0
27542,121.0,13.0,0.0
27543,207.0,334.0,0.0
27544,92.0,398.0,0.0
27545,224.0,405.0,0.0
27546,163.0,213.0,0.0
27547,31.0,514.0,0.0
27548,247.0,558.0,0.0
27549,51.0,347.0,0.0
27550,253.0,234.0,0.0
27551,249.0,157.0,0.0
27552,22.0,335.0,0.0
27553,107.0,530.0,0.0
27554,246.0,232.0,0.0
27555,186.0,574.0,0.0
27556,12.0,160.0,0.0
27557,45.0,460.0,0.0
27558,193.0,41.0,0.0
27559,195.0,29.0,0.0
27560,257.0,588.0,0.0
27561,134.0,352.0,0.0
27562,28.0,276.0,0.0
27563,79.0,320.0,0.0
27564,11.0,336.0,0.0
27565,24.0,289.0,0.0
27566,92.0,426.0,0.0
27567,5.0,583.0,0.0
27568,12.0,125.0,0.0
27569,146.0,249.0,0.0
27570,245.0,104.0,0.0
27571,226.0,187.0,0.0
27572,159.0,443.0,0.0
27573,264.0,190.0,0.0
27574,188.0,75.0,0.0
27575,23.0,113.0,0.0
27576,169.0,172.0,0.0
27577,75.0,568.0,0.0
27578,251.0,509.0,0.0
27579,209.0,510.0,0.0
27580,109.0,434.0,0.0
27581,239.0,4.0,0.0
27582,67.0,520.0,0.0
27583,145.0,160.0,0.0
27584,62.0,248.0,0.0
27585,152.0,460.0,0.0
27586,136.0,210.0,0.0
27587,66.0,183.0,0.0
27588,109.0,108.0,0.0
27589,229.0,230.0,0.0
27590,145.0,459.0,0.0
27591,167.0,445.0,0.0
27592,226.0,541.0,0.0
27593,235.0,79.0,0.0
27594,33.0,362.0,0.0
27595,86.0,74.0,0.0
27596,92.0,457.0,0.0
27597,42.0,140.0,0.0
27598,2.0,465.0,0.0
27599,77.0,562.0,0.0
27600,199.0,507.0,0.0
27601,195.0,185.0,0.0
27602,68.0,544.0,0.0
27603,86.0,142.0,0.0
27604,152.0,565.0,0.0
27605,100.0,401.0,0.0
27606,52.0,54.0,0.0
27607,15.0,118.0,0.0
27608,195.0,406.0,0.0
27609,219.0,331.0,0.0
27610,138.0,5.0,0.0
27611,92.0,371.0,0.0
27612,24.0,53.0,0.0
27613,32.0,275.0,0.0
27614,19.0,539.0,0.0
27615,95.0,87.0,0.0
27616,167.0,565.0,0.0
27617,112.0,270.0,0.0
27618,209.0,68.0,0.0
27619,247.0,581.0,0.0
27620,26.0,166.0,0.0
27621,38.0,565.0,0.0
27622,179.0,568.0,0.0
27623,164.0,102.0,0.0
27624,26.0,571.0,0.0
27625,236.0,303.0,0.0
27626,198.0,567.0,0.0
27627,76.0,526.0,0.0
27628,126.0,594.0,0.0
27629,266.0,533.0,0.0
27630,134.0,574.0,0.0
27631,182.0,424.0,0.0
27632,237.0,165.0,0.0
27633,166.0,57.0,0.0
27634,229.0,462.0,0.0
27635,201.0,451.0,0.0
27636,177.0,571.0,0.0
27637,265.0,541.0,0.0
27638,66.0,181.0,0.0
27639,50.0,116.0,0.0
27640,235.0,397.0,0.0
27641,99.0,416.0,0.0
27642,255.0,416.0,0.0
27643,25.0,297.0,0.0
27644,91.0,136.0,0.0
27645,228.0,117.0,0.0
27646,61.0,526.0,0.0
27647,259.0,452.0,0.0
27648,55.0,313.0,0.0
27649,206.0,577.0,0.0
27650,209.0,349.0,0.0
27651,256.0,113.0,0.0
27652,54.0,87.0,0.0
27653,172.0,211.0,0.0
27654,181.0,563.0,0.0
27655,72.0,39.0,0.0
27656,114.0,449.0,0.0
27657,176.0,294.0,0.0
27658,108.0,317.0,0.0
27659,177.0,459.0,0.0
27660,266.0,518.0,0.0
27661,211.0,397.0,0.0
27662,133.0,257.0,0.0
27663,64.0,146.0,0.0
27664,30.0,414.0,0.0
27665,173.0,45.0,0.0
27666,230.0,446.0,0.0
27667,78.0,169.0,0.0
27668,86.0,358.0,0.0
27669,215.0,477.0,0.0
27670,122.0,555.0,0.0
27671,118.0,18.0,0.0
27672,172.0,323.0,0.0
27673,182.0,486.0,0.0
27674,7.0,366.0,0.0
27675,59.0,333.0,0.0
27676,254.0,478.0,0.0
27677,4.0,239.0,0.0
27678,209.0,512.0,0.0
27679,138.0,478.0,0.0
27680,113.0,284.0,0.0
27681,181.0,276.0,0.0
27682,261.0,53.0,0.0
27683,218.0,556.0,0.0
27684,39.0,313.0,0.0
27685,19.0,379.0,0.0
27686,76.0,468.0,0.0
27687,122.0,193.0,0.0
27688,143.0,5.0,0.0
27689,100.0,127.0,0.0
27690,228.0,558.0,0.0
27691,261.0,192.0,0.0
27692,43.0,276.0,0.0
27693,64.0,306.0,0.0
27694,201.0,197.0,0.0
27695,100.0,455.0,0.0
27696,51.0,246.0,0.0
27697,235.0,150.0,0.0
27698,2.0,227.0,0.0
27699,53.0,408.0,0.0
27700,262.0,234.0,0.0
27701,65.0,300.0,0.0
27702,72.0,427.0,0.0
27703,131.0,333.0,0.0
27704,268.0,491.0,0.0
27705,153.0,276.0,0.0
27706,237.0,230.0,0.0
27707,172.0,79.0,0.0
27708,23.0,281.0,0.0
27709,198.0,595.0,0.0
27710,121.0,184.0,0.0
27711,203.0,409.0,0.0
27712,227.0,565.0,0.0
27713,69.0,152.0,0.0
27714,263.0,285.0,0.0
27715,138.0,235.0,0.0
27716,116.0,439.0,0.0
27717,101.0,80.0,0.0
27718,2.0,193.0,0.0
27719,153.0,584.0,0.0
27720,76.0,34.0,0.0
27721,151.0,553.0,0.0
27722,132.0,251.0,0.0
27723,118.0,405.0,0.0
27724,247.0,227.0,0.0
27725,38.0,319.0,0.0
27726,67.0,346.0,0.0
27727,205.0,556.0,0.0
27728,7.0,510.0,0.0
27729,68.0,339.0,0.0
27730,39.0,198.0,0.0
27731,190.0,223.0,0.0
27732,164.0,243.0,0.0
27733,190.0,534.0,0.0
27734,81.0,113.0,0.0
27735,76.0,521.0,0.0
27736,67.0,58.0,0.0
27737,246.0,401.0,0.0
27738,22.0,246.0,0.0
27739,20.0,393.0,0.0
27740,241.0,578.0,0.0
27741,170.0,295.0,0.0
27742,232.0,232.0,0.0
27743,235.0,271.0,0.0
27744,150.0,481.0,0.0
27745,201.0,527.0,0.0
27746,122.0,562.0,0.0
27747,56.0,589.0,0.0
27748,24.0,467.0,0.0
27749,263.0,55.0,0.0
27750,35.0,199.0,0.0
27751,35.0,305.0,0.0
27752,39.0,42.0,0.0
27753,238.0,47.0,0.0
27754,192.0,149.0,0.0
27755,139.0,236.0,0.0
27756,214.0,572.0,0.0
27757,260.0,277.0,0.0
27758,260.0,520.0,0.0
27759,180.0,356.0,0.0
27760,137.0,538.0,0.0
27761,159.0,450.0,0.0
27762,220.0,206.0,0.0
27763,219.0,498.0,0.0
27764,121.0,539.0,0.0
27765,222.0,570.0,0.0
27766,260.0,70.0,0.0
27767,267.0,233.0,0.0
27768,262.0,110.0,0.0
27769,76.0,456.0,0.0
27770,234.0,391.0,0.0
27771,209.0,370.0,0.0
27772,30.0,16.0,0.0
27773,228.0,397.0,0.0
27774,123.0,308.0,0.0
27775,186.0,505.0,0.0
27776,81.0,361.0,0.0
27777,32.0,382.0,0.0
27778,16.0,52.0,0.0
27779,227.0,130.0,0.0
27780,41.0,541.0,0.0
27781,233.0,491.0,0.0
27782,157.0,236.0,0.0
27783,263.0,123.0,0.0
27784,143.0,506.0,0.0
27785,83.0,188.0,0.0
27786,215.0,426.0,0.0
27787,157.0,172.0,0.0
27788,24.0,167.0,0.0
27789,157.0,98.0,0.0
27790,36.0,265.0,0.0
27791,165.0,462.0,0.0
27792,167.0,157.0,0.0
27793,6.0,389.0,0.0
27794,51.0,202.0,0.0
27795,37.0,67.0,0.0
27796,232.0,276.0,0.0
27797,235.0,334.0,0.0
27798,123.0,306.0,0.0
27799,210.0,154.0,0.0
27800,134.0,478.0,0.0
27801,185.0,192.0,0.0
27802,165.0,89.0,0.0
27803,28.0,124.0,0.0
27804,209.0,231.0,0.0
27805,17.0,249.0,0.0
27806,169.0,2.0,0.0
27807,99.0,491.0,0.0
27808,79.0,27.0,0.0
27809,112.0,473.0,0.0
27810,92.0,150.0,0.0
27811,176.0,156.0,0.0
27812,207.0,179.0,0.0
27813,249.0,24.0,0.0
27814,214.0,256.0,0.0
27815,232.0,99.0,0.0
27816,172.0,547.0,0.0
27817,129.0,222.0,0.0
27818,108.0,458.0,0.0
27819,203.0,423.0,0.0
27820,7.0,191.0,0.0
27821,112.0,309.0,0.0
27822,127.0,575.0,0.0
27823,238.0,438.0,0.0
27824,226.0,316.0,0.0
27825,14.0,326.0,0.0
27826,181.0,272.0,0.0
27827,136.0,15.0,0.0
27828,240.0,350.0,0.0
27829,32.0,338.0,0.0
27830,213.0,144.0,0.0
27831,33.0,28.0,0.0
27832,176.0,73.0,0.0
27833,133.0,581.0,0.0
27834,37.0,471.0,0.0
27835,72.0,593.0,0.0
27836,23.0,101.0,0.0
27837,32.0,305.0,0.0
27838,122.0,509.0,0.0
27839,263.0,569.0,0.0
27840,119.0,436.0,0.0
27841,233.0,254.0,0.0
27842,152.0,127.0,0.0
27843,179.0,209.0,0.0
27844,60.0,381.0,0.0
27845,83.0,249.0,0.0
27846,90.0,229.0,0.0
27847,259.0,2.0,0.0
27848,249.0,285.0,0.0
27849,143.0,456.0,0.0
27850,136.0,46.0,0.0
27851,134.0,247.0,0.0
27852,232.0,580.0,0.0
27853,144.0,571.0,0.0
27854,174.0,328.0,0.0
27855,38.0,582.0,0.0
27856,27.0,505.0,0.0
27857,42.0,441.0,0.0
27858,127.0,295.0,0.0
27859,77.0,200.0,0.0
27860,30.0,62.0,0.0
27861,81.0,99.0,0.0
27862,130.0,469.0,0.0
27863,10.0,107.0,0.0
27864,175.0,542.0,0.0
27865,38.0,478.0,0.0
27866,157.0,68.0,0.0
27867,167.0,591.0,0.0
27868,52.0,165.0,0.0
27869,60.0,243.0,0.0
27870,0.0,360.0,0.0
27871,9.0,339.0,0.0
27872,32.0,233.0,0.0
27873,163.0,58.0,0.0
27874,38.0,400.0,0.0
27875,45.0,21.0,0.0
27876,76.0,233.0,0.0
27877,168.0,77.0,0.0
27878,32.0,346.0,0.0
27879,260.0,475.0,0.0
27880,174.0,378.0,0.0
27881,161.0,592.0,0.0
27882,23.0,195.0,0.0
27883,143.0,434.0,0.0
27884,82.0,309.0,0.0
27885,258.0,328.0,0.0
27886,228.0,8.0,0.0
27887,201.0,336.0,0.0
27888,99.0,448.0,0.0
27889,133.0,452.0,0.0
27890,151.0,180.0,0.0
27891,260.0,12.0,0.0
27892,19.0,328.0,0.0
27893,169.0,171.0,0.0
27894,96.0,113.0,0.0
27895,131.0,274.0,0.0
27896,60.0,518.0,0.0
27897,16.0,205.0,0.0
27898,99.0,507.0,0.0
27899,263.0,425.0,0.0
27900,119.0,157.0,0.0
27901,62.0,280.0,0.0
27902,80.0,505.0,0.0
27903,29.0,85.0,0.0
27904,127.0,292.0,0.0
27905,75.0,513.0,0.0
27906,148.0,275.0,0.0
27907,12.0,137.0,0.0
27908,62.0,115.0,0.0
27909,61.0,94.0,0.0
27910,233.0,145.0,0.0
27911,144.0,82.0,0.0
27912,263.0,191.0,0.0
27913,236.0,307.0,0.0
27914,247.0,421.0,0.0
27915,93.0,102.0,0.0
27916,135.0,90.0,0.0
27917,215.0,5.0,0.0
27918,226.0,298.0,0.0
27919,136.0,457.0,0.0
27920,174.0,388.0,0.0
27921,49.0,333.0,0.0
27922,228.0,195.0,0.0
27923,265.0,314.0,0.0
27924,3.0,226.0,0.0
27925,79.0,427.0,0.0
27926,98.0,112.0,0.0
27927,126.0,357.0,0.0
27928,219.0,436.0,0.0
27929,204.0,578.0,0.0
27930,174.0,170.0,0.0
27931,220.0,61.0,0.0
27932,246.0,264.0,0.0
27933,71.0,509.0,0.0
27934,196.0,201.0,0.0
27935,76.0,194.0,0.0
27936,133.0,439.0,0.0
27937,226.0,167.0,0.0
27938,244.0,167.0,0.0
27939,228.0,288.0,0.0
27940,242.0,313.0,0.0
27941,100.0,68.0,0.0
27942,121.0,106.0,0.0
27943,173.0,380.0,0.0
27944,239.0,549.0,0.0
27945,12.0,176.0,0.0
27946,5.0,464.0,0.0
27947,188.0,48.0,0.0
27948,263.0,456.0,0.0
27949,170.0,408.0,0.0
27950,201.0,141.0,0.0
27951,216.0,64.0,0.0
27952,93.0,563.0,0.0
27953,219.0,233.0,0.0
27954,244.0,486.0,0.0
27955,245.0,506.0,0.0
27956,27.0,445.0,0.0
27957,199.0,94.0,0.0
27958,145.0,529.0,0.0
27959,40.0,326.0,0.0
27960,35.0,82.0,0.0
27961,238.0,219.0,0.0
27962,204.0,393.0,0.0
27963,181.0,590.0,0.0
27964,18.0,201.0,0.0
27965,185.0,41.0,0.0
27966,191.0,475.0,0.0
27967,151.0,56.0,0.0
27968,83.0,350.0,0.0
27969,178.0,540.0,0.0
27970,36.0,520.0,0.0
27971,245.0,337.0,0.0
27972,69.0,556.0,0.0
27973,211.0,379.0,0.0
27974,162.0,72.0,0.0
27975,124.0,471.0,0.0
27976,34.0,577.0,0.0
27977,210.0,307.0,0.0
27978,38.0,28.0,0.0
27979,148.0,543.0,0.0
27980,266.0,153.0,0.0
27981,218.0,568.0,0.0
27982,187.0,448.0,0.0
27983,215.0,255.0,0.0
27984,170.0,46.0,0.0
27985,185.0,230.0,0.0
27986,55.0,364.0,0.0
27987,66.0,170.0,0.0
27988,80.0,378.0,0.0
27989,212.0,115.0,0.0
27990,232.0,140.0,0.0
27991,125.0,326.0,0.0
27992,46.0,595.0,0.0
27993,202.0,227.0,0.0
27994,263.0,186.0,0.0
27995,209.0,309.0,0.0
27996,192.0,529.0,0.0
27997,187.0,299.0,0.0
27998,234.0,563.0,0.0
27999,4.0,484.0,0.0
28000,69.0,50.0,0.0
28001,41.0,176.0,0.0
28002,246.0,562.0,0.0
28003,137.0,107.0,0.0
28004,186.0,207.0,0.0
28005,124.0,537.0,0.0
28006,190.0,297.0,0.0
28007,227.0,219.0,0.0
28008,28.0,226.0,0.0
28009,159.0,312.0,0.0
28010,107.0,349.0,0.0
28011,168.0,413.0,0.0
28012,154.0,160.0,0.0
28013,264.0,351.0,0.0
28014,265.0,388.0,0.0
28015,225.0,482.0,0.0
28016,38.0,590.0,0.0
28017,109.0,535.0,0.0
28018,28.0,357.0,0.0
28019,158.0,343.0,0.0
28020,26.0,551.0,0.0
28021,0.0,331.0,0.0
28022,158.0,298.0,0.0
28023,221.0,93.0,0.0
28024,149.0,481.0,0.0
28025,98.0,48.0,0.0
28026,48.0,215.0,0.0
28027,185.0,217.0,0.0
28028,180.0,455.0,0.0
28029,13.0,346.0,0.0
28030,58.0,213.0,0.0
28031,34.0,271.0,0.0
28032,240.0,87.0,0.0
28033,251.0,558.0,0.0
28034,198.0,327.0,0.0
28035,76.0,512.0,0.0
28036,198.0,7.0,0.0
28037,42.0,595.0,0.0
28038,243.0,256.0,0.0
28039,118.0,119.0,0.0
28040,67.0,484.0,0.0
28041,69.0,462.0,0.0
28042,222.0,7.0,0.0
28043,26.0,492.0,0.0
28044,119.0,535.0,0.0
28045,122.0,259.0,0.0
28046,118.0,460.0,0.0
28047,39.0,440.0,0.0
28048,99.0,99.0,0.0
28049,236.0,51.0,0.0
28050,188.0,213.0,0.0
28051,246.0,553.0,0.0
28052,174.0,98.0,0.0
28053,86.0,428.0,0.0
28054,150.0,427.0,0.0
28055,63.0,334.0,0.0
28056,72.0,242.0,0.0
28057,89.0,424.0,0.0
28058,108.0,37.0,0.0
28059,151.0,593.0,0.0
28060,57.0,583.0,0.0
28061,156.0,261.0,0.0
28062,233.0,559.0,0.0
28063,89.0,260.0,0.0
28064,124.0,216.0,0.0
28065,8.0,79.0,0.0
28066,12.0,209.0,0.0
28067,192.0,533.0,0.0
28068,262.0,430.0,0.0
28069,56.0,597.0,0.0
28070,258.0,253.0,0.0
28071,32.0,441.0,0.0
28072,34.0,575.0,0.0
28073,20.0,567.0,0.0
28074,203.0,400.0,0.0
28075,24.0,125.0,0.0
28076,264.0,597.0,0.0
28077,120.0,439.0,0.0
28078,25.0,119.0,0.0
28079,112.0,319.0,0.0
28080,150.0,187.0,0.0
28081,191.0,239.0,0.0
28082,156.0,359.0,0.0
28083,13.0,521.0,0.0
28084,263.0,231.0,0.0
28085,181.0,402.0,0.0
28086,264.0,410.0,0.0
28087,88.0,254.0,0.0
28088,231.0,588.0,0.0
28089,258.0,385.0,0.0
28090,138.0,471.0,0.0
28091,219.0,15.0,0.0
28092,173.0,471.0,0.0
28093,91.0,581.0,0.0
28094,251.0,51.0,0.0
28095,119.0,110.0,0.0
28096,135.0,485.0,0.0
28097,59.0,256.0,0.0
28098,266.0,209.0,0.0
28099,169.0,22.0,0.0
28100,248.0,152.0,0.0
28101,219.0,135.0,0.0
28102,28.0,436.0,0.0
28103,197.0,72.0,0.0
28104,140.0,289.0,0.0
28105,134.0,469.0,0.0
28106,159.0,128.0,0.0
28107,53.0,354.0,0.0
28108,189.0,336.0,0.0
28109,57.0,432.0,0.0
28110,46.0,197.0,0.0
28111,53.0,435.0,0.0
28112,177.0,249.0,0.0
28113,89.0,127.0,0.0
28114,85.0,405.0,0.0
28115,182.0,339.0,0.0
28116,43.0,366.0,0.0
28117,19.0,592.0,0.0
28118,243.0,328.0,0.0
28119,206.0,256.0,0.0
28120,21.0,63.0,0.0
28121,130.0,456.0,0.0
28122,148.0,361.0,0.0
28123,133.0,423.0,0.0
28124,66.0,465.0,0.0
28125,158.0,525.0,0.0
28126,66.0,473.0,0.0
28127,33.0,163.0,0.0
28128,97.0,308.0,0.0
28129,83.0,161.0,0.0
28130,102.0,335.0,0.0
28131,117.0,558.0,0.0
28132,100.0,575.0,0.0
28133,212.0,359.0,0.0
28134,256.0,211.0,0.0
28135,155.0,277.0,0.0
28136,194.0,458.0,0.0
28137,22.0,136.0,0.0
28138,267.0,523.0,0.0
28139,265.0,97.0,0.0
28140,33.0,273.0,0.0
28141,207.0,274.0,0.0
28142,61.0,116.0,0.0
28143,90.0,174.0,0.0
28144,74.0,259.0,0.0
28145,88.0,251.0,0.0
28146,4.0,76.0,0.0
28147,192.0,243.0,0.0
28148,132.0,166.0,0.0
28149,90.0,564.0,0.0
28150,106.0,388.0,0.0
28151,266.0,504.0,0.0
28152,219.0,462.0,0.0
28153,189.0,303.0,0.0
28154,195.0,350.0,0.0
28155,138.0,503.0,0.0
28156,101.0,70.0,0.0
28157,126.0,327.0,0.0
28158,259.0,578.0,0.0
28159,56.0,524.0,0.0
28160,152.0,19.0,0.0
28161,190.0,402.0,0.0
28162,8.0,387.0,0.0
28163,240.0,338.0,0.0
28164,238.0,175.0,0.0
28165,25.0,508.0,0.0
28166,208.0,134.0,0.0
28167,195.0,461.0,0.0
28168,229.0,442.0,0.0
28169,154.0,344.0,0.0
28170,255.0,188.0,0.0
28171,106.0,28.0,0.0
28172,41.0,529.0,0.0
28173,29.0,357.0,0.0
28174,18.0,299.0,0.0
28175,254.0,24.0,0.0
28176,165.0,166.0,0.0
28177,211.0,291.0,0.0
28178,207.0,299.0,0.0
28179,187.0,96.0,0.0
28180,80.0,536.0,0.0
28181,161.0,365.0,0.0
28182,169.0,514.0,0.0
28183,161.0,502.0,0.0
28184,68.0,462.0,0.0
28185,148.0,91.0,0.0
28186,22.0,96.0,0.0
28187,227.0,342.0,0.0
28188,149.0,371.0,0.0
28189,239.0,112.0,0.0
28190,245.0,251.0,0.0
28191,262.0,306.0,0.0
28192,262.0,114.0,0.0
28193,227.0,389.0,0.0
28194,224.0,271.0,0.0
28195,53.0,506.0,0.0
28196,55.0,249.0,0.0
28197,60.0,581.0,0.0
28198,256.0,144.0,0.0
28199,169.0,314.0,0.0
28200,45.0,348.0,0.0
28201,139.0,87.0,0.0
28202,112.0,464.0,0.0
28203,100.0,226.0,0.0
28204,171.0,528.0,0.0
28205,136.0,383.0,0.0
28206,4.0,534.0,0.0
28207,239.0,12.0,0.0
28208,205.0,475.0,0.0
28209,17.0,336.0,0.0
28210,188.0,139.0,0.0
28211,99.0,225.0,0.0
28212,211.0,75.0,0.0
28213,180.0,252.0,0.0
28214,187.0,208.0,0.0
28215,36.0,75.0,0.0
28216,111.0,578.0,0.0
28217,64.0,303.0,0.0
28218,198.0,477.0,0.0
28219,67.0,132.0,0.0
28220,151.0,215.0,0.0
28221,252.0,511.0,0.0
28222,91.0,543.0,0.0
28223,238.0,1.0,0.0
28224,240.0,577.0,0.0
28225,3.0,185.0,0.0
28226,112.0,226.0,0.0
28227,50.0,263.0,0.0
28228,83.0,480.0,0.0
28229,235.0,354.0,0.0
28230,122.0,211.0,0.0
28231,58.0,217.0,0.0
28232,84.0,398.0,0.0
28233,185.0,106.0,0.0
28234,25.0,282.0,0.0
28235,141.0,177.0,0.0
28236,24.0,88.0,0.0
28237,263.0,345.0,0.0
28238,50.0,494.0,0.0
28239,130.0,264.0,0.0
28240,181.0,447.0,0.0
28241,181.0,275.0,0.0
28242,31.0,3.0,0.0
28243,62.0,185.0,0.0
28244,254.0,449.0,0.0
28245,208.0,469.0,0.0
28246,144.0,35.0,0.0
28247,148.0,222.0,0.0
28248,71.0,307.0,0.0
28249,25.0,82.0,0.0
28250,238.0,268.0,0.0
28251,21.0,371.0,0.0
28252,17.0,435.0,0.0
28253,238.0,56.0,0.0
28254,123.0,216.0,0.0
28255,183.0,114.0,0.0
28256,34.0,101.0,0.0
28257,198.0,118.0,0.0
28258,9.0,155.0,0.0
28259,259.0,427.0,0.0
28260,258.0,555.0,0.0
28261,33.0,81.0,0.0
28262,243.0,32.0,0.0
28263,258.0,349.0,0.0
28264,179.0,178.0,0.0
28265,12.0,90.0,0.0
28266,96.0,473.0,0.0
28267,86.0,394.0,0.0
28268,0.0,295.0,0.0
28269,27.0,156.0,0.0
28270,18.0,367.0,0.0
28271,200.0,47.0,0.0
28272,190.0,373.0,0.0
28273,15.0,212.0,0.0
28274,137.0,24.0,0.0
28275,33.0,380.0,0.0
28276,262.0,529.0,0.0
28277,87.0,309.0,0.0
28278,76.0,239.0,0.0
28279,68.0,122.0,0.0
28280,173.0,389.0,0.0
28281,159.0,332.0,0.0
28282,27.0,577.0,0.0
28283,175.0,51.0,0.0
28284,109.0,186.0,0.0
28285,86.0,521.0,0.0
28286,41.0,268.0,0.0
28287,122.0,514.0,0.0
28288,94.0,68.0,0.0
28289,259.0,500.0,0.0
28290,192.0,82.0,0.0
28291,24.0,189.0,0.0
28292,76.0,43.0,0.0
28293,50.0,426.0,0.0
28294,236.0,151.0,0.0
28295,251.0,29.0,0.0
28296,220.0,312.0,0.0
28297,24.0,133.0,0.0
28298,115.0,389.0,0.0
28299,267.0,97.0,0.0
28300,63.0,452.0,0.0
28301,36.0,482.0,0.0
28302,46.0,538.0,0.0
28303,92.0,280.0,0.0
28304,217.0,270.0,0.0
28305,127.0,69.0,0.0
28306,16.0,219.0,0.0
28307,142.0,137.0,0.0
28308,133.0,244.0,0.0
28309,189.0,3.0,0.0
28310,210.0,38.0,0.0
28311,228.0,340.0,0.0
28312,52.0,506.0,0.0
28313,149.0,250.0,0.0
28314,43.0,26.0,0.0
28315,244.0,418.0,0.0
28316,167.0,222.0,0.0
28317,125.0,220.0,0.0
28318,76.0,49.0,0.0
28319,172.0,145.0,0.0
28320,129.0,513.0,0.0
28321,101.0,27.0,0.0
28322,249.0,493.0,0.0
28323,259.0,548.0,0.0
28324,173.0,382.0,0.0
28325,268.0,508.0,0.0
28326,204.0,497.0,0.0
28327,231.0,427.0,0.0
28328,217.0,385.0,0.0
28329,198.0,430.0,0.0
28330,165.0,83.0,0.0
28331,32.0,547.0,0.0
28332,25.0,171.0,0.0
28333,121.0,422.0,0.0
28334,106.0,204.0,0.0
28335,91.0,18.0,0.0
28336,91.0,401.0,0.0
28337,143.0,563.0,0.0
28338,245.0,459.0,0.0
28339,205.0,6.0,0.0
28340,214.0,81.0,0.0
28341,161.0,153.0,0.0
28342,140.0,506.0,0.0
28343,21.0,283.0,0.0
28344,227.0,111.0,0.0
28345,78.0,106.0,0.0
28346,244.0,115.0,0.0
28347,211.0,297.0,0.0
28348,87.0,307.0,0.0
28349,33.0,26.0,0.0
28350,69.0,1.0,0.0
28351,37.0,377.0,0.0
28352,39.0,31.0,0.0
28353,41.0,400.0,0.0
28354,24.0,465.0,0.0
28355,29.0,555.0,0.0
28356,24.0,399.0,0.0
28357,249.0,475.0,0.0
28358,65.0,527.0,0.0
28359,168.0,481.0,0.0
28360,205.0,563.0,0.0
28361,193.0,281.0,0.0
28362,145.0,366.0,0.0
28363,199.0,539.0,0.0
28364,206.0,3.0,0.0
28365,238.0,454.0,0.0
28366,31.0,187.0,0.0
28367,6.0,348.0,0.0
28368,39.0,557.0,0.0
28369,137.0,281.0,0.0
28370,69.0,370.0,0.0
28371,22.0,252.0,0.0
28372,179.0,457.0,0.0
28373,86.0,235.0,0.0
28374,171.0,486.0,0.0
28375,81.0,477.0,0.0
28376,166.0,537.0,0.0
28377,41.0,86.0,0.0
28378,94.0,227.0,0.0
28379,131.0,174.0,0.0
28380,84.0,500.0,0.0
28381,168.0,574.0,0.0
28382,236.0,370.0,0.0
28383,168.0,205.0,0.0
28384,175.0,340.0,0.0
28385,70.0,498.0,0.0
28386,28.0,260.0,0.0
28387,172.0,60.0,0.0
28388,213.0,40.0,0.0
28389,64.0,371.0,0.0
28390,119.0,143.0,0.0
28391,35.0,296.0,0.0
28392,186.0,393.0,0.0
28393,246.0,131.0,0.0
28394,78.0,425.0,0.0
28395,245.0,293.0,0.0
28396,144.0,322.0,0.0
28397,157.0,265.0,0.0
28398,61.0,69.0,0.0
28399,45.0,313.0,0.0
28400,187.0,192.0,0.0
28401,66.0,241.0,0.0
28402,150.0,413.0,0.0
28403,15.0,44.0,0.0
28404,156.0,141.0,0.0
28405,121.0,489.0,0.0
28406,173.0,197.0,0.0
28407,169.0,112.0,0.0
28408,111.0,473.0,0.0
28409,212.0,566.0,0.0
28410,236.0,202.0,0.0
28411,189.0,512.0,0.0
28412,142.0,316.0,0.0
28413,128.0,483.0,0.0
28414,146.0,540.0,0.0
28415,211.0,408.0,0.0
28416,122.0,415.0,0.0
28417,192.0,461.0,0.0
28418,156.0,464.0,0.0
28419,64.0,15.0,0.0
28420,38.0,402.0,0.0
28421,152.0,43.0,0.0
28422,144.0,451.0,0.0
28423,189.0,316.0,0.0
28424,254.0,409.0,0.0
28425,228.0,412.0,0.0
28426,108.0,391.0,0.0
28427,191.0,131.0,0.0
28428,200.0,569.0,0.0
28429,104.0,301.0,0.0
28430,166.0,47.0,0.0
28431,212.0,531.0,0.0
28432,237.0,307.0,0.0
28433,161.0,155.0,0.0
28434,203.0,566.0,0.0
28435,177.0,151.0,0.0
28436,148.0,35.0,0.0
28437,85.0,212.0,0.0
28438,264.0,73.0,0.0
28439,248.0,205.0,0.0
28440,184.0,494.0,0.0
28441,37.0,487.0,0.0
28442,176.0,63.0,0.0
28443,159.0,196.0,0.0
28444,61.0,280.0,0.0
28445,41.0,308.0,0.0
28446,73.0,166.0,0.0
28447,235.0,485.0,0.0
28448,40.0,300.0,0.0
28449,98.0,376.0,0.0
28450,263.0,13.0,0.0
28451,53.0,234.0,0.0
28452,114.0,155.0,0.0
28453,10.0,328.0,0.0
28454,30.0,139.0,0.0
28455,213.0,8.0,0.0
28456,188.0,528.0,0.0
28457,190.0,34.0,0.0
28458,121.0,290.0,0.0
28459,250.0,217.0,0.0
28460,14.0,490.0,0.0
28461,92.0,364.0,0.0
28462,15.0,407.0,0.0
28463,217.0,129.0,0.0
28464,210.0,175.0,0.0
28465,247.0,462.0,0.0
28466,62.0,236.0,0.0
28467,2.0,451.0,0.0
28468,62.0,289.0,0.0
28469,84.0,577.0,0.0
28470,20.0,589.0,0.0
28471,147.0,354.0,0.0
28472,255.0,386.0,0.0
28473,222.0,530.0,0.0
28474,151.0,15.0,0.0
28475,5.0,450.0,0.0
28476,38.0,588.0,0.0
28477,93.0,253.0,0.0
28478,64.0,463.0,0.0
28479,118.0,523.0,0.0
28480,136.0,114.0,0.0
28481,28.0,519.0,0.0
28482,68.0,460.0,0.0
28483,152.0,564.0,0.0
28484,180.0,526.0,0.0
28485,90.0,90.0,0.0
28486,123.0,71.0,0.0
28487,247.0,403.0,0.0
28488,68.0,495.0,0.0
28489,264.0,594.0,0.0
28490,214.0,553.0,0.0
28491,209.0,270.0,0.0
28492,89.0,60.0,0.0
28493,22.0,0.0,0.0
28494,247.0,352.0,0.0
28495,100.0,257.0,0.0
28496,19.0,269.0,0.0
28497,35.0,537.0,0.0
28498,147.0,379.0,0.0
28499,266.0,483.0,0.0
28500,7.0,158.0,0.0
28501,69.0,342.0,0.0
28502,0.0,175.0,0.0
28503,248.0,475.0,0.0
28504,187.0,555.0,0.0
28505,47.0,554.0,0.0
28506,253.0,326.0,0.0
28507,223.0,546.0,0.0
28508,156.0,98.0,0.0
28509,198.0,135.0,0.0
28510,199.0,581.0,0.0
28511,190.0,171.0,0.0
28512,246.0,517.0,0.0
28513,261.0,540.0,0.0
28514,158.0,25.0,0.0
28515,38.0,475.0,0.0
28516,56.0,199.0,0.0
28517,132.0,343.0,0.0
28518,118.0,235.0,0.0
28519,167.0,200.0,0.0
28520,62.0,40.0,0.0
28521,194.0,8.0,0.0
28522,93.0,154.0,0.0
28523,37.0,372.0,0.0
28524,247.0,39.0,0.0
28525,109.0,265.0,0.0
28526,27.0,139.0,0.0
28527,166.0,356.0,0.0
28528,184.0,376.0,0.0
28529,263.0,590.0,0.0
28530,197.0,220.0,0.0
28531,261.0,327.0,0.0
28532,207.0,544.0,0.0
28533,102.0,230.0,0.0
28534,109.0,461.0,0.0
28535,16.0,384.0,0.0
28536,153.0,151.0,0.0
28537,68.0,380.0,0.0
28538,110.0,133.0,0.0
28539,39.0,67.0,0.0
28540,95.0,299.0,0.0
28541,5.0,338.0,0.0
28542,175.0,500.0,0.0
28543,44.0,353.0,0.0
28544,266.0,480.0,0.0
28545,250.0,548.0,0.0
28546,69.0,132.0,0.0
28547,130.0,3.0,0.0
28548,130.0,220.0,0.0
28549,146.0,542.0,0.0
28550,182.0,408.0,0.0
28551,179.0,222.0,0.0
28552,233.0,204.0,0.0
28553,69.0,319.0,0.0
28554,200.0,512.0,0.0
28555,41.0,534.0,0.0
28556,180.0,129.0,0.0
28557,39.0,132.0,0.0
28558,259.0,462.0,0.0
28559,255.0,536.0,0.0
28560,33.0,488.0,0.0
28561,0.0,165.0,0.0
28562,119.0,276.0,0.0
28563,10.0,534.0,0.0
28564,240.0,202.0,0.0
28565,192.0,62.0,0.0
28566,186.0,119.0,0.0
28567,64.0,469.0,0.0
28568,180.0,315.0,0.0
28569,141.0,415.0,0.0
28570,167.0,597.0,0.0
28571,173.0,567.0,0.0
28572,34.0,156.0,0.0
28573,194.0,303.0,0.0
28574,166.0,136.0,0.0
28575,49.0,324.0,0.0
28576,211.0,429.0,0.0
28577,209.0,359.0,0.0
28578,109.0,563.0,0.0
28579,15.0,48.0,0.0
28580,260.0,68.0,0.0
28581,217.0,589.0,0.0
28582,77.0,84.0,0.0
28583,50.0,529.0,0.0
28584,35.0,14.0,0.0
28585,243.0,539.0,0.0
28586,66.0,104.0,0.0
28587,8.0,419.0,0.0
28588,95.0,404.0,0.0
28589,139.0,165.0,0.0
28590,189.0,416.0,0.0
28591,125.0,546.0,0.0
28592,101.0,225.0,0.0
28593,54.0,402.0,0.0
28594,97.0,170.0,0.0
28595,55.0,147.0,0.0
28596,11.0,22.0,0.0
28597,135.0,512.0,0.0
28598,86.0,187.0,0.0
28599,38.0,238.0,0.0
28600,198.0,65.0,0.0
28601,97.0,168.0,0.0
28602,114.0,16.0,0.0
28603,157.0,489.0,0.0
28604,156.0,303.0,0.0
28605,116.0,406.0,0.0
28606,214.0,76.0,0.0
28607,73.0,582.0,0.0
28608,175.0,322.0,0.0
28609,100.0,157.0,0.0
28610,176.0,425.0,0.0
28611,155.0,34.0,0.0
28612,263.0,301.0,0.0
28613,229.0,441.0,0.0
28614,217.0,343.0,0.0
28615,221.0,81.0,0.0
28616,220.0,434.0,0.0
28617,215.0,328.0,0.0
28618,247.0,96.0,0.0
28619,58.0,2.0,0.0
28620,5.0,456.0,0.0
28621,26.0,416.0,0.0
28622,204.0,577.0,0.0
28623,255.0,259.0,0.0
28624,104.0,39.0,0.0
28625,203.0,21.0,0.0
28626,250.0,2.0,0.0
28627,8.0,500.0,0.0
28628,101.0,309.0,0.0
28629,216.0,399.0,0.0
28630,103.0,235.0,0.0
28631,69.0,16.0,0.0
28632,99.0,4.0,0.0
28633,152.0,246.0,0.0
28634,36.0,403.0,0.0
28635,219.0,513.0,0.0
28636,243.0,63.0,0.0
28637,258.0,519.0,0.0
28638,236.0,357.0,0.0
28639,45.0,167.0,0.0
28640,141.0,484.0,0.0
28641,111.0,387.0,0.0
28642,250.0,420.0,0.0
28643,244.0,431.0,0.0
28644,258.0,293.0,0.0
28645,260.0,227.0,0.0
28646,18.0,541.0,0.0
28647,133.0,450.0,0.0
28648,110.0,132.0,0.0
28649,257.0,566.0,0.0
28650,254.0,36.0,0.0
28651,88.0,279.0,0.0
28652,174.0,430.0,0.0
28653,146.0,6.0,0.0
28654,48.0,428.0,0.0
28655,167.0,15.0,0.0
28656,146.0,465.0,0.0
28657,253.0,266.0,0.0
28658,0.0,561.0,0.0
28659,246.0,261.0,0.0
28660,134.0,133.0,0.0
28661,172.0,50.0,0.0
28662,117.0,472.0,0.0
28663,118.0,568.0,0.0
28664,190.0,442.0,0.0
28665,209.0,575.0,0.0
28666,83.0,498.0,0.0
28667,216.0,236.0,0.0
28668,128.0,447.0,0.0
28669,142.0,51.0,0.0
28670,28.0,509.0,0.0
28671,264.0,352.0,0.0
28672,224.0,248.0,0.0
28673,168.0,190.0,0.0
28674,161.0,36.0,0.0
28675,30.0,26.0,0.0
28676,131.0,82.0,0.0
28677,175.0,576.0,0.0
28678,253.0,486.0,0.0
28679,232.0,451.0,0.0
28680,102.0,173.0,0.0
28681,32.0,466.0,0.0
28682,95.0,534.0,0.0
28683,196.0,196.0,0.0
28684,223.0,553.0,0.0
28685,76.0,191.0,0.0
28686,98.0,235.0,0.0
28687,244.0,515.0,0.0
28688,93.0,196.0,0.0
28689,6.0,205.0,0.0
28690,261.0,91.0,0.0
28691,70.0,72.0,0.0
28692,96.0,592.0,0.0
28693,179.0,293.0,0.0
28694,42.0,493.0,0.0
28695,24.0,23.0,0.0
28696,10.0,560.0,0.0
28697,223.0,407.0,0.0
28698,139.0,27.0,0.0
28699,53.0,522.0,0.0
28700,7.0,311.0,0.0
28701,61.0,348.0,0.0
28702,252.0,4.0,0.0
28703,183.0,302.0,0.0
28704,50.0,122.0,0.0
28705,82.0,253.0,0.0
28706,260.0,305.0,0.0
28707,196.0,158.0,0.0
28708,245.0,295.0,0.0
28709,242.0,591.0,0.0
28710,78.0,154.0,0.0
28711,66.0,148.0,0.0
28712,211.0,399.0,0.0
28713,241.0,493.0,0.0
28714,158.0,210.0,0.0
28715,6.0,149.0,0.0
28716,47.0,96.0,0.0
28717,32.0,192.0,0.0
28718,245.0,151.0,0.0
28719,91.0,274.0,0.0
28720,187.0,89.0,0.0
28721,122.0,583.0,0.0
28722,165.0,268.0,0.0
28723,103.0,497.0,0.0
28724,144.0,556.0,0.0
28725,203.0,224.0,0.0
28726,37.0,549.0,0.0
28727,94.0,469.0,0.0
28728,53.0,28.0,0.0
28729,92.0,18.0,0.0
28730,92.0,266.0,0.0
28731,87.0,585.0,0.0
28732,169.0,332.0,0.0
28733,196.0,0.0,0.0
28734,267.0,71.0,0.0
28735,57.0,28.0,0.0
28736,187.0,424.0,0.0
28737,170.0,293.0,0.0
28738,208.0,160.0,0.0
28739,139.0,417.0,0.0
28740,26.0,62.0,0.0
28741,44.0,98.0,0.0
28742,135.0,316.0,0.0
28743,126.0,172.0,0.0
28744,247.0,483.0,0.0
28745,78.0,208.0,0.0
28746,59.0,5.0,0.0
28747,128.0,19.0,0.0
28748,82.0,315.0,0.0
28749,113.0,468.0,0.0
28750,165.0,176.0,0.0
28751,17.0,365.0,0.0
28752,173.0,24.0,0.0
28753,185.0,184.0,0.0
28754,152.0,73.0,0.0
28755,60.0,404.0,0.0
28756,235.0,405.0,0.0
28757,155.0,363.0,0.0
28758,34.0,35.0,0.0
28759,125.0,70.0,0.0
28760,214.0,554.0,0.0
28761,234.0,31.0,0.0
28762,11.0,264.0,0.0
28763,188.0,260.0,0.0
28764,101.0,468.0,0.0
28765,62.0,303.0,0.0
28766,254.0,310.0,0.0
28767,119.0,319.0,0.0
28768,189.0,536.0,0.0
28769,41.0,289.0,0.0
28770,143.0,514.0,0.0
28771,166.0,409.0,0.0
28772,252.0,405.0,0.0
28773,79.0,346.0,0.0
28774,122.0,128.0,0.0
28775,4.0,246.0,0.0
28776,100.0,9.0,0.0
28777,74.0,333.0,0.0
28778,32.0,87.0,0.0
28779,34.0,293.0,0.0
28780,58.0,331.0,0.0
28781,119.0,419.0,0.0
28782,245.0,330.0,0.0
28783,247.0,189.0,0.0
28784,253.0,24.0,0.0
28785,255.0,304.0,0.0
28786,14.0,219.0,0.0
28787,91.0,195.0,0.0
28788,195.0,134.0,0.0
28789,48.0,571.0,0.0
28790,101.0,259.0,0.0
28791,122.0,52.0,0.0
28792,176.0,189.0,0.0
28793,245.0,591.0,0.0
28794,163.0,188.0,0.0
28795,123.0,297.0,0.0
28796,222.0,339.0,0.0
28797,262.0,48.0,0.0
28798,116.0,166.0,0.0
28799,180.0,111.0,0.0
28800,203.0,245.0,0.0
28801,103.0,564.0,0.0
28802,236.0,73.0,0.0
28803,246.0,477.0,0.0
28804,70.0,393.0,0.0
28805,43.0,113.0,0.0
28806,23.0,234.0,0.0
28807,121.0,305.0,0.0
28808,29.0,377.0,0.0
28809,266.0,394.0,0.0
28810,1.0,188.0,0.0
28811,249.0,557.0,0.0
28812,93.0,517.0,0.0
28813,13.0,114.0,0.0
28814,35.0,504.0,0.0
28815,52.0,579.0,0.0
28816,75.0,378.0,0.0
28817,119.0,351.0,0.0
28818,151.0,564.0,0.0
28819,139.0,462.0,0.0
28820,197.0,94.0,0.0
28821,236.0,138.0,0.0
28822,159.0,428.0,0.0
28823,49.0,67.0,0.0
28824,125.0,26.0,0.0
28825,140.0,254.0,0.0
28826,5.0,267.0,0.0
28827,2.0,564.0,0.0
28828,147.0,244.0,0.0
28829,264.0,76.0,0.0
28830,173.0,273.0,0.0
28831,240.0,122.0,0.0
28832,240.0,430.0,0.0
28833,123.0,440.0,0.0
28834,92.0,396.0,0.0
28835,157.0,258.0,0.0
28836,267.0,259.0,0.0
28837,83.0,364.0,0.0
28838,203.0,526.0,0.0
28839,80.0,364.0,0.0
28840,140.0,463.0,0.0
28841,213.0,279.0,0.0
28842,154.0,490.0,0.0
28843,41.0,71.0,0.0
28844,170.0,6.0,0.0
28845,237.0,249.0,0.0
28846,159.0,218.0,0.0
28847,141.0,180.0,0.0
28848,71.0,374.0,0.0
28849,161.0,134.0,0.0
28850,260.0,537.0,0.0
28851,232.0,5.0,0.0
28852,256.0,324.0,0.0
28853,114.0,252.0,0.0
28854,133.0,190.0,0.0
28855,206.0,362.0,0.0
28856,14.0,74.0,0.0
28857,151.0,353.0,0.0
28858,57.0,301.0,0.0
28859,6.0,64.0,0.0
28860,150.0,542.0,0.0
28861,5.0,271.0,0.0
28862,206.0,252.0,0.0
28863,111.0,329.0,0.0
28864,148.0,523.0,0.0
28865,83.0,54.0,0.0
28866,142.0,495.0,0.0
28867,54.0,135.0,0.0
28868,111.0,50.0,0.0
28869,245.0,490.0,0.0
28870,49.0,405.0,0.0
28871,47.0,46.0,0.0
28872,76.0,383.0,0.0
28873,173.0,592.0,0.0
28874,152.0,561.0,0.0
28875,55.0,8.0,0.0
28876,134.0,587.0,0.0
28877,56.0,232.0,0.0
28878,217.0,339.0,0.0
28879,85.0,248.0,0.0
28880,143.0,486.0,0.0
28881,47.0,77.0,0.0
28882,144.0,88.0,0.0
28883,110.0,451.0,0.0
28884,70.0,128.0,0.0
28885,82.0,37.0,0.0
28886,83.0,456.0,0.0
28887,123.0,378.0,0.0
28888,61.0,421.0,0.0
28889,24.0,441.0,0.0
28890,36.0,589.0,0.0
28891,184.0,594.0,0.0
28892,178.0,290.0,0.0
28893,78.0,296.0,0.0
28894,209.0,304.0,0.0
28895,134.0,567.0,0.0
28896,5.0,416.0,0.0
28897,184.0,221.0,0.0
28898,255.0,488.0,0.0
28899,169.0,488.0,0.0
28900,77.0,471.0,0.0
28901,144.0,325.0,0.0
28902,145.0,489.0,0.0
28903,206.0,360.0,0.0
28904,71.0,213.0,0.0
28905,260.0,86.0,0.0
28906,240.0,143.0,0.0
28907,219.0,510.0,0.0
28908,263.0,198.0,0.0
28909,119.0,312.0,0.0
28910,98.0,380.0,0.0
28911,264.0,510.0,0.0
28912,188.0,183.0,0.0
28913,101.0,447.0,0.0
28914,66.0,17.0,0.0
28915,36.0,369.0,0.0
28916,191.0,445.0,0.0
28917,182.0,23.0,0.0
28918,194.0,591.0,0.0
28919,239.0,447.0,0.0
28920,64.0,150.0,0.0
28921,142.0,167.0,0.0
28922,28.0,198.0,0.0
28923,240.0,594.0,0.0
28924,155.0,273.0,0.0
28925,18.0,93.0,0.0
28926,265.0,430.0,0.0
28927,252.0,409.0,0.0
28928,174.0,363.0,0.0
28929,204.0,394.0,0.0
28930,112.0,344.0,0.0
28931,48.0,400.0,0.0
28932,79.0,396.0,0.0
28933,59.0,213.0,0.0
28934,135.0,430.0,0.0
28935,89.0,289.0,0.0
28936,13.0,73.0,0.0
28937,59.0,314.0,0.0
28938,223.0,215.0,0.0
28939,92.0,334.0,0.0
28940,195.0,413.0,0.0
28941,72.0,594.0,0.0
28942,66.0,511.0,0.0
28943,237.0,126.0,0.0
28944,128.0,475.0,0.0
28945,110.0,268.0,0.0
28946,241.0,199.0,0.0
28947,133.0,103.0,0.0
28948,212.0,300.0,0.0
28949,198.0,160.0,0.0
28950,144.0,480.0,0.0
28951,101.0,564.0,0.0
28952,158.0,479.0,0.0
28953,60.0,561.0,0.0
28954,169.0,424.0,0.0
28955,120.0,248.0,0.0
28956,226.0,257.0,0.0
28957,7.0,300.0,0.0
28958,155.0,72.0,0.0
28959,185.0,33.0,0.0
28960,122.0,471.0,0.0
28961,132.0,472.0,0.0
28962,48.0,493.0,0.0
28963,180.0,171.0,0.0
28964,205.0,239.0,0.0
28965,99.0,580.0,0.0
28966,221.0,228.0,0.0
28967,25.0,588.0,0.0
28968,89.0,73.0,0.0
28969,146.0,228.0,0.0
28970,65.0,483.0,0.0
28971,236.0,384.0,0.0
28972,136.0,26.0,0.0
28973,89.0,65.0,0.0
28974,220.0,506.0,0.0
28975,24.0,214.0,0.0
28976,216.0,587.0,0.0
28977,45.0,28.0,0.0
28978,36.0,134.0,0.0
28979,16.0,171.0,0.0
28980,86.0,260.0,0.0
28981,122.0,26.0,0.0
28982,91.0,584.0,0.0
28983,172.0,119.0,0.0
28984,249.0,487.0,0.0
28985,189.0,377.0,0.0
28986,261.0,24.0,0.0
28987,172.0,537.0,0.0
28988,41.0,362.0,0.0
28989,78.0,94.0,0.0
28990,159.0,283.0,0.0
28991,111.0,305.0,0.0
28992,35.0,309.0,0.0
28993,104.0,553.0,0.0
28994,45.0,427.0,0.0
28995,0.0,222.0,0.0
28996,9.0,458.0,0.0
28997,55.0,100.0,0.0
28998,212.0,269.0,0.0
28999,137.0,559.0,0.0
29000,243.0,535.0,0.0
29001,127.0,567.0,0.0
29002,169.0,248.0,0.0
29003,192.0,490.0,0.0
29004,211.0,455.0,0.0
29005,89.0,518.0,0.0
29006,249.0,107.0,0.0
29007,62.0,6.0,0.0
29008,204.0,125.0,0.0
29009,200.0,306.0,0.0
29010,190.0,255.0,0.0
29011,161.0,320.0,0.0
29012,236.0,61.0,0.0
29013,82.0,340.0,0.0
29014,250.0,26.0,0.0
29015,35.0,117.0,0.0
29016,105.0,579.0,0.0
29017,167.0,322.0,0.0
29018,217.0,556.0,0.0
29019,14.0,498.0,0.0
29020,195.0,16.0,0.0
29021,248.0,139.0,0.0
29022,42.0,371.0,0.0
29023,97.0,546.0,0.0
29024,136.0,595.0,0.0
29025,204.0,169.0,0.0
29026,198.0,177.0,0.0
29027,57.0,408.0,0.0
29028,40.0,383.0,0.0
29029,228.0,540.0,0.0
29030,235.0,406.0,0.0
29031,139.0,160.0,0.0
29032,34.0,178.0,0.0
29033,16.0,107.0,0.0
29034,99.0,426.0,0.0
29035,127.0,359.0,0.0
29036,258.0,345.0,0.0
29037,232.0,174.0,0.0
29038,223.0,151.0,0.0
29039,102.0,394.0,0.0
29040,13.0,319.0,0.0
29041,107.0,529.0,0.0
29042,78.0,109.0,0.0
29043,105.0,226.0,0.0
29044,229.0,184.0,0.0
29045,188.0,256.0,0.0
29046,166.0,379.0,0.0
29047,149.0,468.0,0.0
29048,185.0,28.0,0.0
29049,199.0,37.0,0.0
29050,233.0,46.0,0.0
29051,139.0,469.0,0.0
29052,123.0,230.0,0.0
29053,11.0,110.0,0.0
29054,245.0,313.0,0.0
29055,46.0,381.0,0.0
29056,163.0,468.0,0.0
29057,251.0,516.0,0.0
29058,67.0,503.0,0.0
29059,36.0,583.0,0.0
29060,220.0,558.0,0.0
29061,40.0,374.0,0.0
29062,28.0,547.0,0.0
29063,2.0,422.0,0.0
29064,148.0,521.0,0.0
29065,82.0,472.0,0.0
29066,122.0,138.0,0.0
29067,118.0,357.0,0.0
29068,184.0,347.0,0.0
29069,257.0,379.0,0.0
29070,65.0,30.0,0.0
29071,125.0,592.0,0.0
29072,167.0,67.0,0.0
29073,49.0,377.0,0.0
29074,241.0,88.0,0.0
29075,41.0,266.0,0.0
29076,93.0,469.0,0.0
29077,92.0,326.0,0.0
29078,141.0,352.0,0.0
29079,4.0,248.0,0.0
29080,145.0,338.0,0.0
29081,144.0,29.0,0.0
29082,22.0,164.0,0.0
29083,203.0,149.0,0.0
29084,182.0,16.0,0.0
29085,163.0,149.0,0.0
29086,208.0,189.0,0.0
29087,109.0,326.0,0.0
29088,214.0,313.0,0.0
29089,238.0,204.0,0.0
29090,185.0,413.0,0.0
29091,262.0,307.0,0.0
29092,64.0,45.0,0.0
29093,137.0,391.0,0.0
29094,31.0,396.0,0.0
29095,172.0,589.0,0.0
29096,184.0,44.0,0.0
29097,158.0,437.0,0.0
29098,33.0,121.0,0.0
29099,260.0,375.0,0.0
29100,32.0,522.0,0.0
29101,147.0,544.0,0.0
29102,36.0,480.0,0.0
29103,66.0,484.0,0.0
29104,257.0,345.0,0.0
29105,82.0,390.0,0.0
29106,89.0,590.0,0.0
29107,250.0,525.0,0.0
29108,203.0,15.0,0.0
29109,184.0,46.0,0.0
29110,151.0,451.0,0.0
29111,239.0,82.0,0.0
29112,40.0,157.0,0.0
29113,0.0,286.0,0.0
29114,26.0,127.0,0.0
29115,209.0,86.0,0.0
29116,238.0,122.0,0.0
29117,5.0,31.0,0.0
29118,196.0,51.0,0.0
29119,202.0,259.0,0.0
29120,44.0,369.0,0.0
29121,154.0,328.0,0.0
29122,27.0,215.0,0.0
29123,191.0,99.0,0.0
29124,19.0,396.0,0.0
29125,107.0,269.0,0.0
29126,102.0,321.0,0.0
29127,208.0,93.0,0.0
29128,140.0,582.0,0.0
29129,233.0,399.0,0.0
29130,208.0,546.0,0.0
29131,16.0,397.0,0.0
29132,47.0,278.0,0.0
29133,176.0,76.0,0.0
29134,141.0,172.0,0.0
29135,136.0,485.0,0.0
29136,121.0,111.0,0.0
29137,196.0,368.0,0.0
29138,61.0,537.0,0.0
29139,221.0,158.0,0.0
29140,100.0,66.0,0.0
29141,14.0,30.0,0.0
29142,69.0,473.0,0.0
29143,137.0,182.0,0.0
29144,41.0,505.0,0.0
29145,12.0,380.0,0.0
29146,196.0,127.0,0.0
29147,243.0,410.0,0.0
29148,37.0,280.0,0.0
29149,88.0,597.0,0.0
29150,99.0,589.0,0.0
29151,72.0,526.0,0.0
29152,259.0,301.0,0.0
29153,255.0,221.0,0.0
29154,210.0,222.0,0.0
29155,172.0,513.0,0.0
29156,157.0,477.0,0.0
29157,135.0,250.0,0.0
29158,92.0,158.0,0.0
29159,92.0,540.0,0.0
29160,265.0,493.0,0.0
29161,220.0,13.0,0.0
29162,145.0,354.0,0.0
29163,267.0,279.0,0.0
29164,66.0,518.0,0.0
29165,97.0,438.0,0.0
29166,185.0,274.0,0.0
29167,41.0,466.0,0.0
29168,88.0,302.0,0.0
29169,145.0,471.0,0.0
29170,72.0,459.0,0.0
29171,204.0,82.0,0.0
29172,262.0,323.0,0.0
29173,2.0,503.0,0.0
29174,213.0,207.0,0.0
29175,241.0,333.0,0.0
29176,191.0,6.0,0.0
29177,157.0,330.0,0.0
29178,104.0,381.0,0.0
29179,234.0,134.0,0.0
29180,257.0,509.0,0.0
29181,157.0,364.0,0.0
29182,154.0,407.0,0.0
29183,41.0,160.0,0.0
29184,12.0,74.0,0.0
29185,220.0,88.0,0.0
29186,79.0,595.0,0.0
29187,59.0,591.0,0.0
29188,222.0,238.0,0.0
29189,202.0,344.0,0.0
29190,6.0,189.0,0.0
29191,232.0,304.0,0.0
29192,52.0,523.0,0.0
29193,236.0,365.0,0.0
29194,60.0,465.0,0.0
29195,31.0,2.0,0.0
29196,215.0,187.0,0.0
29197,116.0,386.0,0.0
29198,69.0,522.0,0.0
29199,33.0,500.0,0.0
29200,27.0,351.0,0.0
29201,138.0,63.0,0.0
29202,180.0,418.0,0.0
29203,26.0,460.0,0.0
29204,175.0,469.0,0.0
29205,120.0,124.0,0.0
29206,61.0,123.0,0.0
29207,126.0,355.0,0.0
29208,214.0,594.0,0.0
29209,6.0,534.0,0.0
29210,133.0,231.0,0.0
29211,55.0,150.0,0.0
29212,16.0,429.0,0.0
29213,246.0,518.0,0.0
29214,137.0,234.0,0.0
29215,36.0,260.0,0.0
29216,152.0,395.0,0.0
29217,198.0,98.0,0.0
29218,253.0,459.0,0.0
29219,149.0,80.0,0.0
29220,228.0,289.0,0.0
29221,81.0,443.0,0.0
29222,177.0,106.0,0.0
29223,60.0,268.0,0.0
29224,75.0,297.0,0.0
29225,151.0,482.0,0.0
29226,60.0,239.0,0.0
29227,250.0,580.0,0.0
29228,100.0,287.0,0.0
29229,137.0,240.0,0.0
29230,164.0,474.0,0.0
29231,183.0,319.0,0.0
29232,126.0,323.0,0.0
29233,238.0,272.0,0.0
29234,236.0,390.0,0.0
29235,0.0,86.0,0.0
29236,268.0,381.0,0.0
29237,252.0,568.0,0.0
29238,30.0,394.0,0.0
29239,214.0,56.0,0.0
29240,7.0,466.0,0.0
29241,230.0,20.0,0.0
29242,217.0,285.0,0.0
29243,197.0,109.0,0.0
29244,26.0,77.0,0.0
29245,83.0,315.0,0.0
29246,193.0,184.0,0.0
29247,262.0,34.0,0.0
29248,85.0,4.0,0.0
29249,71.0,346.0,0.0
29250,265.0,202.0,0.0
29251,7.0,283.0,0.0
29252,213.0,439.0,0.0
29253,161.0,26.0,0.0
29254,166.0,567.0,0.0
29255,245.0,582.0,0.0
29256,255.0,531.0,0.0
29257,71.0,16.0,0.0
29258,52.0,454.0,0.0
29259,36.0,456.0,0.0
29260,192.0,70.0,0.0
29261,199.0,125.0,0.0
29262,217.0,438.0,0.0
29263,99.0,494.0,0.0
29264,128.0,290.0,0.0
29265,233.0,188.0,0.0
29266,220.0,222.0,0.0
29267,93.0,17.0,0.0
29268,161.0,163.0,0.0
29269,36.0,184.0,0.0
29270,8.0,210.0,0.0
29271,234.0,54.0,0.0
29272,139.0,62.0,0.0
29273,148.0,531.0,0.0
29274,238.0,469.0,0.0
29275,13.0,277.0,0.0
29276,156.0,237.0,0.0
29277,196.0,28.0,0.0
29278,79.0,242.0,0.0
29279,0.0,100.0,0.0
29280,89.0,597.0,0.0
29281,26.0,345.0,0.0
29282,49.0,361.0,0.0
29283,108.0,590.0,0.0
29284,183.0,409.0,0.0
29285,235.0,286.0,0.0
29286,261.0,67.0,0.0
29287,260.0,35.0,0.0
29288,40.0,211.0,0.0
29289,0.0,73.0,0.0
29290,44.0,119.0,0.0
29291,127.0,352.0,0.0
29292,205.0,528.0,0.0
29293,50.0,547.0,0.0
29294,216.0,483.0,0.0
29295,98.0,425.0,0.0
29296,235.0,434.0,0.0
29297,0.0,199.0,0.0
29298,115.0,215.0,0.0
29299,256.0,486.0,0.0
29300,2.0,411.0,0.0
29301,81.0,483.0,0.0
29302,10.0,251.0,0.0
29303,34.0,253.0,0.0
29304,57.0,388.0,0.0
29305,191.0,351.0,0.0
29306,247.0,133.0,0.0
29307,69.0,597.0,0.0
29308,157.0,398.0,0.0
29309,160.0,392.0,0.0
29310,245.0,426.0,0.0
29311,227.0,481.0,0.0
29312,229.0,123.0,0.0
29313,116.0,552.0,0.0
29314,114.0,472.0,0.0
29315,46.0,269.0,0.0
29316,218.0,40.0,0.0
29317,173.0,580.0,0.0
29318,132.0,428.0,0.0
29319,62.0,123.0,0.0
29320,38.0,585.0,0.0
29321,230.0,562.0,0.0
29322,43.0,11.0,0.0
29323,106.0,421.0,0.0
29324,166.0,268.0,0.0
29325,26.0,75.0,0.0
29326,18.0,141.0,0.0
29327,102.0,457.0,0.0
29328,244.0,2.0,0.0
29329,99.0,569.0,0.0
29330,265.0,556.0,0.0
29331,222.0,395.0,0.0
29332,154.0,287.0,0.0
29333,224.0,551.0,0.0
29334,247.0,257.0,0.0
29335,121.0,475.0,0.0
29336,157.0,117.0,0.0
29337,29.0,519.0,0.0
29338,118.0,469.0,0.0
29339,211.0,55.0,0.0
29340,17.0,134.0,0.0
29341,113.0,257.0,0.0
29342,167.0,256.0,0.0
29343,12.0,171.0,0.0
29344,26.0,441.0,0.0
29345,221.0,116.0,0.0
29346,86.0,333.0,0.0
29347,55.0,78.0,0.0
29348,243.0,45.0,0.0
29349,104.0,401.0,0.0
29350,146.0,216.0,0.0
29351,232.0,423.0,0.0
29352,218.0,464.0,0.0
29353,132.0,592.0,0.0
29354,29.0,436.0,0.0
29355,137.0,456.0,0.0
29356,230.0,284.0,0.0
29357,203.0,161.0,0.0
29358,94.0,113.0,0.0
29359,38.0,534.0,0.0
29360,5.0,304.0,0.0
29361,99.0,16.0,0.0
29362,146.0,527.0,0.0
29363,167.0,519.0,0.0
29364,76.0,91.0,0.0
29365,223.0,357.0,0.0
29366,151.0,441.0,0.0
29367,46.0,553.0,0.0
29368,263.0,432.0,0.0
29369,141.0,515.0,0.0
29370,194.0,534.0,0.0
29371,98.0,551.0,0.0
29372,180.0,232.0,0.0
29373,226.0,475.0,0.0
29374,43.0,163.0,0.0
29375,204.0,457.0,0.0
29376,143.0,592.0,0.0
29377,87.0,328.0,0.0
29378,37.0,475.0,0.0
29379,69.0,520.0,0.0
29380,5.0,50.0,0.0
29381,151.0,162.0,0.0
29382,199.0,540.0,0.0
29383,33.0,5.0,0.0
29384,75.0,416.0,0.0
29385,255.0,380.0,0.0
29386,202.0,102.0,0.0
29387,115.0,298.0,0.0
29388,220.0,305.0,0.0
29389,220.0,79.0,0.0
29390,163.0,127.0,0.0
29391,152.0,401.0,0.0
29392,83.0,286.0,0.0
29393,170.0,294.0,0.0
29394,55.0,329.0,0.0
29395,112.0,115.0,0.0
29396,33.0,64.0,0.0
29397,62.0,235.0,0.0
29398,60.0,152.0,0.0
29399,224.0,529.0,0.0
29400,55.0,409.0,0.0
29401,229.0,280.0,0.0
29402,161.0,32.0,0.0
29403,255.0,513.0,0.0
29404,258.0,487.0,0.0
29405,110.0,459.0,0.0
29406,94.0,3.0,0.0
29407,181.0,37.0,0.0
29408,247.0,461.0,0.0
29409,197.0,284.0,0.0
29410,153.0,404.0,0.0
29411,213.0,56.0,0.0
29412,169.0,15.0,0.0
29413,220.0,229.0,0.0
29414,193.0,486.0,0.0
29415,119.0,478.0,0.0
29416,207.0,270.0,0.0
29417,201.0,88.0,0.0
29418,242.0,543.0,0.0
29419,125.0,22.0,0.0
29420,23.0,541.0,0.0
29421,247.0,394.0,0.0
29422,126.0,361.0,0.0
29423,134.0,431.0,0.0
29424,19.0,345.0,0.0
29425,106.0,318.0,0.0
29426,113.0,158.0,0.0
29427,146.0,74.0,0.0
29428,90.0,462.0,0.0
29429,112.0,474.0,0.0
29430,263.0,573.0,0.0
29431,253.0,487.0,0.0
29432,218.0,572.0,0.0
29433,214.0,4.0,0.0
29434,228.0,163.0,0.0
29435,93.0,148.0,0.0
29436,89.0,375.0,0.0
29437,89.0,439.0,0.0
29438,68.0,465.0,0.0
29439,157.0,81.0,0.0
29440,193.0,371.0,0.0
29441,88.0,444.0,0.0
29442,51.0,422.0,0.0
29443,67.0,517.0,0.0
29444,202.0,576.0,0.0
29445,181.0,426.0,0.0
29446,167.0,19.0,0.0
29447,110.0,4.0,0.0
29448,80.0,497.0,0.0
29449,174.0,206.0,0.0
29450,110.0,305.0,0.0
29451,266.0,419.0,0.0
29452,69.0,543.0,0.0
29453,203.0,495.0,0.0
29454,131.0,557.0,0.0
29455,186.0,561.0,0.0
29456,23.0,293.0,0.0
29457,186.0,557.0,0.0
29458,258.0,196.0,0.0
29459,35.0,281.0,0.0
29460,208.0,496.0,0.0
29461,190.0,108.0,0.0
29462,101.0,373.0,0.0
29463,171.0,228.0,0.0
29464,199.0,320.0,0.0
