,drug,disease,label
0,71.0,581.0,1.0
1,266.0,214.0,1.0
2,165.0,234.0,1.0
3,121.0,33.0,1.0
4,100.0,315.0,1.0
5,82.0,10.0,1.0
6,89.0,351.0,1.0
7,196.0,89.0,1.0
8,71.0,112.0,1.0
9,8.0,252.0,1.0
10,44.0,437.0,1.0
11,90.0,100.0,1.0
12,90.0,29.0,1.0
13,117.0,309.0,1.0
14,207.0,252.0,1.0
15,115.0,7.0,1.0
16,29.0,47.0,1.0
17,71.0,426.0,1.0
18,14.0,146.0,1.0
19,71.0,320.0,1.0
20,47.0,133.0,1.0
21,44.0,256.0,1.0
22,78.0,0.0,1.0
23,256.0,360.0,1.0
24,2.0,101.0,1.0
25,62.0,559.0,1.0
26,128.0,156.0,1.0
27,175.0,52.0,1.0
28,250.0,127.0,1.0
29,216.0,164.0,1.0
30,79.0,111.0,1.0
31,82.0,559.0,1.0
32,65.0,60.0,1.0
33,102.0,95.0,1.0
34,164.0,242.0,1.0
35,132.0,213.0,1.0
36,189.0,178.0,1.0
37,129.0,111.0,1.0
38,2.0,45.0,1.0
39,78.0,38.0,1.0
40,184.0,485.0,1.0
41,156.0,111.0,1.0
42,218.0,378.0,1.0
43,143.0,236.0,1.0
44,56.0,204.0,1.0
45,13.0,20.0,1.0
46,128.0,10.0,1.0
47,259.0,223.0,1.0
48,52.0,218.0,1.0
49,81.0,196.0,1.0
50,91.0,514.0,1.0
51,16.0,54.0,1.0
52,84.0,592.0,1.0
53,104.0,175.0,1.0
54,149.0,44.0,1.0
55,120.0,287.0,1.0
56,195.0,225.0,1.0
57,153.0,71.0,1.0
58,74.0,117.0,1.0
59,115.0,222.0,1.0
60,185.0,256.0,1.0
61,53.0,38.0,1.0
62,9.0,61.0,1.0
63,156.0,386.0,1.0
64,238.0,62.0,1.0
65,115.0,24.0,1.0
66,222.0,510.0,1.0
67,99.0,3.0,1.0
68,44.0,141.0,1.0
69,165.0,388.0,1.0
70,199.0,583.0,1.0
71,189.0,242.0,1.0
72,99.0,32.0,1.0
73,200.0,356.0,1.0
74,102.0,90.0,1.0
75,48.0,306.0,1.0
76,45.0,351.0,1.0
77,138.0,248.0,1.0
78,94.0,388.0,1.0
79,67.0,376.0,1.0
80,211.0,118.0,1.0
81,45.0,447.0,1.0
82,47.0,66.0,1.0
83,200.0,18.0,1.0
84,147.0,360.0,1.0
85,266.0,410.0,1.0
86,126.0,267.0,1.0
87,53.0,132.0,1.0
88,9.0,20.0,1.0
89,199.0,342.0,1.0
90,82.0,66.0,1.0
91,45.0,492.0,1.0
92,189.0,128.0,1.0
93,211.0,382.0,1.0
94,233.0,39.0,1.0
95,75.0,219.0,1.0
96,94.0,12.0,1.0
97,72.0,290.0,1.0
98,259.0,186.0,1.0
99,147.0,225.0,1.0
100,91.0,333.0,1.0
101,9.0,245.0,1.0
102,13.0,164.0,1.0
103,230.0,50.0,1.0
104,200.0,51.0,1.0
105,145.0,390.0,1.0
106,208.0,419.0,1.0
107,189.0,157.0,1.0
108,207.0,382.0,1.0
109,20.0,287.0,1.0
110,188.0,241.0,1.0
111,150.0,202.0,1.0
112,122.0,299.0,1.0
113,126.0,209.0,1.0
114,26.0,196.0,1.0
115,92.0,22.0,1.0
116,77.0,3.0,1.0
117,194.0,570.0,1.0
118,249.0,550.0,1.0
119,159.0,10.0,1.0
120,119.0,417.0,1.0
121,127.0,27.0,1.0
122,243.0,146.0,1.0
123,22.0,152.0,1.0
124,56.0,89.0,1.0
125,144.0,125.0,1.0
126,130.0,50.0,1.0
127,158.0,200.0,1.0
128,130.0,49.0,1.0
129,234.0,116.0,1.0
130,255.0,283.0,1.0
131,85.0,83.0,1.0
132,193.0,137.0,1.0
133,230.0,374.0,1.0
134,167.0,134.0,1.0
135,159.0,12.0,1.0
136,128.0,176.0,1.0
137,178.0,57.0,1.0
138,211.0,238.0,1.0
139,117.0,126.0,1.0
140,113.0,439.0,1.0
141,51.0,262.0,1.0
142,97.0,205.0,1.0
143,128.0,320.0,1.0
144,81.0,398.0,1.0
145,53.0,147.0,1.0
146,189.0,474.0,1.0
147,12.0,319.0,1.0
148,108.0,463.0,1.0
149,178.0,66.0,1.0
150,73.0,178.0,1.0
151,31.0,21.0,1.0
152,65.0,217.0,1.0
153,164.0,87.0,1.0
154,90.0,491.0,1.0
155,209.0,516.0,1.0
156,5.0,205.0,1.0
157,185.0,245.0,1.0
158,75.0,461.0,1.0
159,145.0,136.0,1.0
160,257.0,120.0,1.0
161,102.0,241.0,1.0
162,248.0,120.0,1.0
163,229.0,275.0,1.0
164,202.0,138.0,1.0
165,137.0,571.0,1.0
166,226.0,496.0,1.0
167,105.0,120.0,1.0
168,124.0,91.0,1.0
169,132.0,239.0,1.0
170,107.0,89.0,1.0
171,180.0,143.0,1.0
172,111.0,157.0,1.0
173,37.0,1.0,1.0
174,155.0,238.0,1.0
175,188.0,24.0,1.0
176,64.0,253.0,1.0
177,81.0,413.0,1.0
178,5.0,1.0,1.0
179,82.0,47.0,1.0
180,239.0,195.0,1.0
181,104.0,117.0,1.0
182,195.0,191.0,1.0
183,145.0,356.0,1.0
184,48.0,114.0,1.0
185,224.0,460.0,1.0
186,119.0,59.0,1.0
187,144.0,222.0,1.0
188,153.0,195.0,1.0
189,56.0,58.0,1.0
190,188.0,522.0,1.0
191,228.0,64.0,1.0
192,153.0,505.0,1.0
193,176.0,386.0,1.0
194,53.0,311.0,1.0
195,141.0,70.0,1.0
196,12.0,36.0,1.0
197,195.0,512.0,1.0
198,60.0,100.0,1.0
199,133.0,196.0,1.0
200,223.0,153.0,1.0
201,211.0,104.0,1.0
202,78.0,389.0,1.0
203,17.0,227.0,1.0
204,218.0,203.0,1.0
205,263.0,583.0,1.0
206,51.0,124.0,1.0
207,108.0,298.0,1.0
208,87.0,538.0,1.0
209,87.0,247.0,1.0
210,104.0,500.0,1.0
211,223.0,330.0,1.0
212,53.0,413.0,1.0
213,127.0,253.0,1.0
214,110.0,208.0,1.0
215,94.0,221.0,1.0
216,17.0,31.0,1.0
217,112.0,532.0,1.0
218,2.0,114.0,1.0
219,177.0,287.0,1.0
220,230.0,247.0,1.0
221,235.0,104.0,1.0
222,48.0,294.0,1.0
223,149.0,510.0,1.0
224,64.0,30.0,1.0
225,249.0,436.0,1.0
226,51.0,24.0,1.0
227,136.0,251.0,1.0
228,58.0,175.0,1.0
229,71.0,0.0,1.0
230,104.0,272.0,1.0
231,1.0,24.0,1.0
232,145.0,217.0,1.0
233,136.0,205.0,1.0
234,216.0,113.0,1.0
235,87.0,354.0,1.0
236,129.0,112.0,1.0
237,258.0,103.0,1.0
238,27.0,409.0,1.0
239,78.0,206.0,1.0
240,191.0,459.0,1.0
241,79.0,48.0,1.0
242,42.0,148.0,1.0
243,148.0,10.0,1.0
244,117.0,86.0,1.0
245,77.0,385.0,1.0
246,193.0,146.0,1.0
247,83.0,326.0,1.0
248,150.0,112.0,1.0
249,224.0,250.0,1.0
250,126.0,382.0,1.0
251,141.0,532.0,1.0
252,176.0,586.0,1.0
253,42.0,45.0,1.0
254,131.0,39.0,1.0
255,250.0,50.0,1.0
256,90.0,414.0,1.0
257,208.0,205.0,1.0
258,178.0,126.0,1.0
259,150.0,204.0,1.0
260,130.0,276.0,1.0
261,91.0,266.0,1.0
262,94.0,394.0,1.0
263,104.0,147.0,1.0
264,64.0,179.0,1.0
265,153.0,376.0,1.0
266,89.0,89.0,1.0
267,98.0,222.0,1.0
268,52.0,347.0,1.0
269,90.0,38.0,1.0
270,164.0,107.0,1.0
271,83.0,193.0,1.0
272,97.0,584.0,1.0
273,264.0,41.0,1.0
274,51.0,126.0,1.0
275,135.0,202.0,1.0
276,13.0,191.0,1.0
277,71.0,504.0,1.0
278,256.0,47.0,1.0
279,19.0,143.0,1.0
280,182.0,164.0,1.0
281,74.0,234.0,1.0
282,26.0,243.0,1.0
283,233.0,81.0,1.0
284,148.0,525.0,1.0
285,153.0,356.0,1.0
286,98.0,384.0,1.0
287,165.0,148.0,1.0
288,65.0,86.0,1.0
289,6.0,125.0,1.0
290,158.0,558.0,1.0
291,81.0,391.0,1.0
292,123.0,123.0,1.0
293,5.0,38.0,1.0
294,149.0,260.0,1.0
295,37.0,208.0,1.0
296,212.0,399.0,1.0
297,165.0,533.0,1.0
298,145.0,254.0,1.0
299,158.0,229.0,1.0
300,86.0,150.0,1.0
301,35.0,363.0,1.0
302,132.0,451.0,1.0
303,51.0,337.0,1.0
304,98.0,230.0,1.0
305,97.0,0.0,1.0
306,82.0,106.0,1.0
307,224.0,242.0,1.0
308,9.0,38.0,1.0
309,71.0,217.0,1.0
310,17.0,193.0,1.0
311,129.0,137.0,1.0
312,155.0,219.0,1.0
313,81.0,31.0,1.0
314,145.0,40.0,1.0
315,210.0,209.0,1.0
316,9.0,256.0,1.0
317,91.0,28.0,1.0
318,164.0,129.0,1.0
319,26.0,241.0,1.0
320,256.0,62.0,1.0
321,155.0,35.0,1.0
322,74.0,103.0,1.0
323,45.0,238.0,1.0
324,70.0,57.0,1.0
325,130.0,172.0,1.0
326,1.0,72.0,1.0
327,87.0,74.0,1.0
328,52.0,399.0,1.0
329,255.0,68.0,1.0
330,124.0,166.0,1.0
331,65.0,152.0,1.0
332,84.0,407.0,1.0
333,52.0,510.0,1.0
334,141.0,153.0,1.0
335,166.0,378.0,1.0
336,71.0,78.0,1.0
337,51.0,416.0,1.0
338,103.0,496.0,1.0
339,164.0,14.0,1.0
340,156.0,216.0,1.0
341,135.0,116.0,1.0
342,154.0,45.0,1.0
343,60.0,554.0,1.0
344,59.0,7.0,1.0
345,117.0,69.0,1.0
346,98.0,44.0,1.0
347,74.0,100.0,1.0
348,248.0,285.0,1.0
349,88.0,89.0,1.0
350,126.0,389.0,1.0
351,141.0,309.0,1.0
352,149.0,164.0,1.0
353,172.0,255.0,1.0
354,103.0,219.0,1.0
355,71.0,122.0,1.0
356,145.0,360.0,1.0
357,128.0,190.0,1.0
358,90.0,199.0,1.0
359,47.0,379.0,1.0
360,228.0,476.0,1.0
361,132.0,197.0,1.0
362,237.0,252.0,1.0
363,16.0,306.0,1.0
364,171.0,47.0,1.0
365,79.0,10.0,1.0
366,69.0,580.0,1.0
367,47.0,239.0,1.0
368,35.0,313.0,1.0
369,78.0,457.0,1.0
370,59.0,231.0,1.0
371,234.0,49.0,1.0
372,52.0,464.0,1.0
373,96.0,50.0,1.0
374,82.0,511.0,1.0
375,113.0,252.0,1.0
376,193.0,95.0,1.0
377,201.0,138.0,1.0
378,105.0,150.0,1.0
379,1.0,87.0,1.0
380,2.0,11.0,1.0
381,183.0,562.0,1.0
382,2.0,117.0,1.0
383,183.0,89.0,1.0
384,87.0,482.0,1.0
385,248.0,100.0,1.0
386,65.0,321.0,1.0
387,69.0,579.0,1.0
388,97.0,487.0,1.0
389,135.0,530.0,1.0
390,16.0,20.0,1.0
391,168.0,570.0,1.0
392,64.0,343.0,1.0
393,74.0,223.0,1.0
394,0.0,13.0,1.0
395,115.0,501.0,1.0
396,102.0,510.0,1.0
397,189.0,354.0,1.0
398,104.0,407.0,1.0
399,104.0,201.0,1.0
400,82.0,121.0,1.0
401,137.0,542.0,1.0
402,61.0,84.0,1.0
403,49.0,45.0,1.0
404,223.0,368.0,1.0
405,259.0,412.0,1.0
406,44.0,476.0,1.0
407,44.0,172.0,1.0
408,146.0,50.0,1.0
409,165.0,111.0,1.0
410,39.0,148.0,1.0
411,78.0,352.0,1.0
412,106.0,457.0,1.0
413,229.0,226.0,1.0
414,147.0,395.0,1.0
415,268.0,111.0,1.0
416,144.0,560.0,1.0
417,185.0,429.0,1.0
418,234.0,146.0,1.0
419,82.0,221.0,1.0
420,35.0,27.0,1.0
421,116.0,229.0,1.0
422,170.0,127.0,1.0
423,238.0,452.0,1.0
424,2.0,104.0,1.0
425,189.0,352.0,1.0
426,65.0,252.0,1.0
427,199.0,469.0,1.0
428,51.0,517.0,1.0
429,153.0,92.0,1.0
430,147.0,593.0,1.0
431,51.0,331.0,1.0
432,79.0,33.0,1.0
433,94.0,329.0,1.0
434,130.0,288.0,1.0
435,163.0,111.0,1.0
436,69.0,367.0,1.0
437,228.0,59.0,1.0
438,82.0,331.0,1.0
439,52.0,208.0,1.0
440,85.0,155.0,1.0
441,87.0,85.0,1.0
442,203.0,336.0,1.0
443,200.0,255.0,1.0
444,266.0,224.0,1.0
445,249.0,273.0,1.0
446,29.0,27.0,1.0
447,176.0,227.0,1.0
448,242.0,40.0,1.0
449,223.0,22.0,1.0
450,67.0,256.0,1.0
451,219.0,405.0,1.0
452,258.0,266.0,1.0
453,234.0,14.0,1.0
454,84.0,261.0,1.0
455,256.0,337.0,1.0
456,215.0,166.0,1.0
457,250.0,66.0,1.0
458,70.0,205.0,1.0
459,82.0,589.0,1.0
460,189.0,150.0,1.0
461,1.0,38.0,1.0
462,84.0,238.0,1.0
463,10.0,293.0,1.0
464,218.0,78.0,1.0
465,78.0,388.0,1.0
466,147.0,352.0,1.0
467,129.0,61.0,1.0
468,66.0,256.0,1.0
469,149.0,238.0,1.0
470,16.0,72.0,1.0
471,3.0,163.0,1.0
472,197.0,181.0,1.0
473,196.0,385.0,1.0
474,102.0,502.0,1.0
475,71.0,3.0,1.0
476,90.0,124.0,1.0
477,81.0,36.0,1.0
478,178.0,334.0,1.0
479,256.0,145.0,1.0
480,175.0,77.0,1.0
481,104.0,257.0,1.0
482,190.0,112.0,1.0
483,78.0,387.0,1.0
484,84.0,59.0,1.0
485,133.0,111.0,1.0
486,149.0,282.0,1.0
487,78.0,393.0,1.0
488,116.0,136.0,1.0
489,209.0,495.0,1.0
490,218.0,269.0,1.0
491,222.0,215.0,1.0
492,183.0,255.0,1.0
493,96.0,192.0,1.0
494,248.0,89.0,1.0
495,147.0,274.0,1.0
496,183.0,393.0,1.0
497,85.0,537.0,1.0
498,5.0,40.0,1.0
499,264.0,50.0,1.0
500,133.0,388.0,1.0
501,122.0,432.0,1.0
502,47.0,204.0,1.0
503,116.0,2.0,1.0
504,81.0,527.0,1.0
505,86.0,588.0,1.0
506,39.0,464.0,1.0
507,156.0,454.0,1.0
508,45.0,147.0,1.0
509,103.0,266.0,1.0
510,100.0,218.0,1.0
511,129.0,353.0,1.0
512,149.0,317.0,1.0
513,165.0,93.0,1.0
514,9.0,52.0,1.0
515,130.0,427.0,1.0
516,155.0,89.0,1.0
517,161.0,157.0,1.0
518,104.0,455.0,1.0
519,165.0,127.0,1.0
520,248.0,266.0,1.0
521,51.0,343.0,1.0
522,187.0,179.0,1.0
523,250.0,126.0,1.0
524,71.0,24.0,1.0
525,56.0,426.0,1.0
526,174.0,89.0,1.0
527,234.0,92.0,1.0
528,247.0,243.0,1.0
529,247.0,106.0,1.0
530,17.0,410.0,1.0
531,89.0,145.0,1.0
532,126.0,195.0,1.0
533,84.0,333.0,1.0
534,21.0,44.0,1.0
535,147.0,111.0,1.0
536,42.0,100.0,1.0
537,117.0,310.0,1.0
538,116.0,268.0,1.0
539,197.0,86.0,1.0
540,155.0,430.0,1.0
541,141.0,241.0,1.0
542,81.0,203.0,1.0
543,89.0,474.0,1.0
544,104.0,106.0,1.0
545,257.0,59.0,1.0
546,126.0,218.0,1.0
547,228.0,148.0,1.0
548,73.0,321.0,1.0
549,105.0,45.0,1.0
550,91.0,298.0,1.0
551,34.0,50.0,1.0
552,262.0,462.0,1.0
553,200.0,554.0,1.0
554,189.0,429.0,1.0
555,9.0,95.0,1.0
556,189.0,297.0,1.0
557,230.0,469.0,1.0
558,203.0,94.0,1.0
559,87.0,458.0,1.0
560,82.0,337.0,1.0
561,228.0,62.0,1.0
562,82.0,53.0,1.0
563,17.0,403.0,1.0
564,126.0,186.0,1.0
565,177.0,10.0,1.0
566,224.0,277.0,1.0
567,74.0,160.0,1.0
568,35.0,136.0,1.0
569,196.0,310.0,1.0
570,1.0,67.0,1.0
571,122.0,70.0,1.0
572,51.0,234.0,1.0
573,5.0,186.0,1.0
574,51.0,133.0,1.0
575,100.0,111.0,1.0
576,155.0,28.0,1.0
577,178.0,186.0,1.0
578,110.0,194.0,1.0
579,131.0,223.0,1.0
580,188.0,280.0,1.0
581,121.0,82.0,1.0
582,113.0,73.0,1.0
583,128.0,144.0,1.0
584,264.0,72.0,1.0
585,62.0,410.0,1.0
586,138.0,105.0,1.0
587,74.0,146.0,1.0
588,95.0,232.0,1.0
589,89.0,338.0,1.0
590,256.0,510.0,1.0
591,84.0,111.0,1.0
592,29.0,443.0,1.0
593,87.0,99.0,1.0
594,187.0,186.0,1.0
595,116.0,18.0,1.0
596,105.0,133.0,1.0
597,114.0,6.0,1.0
598,125.0,285.0,1.0
599,263.0,58.0,1.0
600,52.0,398.0,1.0
601,138.0,143.0,1.0
602,225.0,18.0,1.0
603,106.0,103.0,1.0
604,141.0,207.0,1.0
605,39.0,466.0,1.0
606,165.0,562.0,1.0
607,83.0,208.0,1.0
608,78.0,105.0,1.0
609,160.0,351.0,1.0
610,219.0,402.0,1.0
611,145.0,285.0,1.0
612,177.0,259.0,1.0
613,94.0,504.0,1.0
614,196.0,337.0,1.0
615,123.0,130.0,1.0
616,259.0,241.0,1.0
617,182.0,17.0,1.0
618,75.0,397.0,1.0
619,15.0,9.0,1.0
620,65.0,150.0,1.0
621,66.0,259.0,1.0
622,158.0,33.0,1.0
623,32.0,66.0,1.0
624,223.0,116.0,1.0
625,107.0,469.0,1.0
626,56.0,514.0,1.0
627,248.0,502.0,1.0
628,130.0,575.0,1.0
629,167.0,106.0,1.0
630,58.0,89.0,1.0
631,56.0,363.0,1.0
632,89.0,95.0,1.0
633,186.0,480.0,1.0
634,132.0,260.0,1.0
635,145.0,193.0,1.0
636,103.0,71.0,1.0
637,172.0,111.0,1.0
638,78.0,338.0,1.0
639,175.0,217.0,1.0
640,183.0,314.0,1.0
641,164.0,399.0,1.0
642,262.0,287.0,1.0
643,123.0,177.0,1.0
644,210.0,383.0,1.0
645,259.0,380.0,1.0
646,158.0,7.0,1.0
647,189.0,309.0,1.0
648,24.0,113.0,1.0
649,225.0,545.0,1.0
650,116.0,230.0,1.0
651,132.0,204.0,1.0
652,193.0,89.0,1.0
653,196.0,384.0,1.0
654,114.0,48.0,1.0
655,74.0,195.0,1.0
656,144.0,536.0,1.0
657,82.0,579.0,1.0
658,89.0,399.0,1.0
659,79.0,416.0,1.0
660,116.0,86.0,1.0
661,206.0,190.0,1.0
662,9.0,67.0,1.0
663,64.0,117.0,1.0
664,144.0,59.0,1.0
665,84.0,75.0,1.0
666,177.0,44.0,1.0
667,162.0,573.0,1.0
668,90.0,179.0,1.0
669,114.0,81.0,1.0
670,56.0,532.0,1.0
671,74.0,219.0,1.0
672,214.0,286.0,1.0
673,231.0,31.0,1.0
674,169.0,40.0,1.0
675,44.0,336.0,1.0
676,218.0,254.0,1.0
677,74.0,481.0,1.0
678,49.0,32.0,1.0
679,195.0,11.0,1.0
680,65.0,49.0,1.0
681,102.0,73.0,1.0
682,218.0,533.0,1.0
683,191.0,517.0,1.0
684,53.0,193.0,1.0
685,5.0,3.0,1.0
686,69.0,106.0,1.0
687,226.0,22.0,1.0
688,149.0,518.0,1.0
689,104.0,49.0,1.0
690,75.0,585.0,1.0
691,183.0,324.0,1.0
692,159.0,97.0,1.0
693,169.0,103.0,1.0
694,197.0,344.0,1.0
695,253.0,298.0,1.0
696,258.0,245.0,1.0
697,226.0,525.0,1.0
698,240.0,136.0,1.0
699,259.0,411.0,1.0
700,197.0,135.0,1.0
701,58.0,157.0,1.0
702,123.0,154.0,1.0
703,238.0,354.0,1.0
704,203.0,120.0,1.0
705,52.0,378.0,1.0
706,53.0,109.0,1.0
707,9.0,252.0,1.0
708,108.0,138.0,1.0
709,18.0,143.0,1.0
710,51.0,31.0,1.0
711,223.0,353.0,1.0
712,141.0,419.0,1.0
713,129.0,197.0,1.0
714,102.0,585.0,1.0
715,264.0,308.0,1.0
716,101.0,202.0,1.0
717,168.0,10.0,1.0
718,68.0,238.0,1.0
719,105.0,47.0,1.0
720,158.0,571.0,1.0
721,102.0,261.0,1.0
722,42.0,224.0,1.0
723,167.0,12.0,1.0
724,81.0,460.0,1.0
725,136.0,496.0,1.0
726,172.0,280.0,1.0
727,118.0,175.0,1.0
728,99.0,133.0,1.0
729,140.0,146.0,1.0
730,233.0,119.0,1.0
731,225.0,148.0,1.0
732,128.0,155.0,1.0
733,132.0,221.0,1.0
734,223.0,405.0,1.0
735,67.0,362.0,1.0
736,186.0,310.0,1.0
737,205.0,255.0,1.0
738,147.0,66.0,1.0
739,82.0,364.0,1.0
740,215.0,256.0,1.0
741,115.0,266.0,1.0
742,86.0,51.0,1.0
743,87.0,203.0,1.0
744,223.0,5.0,1.0
745,158.0,374.0,1.0
746,8.0,201.0,1.0
747,97.0,146.0,1.0
748,185.0,187.0,1.0
749,147.0,525.0,1.0
750,238.0,10.0,1.0
751,175.0,257.0,1.0
752,90.0,452.0,1.0
753,187.0,205.0,1.0
754,102.0,32.0,1.0
755,79.0,100.0,1.0
756,224.0,429.0,1.0
757,178.0,500.0,1.0
758,185.0,343.0,1.0
759,65.0,287.0,1.0
760,250.0,103.0,1.0
761,209.0,286.0,1.0
762,158.0,454.0,1.0
763,147.0,348.0,1.0
764,177.0,113.0,1.0
765,60.0,538.0,1.0
766,165.0,12.0,1.0
767,81.0,279.0,1.0
768,219.0,120.0,1.0
769,130.0,331.0,1.0
770,14.0,344.0,1.0
771,96.0,504.0,1.0
772,223.0,488.0,1.0
773,144.0,378.0,1.0
774,111.0,345.0,1.0
775,181.0,21.0,1.0
776,203.0,4.0,1.0
777,117.0,47.0,1.0
778,248.0,41.0,1.0
779,67.0,532.0,1.0
780,202.0,12.0,1.0
781,247.0,242.0,1.0
782,102.0,120.0,1.0
783,52.0,504.0,1.0
784,51.0,194.0,1.0
785,136.0,111.0,1.0
786,185.0,327.0,1.0
787,71.0,120.0,1.0
788,153.0,121.0,1.0
789,42.0,185.0,1.0
790,186.0,428.0,1.0
791,228.0,10.0,1.0
792,117.0,219.0,1.0
793,147.0,340.0,1.0
794,78.0,79.0,1.0
795,147.0,569.0,1.0
796,87.0,39.0,1.0
797,9.0,57.0,1.0
798,69.0,145.0,1.0
799,230.0,482.0,1.0
800,165.0,384.0,1.0
801,156.0,62.0,1.0
802,168.0,337.0,1.0
803,19.0,35.0,1.0
804,113.0,294.0,1.0
805,116.0,285.0,1.0
806,175.0,66.0,1.0
807,165.0,280.0,1.0
808,165.0,177.0,1.0
809,79.0,251.0,1.0
810,223.0,226.0,1.0
811,105.0,119.0,1.0
812,82.0,512.0,1.0
813,56.0,298.0,1.0
814,225.0,585.0,1.0
815,117.0,393.0,1.0
816,87.0,103.0,1.0
817,88.0,151.0,1.0
818,82.0,343.0,1.0
819,266.0,291.0,1.0
820,82.0,352.0,1.0
821,141.0,115.0,1.0
822,209.0,479.0,1.0
823,185.0,334.0,1.0
824,183.0,82.0,1.0
825,7.0,90.0,1.0
826,89.0,59.0,1.0
827,96.0,27.0,1.0
828,199.0,57.0,1.0
829,200.0,107.0,1.0
830,56.0,358.0,1.0
831,82.0,191.0,1.0
832,49.0,127.0,1.0
833,117.0,434.0,1.0
834,182.0,83.0,1.0
835,234.0,388.0,1.0
836,203.0,14.0,1.0
837,134.0,97.0,1.0
838,142.0,1.0,1.0
839,232.0,146.0,1.0
840,262.0,115.0,1.0
841,165.0,411.0,1.0
842,196.0,496.0,1.0
843,94.0,280.0,1.0
844,259.0,561.0,1.0
845,175.0,287.0,1.0
846,42.0,26.0,1.0
847,44.0,209.0,1.0
848,82.0,435.0,1.0
849,202.0,11.0,1.0
850,194.0,79.0,1.0
851,145.0,239.0,1.0
852,177.0,192.0,1.0
853,122.0,327.0,1.0
854,22.0,431.0,1.0
855,256.0,112.0,1.0
856,47.0,213.0,1.0
857,164.0,304.0,1.0
858,56.0,354.0,1.0
859,238.0,28.0,1.0
860,63.0,36.0,1.0
861,74.0,89.0,1.0
862,134.0,50.0,1.0
863,115.0,351.0,1.0
864,112.0,43.0,1.0
865,256.0,310.0,1.0
866,261.0,158.0,1.0
867,205.0,47.0,1.0
868,204.0,147.0,1.0
869,263.0,552.0,1.0
870,95.0,356.0,1.0
871,158.0,59.0,1.0
872,248.0,97.0,1.0
873,127.0,159.0,1.0
874,200.0,236.0,1.0
875,144.0,206.0,1.0
876,223.0,166.0,1.0
877,61.0,45.0,1.0
878,127.0,532.0,1.0
879,214.0,243.0,1.0
880,87.0,59.0,1.0
881,212.0,217.0,1.0
882,175.0,197.0,1.0
883,242.0,216.0,1.0
884,211.0,493.0,1.0
885,260.0,205.0,1.0
886,5.0,7.0,1.0
887,259.0,389.0,1.0
888,101.0,148.0,1.0
889,52.0,190.0,1.0
890,87.0,95.0,1.0
891,132.0,284.0,1.0
892,31.0,170.0,1.0
893,100.0,15.0,1.0
894,116.0,20.0,1.0
895,229.0,193.0,1.0
896,135.0,416.0,1.0
897,91.0,314.0,1.0
898,162.0,115.0,1.0
899,155.0,367.0,1.0
900,37.0,11.0,1.0
901,84.0,248.0,1.0
902,11.0,114.0,1.0
903,4.0,72.0,1.0
904,64.0,99.0,1.0
905,97.0,147.0,1.0
906,183.0,456.0,1.0
907,31.0,298.0,1.0
908,259.0,531.0,1.0
909,233.0,226.0,1.0
910,77.0,379.0,1.0
911,122.0,99.0,1.0
912,155.0,442.0,1.0
913,189.0,147.0,1.0
914,132.0,509.0,1.0
915,161.0,47.0,1.0
916,145.0,590.0,1.0
917,228.0,77.0,1.0
918,136.0,486.0,1.0
919,225.0,45.0,1.0
920,257.0,364.0,1.0
921,150.0,395.0,1.0
922,85.0,39.0,1.0
923,230.0,146.0,1.0
924,102.0,60.0,1.0
925,226.0,40.0,1.0
926,56.0,378.0,1.0
927,107.0,37.0,1.0
928,238.0,241.0,1.0
929,26.0,351.0,1.0
930,224.0,245.0,1.0
931,256.0,251.0,1.0
932,158.0,192.0,1.0
933,256.0,407.0,1.0
934,262.0,50.0,1.0
935,82.0,181.0,1.0
936,86.0,131.0,1.0
937,206.0,374.0,1.0
938,102.0,545.0,1.0
939,123.0,77.0,1.0
940,158.0,505.0,1.0
941,211.0,219.0,1.0
942,124.0,156.0,1.0
943,1.0,20.0,1.0
944,182.0,518.0,1.0
945,165.0,108.0,1.0
946,144.0,212.0,1.0
947,177.0,100.0,1.0
948,68.0,194.0,1.0
949,65.0,404.0,1.0
950,2.0,50.0,1.0
951,93.0,24.0,1.0
952,53.0,310.0,1.0
953,189.0,224.0,1.0
954,101.0,190.0,1.0
955,168.0,47.0,1.0
956,82.0,420.0,1.0
957,49.0,96.0,1.0
958,183.0,408.0,1.0
959,225.0,84.0,1.0
960,84.0,397.0,1.0
961,84.0,20.0,1.0
962,216.0,350.0,1.0
963,84.0,449.0,1.0
964,1.0,18.0,1.0
965,95.0,484.0,1.0
966,238.0,186.0,1.0
967,165.0,103.0,1.0
968,165.0,204.0,1.0
969,254.0,147.0,1.0
970,264.0,215.0,1.0
971,162.0,168.0,1.0
972,64.0,36.0,1.0
973,108.0,459.0,1.0
974,90.0,146.0,1.0
975,248.0,77.0,1.0
976,5.0,184.0,1.0
977,240.0,434.0,1.0
978,62.0,205.0,1.0
979,118.0,293.0,1.0
980,1.0,39.0,1.0
981,107.0,186.0,1.0
982,194.0,81.0,1.0
983,183.0,349.0,1.0
984,255.0,503.0,1.0
985,147.0,594.0,1.0
986,207.0,360.0,1.0
987,182.0,210.0,1.0
988,75.0,69.0,1.0
989,98.0,262.0,1.0
990,118.0,138.0,1.0
991,18.0,422.0,1.0
992,223.0,343.0,1.0
993,226.0,60.0,1.0
994,37.0,242.0,1.0
995,175.0,70.0,1.0
996,100.0,147.0,1.0
997,218.0,439.0,1.0
998,58.0,430.0,1.0
999,262.0,390.0,1.0
1000,266.0,564.0,1.0
1001,56.0,141.0,1.0
1002,114.0,161.0,1.0
1003,205.0,538.0,1.0
1004,264.0,233.0,1.0
1005,65.0,379.0,1.0
1006,135.0,525.0,1.0
1007,264.0,90.0,1.0
1008,164.0,128.0,1.0
1009,83.0,424.0,1.0
1010,195.0,100.0,1.0
1011,165.0,378.0,1.0
1012,65.0,7.0,1.0
1013,51.0,70.0,1.0
1014,83.0,59.0,1.0
1015,229.0,378.0,1.0
1016,216.0,253.0,1.0
1017,184.0,177.0,1.0
1018,261.0,165.0,1.0
1019,234.0,58.0,1.0
1020,100.0,577.0,1.0
1021,262.0,179.0,1.0
1022,224.0,150.0,1.0
1023,140.0,154.0,1.0
1024,62.0,84.0,1.0
1025,124.0,241.0,1.0
1026,195.0,194.0,1.0
1027,56.0,234.0,1.0
1028,56.0,387.0,1.0
1029,153.0,202.0,1.0
1030,118.0,185.0,1.0
1031,86.0,360.0,1.0
1032,4.0,176.0,1.0
1033,144.0,498.0,1.0
1034,161.0,204.0,1.0
1035,2.0,44.0,1.0
1036,147.0,420.0,1.0
1037,72.0,194.0,1.0
1038,26.0,150.0,1.0
1039,144.0,202.0,1.0
1040,144.0,474.0,1.0
1041,226.0,35.0,1.0
1042,91.0,296.0,1.0
1043,113.0,259.0,1.0
1044,254.0,433.0,1.0
1045,223.0,146.0,1.0
1046,168.0,9.0,1.0
1047,74.0,5.0,1.0
1048,147.0,463.0,1.0
1049,223.0,381.0,1.0
1050,223.0,230.0,1.0
1051,141.0,213.0,1.0
1052,194.0,420.0,1.0
1053,37.0,130.0,1.0
1054,220.0,527.0,1.0
1055,156.0,146.0,1.0
1056,256.0,352.0,1.0
1057,5.0,104.0,1.0
1058,51.0,513.0,1.0
1059,6.0,146.0,1.0
1060,196.0,377.0,1.0
1061,64.0,221.0,1.0
1062,128.0,40.0,1.0
1063,28.0,264.0,1.0
1064,248.0,126.0,1.0
1065,64.0,313.0,1.0
1066,117.0,1.0,1.0
1067,212.0,185.0,1.0
1068,223.0,507.0,1.0
1069,101.0,92.0,1.0
1070,175.0,14.0,1.0
1071,104.0,110.0,1.0
1072,89.0,12.0,1.0
1073,155.0,73.0,1.0
1074,64.0,315.0,1.0
1075,226.0,77.0,1.0
1076,205.0,179.0,1.0
1077,150.0,114.0,1.0
1078,194.0,260.0,1.0
1079,250.0,216.0,1.0
1080,158.0,147.0,1.0
1081,51.0,120.0,1.0
1082,14.0,66.0,1.0
1083,109.0,38.0,1.0
1084,182.0,136.0,1.0
1085,131.0,40.0,1.0
1086,150.0,31.0,1.0
1087,16.0,359.0,1.0
1088,18.0,130.0,1.0
1089,35.0,443.0,1.0
1090,2.0,95.0,1.0
1091,126.0,5.0,1.0
1092,79.0,104.0,1.0
1093,182.0,6.0,1.0
1094,224.0,208.0,1.0
1095,2.0,136.0,1.0
1096,69.0,70.0,1.0
1097,183.0,17.0,1.0
1098,56.0,332.0,1.0
1099,82.0,489.0,1.0
1100,56.0,538.0,1.0
1101,226.0,42.0,1.0
1102,136.0,180.0,1.0
1103,218.0,9.0,1.0
1104,218.0,511.0,1.0
1105,16.0,91.0,1.0
1106,87.0,305.0,1.0
1107,200.0,164.0,1.0
1108,208.0,577.0,1.0
1109,81.0,96.0,1.0
1110,162.0,173.0,1.0
1111,114.0,156.0,1.0
1112,15.0,219.0,1.0
1113,61.0,468.0,1.0
1114,150.0,92.0,1.0
1115,205.0,170.0,1.0
1116,186.0,194.0,1.0
1117,173.0,115.0,1.0
1118,189.0,66.0,1.0
1119,82.0,144.0,1.0
1120,89.0,266.0,1.0
1121,223.0,476.0,1.0
1122,193.0,501.0,1.0
1123,130.0,444.0,1.0
1124,128.0,236.0,1.0
1125,66.0,39.0,1.0
1126,79.0,556.0,1.0
1127,200.0,193.0,1.0
1128,223.0,87.0,1.0
1129,203.0,533.0,1.0
1130,84.0,70.0,1.0
1131,178.0,307.0,1.0
1132,102.0,47.0,1.0
1133,73.0,381.0,1.0
1134,101.0,89.0,1.0
1135,225.0,577.0,1.0
1136,129.0,95.0,1.0
1137,250.0,81.0,1.0
1138,101.0,207.0,1.0
1139,87.0,533.0,1.0
1140,64.0,141.0,1.0
1141,82.0,284.0,1.0
1142,163.0,36.0,1.0
1143,267.0,58.0,1.0
1144,164.0,159.0,1.0
1145,259.0,460.0,1.0
1146,218.0,120.0,1.0
1147,127.0,305.0,1.0
1148,115.0,411.0,1.0
1149,242.0,465.0,1.0
1150,145.0,3.0,1.0
1151,82.0,465.0,1.0
1152,156.0,368.0,1.0
1153,247.0,191.0,1.0
1154,14.0,58.0,1.0
1155,128.0,170.0,1.0
1156,56.0,185.0,1.0
1157,165.0,181.0,1.0
1158,165.0,80.0,1.0
1159,262.0,117.0,1.0
1160,234.0,100.0,1.0
1161,135.0,26.0,1.0
1162,98.0,69.0,1.0
1163,257.0,103.0,1.0
1164,226.0,585.0,1.0
1165,101.0,66.0,1.0
1166,91.0,35.0,1.0
1167,82.0,436.0,1.0
1168,183.0,143.0,1.0
1169,164.0,59.0,1.0
1170,105.0,44.0,1.0
1171,82.0,355.0,1.0
1172,235.0,483.0,1.0
1173,82.0,358.0,1.0
1174,30.0,40.0,1.0
1175,84.0,32.0,1.0
1176,147.0,62.0,1.0
1177,164.0,423.0,1.0
1178,184.0,89.0,1.0
1179,148.0,47.0,1.0
1180,71.0,61.0,1.0
1181,102.0,342.0,1.0
1182,94.0,189.0,1.0
1183,234.0,10.0,1.0
1184,193.0,35.0,1.0
1185,155.0,592.0,1.0
1186,224.0,50.0,1.0
1187,147.0,381.0,1.0
1188,213.0,146.0,1.0
1189,161.0,386.0,1.0
1190,37.0,191.0,1.0
1191,228.0,168.0,1.0
1192,209.0,395.0,1.0
1193,127.0,173.0,1.0
1194,200.0,194.0,1.0
1195,82.0,92.0,1.0
1196,181.0,110.0,1.0
1197,178.0,125.0,1.0
1198,218.0,160.0,1.0
1199,182.0,554.0,1.0
1200,136.0,434.0,1.0
1201,13.0,333.0,1.0
1202,218.0,46.0,1.0
1203,44.0,218.0,1.0
1204,96.0,253.0,1.0
1205,83.0,209.0,1.0
1206,90.0,266.0,1.0
1207,248.0,281.0,1.0
1208,176.0,407.0,1.0
1209,126.0,309.0,1.0
1210,9.0,111.0,1.0
1211,10.0,114.0,1.0
1212,71.0,206.0,1.0
1213,259.0,407.0,1.0
1214,183.0,397.0,1.0
1215,192.0,332.0,1.0
1216,155.0,344.0,1.0
1217,158.0,92.0,1.0
1218,53.0,20.0,1.0
1219,209.0,397.0,1.0
1220,87.0,40.0,1.0
1221,111.0,552.0,1.0
1222,116.0,66.0,1.0
1223,147.0,572.0,1.0
1224,262.0,0.0,1.0
1225,71.0,49.0,1.0
1226,147.0,189.0,1.0
1227,266.0,131.0,1.0
1228,180.0,538.0,1.0
1229,209.0,89.0,1.0
1230,82.0,151.0,1.0
1231,164.0,386.0,1.0
1232,47.0,45.0,1.0
1233,90.0,82.0,1.0
1234,257.0,365.0,1.0
1235,206.0,213.0,1.0
1236,202.0,104.0,1.0
1237,35.0,436.0,1.0
1238,63.0,337.0,1.0
1239,94.0,284.0,1.0
1240,258.0,86.0,1.0
1241,147.0,442.0,1.0
1242,144.0,81.0,1.0
1243,136.0,231.0,1.0
1244,142.0,92.0,1.0
1245,185.0,20.0,1.0
1246,138.0,103.0,1.0
1247,246.0,31.0,1.0
1248,235.0,560.0,1.0
1249,84.0,260.0,1.0
1250,9.0,7.0,1.0
1251,245.0,310.0,1.0
1252,246.0,309.0,1.0
1253,123.0,79.0,1.0
1254,153.0,227.0,1.0
1255,156.0,35.0,1.0
1256,261.0,344.0,1.0
1257,96.0,44.0,1.0
1258,223.0,533.0,1.0
1259,102.0,269.0,1.0
1260,196.0,126.0,1.0
1261,164.0,383.0,1.0
1262,182.0,422.0,1.0
1263,17.0,196.0,1.0
1264,138.0,289.0,1.0
1265,86.0,0.0,1.0
1266,207.0,432.0,1.0
1267,205.0,202.0,1.0
1268,1.0,16.0,1.0
1269,178.0,248.0,1.0
1270,130.0,161.0,1.0
1271,60.0,277.0,1.0
1272,145.0,134.0,1.0
1273,5.0,214.0,1.0
1274,129.0,118.0,1.0
1275,141.0,106.0,1.0
1276,238.0,433.0,1.0
1277,249.0,272.0,1.0
1278,105.0,57.0,1.0
1279,178.0,203.0,1.0
1280,91.0,435.0,1.0
1281,268.0,252.0,1.0
1282,189.0,97.0,1.0
1283,235.0,318.0,1.0
1284,114.0,340.0,1.0
1285,113.0,56.0,1.0
1286,208.0,415.0,1.0
1287,268.0,160.0,1.0
1288,135.0,406.0,1.0
1289,31.0,27.0,1.0
1290,242.0,145.0,1.0
1291,217.0,125.0,1.0
1292,158.0,378.0,1.0
1293,53.0,95.0,1.0
1294,117.0,192.0,1.0
1295,180.0,164.0,1.0
1296,16.0,17.0,1.0
1297,110.0,44.0,1.0
1298,102.0,116.0,1.0
1299,129.0,45.0,1.0
1300,132.0,47.0,1.0
1301,139.0,222.0,1.0
1302,101.0,399.0,1.0
1303,150.0,101.0,1.0
1304,136.0,547.0,1.0
1305,81.0,236.0,1.0
1306,136.0,498.0,1.0
1307,15.0,81.0,1.0
1308,87.0,374.0,1.0
1309,203.0,209.0,1.0
1310,149.0,147.0,1.0
1311,156.0,91.0,1.0
1312,51.0,222.0,1.0
1313,44.0,487.0,1.0
1314,9.0,40.0,1.0
1315,119.0,125.0,1.0
1316,14.0,243.0,1.0
1317,69.0,191.0,1.0
1318,102.0,365.0,1.0
1319,148.0,203.0,1.0
1320,156.0,58.0,1.0
1321,56.0,201.0,1.0
1322,20.0,146.0,1.0
1323,128.0,204.0,1.0
1324,233.0,147.0,1.0
1325,82.0,62.0,1.0
1326,209.0,193.0,1.0
1327,29.0,13.0,1.0
1328,78.0,221.0,1.0
1329,56.0,263.0,1.0
1330,266.0,10.0,1.0
1331,213.0,190.0,1.0
1332,52.0,225.0,1.0
1333,147.0,252.0,1.0
1334,39.0,310.0,1.0
1335,96.0,273.0,1.0
1336,1.0,58.0,1.0
1337,65.0,529.0,1.0
1338,136.0,7.0,1.0
1339,102.0,468.0,1.0
1340,197.0,377.0,1.0
1341,126.0,456.0,1.0
1342,17.0,86.0,1.0
1343,181.0,38.0,1.0
1344,185.0,150.0,1.0
1345,201.0,416.0,1.0
1346,2.0,149.0,1.0
1347,217.0,206.0,1.0
1348,30.0,149.0,1.0
1349,200.0,577.0,1.0
1350,89.0,389.0,1.0
1351,26.0,47.0,1.0
1352,44.0,307.0,1.0
1353,127.0,48.0,1.0
1354,232.0,41.0,1.0
1355,82.0,36.0,1.0
1356,138.0,256.0,1.0
1357,177.0,308.0,1.0
1358,124.0,47.0,1.0
1359,65.0,245.0,1.0
1360,178.0,15.0,1.0
1361,42.0,475.0,1.0
1362,62.0,285.0,1.0
1363,238.0,95.0,1.0
1364,155.0,333.0,1.0
1365,56.0,246.0,1.0
1366,17.0,384.0,1.0
1367,86.0,405.0,1.0
1368,219.0,117.0,1.0
1369,225.0,29.0,1.0
1370,62.0,15.0,1.0
1371,87.0,351.0,1.0
1372,205.0,143.0,1.0
1373,262.0,111.0,1.0
1374,104.0,487.0,1.0
1375,81.0,191.0,1.0
1376,144.0,91.0,1.0
1377,175.0,337.0,1.0
1378,67.0,356.0,1.0
1379,51.0,111.0,1.0
1380,81.0,227.0,1.0
1381,262.0,103.0,1.0
1382,135.0,111.0,1.0
1383,85.0,115.0,1.0
1384,207.0,60.0,1.0
1385,258.0,21.0,1.0
1386,64.0,220.0,1.0
1387,79.0,191.0,1.0
1388,53.0,118.0,1.0
1389,207.0,178.0,1.0
1390,148.0,537.0,1.0
1391,130.0,537.0,1.0
1392,114.0,308.0,1.0
1393,212.0,371.0,1.0
1394,147.0,247.0,1.0
1395,153.0,24.0,1.0
1396,231.0,146.0,1.0
1397,145.0,411.0,1.0
1398,51.0,145.0,1.0
1399,262.0,8.0,1.0
1400,189.0,401.0,1.0
1401,248.0,73.0,1.0
1402,53.0,226.0,1.0
1403,138.0,203.0,1.0
1404,226.0,343.0,1.0
1405,74.0,50.0,1.0
1406,257.0,282.0,1.0
1407,178.0,118.0,1.0
1408,3.0,93.0,1.0
1409,54.0,308.0,1.0
1410,228.0,204.0,1.0
1411,256.0,397.0,1.0
1412,205.0,342.0,1.0
1413,103.0,371.0,1.0
1414,141.0,204.0,1.0
1415,84.0,594.0,1.0
1416,250.0,151.0,1.0
1417,144.0,12.0,1.0
1418,176.0,205.0,1.0
1419,229.0,281.0,1.0
1420,67.0,327.0,1.0
1421,165.0,509.0,1.0
1422,245.0,38.0,1.0
1423,150.0,206.0,1.0
1424,117.0,253.0,1.0
1425,201.0,190.0,1.0
1426,197.0,221.0,1.0
1427,132.0,395.0,1.0
1428,16.0,53.0,1.0
1429,96.0,25.0,1.0
1430,186.0,27.0,1.0
1431,229.0,92.0,1.0
1432,117.0,48.0,1.0
1433,21.0,106.0,1.0
1434,35.0,302.0,1.0
1435,189.0,279.0,1.0
1436,89.0,368.0,1.0
1437,226.0,84.0,1.0
1438,182.0,270.0,1.0
1439,200.0,196.0,1.0
1440,242.0,3.0,1.0
1441,116.0,39.0,1.0
1442,256.0,219.0,1.0
1443,163.0,21.0,1.0
1444,175.0,120.0,1.0
1445,17.0,316.0,1.0
1446,139.0,104.0,1.0
1447,45.0,103.0,1.0
1448,56.0,542.0,1.0
1449,127.0,378.0,1.0
1450,17.0,305.0,1.0
1451,31.0,302.0,1.0
1452,82.0,103.0,1.0
1453,102.0,559.0,1.0
1454,48.0,179.0,1.0
1455,53.0,58.0,1.0
1456,82.0,242.0,1.0
1457,223.0,77.0,1.0
1458,117.0,31.0,1.0
1459,182.0,40.0,1.0
1460,156.0,225.0,1.0
1461,225.0,49.0,1.0
1462,82.0,21.0,1.0
1463,42.0,87.0,1.0
1464,199.0,287.0,1.0
1465,182.0,582.0,1.0
1466,251.0,410.0,1.0
1467,242.0,207.0,1.0
1468,130.0,128.0,1.0
1469,156.0,63.0,1.0
1470,266.0,147.0,1.0
1471,87.0,591.0,1.0
1472,181.0,112.0,1.0
1473,182.0,420.0,1.0
1474,81.0,547.0,1.0
1475,147.0,585.0,1.0
1476,56.0,244.0,1.0
1477,128.0,179.0,1.0
1478,259.0,207.0,1.0
1479,218.0,27.0,1.0
1480,64.0,169.0,1.0
1481,106.0,234.0,1.0
1482,115.0,126.0,1.0
1483,178.0,504.0,1.0
1484,189.0,317.0,1.0
1485,1.0,46.0,1.0
1486,42.0,407.0,1.0
1487,91.0,105.0,1.0
1488,56.0,238.0,1.0
1489,84.0,222.0,1.0
1490,189.0,374.0,1.0
1491,223.0,530.0,1.0
1492,264.0,130.0,1.0
1493,260.0,143.0,1.0
1494,199.0,22.0,1.0
1495,123.0,222.0,1.0
1496,32.0,10.0,1.0
1497,7.0,9.0,1.0
1498,114.0,64.0,1.0
1499,61.0,11.0,1.0
1500,82.0,497.0,1.0
1501,259.0,378.0,1.0
1502,153.0,81.0,1.0
1503,3.0,124.0,1.0
1504,65.0,399.0,1.0
1505,13.0,122.0,1.0
1506,45.0,497.0,1.0
1507,65.0,337.0,1.0
1508,10.0,302.0,1.0
1509,35.0,59.0,1.0
1510,122.0,31.0,1.0
1511,69.0,140.0,1.0
1512,183.0,175.0,1.0
1513,200.0,170.0,1.0
1514,105.0,492.0,1.0
1515,35.0,56.0,1.0
1516,53.0,117.0,1.0
1517,251.0,349.0,1.0
1518,87.0,148.0,1.0
1519,211.0,502.0,1.0
1520,12.0,109.0,1.0
1521,248.0,306.0,1.0
1522,49.0,131.0,1.0
1523,53.0,245.0,1.0
1524,210.0,117.0,1.0
1525,207.0,535.0,1.0
1526,256.0,394.0,1.0
1527,5.0,11.0,1.0
1528,188.0,92.0,1.0
1529,56.0,243.0,1.0
1530,153.0,80.0,1.0
1531,208.0,21.0,1.0
1532,200.0,329.0,1.0
1533,52.0,532.0,1.0
1534,67.0,196.0,1.0
1535,147.0,551.0,1.0
1536,105.0,500.0,1.0
1537,105.0,1.0,1.0
1538,18.0,101.0,1.0
1539,3.0,161.0,1.0
1540,191.0,129.0,1.0
1541,7.0,234.0,1.0
1542,64.0,191.0,1.0
1543,164.0,297.0,1.0
1544,117.0,156.0,1.0
1545,175.0,1.0,1.0
1546,133.0,467.0,1.0
1547,3.0,47.0,1.0
1548,110.0,218.0,1.0
1549,123.0,532.0,1.0
1550,218.0,394.0,1.0
1551,53.0,504.0,1.0
1552,150.0,0.0,1.0
1553,106.0,58.0,1.0
1554,228.0,337.0,1.0
1555,9.0,1.0,1.0
1556,121.0,322.0,1.0
1557,104.0,155.0,1.0
1558,198.0,304.0,1.0
1559,160.0,314.0,1.0
1560,5.0,116.0,1.0
1561,130.0,130.0,1.0
1562,51.0,59.0,1.0
1563,177.0,487.0,1.0
1564,225.0,206.0,1.0
1565,141.0,214.0,1.0
1566,37.0,106.0,1.0
1567,245.0,224.0,1.0
1568,5.0,202.0,1.0
1569,164.0,70.0,1.0
1570,144.0,326.0,1.0
1571,232.0,333.0,1.0
1572,189.0,142.0,1.0
1573,148.0,261.0,1.0
1574,86.0,215.0,1.0
1575,155.0,548.0,1.0
1576,80.0,241.0,1.0
1577,148.0,522.0,1.0
1578,130.0,302.0,1.0
1579,202.0,45.0,1.0
1580,70.0,66.0,1.0
1581,226.0,491.0,1.0
1582,84.0,310.0,1.0
1583,130.0,332.0,1.0
1584,226.0,51.0,1.0
1585,150.0,242.0,1.0
1586,189.0,510.0,1.0
1587,139.0,186.0,1.0
1588,138.0,293.0,1.0
1589,130.0,452.0,1.0
1590,105.0,474.0,1.0
1591,145.0,464.0,1.0
1592,165.0,586.0,1.0
1593,78.0,36.0,1.0
1594,183.0,50.0,1.0
1595,16.0,370.0,1.0
1596,218.0,103.0,1.0
1597,136.0,24.0,1.0
1598,160.0,66.0,1.0
1599,93.0,31.0,1.0
1600,58.0,316.0,1.0
1601,259.0,387.0,1.0
1602,200.0,294.0,1.0
1603,75.0,582.0,1.0
1604,175.0,448.0,1.0
1605,155.0,101.0,1.0
1606,104.0,31.0,1.0
1607,124.0,279.0,1.0
1608,181.0,146.0,1.0
1609,130.0,179.0,1.0
1610,65.0,523.0,1.0
1611,52.0,112.0,1.0
1612,180.0,56.0,1.0
1613,104.0,325.0,1.0
1614,63.0,186.0,1.0
1615,147.0,162.0,1.0
1616,231.0,52.0,1.0
1617,7.0,235.0,1.0
1618,86.0,470.0,1.0
1619,232.0,388.0,1.0
1620,41.0,27.0,1.0
1621,91.0,22.0,1.0
1622,213.0,24.0,1.0
1623,44.0,53.0,1.0
1624,179.0,217.0,1.0
1625,31.0,36.0,1.0
1626,52.0,410.0,1.0
1627,90.0,226.0,1.0
1628,123.0,572.0,1.0
1629,145.0,412.0,1.0
1630,175.0,179.0,1.0
1631,0.0,1.0,1.0
1632,226.0,222.0,1.0
1633,228.0,103.0,1.0
1634,177.0,208.0,1.0
1635,99.0,546.0,1.0
1636,164.0,60.0,1.0
1637,124.0,87.0,1.0
1638,268.0,418.0,1.0
1639,181.0,133.0,1.0
1640,40.0,124.0,1.0
1641,145.0,561.0,1.0
1642,153.0,223.0,1.0
1643,234.0,103.0,1.0
1644,60.0,385.0,1.0
1645,165.0,107.0,1.0
1646,203.0,577.0,1.0
1647,83.0,517.0,1.0
1648,230.0,179.0,1.0
1649,174.0,447.0,1.0
1650,149.0,25.0,1.0
1651,99.0,415.0,1.0
1652,102.0,153.0,1.0
1653,87.0,46.0,1.0
1654,116.0,19.0,1.0
1655,95.0,358.0,1.0
1656,181.0,386.0,1.0
1657,223.0,247.0,1.0
1658,158.0,498.0,1.0
1659,4.0,47.0,1.0
1660,228.0,517.0,1.0
1661,165.0,297.0,1.0
1662,142.0,57.0,1.0
1663,147.0,36.0,1.0
1664,147.0,512.0,1.0
1665,156.0,184.0,1.0
1666,66.0,143.0,1.0
1667,200.0,155.0,1.0
1668,45.0,141.0,1.0
1669,262.0,128.0,1.0
1670,109.0,51.0,1.0
1671,5.0,198.0,1.0
1672,148.0,400.0,1.0
1673,31.0,99.0,1.0
1674,130.0,356.0,1.0
1675,132.0,133.0,1.0
1676,256.0,185.0,1.0
1677,147.0,447.0,1.0
1678,123.0,59.0,1.0
1679,224.0,62.0,1.0
1680,264.0,463.0,1.0
1681,214.0,255.0,1.0
1682,162.0,425.0,1.0
1683,71.0,396.0,1.0
1684,211.0,190.0,1.0
1685,238.0,45.0,1.0
1686,160.0,173.0,1.0
1687,84.0,275.0,1.0
1688,228.0,136.0,1.0
1689,147.0,22.0,1.0
1690,19.0,103.0,1.0
1691,248.0,259.0,1.0
1692,213.0,224.0,1.0
1693,64.0,40.0,1.0
1694,50.0,48.0,1.0
1695,145.0,194.0,1.0
1696,17.0,415.0,1.0
1697,142.0,190.0,1.0
1698,204.0,275.0,1.0
1699,136.0,127.0,1.0
1700,123.0,286.0,1.0
1701,100.0,378.0,1.0
1702,239.0,351.0,1.0
1703,234.0,393.0,1.0
1704,178.0,397.0,1.0
1705,109.0,84.0,1.0
1706,209.0,299.0,1.0
1707,6.0,143.0,1.0
1708,98.0,137.0,1.0
1709,139.0,7.0,1.0
1710,193.0,92.0,1.0
1711,37.0,459.0,1.0
1712,156.0,81.0,1.0
1713,17.0,7.0,1.0
1714,262.0,19.0,1.0
1715,211.0,387.0,1.0
1716,167.0,47.0,1.0
1717,90.0,489.0,1.0
1718,194.0,399.0,1.0
1719,224.0,12.0,1.0
1720,81.0,368.0,1.0
1721,147.0,392.0,1.0
1722,186.0,22.0,1.0
1723,44.0,80.0,1.0
1724,44.0,89.0,1.0
1725,245.0,227.0,1.0
1726,64.0,100.0,1.0
1727,182.0,73.0,1.0
1728,145.0,386.0,1.0
1729,259.0,251.0,1.0
1730,5.0,95.0,1.0
1731,105.0,136.0,1.0
1732,162.0,156.0,1.0
1733,48.0,50.0,1.0
1734,67.0,215.0,1.0
1735,244.0,433.0,1.0
1736,56.0,38.0,1.0
1737,259.0,221.0,1.0
1738,19.0,47.0,1.0
1739,261.0,95.0,1.0
1740,183.0,207.0,1.0
1741,36.0,80.0,1.0
1742,82.0,219.0,1.0
1743,105.0,58.0,1.0
1744,101.0,203.0,1.0
1745,234.0,3.0,1.0
1746,51.0,100.0,1.0
1747,32.0,362.0,1.0
1748,10.0,153.0,1.0
1749,141.0,534.0,1.0
1750,184.0,40.0,1.0
1751,135.0,5.0,1.0
1752,104.0,311.0,1.0
1753,126.0,472.0,1.0
1754,7.0,150.0,1.0
1755,126.0,38.0,1.0
1756,175.0,345.0,1.0
1757,90.0,356.0,1.0
1758,181.0,251.0,1.0
1759,82.0,570.0,1.0
1760,172.0,47.0,1.0
1761,34.0,143.0,1.0
1762,237.0,106.0,1.0
1763,8.0,238.0,1.0
1764,100.0,411.0,1.0
1765,81.0,390.0,1.0
1766,238.0,208.0,1.0
1767,148.0,57.0,1.0
1768,33.0,349.0,1.0
1769,105.0,122.0,1.0
1770,60.0,133.0,1.0
1771,223.0,138.0,1.0
1772,132.0,164.0,1.0
1773,244.0,251.0,1.0
1774,128.0,146.0,1.0
1775,130.0,125.0,1.0
1776,64.0,413.0,1.0
1777,86.0,386.0,1.0
1778,75.0,115.0,1.0
1779,144.0,204.0,1.0
1780,182.0,515.0,1.0
1781,82.0,14.0,1.0
1782,262.0,285.0,1.0
1783,134.0,82.0,1.0
1784,245.0,23.0,1.0
1785,255.0,256.0,1.0
1786,105.0,204.0,1.0
1787,218.0,117.0,1.0
1788,36.0,130.0,1.0
1789,144.0,7.0,1.0
1790,224.0,15.0,1.0
1791,51.0,151.0,1.0
1792,164.0,111.0,1.0
1793,153.0,400.0,1.0
1794,113.0,50.0,1.0
1795,83.0,51.0,1.0
1796,117.0,189.0,1.0
1797,9.0,54.0,1.0
1798,6.0,223.0,1.0
1799,195.0,20.0,1.0
1800,107.0,241.0,1.0
1801,207.0,152.0,1.0
1802,175.0,87.0,1.0
1803,163.0,238.0,1.0
1804,220.0,256.0,1.0
1805,31.0,223.0,1.0
1806,239.0,92.0,1.0
1807,123.0,124.0,1.0
1808,28.0,289.0,1.0
1809,217.0,48.0,1.0
1810,182.0,118.0,1.0
1811,98.0,342.0,1.0
1812,88.0,5.0,1.0
1813,4.0,181.0,1.0
1814,97.0,36.0,1.0
1815,187.0,363.0,1.0
1816,144.0,386.0,1.0
1817,84.0,343.0,1.0
1818,9.0,82.0,1.0
1819,102.0,20.0,1.0
1820,11.0,287.0,1.0
1821,63.0,219.0,1.0
1822,42.0,117.0,1.0
1823,126.0,3.0,1.0
1824,226.0,117.0,1.0
1825,60.0,358.0,1.0
1826,64.0,233.0,1.0
1827,16.0,364.0,1.0
1828,35.0,73.0,1.0
1829,28.0,64.0,1.0
1830,83.0,146.0,1.0
1831,226.0,284.0,1.0
1832,146.0,175.0,1.0
1833,7.0,84.0,1.0
1834,113.0,207.0,1.0
1835,228.0,14.0,1.0
1836,149.0,194.0,1.0
1837,82.0,590.0,1.0
1838,109.0,206.0,1.0
1839,88.0,190.0,1.0
1840,64.0,395.0,1.0
1841,218.0,187.0,1.0
1842,63.0,1.0,1.0
1843,68.0,574.0,1.0
1844,110.0,84.0,1.0
1845,11.0,313.0,1.0
1846,105.0,91.0,1.0
1847,17.0,412.0,1.0
1848,226.0,161.0,1.0
1849,149.0,12.0,1.0
1850,200.0,338.0,1.0
1851,147.0,87.0,1.0
1852,223.0,284.0,1.0
1853,83.0,160.0,1.0
1854,261.0,450.0,1.0
1855,211.0,221.0,1.0
1856,249.0,136.0,1.0
1857,82.0,170.0,1.0
1858,168.0,374.0,1.0
1859,230.0,436.0,1.0
1860,264.0,134.0,1.0
1861,64.0,131.0,1.0
1862,114.0,212.0,1.0
1863,196.0,91.0,1.0
1864,152.0,146.0,1.0
1865,185.0,81.0,1.0
1866,147.0,426.0,1.0
1867,158.0,379.0,1.0
1868,150.0,9.0,1.0
1869,113.0,497.0,1.0
1870,122.0,64.0,1.0
1871,163.0,15.0,1.0
1872,96.0,24.0,1.0
1873,81.0,408.0,1.0
1874,200.0,285.0,1.0
1875,52.0,195.0,1.0
1876,218.0,67.0,1.0
1877,39.0,404.0,1.0
1878,1.0,40.0,1.0
1879,138.0,305.0,1.0
1880,65.0,419.0,1.0
1881,162.0,69.0,1.0
1882,228.0,557.0,1.0
1883,178.0,562.0,1.0
1884,134.0,452.0,1.0
1885,84.0,202.0,1.0
1886,266.0,205.0,1.0
1887,81.0,225.0,1.0
1888,250.0,124.0,1.0
1889,175.0,10.0,1.0
1890,82.0,447.0,1.0
1891,262.0,90.0,1.0
1892,266.0,12.0,1.0
1893,226.0,275.0,1.0
1894,39.0,388.0,1.0
1895,52.0,372.0,1.0
1896,78.0,471.0,1.0
1897,180.0,11.0,1.0
1898,16.0,161.0,1.0
1899,63.0,185.0,1.0
1900,257.0,253.0,1.0
1901,128.0,43.0,1.0
1902,259.0,205.0,1.0
1903,177.0,299.0,1.0
1904,202.0,80.0,1.0
1905,64.0,238.0,1.0
1906,181.0,396.0,1.0
1907,136.0,63.0,1.0
1908,228.0,51.0,1.0
1909,168.0,247.0,1.0
1910,65.0,368.0,1.0
1911,165.0,382.0,1.0
1912,182.0,562.0,1.0
1913,156.0,95.0,1.0
1914,52.0,471.0,1.0
1915,156.0,413.0,1.0
1916,245.0,460.0,1.0
1917,5.0,62.0,1.0
1918,89.0,374.0,1.0
1919,102.0,333.0,1.0
1920,147.0,325.0,1.0
1921,15.0,269.0,1.0
1922,87.0,80.0,1.0
1923,100.0,148.0,1.0
1924,145.0,409.0,1.0
1925,58.0,304.0,1.0
1926,56.0,168.0,1.0
1927,144.0,434.0,1.0
1928,78.0,61.0,1.0
1929,58.0,390.0,1.0
1930,224.0,563.0,1.0
1931,197.0,57.0,1.0
1932,217.0,186.0,1.0
1933,187.0,394.0,1.0
1934,175.0,213.0,1.0
1935,94.0,59.0,1.0
1936,194.0,205.0,1.0
1937,108.0,166.0,1.0
1938,145.0,145.0,1.0
1939,2.0,25.0,1.0
1940,51.0,226.0,1.0
1941,58.0,551.0,1.0
1942,90.0,390.0,1.0
1943,226.0,238.0,1.0
1944,215.0,157.0,1.0
1945,96.0,286.0,1.0
1946,108.0,22.0,1.0
1947,46.0,111.0,1.0
1948,63.0,379.0,1.0
1949,148.0,472.0,1.0
1950,189.0,84.0,1.0
1951,256.0,227.0,1.0
1952,177.0,201.0,1.0
1953,82.0,229.0,1.0
1954,52.0,217.0,1.0
1955,133.0,175.0,1.0
1956,183.0,120.0,1.0
1957,116.0,144.0,1.0
1958,56.0,282.0,1.0
1959,262.0,11.0,1.0
1960,123.0,496.0,1.0
1961,210.0,423.0,1.0
1962,181.0,7.0,1.0
1963,182.0,269.0,1.0
1964,48.0,161.0,1.0
1965,233.0,88.0,1.0
1966,194.0,146.0,1.0
1967,82.0,461.0,1.0
1968,149.0,186.0,1.0
1969,250.0,147.0,1.0
1970,96.0,384.0,1.0
1971,13.0,329.0,1.0
1972,122.0,326.0,1.0
1973,113.0,358.0,1.0
1974,145.0,132.0,1.0
1975,115.0,492.0,1.0
1976,81.0,217.0,1.0
1977,196.0,219.0,1.0
1978,61.0,92.0,1.0
1979,56.0,222.0,1.0
1980,110.0,17.0,1.0
1981,247.0,66.0,1.0
1982,66.0,71.0,1.0
1983,84.0,521.0,1.0
1984,177.0,147.0,1.0
1985,172.0,492.0,1.0
1986,124.0,482.0,1.0
1987,187.0,104.0,1.0
1988,194.0,330.0,1.0
1989,242.0,77.0,1.0
1990,116.0,280.0,1.0
1991,44.0,202.0,1.0
1992,160.0,88.0,1.0
1993,84.0,217.0,1.0
1994,130.0,215.0,1.0
1995,5.0,36.0,1.0
1996,226.0,418.0,1.0
1997,126.0,188.0,1.0
1998,189.0,227.0,1.0
1999,164.0,58.0,1.0
2000,74.0,38.0,1.0
2001,2.0,92.0,1.0
2002,53.0,355.0,1.0
2003,262.0,175.0,1.0
2004,193.0,32.0,1.0
2005,243.0,581.0,1.0
2006,15.0,223.0,1.0
2007,74.0,46.0,1.0
2008,99.0,111.0,1.0
2009,203.0,155.0,1.0
2010,248.0,521.0,1.0
2011,13.0,340.0,1.0
2012,224.0,100.0,1.0
2013,81.0,186.0,1.0
2014,53.0,356.0,1.0
2015,115.0,219.0,1.0
2016,248.0,213.0,1.0
2017,168.0,257.0,1.0
2018,170.0,2.0,1.0
2019,80.0,60.0,1.0
2020,102.0,71.0,1.0
2021,53.0,282.0,1.0
2022,126.0,410.0,1.0
2023,103.0,135.0,1.0
2024,93.0,127.0,1.0
2025,197.0,191.0,1.0
2026,147.0,31.0,1.0
2027,259.0,219.0,1.0
2028,250.0,388.0,1.0
2029,41.0,444.0,1.0
2030,131.0,353.0,1.0
2031,223.0,66.0,1.0
2032,37.0,122.0,1.0
2033,168.0,262.0,1.0
2034,133.0,194.0,1.0
2035,205.0,230.0,1.0
2036,205.0,146.0,1.0
2037,199.0,120.0,1.0
2038,56.0,545.0,1.0
2039,231.0,293.0,1.0
2040,130.0,239.0,1.0
2041,247.0,346.0,1.0
2042,130.0,579.0,1.0
2043,75.0,125.0,1.0
2044,218.0,192.0,1.0
2045,188.0,133.0,1.0
2046,185.0,219.0,1.0
2047,227.0,143.0,1.0
2048,256.0,74.0,1.0
2049,115.0,232.0,1.0
2050,5.0,192.0,1.0
2051,69.0,118.0,1.0
2052,217.0,31.0,1.0
2053,126.0,378.0,1.0
2054,126.0,354.0,1.0
2055,26.0,117.0,1.0
2056,127.0,12.0,1.0
2057,183.0,252.0,1.0
2058,178.0,25.0,1.0
2059,184.0,256.0,1.0
2060,56.0,84.0,1.0
2061,108.0,209.0,1.0
2062,247.0,7.0,1.0
2063,74.0,14.0,1.0
2064,248.0,39.0,1.0
2065,123.0,179.0,1.0
2066,103.0,201.0,1.0
2067,164.0,414.0,1.0
2068,82.0,189.0,1.0
2069,223.0,560.0,1.0
2070,147.0,446.0,1.0
2071,223.0,338.0,1.0
2072,113.0,239.0,1.0
2073,182.0,331.0,1.0
2074,116.0,257.0,1.0
2075,37.0,243.0,1.0
2076,264.0,269.0,1.0
2077,165.0,362.0,1.0
2078,39.0,224.0,1.0
2079,139.0,388.0,1.0
2080,172.0,222.0,1.0
2081,82.0,182.0,1.0
2082,49.0,504.0,1.0
2083,52.0,474.0,1.0
2084,223.0,83.0,1.0
2085,218.0,297.0,1.0
2086,51.0,178.0,1.0
2087,197.0,273.0,1.0
2088,49.0,33.0,1.0
2089,141.0,100.0,1.0
2090,155.0,124.0,1.0
2091,247.0,241.0,1.0
2092,204.0,21.0,1.0
2093,87.0,228.0,1.0
2094,227.0,447.0,1.0
2095,90.0,571.0,1.0
2096,165.0,146.0,1.0
2097,148.0,315.0,1.0
2098,34.0,136.0,1.0
2099,85.0,103.0,1.0
2100,52.0,230.0,1.0
2101,224.0,243.0,1.0
2102,67.0,39.0,1.0
2103,212.0,186.0,1.0
2104,192.0,298.0,1.0
2105,91.0,269.0,1.0
2106,116.0,578.0,1.0
2107,81.0,464.0,1.0
2108,145.0,521.0,1.0
2109,218.0,8.0,1.0
2110,248.0,248.0,1.0
2111,87.0,50.0,1.0
2112,120.0,116.0,1.0
2113,220.0,226.0,1.0
2114,191.0,313.0,1.0
2115,87.0,454.0,1.0
2116,130.0,47.0,1.0
2117,15.0,97.0,1.0
2118,130.0,0.0,1.0
2119,228.0,120.0,1.0
2120,56.0,193.0,1.0
2121,116.0,476.0,1.0
2122,51.0,48.0,1.0
2123,147.0,209.0,1.0
2124,186.0,65.0,1.0
2125,186.0,50.0,1.0
2126,197.0,0.0,1.0
2127,78.0,249.0,1.0
2128,223.0,505.0,1.0
2129,201.0,382.0,1.0
2130,20.0,9.0,1.0
2131,178.0,446.0,1.0
2132,10.0,194.0,1.0
2133,116.0,399.0,1.0
2134,151.0,47.0,1.0
2135,67.0,212.0,1.0
2136,44.0,480.0,1.0
2137,164.0,413.0,1.0
2138,110.0,449.0,1.0
2139,65.0,186.0,1.0
2140,211.0,105.0,1.0
2141,93.0,89.0,1.0
2142,82.0,514.0,1.0
2143,84.0,192.0,1.0
2144,44.0,477.0,1.0
2145,183.0,364.0,1.0
2146,96.0,118.0,1.0
2147,203.0,491.0,1.0
2148,259.0,59.0,1.0
2149,230.0,253.0,1.0
2150,22.0,178.0,1.0
2151,251.0,229.0,1.0
2152,200.0,50.0,1.0
2153,165.0,245.0,1.0
2154,234.0,396.0,1.0
2155,64.0,533.0,1.0
2156,256.0,388.0,1.0
2157,164.0,196.0,1.0
2158,89.0,179.0,1.0
2159,259.0,188.0,1.0
2160,240.0,106.0,1.0
2161,130.0,554.0,1.0
2162,224.0,148.0,1.0
2163,87.0,1.0,1.0
2164,133.0,343.0,1.0
2165,135.0,311.0,1.0
2166,147.0,431.0,1.0
2167,212.0,39.0,1.0
2168,209.0,365.0,1.0
2169,3.0,165.0,1.0
2170,226.0,376.0,1.0
2171,110.0,95.0,1.0
2172,135.0,392.0,1.0
2173,200.0,27.0,1.0
2174,234.0,59.0,1.0
2175,82.0,18.0,1.0
2176,5.0,213.0,1.0
2177,242.0,253.0,1.0
2178,86.0,100.0,1.0
2179,37.0,196.0,1.0
2180,51.0,282.0,1.0
2181,233.0,50.0,1.0
2182,116.0,510.0,1.0
2183,225.0,70.0,1.0
2184,257.0,127.0,1.0
2185,74.0,104.0,1.0
2186,40.0,242.0,1.0
2187,105.0,138.0,1.0
2188,146.0,106.0,1.0
2189,164.0,294.0,1.0
2190,178.0,3.0,1.0
2191,214.0,499.0,1.0
2192,77.0,0.0,1.0
2193,248.0,161.0,1.0
2194,150.0,109.0,1.0
2195,185.0,126.0,1.0
2196,234.0,415.0,1.0
2197,249.0,208.0,1.0
2198,79.0,234.0,1.0
2199,145.0,429.0,1.0
2200,248.0,241.0,1.0
2201,234.0,238.0,1.0
2202,16.0,11.0,1.0
2203,114.0,22.0,1.0
2204,178.0,448.0,1.0
2205,147.0,294.0,1.0
2206,200.0,247.0,1.0
2207,255.0,20.0,1.0
2208,26.0,130.0,1.0
2209,82.0,45.0,1.0
2210,53.0,415.0,1.0
2211,250.0,220.0,1.0
2212,84.0,201.0,1.0
2213,53.0,414.0,1.0
2214,47.0,25.0,1.0
2215,218.0,133.0,1.0
2216,87.0,289.0,1.0
2217,51.0,399.0,1.0
2218,159.0,414.0,1.0
2219,51.0,330.0,1.0
2220,92.0,351.0,1.0
2221,232.0,575.0,1.0
2222,101.0,133.0,1.0
2223,132.0,217.0,1.0
2224,127.0,395.0,1.0
2225,65.0,148.0,1.0
2226,107.0,133.0,1.0
2227,235.0,21.0,1.0
2228,186.0,150.0,1.0
2229,149.0,77.0,1.0
2230,250.0,207.0,1.0
2231,10.0,292.0,1.0
2232,17.0,383.0,1.0
2233,105.0,121.0,1.0
2234,233.0,35.0,1.0
2235,5.0,103.0,1.0
2236,261.0,115.0,1.0
2237,128.0,163.0,1.0
2238,264.0,147.0,1.0
2239,132.0,205.0,1.0
2240,147.0,342.0,1.0
2241,255.0,245.0,1.0
2242,28.0,65.0,1.0
2243,67.0,93.0,1.0
2244,46.0,453.0,1.0
2245,9.0,64.0,1.0
2246,177.0,252.0,1.0
2247,178.0,512.0,1.0
2248,165.0,91.0,1.0
2249,155.0,443.0,1.0
2250,142.0,125.0,1.0
2251,94.0,256.0,1.0
2252,144.0,223.0,1.0
2253,60.0,205.0,1.0
2254,191.0,443.0,1.0
2255,226.0,112.0,1.0
2256,158.0,223.0,1.0
2257,179.0,132.0,1.0
2258,234.0,564.0,1.0
2259,84.0,89.0,1.0
2260,168.0,309.0,1.0
2261,228.0,437.0,1.0
2262,178.0,249.0,1.0
2263,79.0,89.0,1.0
2264,183.0,72.0,1.0
2265,248.0,36.0,1.0
2266,158.0,255.0,1.0
2267,200.0,150.0,1.0
2268,144.0,531.0,1.0
2269,79.0,205.0,1.0
2270,117.0,367.0,1.0
2271,128.0,256.0,1.0
2272,14.0,282.0,1.0
2273,49.0,219.0,1.0
2274,100.0,185.0,1.0
2275,94.0,148.0,1.0
2276,82.0,133.0,1.0
2277,248.0,81.0,1.0
2278,2.0,116.0,1.0
2279,91.0,247.0,1.0
2280,164.0,125.0,1.0
2281,78.0,116.0,1.0
2282,31.0,350.0,1.0
2283,75.0,50.0,1.0
2284,248.0,24.0,1.0
2285,103.0,397.0,1.0
2286,64.0,432.0,1.0
2287,84.0,537.0,1.0
2288,148.0,191.0,1.0
2289,135.0,120.0,1.0
2290,191.0,302.0,1.0
2291,68.0,89.0,1.0
2292,48.0,126.0,1.0
2293,210.0,123.0,1.0
2294,186.0,311.0,1.0
2295,114.0,595.0,1.0
2296,144.0,513.0,1.0
2297,234.0,392.0,1.0
2298,156.0,54.0,1.0
2299,149.0,46.0,1.0
2300,116.0,366.0,1.0
2301,128.0,120.0,1.0
2302,96.0,58.0,1.0
2303,235.0,113.0,1.0
2304,82.0,123.0,1.0
2305,160.0,153.0,1.0
2306,81.0,45.0,1.0
2307,199.0,307.0,1.0
2308,53.0,139.0,1.0
2309,145.0,547.0,1.0
2310,124.0,157.0,1.0
2311,219.0,224.0,1.0
2312,96.0,137.0,1.0
2313,261.0,126.0,1.0
2314,65.0,135.0,1.0
2315,53.0,394.0,1.0
2316,1.0,22.0,1.0
2317,133.0,223.0,1.0
2318,69.0,100.0,1.0
2319,87.0,70.0,1.0
2320,227.0,230.0,1.0
2321,153.0,374.0,1.0
2322,259.0,472.0,1.0
2323,189.0,499.0,1.0
2324,82.0,442.0,1.0
2325,53.0,337.0,1.0
2326,39.0,186.0,1.0
2327,257.0,147.0,1.0
2328,129.0,472.0,1.0
2329,202.0,146.0,1.0
2330,251.0,141.0,1.0
2331,116.0,27.0,1.0
2332,56.0,124.0,1.0
2333,211.0,245.0,1.0
2334,178.0,236.0,1.0
2335,132.0,587.0,1.0
2336,191.0,203.0,1.0
2337,183.0,215.0,1.0
2338,71.0,352.0,1.0
2339,82.0,326.0,1.0
2340,158.0,277.0,1.0
2341,79.0,423.0,1.0
2342,182.0,85.0,1.0
2343,178.0,180.0,1.0
2344,141.0,293.0,1.0
2345,30.0,73.0,1.0
2346,101.0,72.0,1.0
2347,141.0,103.0,1.0
2348,165.0,39.0,1.0
2349,86.0,389.0,1.0
2350,160.0,143.0,1.0
2351,117.0,411.0,1.0
2352,136.0,133.0,1.0
2353,102.0,340.0,1.0
2354,42.0,401.0,1.0
2355,248.0,361.0,1.0
2356,163.0,273.0,1.0
2357,71.0,256.0,1.0
2358,179.0,395.0,1.0
2359,177.0,154.0,1.0
2360,103.0,38.0,1.0
2361,149.0,308.0,1.0
2362,144.0,557.0,1.0
2363,56.0,113.0,1.0
2364,78.0,207.0,1.0
2365,136.0,206.0,1.0
2366,234.0,373.0,1.0
2367,238.0,55.0,1.0
2368,207.0,45.0,1.0
2369,174.0,343.0,1.0
2370,98.0,277.0,1.0
2371,258.0,380.0,1.0
2372,132.0,81.0,1.0
2373,65.0,3.0,1.0
2374,231.0,287.0,1.0
2375,223.0,528.0,1.0
2376,14.0,21.0,1.0
2377,164.0,9.0,1.0
2378,189.0,388.0,1.0
2379,57.0,343.0,1.0
2380,265.0,146.0,1.0
2381,130.0,95.0,1.0
2382,63.0,214.0,1.0
2383,145.0,12.0,1.0
2384,130.0,134.0,1.0
2385,147.0,83.0,1.0
2386,189.0,272.0,1.0
2387,145.0,205.0,1.0
2388,86.0,213.0,1.0
2389,223.0,57.0,1.0
2390,37.0,111.0,1.0
2391,101.0,33.0,1.0
2392,76.0,18.0,1.0
2393,45.0,496.0,1.0
2394,173.0,354.0,1.0
2395,56.0,481.0,1.0
2396,262.0,240.0,1.0
2397,97.0,5.0,1.0
2398,164.0,100.0,1.0
2399,203.0,147.0,1.0
2400,91.0,86.0,1.0
2401,218.0,171.0,1.0
2402,203.0,146.0,1.0
2403,82.0,549.0,1.0
2404,81.0,39.0,1.0
2405,98.0,111.0,1.0
2406,178.0,100.0,1.0
2407,12.0,66.0,1.0
2408,258.0,127.0,1.0
2409,2.0,134.0,1.0
2410,200.0,115.0,1.0
2411,52.0,7.0,1.0
2412,228.0,108.0,1.0
2413,264.0,97.0,1.0
2414,208.0,315.0,1.0
2415,73.0,209.0,1.0
2416,17.0,114.0,1.0
2417,248.0,28.0,1.0
2418,228.0,126.0,1.0
2419,189.0,415.0,1.0
2420,87.0,36.0,1.0
2421,196.0,354.0,1.0
2422,85.0,585.0,1.0
2423,126.0,51.0,1.0
2424,189.0,100.0,1.0
2425,183.0,1.0,1.0
2426,127.0,465.0,1.0
2427,168.0,302.0,1.0
2428,183.0,275.0,1.0
2429,224.0,58.0,1.0
2430,260.0,162.0,1.0
2431,164.0,35.0,1.0
2432,107.0,322.0,1.0
2433,39.0,64.0,1.0
2434,218.0,252.0,1.0
2435,62.0,208.0,1.0
2436,65.0,330.0,1.0
2437,41.0,146.0,1.0
2438,242.0,343.0,1.0
2439,69.0,463.0,1.0
2440,256.0,135.0,1.0
2441,107.0,420.0,1.0
2442,165.0,282.0,1.0
2443,149.0,256.0,1.0
2444,136.0,549.0,1.0
2445,175.0,45.0,1.0
2446,52.0,238.0,1.0
2447,168.0,465.0,1.0
2448,74.0,7.0,1.0
2449,178.0,154.0,1.0
2450,126.0,558.0,1.0
2451,87.0,75.0,1.0
2452,225.0,320.0,1.0
2453,53.0,205.0,1.0
2454,130.0,416.0,1.0
2455,128.0,141.0,1.0
2456,200.0,70.0,1.0
2457,82.0,160.0,1.0
2458,58.0,295.0,1.0
2459,232.0,246.0,1.0
2460,198.0,367.0,1.0
2461,158.0,117.0,1.0
2462,8.0,58.0,1.0
2463,15.0,146.0,1.0
2464,266.0,596.0,1.0
2465,104.0,336.0,1.0
2466,94.0,277.0,1.0
2467,63.0,207.0,1.0
2468,22.0,313.0,1.0
2469,245.0,223.0,1.0
2470,31.0,120.0,1.0
2471,90.0,465.0,1.0
2472,178.0,132.0,1.0
2473,226.0,63.0,1.0
2474,193.0,77.0,1.0
2475,235.0,425.0,1.0
2476,44.0,113.0,1.0
2477,122.0,309.0,1.0
2478,56.0,187.0,1.0
2479,158.0,58.0,1.0
2480,231.0,243.0,1.0
2481,259.0,410.0,1.0
2482,51.0,442.0,1.0
2483,102.0,30.0,1.0
2484,99.0,348.0,1.0
2485,164.0,152.0,1.0
2486,203.0,263.0,1.0
2487,156.0,59.0,1.0
2488,146.0,116.0,1.0
2489,126.0,226.0,1.0
2490,65.0,305.0,1.0
2491,245.0,146.0,1.0
2492,145.0,277.0,1.0
2493,102.0,541.0,1.0
2494,224.0,214.0,1.0
2495,208.0,209.0,1.0
2496,102.0,178.0,1.0
2497,208.0,565.0,1.0
2498,264.0,135.0,1.0
2499,196.0,296.0,1.0
2500,178.0,436.0,1.0
2501,184.0,82.0,1.0
2502,202.0,106.0,1.0
2503,264.0,457.0,1.0
2504,255.0,261.0,1.0
2505,165.0,104.0,1.0
2506,107.0,516.0,1.0
2507,223.0,216.0,1.0
2508,89.0,530.0,1.0
2509,115.0,32.0,1.0
2510,57.0,94.0,1.0
2511,259.0,379.0,1.0
2512,133.0,133.0,1.0
2513,97.0,92.0,1.0
2514,256.0,103.0,1.0
2515,145.0,280.0,1.0
2516,243.0,388.0,1.0
2517,248.0,46.0,1.0
2518,9.0,81.0,1.0
2519,48.0,182.0,1.0
2520,114.0,195.0,1.0
2521,132.0,438.0,1.0
2522,102.0,306.0,1.0
2523,67.0,352.0,1.0
2524,147.0,410.0,1.0
2525,3.0,167.0,1.0
2526,132.0,575.0,1.0
2527,17.0,216.0,1.0
2528,248.0,47.0,1.0
2529,207.0,141.0,1.0
2530,108.0,337.0,1.0
2531,230.0,57.0,1.0
2532,223.0,12.0,1.0
2533,82.0,215.0,1.0
2534,182.0,156.0,1.0
2535,159.0,35.0,1.0
2536,44.0,481.0,1.0
2537,126.0,111.0,1.0
2538,65.0,458.0,1.0
2539,148.0,524.0,1.0
2540,117.0,410.0,1.0
2541,145.0,189.0,1.0
2542,129.0,20.0,1.0
2543,135.0,87.0,1.0
2544,51.0,117.0,1.0
2545,37.0,9.0,1.0
2546,153.0,32.0,1.0
2547,56.0,492.0,1.0
2548,139.0,146.0,1.0
2549,82.0,369.0,1.0
2550,191.0,0.0,1.0
2551,250.0,246.0,1.0
2552,178.0,153.0,1.0
2553,121.0,39.0,1.0
2554,162.0,227.0,1.0
2555,181.0,148.0,1.0
2556,104.0,103.0,1.0
2557,178.0,92.0,1.0
2558,17.0,146.0,1.0
2559,139.0,218.0,1.0
2560,69.0,125.0,1.0
2561,195.0,487.0,1.0
2562,156.0,571.0,1.0
2563,65.0,407.0,1.0
2564,29.0,35.0,1.0
2565,49.0,48.0,1.0
2566,133.0,57.0,1.0
2567,148.0,257.0,1.0
2568,203.0,316.0,1.0
2569,178.0,127.0,1.0
2570,141.0,58.0,1.0
2571,26.0,239.0,1.0
2572,189.0,21.0,1.0
2573,82.0,137.0,1.0
2574,48.0,97.0,1.0
2575,136.0,62.0,1.0
2576,232.0,256.0,1.0
2577,65.0,194.0,1.0
2578,108.0,152.0,1.0
2579,90.0,272.0,1.0
2580,217.0,191.0,1.0
2581,62.0,120.0,1.0
2582,157.0,408.0,1.0
2583,123.0,448.0,1.0
2584,141.0,32.0,1.0
2585,90.0,160.0,1.0
2586,127.0,45.0,1.0
2587,183.0,20.0,1.0
2588,22.0,273.0,1.0
2589,168.0,111.0,1.0
2590,232.0,35.0,1.0
2591,79.0,557.0,1.0
2592,17.0,205.0,1.0
2593,82.0,286.0,1.0
2594,94.0,22.0,1.0
2595,266.0,146.0,1.0
2596,192.0,57.0,1.0
2597,8.0,39.0,1.0
2598,68.0,197.0,1.0
2599,175.0,187.0,1.0
2600,141.0,202.0,1.0
2601,186.0,139.0,1.0
2602,16.0,345.0,1.0
2603,61.0,245.0,1.0
2604,224.0,106.0,1.0
2605,175.0,458.0,1.0
2606,209.0,63.0,1.0
2607,248.0,29.0,1.0
2608,85.0,62.0,1.0
2609,96.0,0.0,1.0
2610,90.0,494.0,1.0
2611,84.0,123.0,1.0
2612,228.0,201.0,1.0
2613,141.0,5.0,1.0
2614,78.0,92.0,1.0
2615,223.0,201.0,1.0
2616,98.0,388.0,1.0
2617,231.0,206.0,1.0
2618,170.0,47.0,1.0
2619,261.0,150.0,1.0
2620,16.0,51.0,1.0
2621,223.0,221.0,1.0
2622,64.0,185.0,1.0
2623,248.0,75.0,1.0
2624,113.0,141.0,1.0
2625,56.0,121.0,1.0
2626,246.0,204.0,1.0
2627,159.0,207.0,1.0
2628,86.0,66.0,1.0
2629,117.0,373.0,1.0
2630,101.0,7.0,1.0
2631,121.0,456.0,1.0
2632,122.0,96.0,1.0
2633,202.0,225.0,1.0
2634,31.0,287.0,1.0
2635,226.0,441.0,1.0
2636,127.0,186.0,1.0
2637,165.0,587.0,1.0
2638,52.0,113.0,1.0
2639,130.0,66.0,1.0
2640,183.0,436.0,1.0
2641,102.0,303.0,1.0
2642,234.0,0.0,1.0
2643,22.0,175.0,1.0
2644,139.0,409.0,1.0
2645,64.0,24.0,1.0
2646,263.0,46.0,1.0
2647,108.0,241.0,1.0
2648,189.0,111.0,1.0
2649,164.0,36.0,1.0
2650,51.0,319.0,1.0
2651,87.0,234.0,1.0
2652,207.0,238.0,1.0
2653,87.0,104.0,1.0
2654,258.0,232.0,1.0
2655,133.0,236.0,1.0
2656,6.0,0.0,1.0
2657,52.0,137.0,1.0
2658,90.0,35.0,1.0
2659,259.0,132.0,1.0
2660,119.0,138.0,1.0
2661,8.0,251.0,1.0
2662,257.0,92.0,1.0
2663,91.0,12.0,1.0
2664,226.0,177.0,1.0
2665,193.0,127.0,1.0
2666,222.0,61.0,1.0
2667,81.0,74.0,1.0
2668,147.0,211.0,1.0
2669,15.0,281.0,1.0
2670,78.0,47.0,1.0
2671,97.0,374.0,1.0
2672,65.0,262.0,1.0
2673,200.0,313.0,1.0
2674,257.0,89.0,1.0
2675,19.0,44.0,1.0
2676,103.0,5.0,1.0
2677,145.0,137.0,1.0
2678,205.0,27.0,1.0
2679,67.0,282.0,1.0
2680,105.0,43.0,1.0
2681,174.0,260.0,1.0
2682,74.0,197.0,1.0
2683,227.0,245.0,1.0
2684,47.0,91.0,1.0
2685,245.0,40.0,1.0
2686,58.0,57.0,1.0
2687,248.0,27.0,1.0
2688,145.0,466.0,1.0
2689,65.0,92.0,1.0
2690,78.0,44.0,1.0
2691,6.0,228.0,1.0
2692,189.0,12.0,1.0
2693,182.0,259.0,1.0
2694,94.0,133.0,1.0
2695,87.0,392.0,1.0
2696,28.0,60.0,1.0
2697,178.0,89.0,1.0
2698,183.0,3.0,1.0
2699,180.0,78.0,1.0
2700,199.0,157.0,1.0
2701,224.0,280.0,1.0
2702,72.0,81.0,1.0
2703,19.0,288.0,1.0
2704,201.0,209.0,1.0
2705,211.0,36.0,1.0
2706,71.0,5.0,1.0
2707,226.0,459.0,1.0
2708,144.0,423.0,1.0
2709,207.0,67.0,1.0
2710,57.0,74.0,1.0
2711,223.0,43.0,1.0
2712,182.0,317.0,1.0
2713,159.0,568.0,1.0
2714,30.0,261.0,1.0
2715,223.0,397.0,1.0
2716,250.0,186.0,1.0
2717,51.0,278.0,1.0
2718,128.0,211.0,1.0
2719,129.0,186.0,1.0
2720,221.0,10.0,1.0
2721,89.0,117.0,1.0
2722,68.0,261.0,1.0
2723,230.0,434.0,1.0
2724,58.0,159.0,1.0
2725,82.0,84.0,1.0
2726,128.0,193.0,1.0
2727,268.0,151.0,1.0
2728,211.0,138.0,1.0
2729,178.0,49.0,1.0
2730,237.0,100.0,1.0
2731,3.0,150.0,1.0
2732,218.0,305.0,1.0
2733,69.0,440.0,1.0
2734,182.0,595.0,1.0
2735,89.0,191.0,1.0
2736,53.0,399.0,1.0
2737,82.0,506.0,1.0
2738,123.0,278.0,1.0
2739,183.0,103.0,1.0
2740,30.0,45.0,1.0
2741,56.0,145.0,1.0
2742,162.0,66.0,1.0
2743,147.0,240.0,1.0
2744,97.0,323.0,1.0
2745,189.0,107.0,1.0
2746,52.0,531.0,1.0
2747,89.0,498.0,1.0
2748,237.0,362.0,1.0
2749,20.0,159.0,1.0
2750,18.0,139.0,1.0
2751,1.0,53.0,1.0
2752,37.0,61.0,1.0
2753,71.0,413.0,1.0
2754,211.0,222.0,1.0
2755,84.0,548.0,1.0
2756,237.0,21.0,1.0
2757,48.0,64.0,1.0
2758,90.0,47.0,1.0
2759,239.0,379.0,1.0
2760,200.0,40.0,1.0
2761,121.0,531.0,1.0
2762,242.0,186.0,1.0
2763,223.0,218.0,1.0
2764,149.0,181.0,1.0
2765,78.0,528.0,1.0
2766,138.0,66.0,1.0
2767,67.0,201.0,1.0
2768,104.0,136.0,1.0
2769,87.0,584.0,1.0
2770,172.0,343.0,1.0
2771,105.0,384.0,1.0
2772,114.0,296.0,1.0
2773,203.0,226.0,1.0
2774,33.0,316.0,1.0
2775,130.0,263.0,1.0
2776,226.0,165.0,1.0
2777,176.0,15.0,1.0
2778,13.0,336.0,1.0
2779,264.0,30.0,1.0
2780,228.0,149.0,1.0
2781,149.0,64.0,1.0
2782,115.0,569.0,1.0
2783,172.0,66.0,1.0
2784,82.0,533.0,1.0
2785,128.0,247.0,1.0
2786,224.0,186.0,1.0
2787,198.0,27.0,1.0
2788,119.0,116.0,1.0
2789,84.0,410.0,1.0
2790,87.0,269.0,1.0
2791,104.0,533.0,1.0
2792,132.0,467.0,1.0
2793,194.0,148.0,1.0
2794,9.0,274.0,1.0
2795,189.0,482.0,1.0
2796,96.0,90.0,1.0
2797,19.0,251.0,1.0
2798,257.0,202.0,1.0
2799,41.0,161.0,1.0
2800,82.0,396.0,1.0
2801,228.0,226.0,1.0
2802,130.0,236.0,1.0
2803,104.0,220.0,1.0
2804,64.0,118.0,1.0
2805,262.0,281.0,1.0
2806,87.0,9.0,1.0
2807,65.0,395.0,1.0
2808,84.0,274.0,1.0
2809,39.0,396.0,1.0
2810,87.0,84.0,1.0
2811,248.0,443.0,1.0
2812,136.0,337.0,1.0
2813,108.0,90.0,1.0
2814,56.0,21.0,1.0
2815,39.0,383.0,1.0
2816,136.0,451.0,1.0
2817,85.0,130.0,1.0
2818,151.0,209.0,1.0
2819,136.0,75.0,1.0
2820,199.0,113.0,1.0
2821,64.0,57.0,1.0
2822,223.0,97.0,1.0
2823,150.0,69.0,1.0
2824,161.0,121.0,1.0
2825,104.0,300.0,1.0
2826,44.0,483.0,1.0
2827,67.0,268.0,1.0
2828,71.0,530.0,1.0
2829,0.0,10.0,1.0
2830,97.0,420.0,1.0
2831,102.0,236.0,1.0
2832,186.0,96.0,1.0
2833,203.0,129.0,1.0
2834,132.0,126.0,1.0
2835,173.0,486.0,1.0
2836,123.0,529.0,1.0
2837,90.0,367.0,1.0
2838,196.0,189.0,1.0
2839,44.0,97.0,1.0
2840,231.0,103.0,1.0
2841,207.0,293.0,1.0
2842,71.0,462.0,1.0
2843,246.0,169.0,1.0
2844,248.0,230.0,1.0
2845,164.0,116.0,1.0
2846,51.0,143.0,1.0
2847,183.0,390.0,1.0
2848,214.0,388.0,1.0
2849,250.0,434.0,1.0
2850,229.0,382.0,1.0
2851,42.0,0.0,1.0
2852,64.0,202.0,1.0
2853,160.0,69.0,1.0
2854,163.0,243.0,1.0
2855,87.0,326.0,1.0
2856,53.0,209.0,1.0
2857,164.0,0.0,1.0
2858,189.0,206.0,1.0
2859,117.0,466.0,1.0
2860,113.0,369.0,1.0
2861,238.0,172.0,1.0
2862,89.0,231.0,1.0
2863,171.0,243.0,1.0
2864,67.0,382.0,1.0
2865,218.0,444.0,1.0
2866,147.0,364.0,1.0
2867,148.0,94.0,1.0
2868,87.0,349.0,1.0
2869,42.0,49.0,1.0
2870,183.0,326.0,1.0
2871,106.0,386.0,1.0
2872,65.0,83.0,1.0
2873,10.0,301.0,1.0
2874,223.0,100.0,1.0
2875,71.0,387.0,1.0
2876,81.0,147.0,1.0
2877,166.0,69.0,1.0
2878,223.0,183.0,1.0
2879,91.0,560.0,1.0
2880,199.0,255.0,1.0
2881,51.0,201.0,1.0
2882,75.0,268.0,1.0
2883,216.0,211.0,1.0
2884,3.0,160.0,1.0
2885,214.0,494.0,1.0
2886,82.0,177.0,1.0
2887,167.0,163.0,1.0
2888,223.0,196.0,1.0
2889,133.0,89.0,1.0
2890,149.0,94.0,1.0
2891,236.0,474.0,1.0
2892,49.0,383.0,1.0
2893,88.0,503.0,1.0
2894,79.0,199.0,1.0
2895,94.0,24.0,1.0
2896,147.0,469.0,1.0
2897,146.0,209.0,1.0
2898,51.0,369.0,1.0
2899,183.0,35.0,1.0
2900,199.0,122.0,1.0
2901,52.0,63.0,1.0
2902,90.0,437.0,1.0
2903,82.0,32.0,1.0
2904,43.0,135.0,1.0
2905,147.0,511.0,1.0
2906,94.0,143.0,1.0
2907,78.0,516.0,1.0
2908,57.0,194.0,1.0
2909,229.0,27.0,1.0
2910,139.0,148.0,1.0
2911,197.0,234.0,1.0
2912,199.0,77.0,1.0
2913,57.0,120.0,1.0
2914,86.0,127.0,1.0
2915,218.0,582.0,1.0
2916,256.0,248.0,1.0
2917,16.0,24.0,1.0
2918,95.0,111.0,1.0
2919,96.0,427.0,1.0
2920,84.0,443.0,1.0
2921,199.0,321.0,1.0
2922,158.0,109.0,1.0
2923,118.0,209.0,1.0
2924,102.0,177.0,1.0
2925,82.0,409.0,1.0
2926,14.0,349.0,1.0
2927,228.0,112.0,1.0
2928,239.0,47.0,1.0
2929,31.0,219.0,1.0
2930,259.0,125.0,1.0
2931,145.0,413.0,1.0
2932,118.0,356.0,1.0
2933,102.0,283.0,1.0
2934,74.0,24.0,1.0
2935,84.0,385.0,1.0
2936,262.0,304.0,1.0
2937,223.0,68.0,1.0
2938,178.0,193.0,1.0
2939,145.0,505.0,1.0
2940,217.0,91.0,1.0
2941,108.0,27.0,1.0
2942,65.0,371.0,1.0
2943,197.0,206.0,1.0
2944,56.0,489.0,1.0
2945,11.0,290.0,1.0
2946,8.0,60.0,1.0
2947,63.0,10.0,1.0
2948,100.0,388.0,1.0
2949,206.0,531.0,1.0
2950,162.0,494.0,1.0
2951,162.0,230.0,1.0
2952,262.0,293.0,1.0
2953,39.0,112.0,1.0
2954,169.0,549.0,1.0
2955,69.0,89.0,1.0
2956,175.0,587.0,1.0
2957,197.0,20.0,1.0
2958,132.0,113.0,1.0
2959,33.0,98.0,1.0
2960,128.0,281.0,1.0
2961,249.0,9.0,1.0
2962,47.0,280.0,1.0
2963,226.0,79.0,1.0
2964,234.0,131.0,1.0
2965,155.0,39.0,1.0
2966,189.0,243.0,1.0
2967,16.0,302.0,1.0
2968,98.0,38.0,1.0
2969,232.0,29.0,1.0
2970,156.0,378.0,1.0
2971,114.0,594.0,1.0
2972,83.0,100.0,1.0
2973,181.0,23.0,1.0
2974,117.0,451.0,1.0
2975,256.0,141.0,1.0
2976,82.0,311.0,1.0
2977,244.0,92.0,1.0
2978,133.0,203.0,1.0
2979,234.0,416.0,1.0
2980,130.0,154.0,1.0
2981,47.0,127.0,1.0
2982,203.0,441.0,1.0
2983,207.0,445.0,1.0
2984,103.0,138.0,1.0
2985,248.0,11.0,1.0
2986,69.0,59.0,1.0
2987,44.0,298.0,1.0
2988,62.0,138.0,1.0
2989,208.0,374.0,1.0
2990,222.0,321.0,1.0
2991,126.0,197.0,1.0
2992,179.0,310.0,1.0
2993,189.0,223.0,1.0
2994,45.0,397.0,1.0
2995,63.0,467.0,1.0
2996,13.0,57.0,1.0
2997,256.0,35.0,1.0
2998,199.0,343.0,1.0
2999,126.0,190.0,1.0
3000,123.0,251.0,1.0
3001,83.0,321.0,1.0
3002,57.0,277.0,1.0
3003,96.0,124.0,1.0
3004,262.0,241.0,1.0
3005,106.0,12.0,1.0
3006,101.0,408.0,1.0
3007,147.0,192.0,1.0
3008,19.0,344.0,1.0
3009,248.0,76.0,1.0
3010,65.0,402.0,1.0
3011,44.0,295.0,1.0
3012,56.0,495.0,1.0
3013,130.0,430.0,1.0
3014,130.0,257.0,1.0
3015,238.0,190.0,1.0
3016,127.0,314.0,1.0
3017,161.0,57.0,1.0
3018,148.0,321.0,1.0
3019,48.0,356.0,1.0
3020,172.0,192.0,1.0
3021,64.0,127.0,1.0
3022,162.0,362.0,1.0
3023,250.0,143.0,1.0
3024,185.0,7.0,1.0
3025,82.0,252.0,1.0
3026,53.0,12.0,1.0
3027,53.0,202.0,1.0
3028,65.0,367.0,1.0
3029,195.0,433.0,1.0
3030,86.0,219.0,1.0
3031,3.0,159.0,1.0
3032,82.0,118.0,1.0
3033,238.0,6.0,1.0
3034,171.0,420.0,1.0
3035,183.0,485.0,1.0
3036,266.0,430.0,1.0
3037,259.0,290.0,1.0
3038,136.0,216.0,1.0
3039,102.0,133.0,1.0
3040,64.0,54.0,1.0
3041,147.0,283.0,1.0
3042,121.0,113.0,1.0
3043,67.0,81.0,1.0
3044,183.0,502.0,1.0
3045,191.0,362.0,1.0
3046,218.0,306.0,1.0
3047,79.0,92.0,1.0
3048,195.0,496.0,1.0
3049,250.0,190.0,1.0
3050,35.0,201.0,1.0
3051,193.0,203.0,1.0
3052,165.0,154.0,1.0
3053,147.0,592.0,1.0
3054,209.0,120.0,1.0
3055,164.0,289.0,1.0
3056,182.0,346.0,1.0
3057,122.0,146.0,1.0
3058,15.0,40.0,1.0
3059,72.0,156.0,1.0
3060,184.0,36.0,1.0
3061,194.0,461.0,1.0
3062,228.0,381.0,1.0
3063,242.0,112.0,1.0
3064,248.0,122.0,1.0
3065,3.0,110.0,1.0
3066,104.0,61.0,1.0
3067,147.0,256.0,1.0
3068,75.0,192.0,1.0
3069,89.0,426.0,1.0
3070,15.0,170.0,1.0
3071,69.0,91.0,1.0
3072,32.0,109.0,1.0
3073,206.0,66.0,1.0
3074,96.0,562.0,1.0
3075,173.0,20.0,1.0
3076,147.0,400.0,1.0
3077,57.0,171.0,1.0
3078,216.0,146.0,1.0
3079,139.0,39.0,1.0
3080,154.0,195.0,1.0
3081,224.0,87.0,1.0
3082,183.0,113.0,1.0
3083,131.0,219.0,1.0
3084,129.0,196.0,1.0
3085,72.0,256.0,1.0
3086,147.0,89.0,1.0
3087,178.0,376.0,1.0
3088,209.0,59.0,1.0
3089,125.0,390.0,1.0
3090,89.0,92.0,1.0
3091,258.0,273.0,1.0
3092,58.0,291.0,1.0
3093,97.0,14.0,1.0
3094,200.0,11.0,1.0
3095,147.0,344.0,1.0
3096,17.0,391.0,1.0
3097,89.0,190.0,1.0
3098,79.0,398.0,1.0
3099,145.0,190.0,1.0
3100,164.0,451.0,1.0
3101,257.0,35.0,1.0
3102,209.0,327.0,1.0
3103,85.0,44.0,1.0
3104,108.0,408.0,1.0
3105,217.0,222.0,1.0
3106,59.0,63.0,1.0
3107,71.0,241.0,1.0
3108,135.0,399.0,1.0
3109,56.0,122.0,1.0
3110,84.0,103.0,1.0
3111,56.0,233.0,1.0
3112,191.0,157.0,1.0
3113,264.0,159.0,1.0
3114,223.0,286.0,1.0
3115,232.0,93.0,1.0
3116,147.0,271.0,1.0
3117,56.0,50.0,1.0
3118,195.0,331.0,1.0
3119,2.0,130.0,1.0
3120,260.0,570.0,1.0
3121,98.0,479.0,1.0
3122,116.0,120.0,1.0
3123,175.0,311.0,1.0
3124,131.0,222.0,1.0
3125,191.0,305.0,1.0
3126,214.0,282.0,1.0
3127,64.0,479.0,1.0
3128,104.0,163.0,1.0
3129,13.0,61.0,1.0
3130,158.0,120.0,1.0
3131,139.0,190.0,1.0
3132,2.0,108.0,1.0
3133,94.0,202.0,1.0
3134,205.0,356.0,1.0
3135,200.0,146.0,1.0
3136,31.0,146.0,1.0
3137,65.0,204.0,1.0
3138,69.0,337.0,1.0
3139,51.0,45.0,1.0
3140,123.0,434.0,1.0
3141,96.0,243.0,1.0
3142,183.0,150.0,1.0
3143,241.0,10.0,1.0
3144,223.0,447.0,1.0
3145,79.0,90.0,1.0
3146,56.0,342.0,1.0
3147,62.0,202.0,1.0
3148,62.0,558.0,1.0
3149,232.0,136.0,1.0
3150,256.0,415.0,1.0
3151,164.0,7.0,1.0
3152,104.0,152.0,1.0
3153,10.0,290.0,1.0
3154,0.0,6.0,1.0
3155,150.0,339.0,1.0
3156,141.0,575.0,1.0
3157,159.0,131.0,1.0
3158,114.0,68.0,1.0
3159,149.0,527.0,1.0
3160,79.0,84.0,1.0
3161,156.0,352.0,1.0
3162,93.0,106.0,1.0
3163,87.0,91.0,1.0
3164,223.0,205.0,1.0
3165,136.0,266.0,1.0
3166,98.0,241.0,1.0
3167,91.0,60.0,1.0
3168,147.0,326.0,1.0
3169,115.0,202.0,1.0
3170,238.0,202.0,1.0
3171,108.0,238.0,1.0
3172,10.0,305.0,1.0
3173,133.0,73.0,1.0
3174,225.0,47.0,1.0
3175,80.0,268.0,1.0
3176,39.0,49.0,1.0
3177,160.0,350.0,1.0
3178,139.0,219.0,1.0
3179,226.0,456.0,1.0
3180,188.0,434.0,1.0
3181,228.0,245.0,1.0
3182,196.0,205.0,1.0
3183,147.0,222.0,1.0
3184,181.0,227.0,1.0
3185,257.0,219.0,1.0
3186,179.0,296.0,1.0
3187,127.0,554.0,1.0
3188,71.0,35.0,1.0
3189,218.0,440.0,1.0
3190,126.0,391.0,1.0
3191,147.0,73.0,1.0
3192,89.0,511.0,1.0
3193,105.0,279.0,1.0
3194,224.0,47.0,1.0
3195,262.0,312.0,1.0
3196,247.0,460.0,1.0
3197,97.0,330.0,1.0
3198,85.0,69.0,1.0
3199,37.0,126.0,1.0
3200,224.0,153.0,1.0
3201,218.0,81.0,1.0
3202,165.0,446.0,1.0
3203,60.0,483.0,1.0
3204,87.0,500.0,1.0
3205,123.0,81.0,1.0
3206,178.0,95.0,1.0
3207,169.0,11.0,1.0
3208,75.0,83.0,1.0
3209,51.0,53.0,1.0
3210,203.0,508.0,1.0
3211,208.0,432.0,1.0
3212,199.0,50.0,1.0
3213,190.0,186.0,1.0
3214,261.0,135.0,1.0
3215,117.0,298.0,1.0
3216,267.0,47.0,1.0
3217,147.0,260.0,1.0
3218,56.0,56.0,1.0
3219,153.0,222.0,1.0
3220,90.0,327.0,1.0
3221,145.0,103.0,1.0
3222,102.0,491.0,1.0
3223,64.0,294.0,1.0
3224,44.0,484.0,1.0
3225,38.0,300.0,1.0
3226,175.0,183.0,1.0
3227,2.0,89.0,1.0
3228,218.0,265.0,1.0
3229,259.0,406.0,1.0
3230,117.0,462.0,1.0
3231,268.0,106.0,1.0
3232,250.0,132.0,1.0
3233,88.0,470.0,1.0
3234,182.0,395.0,1.0
3235,150.0,231.0,1.0
3236,86.0,49.0,1.0
3237,204.0,143.0,1.0
3238,68.0,521.0,1.0
3239,96.0,9.0,1.0
3240,75.0,256.0,1.0
3241,99.0,378.0,1.0
3242,117.0,384.0,1.0
3243,1.0,59.0,1.0
3244,262.0,346.0,1.0
3245,156.0,438.0,1.0
3246,266.0,59.0,1.0
3247,234.0,399.0,1.0
3248,79.0,230.0,1.0
3249,65.0,183.0,1.0
3250,67.0,485.0,1.0
3251,116.0,1.0,1.0
3252,203.0,67.0,1.0
3253,67.0,136.0,1.0
3254,74.0,491.0,1.0
3255,194.0,22.0,1.0
3256,70.0,400.0,1.0
3257,257.0,45.0,1.0
3258,223.0,51.0,1.0
3259,156.0,126.0,1.0
3260,87.0,111.0,1.0
3261,83.0,299.0,1.0
3262,13.0,338.0,1.0
3263,65.0,122.0,1.0
3264,115.0,356.0,1.0
3265,96.0,138.0,1.0
3266,56.0,88.0,1.0
3267,203.0,81.0,1.0
3268,135.0,61.0,1.0
3269,150.0,192.0,1.0
3270,214.0,492.0,1.0
3271,191.0,462.0,1.0
3272,89.0,356.0,1.0
3273,223.0,187.0,1.0
3274,69.0,216.0,1.0
3275,189.0,126.0,1.0
3276,165.0,109.0,1.0
3277,31.0,305.0,1.0
3278,211.0,148.0,1.0
3279,153.0,571.0,1.0
3280,123.0,510.0,1.0
3281,263.0,440.0,1.0
3282,143.0,399.0,1.0
3283,69.0,122.0,1.0
3284,138.0,366.0,1.0
3285,241.0,223.0,1.0
3286,207.0,54.0,1.0
3287,199.0,103.0,1.0
3288,137.0,33.0,1.0
3289,187.0,391.0,1.0
3290,160.0,146.0,1.0
3291,56.0,331.0,1.0
3292,53.0,66.0,1.0
3293,22.0,170.0,1.0
3294,197.0,530.0,1.0
3295,28.0,440.0,1.0
3296,65.0,413.0,1.0
3297,207.0,77.0,1.0
3298,132.0,571.0,1.0
3299,218.0,276.0,1.0
3300,99.0,410.0,1.0
3301,127.0,443.0,1.0
3302,177.0,339.0,1.0
3303,148.0,201.0,1.0
3304,263.0,203.0,1.0
3305,141.0,40.0,1.0
3306,126.0,14.0,1.0
3307,104.0,47.0,1.0
3308,20.0,349.0,1.0
3309,160.0,277.0,1.0
3310,113.0,86.0,1.0
3311,165.0,143.0,1.0
3312,256.0,5.0,1.0
3313,165.0,90.0,1.0
3314,127.0,514.0,1.0
3315,5.0,191.0,1.0
3316,96.0,178.0,1.0
3317,18.0,421.0,1.0
3318,151.0,10.0,1.0
3319,6.0,138.0,1.0
3320,181.0,66.0,1.0
3321,70.0,103.0,1.0
3322,223.0,174.0,1.0
3323,162.0,111.0,1.0
3324,178.0,62.0,1.0
3325,30.0,91.0,1.0
3326,13.0,299.0,1.0
3327,102.0,248.0,1.0
3328,230.0,582.0,1.0
3329,115.0,195.0,1.0
3330,149.0,83.0,1.0
3331,160.0,208.0,1.0
3332,261.0,160.0,1.0
3333,127.0,327.0,1.0
3334,74.0,59.0,1.0
3335,248.0,44.0,1.0
3336,162.0,242.0,1.0
3337,72.0,527.0,1.0
3338,49.0,39.0,1.0
3339,62.0,124.0,1.0
3340,32.0,266.0,1.0
3341,85.0,35.0,1.0
3342,128.0,481.0,1.0
3343,232.0,366.0,1.0
3344,246.0,120.0,1.0
3345,56.0,81.0,1.0
3346,84.0,496.0,1.0
3347,3.0,166.0,1.0
3348,108.0,345.0,1.0
3349,183.0,459.0,1.0
3350,39.0,10.0,1.0
3351,262.0,95.0,1.0
3352,69.0,251.0,1.0
3353,204.0,94.0,1.0
3354,87.0,78.0,1.0
3355,194.0,423.0,1.0
3356,182.0,196.0,1.0
3357,186.0,355.0,1.0
3358,147.0,76.0,1.0
3359,183.0,135.0,1.0
3360,65.0,70.0,1.0
3361,51.0,122.0,1.0
3362,147.0,160.0,1.0
3363,248.0,457.0,1.0
3364,267.0,44.0,1.0
3365,257.0,255.0,1.0
3366,157.0,245.0,1.0
3367,256.0,403.0,1.0
3368,78.0,14.0,1.0
3369,164.0,207.0,1.0
3370,222.0,477.0,1.0
3371,87.0,51.0,1.0
3372,129.0,220.0,1.0
3373,90.0,424.0,1.0
3374,177.0,546.0,1.0
3375,204.0,485.0,1.0
3376,83.0,275.0,1.0
3377,178.0,198.0,1.0
3378,89.0,398.0,1.0
3379,117.0,103.0,1.0
3380,113.0,36.0,1.0
3381,167.0,580.0,1.0
3382,165.0,567.0,1.0
3383,169.0,0.0,1.0
3384,156.0,205.0,1.0
3385,207.0,514.0,1.0
3386,217.0,57.0,1.0
3387,126.0,385.0,1.0
3388,208.0,0.0,1.0
3389,89.0,413.0,1.0
3390,145.0,106.0,1.0
3391,114.0,593.0,1.0
3392,257.0,579.0,1.0
3393,50.0,507.0,1.0
3394,84.0,253.0,1.0
3395,22.0,98.0,1.0
3396,139.0,371.0,1.0
3397,106.0,243.0,1.0
3398,9.0,165.0,1.0
3399,223.0,188.0,1.0
3400,8.0,156.0,1.0
3401,156.0,130.0,1.0
3402,170.0,120.0,1.0
3403,16.0,342.0,1.0
3404,238.0,437.0,1.0
3405,242.0,122.0,1.0
3406,64.0,110.0,1.0
3407,180.0,351.0,1.0
3408,153.0,504.0,1.0
3409,52.0,241.0,1.0
3410,38.0,146.0,1.0
3411,164.0,575.0,1.0
3412,160.0,452.0,1.0
3413,178.0,518.0,1.0
3414,102.0,46.0,1.0
3415,130.0,150.0,1.0
3416,224.0,511.0,1.0
3417,234.0,7.0,1.0
3418,147.0,543.0,1.0
3419,220.0,272.0,1.0
3420,65.0,359.0,1.0
3421,203.0,92.0,1.0
3422,78.0,195.0,1.0
3423,67.0,449.0,1.0
3424,166.0,223.0,1.0
3425,145.0,131.0,1.0
3426,145.0,250.0,1.0
3427,224.0,11.0,1.0
3428,63.0,69.0,1.0
3429,205.0,245.0,1.0
3430,248.0,37.0,1.0
3431,218.0,92.0,1.0
3432,184.0,327.0,1.0
3433,30.0,220.0,1.0
3434,148.0,442.0,1.0
3435,64.0,111.0,1.0
3436,149.0,125.0,1.0
3437,0.0,3.0,1.0
3438,164.0,302.0,1.0
3439,145.0,216.0,1.0
3440,141.0,382.0,1.0
3441,182.0,174.0,1.0
3442,192.0,146.0,1.0
3443,29.0,295.0,1.0
3444,147.0,113.0,1.0
3445,64.0,289.0,1.0
3446,178.0,384.0,1.0
3447,45.0,130.0,1.0
3448,232.0,73.0,1.0
3449,218.0,93.0,1.0
3450,48.0,432.0,1.0
3451,1.0,79.0,1.0
3452,175.0,200.0,1.0
3453,105.0,197.0,1.0
3454,73.0,269.0,1.0
3455,166.0,125.0,1.0
3456,84.0,81.0,1.0
3457,137.0,282.0,1.0
3458,103.0,220.0,1.0
3459,38.0,16.0,1.0
3460,135.0,95.0,1.0
3461,65.0,176.0,1.0
3462,156.0,549.0,1.0
3463,99.0,126.0,1.0
3464,134.0,461.0,1.0
3465,73.0,309.0,1.0
3466,175.0,123.0,1.0
3467,79.0,385.0,1.0
3468,211.0,204.0,1.0
3469,233.0,19.0,1.0
3470,267.0,36.0,1.0
3471,224.0,91.0,1.0
3472,226.0,543.0,1.0
3473,71.0,466.0,1.0
3474,89.0,199.0,1.0
3475,175.0,504.0,1.0
3476,117.0,386.0,1.0
3477,192.0,12.0,1.0
3478,189.0,168.0,1.0
3479,230.0,194.0,1.0
3480,232.0,50.0,1.0
3481,7.0,45.0,1.0
3482,162.0,201.0,1.0
3483,195.0,398.0,1.0
3484,256.0,347.0,1.0
3485,118.0,189.0,1.0
3486,65.0,279.0,1.0
3487,213.0,59.0,1.0
3488,88.0,230.0,1.0
3489,258.0,36.0,1.0
3490,90.0,31.0,1.0
3491,156.0,559.0,1.0
3492,96.0,104.0,1.0
3493,219.0,434.0,1.0
3494,65.0,99.0,1.0
3495,259.0,474.0,1.0
3496,65.0,573.0,1.0
3497,50.0,297.0,1.0
3498,85.0,89.0,1.0
3499,83.0,57.0,1.0
3500,17.0,404.0,1.0
3501,136.0,37.0,1.0
3502,173.0,256.0,1.0
3503,181.0,407.0,1.0
3504,126.0,245.0,1.0
3505,179.0,3.0,1.0
3506,130.0,113.0,1.0
3507,56.0,380.0,1.0
3508,56.0,107.0,1.0
3509,264.0,201.0,1.0
3510,18.0,419.0,1.0
3511,224.0,92.0,1.0
3512,85.0,118.0,1.0
3513,45.0,10.0,1.0
3514,37.0,320.0,1.0
3515,89.0,460.0,1.0
3516,165.0,460.0,1.0
3517,102.0,88.0,1.0
3518,234.0,219.0,1.0
3519,88.0,186.0,1.0
3520,81.0,588.0,1.0
3521,30.0,21.0,1.0
3522,219.0,399.0,1.0
3523,58.0,269.0,1.0
3524,89.0,136.0,1.0
3525,123.0,104.0,1.0
3526,149.0,154.0,1.0
3527,85.0,434.0,1.0
3528,116.0,76.0,1.0
3529,219.0,112.0,1.0
3530,203.0,101.0,1.0
3531,106.0,267.0,1.0
3532,227.0,510.0,1.0
3533,60.0,146.0,1.0
3534,116.0,47.0,1.0
3535,39.0,380.0,1.0
3536,183.0,79.0,1.0
3537,262.0,113.0,1.0
3538,213.0,6.0,1.0
3539,84.0,337.0,1.0
3540,29.0,444.0,1.0
3541,200.0,179.0,1.0
3542,75.0,81.0,1.0
3543,87.0,89.0,1.0
3544,126.0,50.0,1.0
3545,229.0,321.0,1.0
3546,259.0,104.0,1.0
3547,122.0,20.0,1.0
3548,2.0,103.0,1.0
3549,114.0,177.0,1.0
3550,185.0,365.0,1.0
3551,226.0,54.0,1.0
3552,224.0,110.0,1.0
3553,94.0,66.0,1.0
3554,117.0,258.0,1.0
3555,130.0,378.0,1.0
3556,4.0,51.0,1.0
3557,144.0,33.0,1.0
3558,82.0,120.0,1.0
3559,234.0,322.0,1.0
3560,49.0,70.0,1.0
3561,156.0,255.0,1.0
3562,165.0,252.0,1.0
3563,1.0,43.0,1.0
3564,224.0,1.0,1.0
3565,84.0,266.0,1.0
3566,89.0,456.0,1.0
3567,168.0,204.0,1.0
3568,132.0,216.0,1.0
3569,262.0,162.0,1.0
3570,113.0,44.0,1.0
3571,42.0,191.0,1.0
3572,188.0,104.0,1.0
3573,145.0,478.0,1.0
3574,247.0,57.0,1.0
3575,69.0,38.0,1.0
3576,190.0,219.0,1.0
3577,75.0,544.0,1.0
3578,185.0,22.0,1.0
3579,179.0,206.0,1.0
3580,82.0,176.0,1.0
3581,31.0,47.0,1.0
3582,105.0,62.0,1.0
3583,129.0,398.0,1.0
3584,56.0,17.0,1.0
3585,116.0,30.0,1.0
3586,266.0,191.0,1.0
3587,44.0,148.0,1.0
3588,90.0,33.0,1.0
3589,197.0,146.0,1.0
3590,241.0,122.0,1.0
3591,102.0,265.0,1.0
3592,2.0,139.0,1.0
3593,207.0,83.0,1.0
3594,174.0,148.0,1.0
3595,96.0,474.0,1.0
3596,157.0,215.0,1.0
3597,129.0,59.0,1.0
3598,60.0,59.0,1.0
3599,175.0,195.0,1.0
3600,208.0,62.0,1.0
3601,72.0,59.0,1.0
3602,144.0,260.0,1.0
3603,193.0,512.0,1.0
3604,109.0,77.0,1.0
3605,136.0,418.0,1.0
3606,248.0,61.0,1.0
3607,84.0,85.0,1.0
3608,262.0,342.0,1.0
3609,154.0,130.0,1.0
3610,183.0,226.0,1.0
3611,135.0,408.0,1.0
3612,49.0,7.0,1.0
3613,231.0,242.0,1.0
3614,128.0,317.0,1.0
3615,156.0,547.0,1.0
3616,52.0,3.0,1.0
3617,175.0,480.0,1.0
3618,19.0,314.0,1.0
3619,74.0,310.0,1.0
3620,58.0,292.0,1.0
3621,105.0,151.0,1.0
3622,85.0,17.0,1.0
3623,13.0,46.0,1.0
3624,227.0,70.0,1.0
3625,129.0,44.0,1.0
3626,130.0,351.0,1.0
3627,235.0,543.0,1.0
3628,82.0,566.0,1.0
3629,200.0,60.0,1.0
3630,90.0,460.0,1.0
3631,52.0,207.0,1.0
3632,250.0,325.0,1.0
3633,92.0,147.0,1.0
3634,176.0,66.0,1.0
3635,231.0,168.0,1.0
3636,71.0,488.0,1.0
3637,150.0,103.0,1.0
3638,49.0,216.0,1.0
3639,14.0,168.0,1.0
3640,45.0,69.0,1.0
3641,136.0,357.0,1.0
3642,195.0,284.0,1.0
3643,48.0,450.0,1.0
3644,22.0,213.0,1.0
3645,68.0,308.0,1.0
3646,57.0,143.0,1.0
3647,212.0,391.0,1.0
3648,69.0,256.0,1.0
3649,164.0,354.0,1.0
3650,145.0,143.0,1.0
3651,68.0,18.0,1.0
3652,60.0,216.0,1.0
3653,81.0,282.0,1.0
3654,82.0,209.0,1.0
3655,105.0,126.0,1.0
3656,21.0,130.0,1.0
3657,175.0,220.0,1.0
3658,106.0,244.0,1.0
3659,87.0,120.0,1.0
3660,58.0,66.0,1.0
3661,92.0,50.0,1.0
3662,183.0,57.0,1.0
3663,218.0,514.0,1.0
3664,147.0,38.0,1.0
3665,141.0,209.0,1.0
3666,20.0,58.0,1.0
3667,71.0,185.0,1.0
3668,75.0,197.0,1.0
3669,62.0,400.0,1.0
3670,138.0,342.0,1.0
3671,38.0,54.0,1.0
3672,149.0,87.0,1.0
3673,240.0,24.0,1.0
3674,164.0,435.0,1.0
3675,72.0,463.0,1.0
3676,199.0,35.0,1.0
3677,232.0,247.0,1.0
3678,259.0,156.0,1.0
3679,2.0,143.0,1.0
3680,83.0,130.0,1.0
3681,230.0,103.0,1.0
3682,65.0,199.0,1.0
3683,129.0,145.0,1.0
3684,97.0,433.0,1.0
3685,208.0,274.0,1.0
3686,247.0,72.0,1.0
3687,156.0,0.0,1.0
3688,9.0,35.0,1.0
3689,183.0,222.0,1.0
3690,197.0,310.0,1.0
3691,86.0,44.0,1.0
3692,238.0,52.0,1.0
3693,34.0,47.0,1.0
3694,227.0,20.0,1.0
3695,74.0,518.0,1.0
3696,126.0,420.0,1.0
3697,102.0,75.0,1.0
3698,225.0,10.0,1.0
3699,123.0,392.0,1.0
3700,182.0,89.0,1.0
3701,84.0,69.0,1.0
3702,22.0,426.0,1.0
3703,26.0,66.0,1.0
3704,122.0,197.0,1.0
3705,89.0,227.0,1.0
3706,19.0,36.0,1.0
3707,259.0,69.0,1.0
3708,166.0,357.0,1.0
3709,164.0,121.0,1.0
3710,88.0,414.0,1.0
3711,126.0,49.0,1.0
3712,197.0,216.0,1.0
3713,223.0,235.0,1.0
3714,224.0,141.0,1.0
3715,88.0,1.0,1.0
3716,189.0,247.0,1.0
3717,217.0,232.0,1.0
3718,264.0,132.0,1.0
3719,89.0,80.0,1.0
3720,223.0,191.0,1.0
3721,62.0,454.0,1.0
3722,257.0,33.0,1.0
3723,205.0,203.0,1.0
3724,127.0,369.0,1.0
3725,123.0,395.0,1.0
3726,49.0,221.0,1.0
3727,33.0,129.0,1.0
3728,241.0,33.0,1.0
3729,58.0,168.0,1.0
3730,104.0,150.0,1.0
3731,52.0,33.0,1.0
3732,98.0,133.0,1.0
3733,203.0,116.0,1.0
3734,14.0,31.0,1.0
3735,224.0,204.0,1.0
3736,173.0,413.0,1.0
3737,223.0,310.0,1.0
3738,53.0,39.0,1.0
3739,133.0,241.0,1.0
3740,96.0,378.0,1.0
3741,8.0,150.0,1.0
3742,104.0,126.0,1.0
3743,160.0,227.0,1.0
3744,59.0,451.0,1.0
3745,75.0,232.0,1.0
3746,65.0,236.0,1.0
3747,250.0,8.0,1.0
3748,235.0,235.0,1.0
3749,58.0,4.0,1.0
3750,102.0,302.0,1.0
3751,218.0,296.0,1.0
3752,183.0,201.0,1.0
3753,256.0,475.0,1.0
3754,62.0,59.0,1.0
3755,175.0,575.0,1.0
3756,149.0,43.0,1.0
3757,84.0,595.0,1.0
3758,123.0,279.0,1.0
3759,135.0,362.0,1.0
3760,65.0,81.0,1.0
3761,67.0,64.0,1.0
3762,256.0,418.0,1.0
3763,217.0,227.0,1.0
3764,139.0,377.0,1.0
3765,104.0,11.0,1.0
3766,78.0,193.0,1.0
3767,145.0,393.0,1.0
3768,203.0,420.0,1.0
3769,259.0,416.0,1.0
3770,59.0,214.0,1.0
3771,129.0,415.0,1.0
3772,65.0,320.0,1.0
3773,108.0,15.0,1.0
3774,51.0,518.0,1.0
3775,49.0,392.0,1.0
3776,116.0,254.0,1.0
3777,79.0,587.0,1.0
3778,165.0,233.0,1.0
3779,225.0,282.0,1.0
3780,248.0,72.0,1.0
3781,83.0,367.0,1.0
3782,199.0,146.0,1.0
3783,156.0,534.0,1.0
3784,42.0,385.0,1.0
3785,218.0,161.0,1.0
3786,102.0,99.0,1.0
3787,88.0,62.0,1.0
3788,69.0,66.0,1.0
3789,105.0,157.0,1.0
3790,117.0,330.0,1.0
3791,227.0,103.0,1.0
3792,116.0,44.0,1.0
3793,78.0,413.0,1.0
3794,227.0,89.0,1.0
3795,175.0,26.0,1.0
3796,42.0,474.0,1.0
3797,81.0,125.0,1.0
3798,188.0,136.0,1.0
3799,135.0,315.0,1.0
3800,138.0,89.0,1.0
3801,91.0,59.0,1.0
3802,226.0,46.0,1.0
3803,9.0,70.0,1.0
3804,37.0,164.0,1.0
3805,8.0,168.0,1.0
3806,45.0,35.0,1.0
3807,84.0,91.0,1.0
3808,90.0,150.0,1.0
3809,106.0,86.0,1.0
3810,58.0,432.0,1.0
3811,130.0,48.0,1.0
3812,105.0,400.0,1.0
3813,210.0,180.0,1.0
3814,145.0,230.0,1.0
3815,13.0,256.0,1.0
3816,135.0,216.0,1.0
3817,127.0,116.0,1.0
3818,237.0,243.0,1.0
3819,93.0,92.0,1.0
3820,65.0,11.0,1.0
3821,193.0,429.0,1.0
3822,102.0,443.0,1.0
3823,234.0,197.0,1.0
3824,205.0,67.0,1.0
3825,116.0,65.0,1.0
3826,56.0,490.0,1.0
3827,71.0,26.0,1.0
3828,105.0,396.0,1.0
3829,216.0,66.0,1.0
3830,227.0,96.0,1.0
3831,42.0,205.0,1.0
3832,131.0,284.0,1.0
3833,81.0,411.0,1.0
3834,75.0,246.0,1.0
3835,136.0,137.0,1.0
3836,53.0,217.0,1.0
3837,70.0,127.0,1.0
3838,223.0,332.0,1.0
3839,116.0,36.0,1.0
3840,226.0,283.0,1.0
3841,196.0,411.0,1.0
3842,102.0,17.0,1.0
3843,146.0,138.0,1.0
3844,194.0,222.0,1.0
3845,102.0,282.0,1.0
3846,180.0,58.0,1.0
3847,102.0,37.0,1.0
3848,108.0,175.0,1.0
3849,28.0,20.0,1.0
3850,67.0,97.0,1.0
3851,263.0,305.0,1.0
3852,175.0,17.0,1.0
3853,250.0,133.0,1.0
3854,117.0,530.0,1.0
3855,10.0,90.0,1.0
3856,121.0,160.0,1.0
3857,149.0,351.0,1.0
3858,56.0,98.0,1.0
3859,132.0,103.0,1.0
3860,32.0,415.0,1.0
3861,68.0,400.0,1.0
3862,175.0,97.0,1.0
3863,208.0,168.0,1.0
3864,10.0,291.0,1.0
3865,223.0,49.0,1.0
3866,100.0,205.0,1.0
3867,206.0,382.0,1.0
3868,104.0,589.0,1.0
3869,31.0,451.0,1.0
3870,58.0,50.0,1.0
3871,262.0,102.0,1.0
3872,81.0,386.0,1.0
3873,25.0,27.0,1.0
3874,183.0,95.0,1.0
3875,37.0,66.0,1.0
3876,124.0,111.0,1.0
3877,134.0,89.0,1.0
3878,38.0,161.0,1.0
3879,128.0,350.0,1.0
3880,251.0,45.0,1.0
3881,187.0,204.0,1.0
3882,262.0,89.0,1.0
3883,83.0,474.0,1.0
3884,9.0,17.0,1.0
3885,147.0,548.0,1.0
3886,234.0,282.0,1.0
3887,164.0,533.0,1.0
3888,130.0,170.0,1.0
3889,82.0,15.0,1.0
3890,222.0,121.0,1.0
3891,116.0,236.0,1.0
3892,51.0,367.0,1.0
3893,130.0,111.0,1.0
3894,147.0,488.0,1.0
3895,165.0,222.0,1.0
3896,194.0,246.0,1.0
3897,156.0,504.0,1.0
3898,175.0,95.0,1.0
3899,187.0,389.0,1.0
3900,251.0,100.0,1.0
3901,123.0,597.0,1.0
3902,252.0,60.0,1.0
3903,105.0,239.0,1.0
3904,196.0,131.0,1.0
3905,128.0,67.0,1.0
3906,52.0,10.0,1.0
3907,16.0,45.0,1.0
3908,64.0,27.0,1.0
3909,160.0,79.0,1.0
3910,130.0,11.0,1.0
3911,175.0,57.0,1.0
3912,56.0,540.0,1.0
3913,223.0,190.0,1.0
3914,102.0,55.0,1.0
3915,116.0,60.0,1.0
3916,186.0,445.0,1.0
3917,79.0,126.0,1.0
3918,234.0,230.0,1.0
3919,241.0,175.0,1.0
3920,197.0,478.0,1.0
3921,98.0,45.0,1.0
3922,65.0,513.0,1.0
3923,226.0,10.0,1.0
3924,104.0,172.0,1.0
3925,186.0,347.0,1.0
3926,144.0,351.0,1.0
3927,213.0,226.0,1.0
3928,102.0,591.0,1.0
3929,94.0,356.0,1.0
3930,51.0,36.0,1.0
3931,101.0,125.0,1.0
3932,128.0,135.0,1.0
3933,182.0,349.0,1.0
3934,149.0,85.0,1.0
3935,65.0,460.0,1.0
3936,82.0,251.0,1.0
3937,183.0,190.0,1.0
3938,9.0,77.0,1.0
3939,17.0,389.0,1.0
3940,227.0,246.0,1.0
3941,53.0,470.0,1.0
3942,132.0,227.0,1.0
3943,200.0,103.0,1.0
3944,214.0,453.0,1.0
3945,203.0,106.0,1.0
3946,16.0,97.0,1.0
3947,143.0,413.0,1.0
3948,156.0,199.0,1.0
3949,87.0,44.0,1.0
3950,196.0,104.0,1.0
3951,170.0,384.0,1.0
3952,135.0,66.0,1.0
3953,51.0,119.0,1.0
3954,155.0,61.0,1.0
3955,108.0,61.0,1.0
3956,178.0,530.0,1.0
3957,262.0,191.0,1.0
3958,51.0,21.0,1.0
3959,237.0,160.0,1.0
3960,83.0,311.0,1.0
3961,70.0,469.0,1.0
3962,102.0,122.0,1.0
3963,211.0,91.0,1.0
3964,154.0,100.0,1.0
3965,41.0,297.0,1.0
3966,180.0,1.0,1.0
3967,64.0,35.0,1.0
3968,131.0,31.0,1.0
3969,203.0,90.0,1.0
3970,263.0,445.0,1.0
3971,105.0,388.0,1.0
3972,147.0,356.0,1.0
3973,114.0,120.0,1.0
3974,149.0,156.0,1.0
3975,144.0,191.0,1.0
3976,224.0,7.0,1.0
3977,119.0,373.0,1.0
3978,174.0,10.0,1.0
3979,248.0,63.0,1.0
3980,207.0,222.0,1.0
3981,156.0,243.0,1.0
3982,262.0,243.0,1.0
3983,16.0,363.0,1.0
3984,224.0,286.0,1.0
3985,135.0,152.0,1.0
3986,43.0,111.0,1.0
3987,202.0,439.0,1.0
3988,21.0,241.0,1.0
3989,116.0,119.0,1.0
3990,191.0,430.0,1.0
3991,123.0,181.0,1.0
3992,136.0,223.0,1.0
3993,177.0,66.0,1.0
3994,96.0,94.0,1.0
3995,178.0,111.0,1.0
3996,113.0,12.0,1.0
3997,130.0,190.0,1.0
3998,104.0,38.0,1.0
3999,108.0,229.0,1.0
4000,69.0,40.0,1.0
4001,130.0,436.0,1.0
4002,207.0,237.0,1.0
4003,88.0,12.0,1.0
4004,187.0,5.0,1.0
4005,165.0,420.0,1.0
4006,72.0,408.0,1.0
4007,96.0,461.0,1.0
4008,248.0,300.0,1.0
4009,59.0,95.0,1.0
4010,104.0,342.0,1.0
4011,182.0,181.0,1.0
4012,225.0,26.0,1.0
4013,70.0,582.0,1.0
4014,213.0,47.0,1.0
4015,246.0,39.0,1.0
4016,89.0,57.0,1.0
4017,116.0,361.0,1.0
4018,186.0,166.0,1.0
4019,164.0,273.0,1.0
4020,65.0,68.0,1.0
4021,165.0,125.0,1.0
4022,45.0,495.0,1.0
4023,203.0,158.0,1.0
4024,94.0,93.0,1.0
4025,245.0,10.0,1.0
4026,224.0,136.0,1.0
4027,60.0,42.0,1.0
4028,74.0,282.0,1.0
4029,207.0,555.0,1.0
4030,256.0,49.0,1.0
4031,65.0,564.0,1.0
4032,56.0,281.0,1.0
4033,151.0,596.0,1.0
4034,60.0,391.0,1.0
4035,248.0,500.0,1.0
4036,89.0,232.0,1.0
4037,207.0,162.0,1.0
4038,175.0,146.0,1.0
4039,146.0,113.0,1.0
4040,88.0,216.0,1.0
4041,40.0,469.0,1.0
4042,77.0,295.0,1.0
4043,218.0,592.0,1.0
4044,84.0,523.0,1.0
4045,103.0,196.0,1.0
4046,180.0,179.0,1.0
4047,116.0,95.0,1.0
4048,150.0,144.0,1.0
4049,204.0,239.0,1.0
4050,56.0,459.0,1.0
4051,99.0,132.0,1.0
4052,134.0,66.0,1.0
4053,152.0,296.0,1.0
4054,226.0,203.0,1.0
4055,244.0,514.0,1.0
4056,210.0,277.0,1.0
4057,153.0,343.0,1.0
4058,142.0,117.0,1.0
4059,87.0,260.0,1.0
4060,9.0,273.0,1.0
4061,45.0,375.0,1.0
4062,81.0,543.0,1.0
4063,226.0,264.0,1.0
4064,124.0,168.0,1.0
4065,224.0,118.0,1.0
4066,117.0,10.0,1.0
4067,189.0,195.0,1.0
4068,95.0,112.0,1.0
4069,172.0,352.0,1.0
4070,223.0,200.0,1.0
4071,108.0,565.0,1.0
4072,127.0,106.0,1.0
4073,82.0,569.0,1.0
4074,42.0,63.0,1.0
4075,160.0,491.0,1.0
4076,254.0,516.0,1.0
4077,13.0,332.0,1.0
4078,37.0,145.0,1.0
4079,235.0,517.0,1.0
4080,217.0,194.0,1.0
4081,56.0,304.0,1.0
4082,51.0,256.0,1.0
4083,147.0,11.0,1.0
4084,214.0,384.0,1.0
4085,208.0,130.0,1.0
4086,199.0,156.0,1.0
4087,183.0,287.0,1.0
4088,223.0,198.0,1.0
4089,226.0,258.0,1.0
4090,77.0,17.0,1.0
4091,226.0,259.0,1.0
4092,17.0,321.0,1.0
4093,147.0,135.0,1.0
4094,200.0,342.0,1.0
4095,231.0,343.0,1.0
4096,194.0,99.0,1.0
4097,127.0,294.0,1.0
4098,71.0,378.0,1.0
4099,96.0,89.0,1.0
4100,53.0,411.0,1.0
4101,181.0,398.0,1.0
4102,116.0,295.0,1.0
4103,160.0,97.0,1.0
4104,56.0,290.0,1.0
4105,74.0,0.0,1.0
4106,141.0,288.0,1.0
4107,48.0,113.0,1.0
4108,193.0,145.0,1.0
4109,1.0,85.0,1.0
4110,102.0,51.0,1.0
4111,129.0,241.0,1.0
4112,99.0,315.0,1.0
4113,117.0,106.0,1.0
4114,13.0,337.0,1.0
4115,53.0,326.0,1.0
4116,257.0,241.0,1.0
4117,158.0,411.0,1.0
4118,133.0,97.0,1.0
4119,51.0,40.0,1.0
4120,132.0,100.0,1.0
4121,206.0,95.0,1.0
4122,207.0,191.0,1.0
4123,54.0,271.0,1.0
4124,259.0,464.0,1.0
4125,262.0,36.0,1.0
4126,214.0,367.0,1.0
4127,153.0,547.0,1.0
4128,212.0,407.0,1.0
4129,160.0,12.0,1.0
4130,267.0,38.0,1.0
4131,48.0,255.0,1.0
4132,136.0,351.0,1.0
4133,116.0,392.0,1.0
4134,136.0,192.0,1.0
4135,17.0,116.0,1.0
4136,227.0,68.0,1.0
4137,223.0,157.0,1.0
4138,165.0,395.0,1.0
4139,195.0,223.0,1.0
4140,165.0,312.0,1.0
4141,68.0,66.0,1.0
4142,234.0,571.0,1.0
4143,87.0,204.0,1.0
4144,49.0,185.0,1.0
4145,187.0,95.0,1.0
4146,16.0,289.0,1.0
4147,240.0,149.0,1.0
4148,79.0,112.0,1.0
4149,97.0,525.0,1.0
4150,3.0,130.0,1.0
4151,69.0,62.0,1.0
4152,91.0,27.0,1.0
4153,129.0,347.0,1.0
4154,16.0,46.0,1.0
4155,190.0,191.0,1.0
4156,46.0,45.0,1.0
4157,266.0,69.0,1.0
4158,156.0,190.0,1.0
4159,52.0,216.0,1.0
4160,214.0,219.0,1.0
4161,199.0,39.0,1.0
4162,209.0,343.0,1.0
4163,186.0,475.0,1.0
4164,102.0,500.0,1.0
4165,223.0,10.0,1.0
4166,82.0,564.0,1.0
4167,223.0,539.0,1.0
4168,96.0,10.0,1.0
4169,147.0,125.0,1.0
4170,87.0,595.0,1.0
4171,90.0,485.0,1.0
4172,189.0,22.0,1.0
4173,60.0,230.0,1.0
4174,207.0,52.0,1.0
4175,259.0,116.0,1.0
4176,5.0,200.0,1.0
4177,20.0,250.0,1.0
4178,104.0,140.0,1.0
4179,56.0,126.0,1.0
4180,123.0,302.0,1.0
4181,75.0,266.0,1.0
4182,81.0,353.0,1.0
4183,147.0,208.0,1.0
4184,122.0,521.0,1.0
4185,217.0,195.0,1.0
4186,56.0,323.0,1.0
4187,104.0,22.0,1.0
4188,183.0,482.0,1.0
4189,229.0,36.0,1.0
4190,105.0,244.0,1.0
4191,65.0,208.0,1.0
4192,17.0,310.0,1.0
4193,136.0,174.0,1.0
4194,248.0,274.0,1.0
4195,267.0,100.0,1.0
4196,256.0,86.0,1.0
4197,203.0,52.0,1.0
4198,116.0,102.0,1.0
4199,65.0,220.0,1.0
4200,226.0,246.0,1.0
4201,69.0,218.0,1.0
4202,128.0,452.0,1.0
4203,197.0,26.0,1.0
4204,105.0,331.0,1.0
4205,150.0,168.0,1.0
4206,103.0,520.0,1.0
4207,81.0,8.0,1.0
4208,145.0,566.0,1.0
4209,52.0,93.0,1.0
4210,91.0,73.0,1.0
4211,56.0,360.0,1.0
4212,54.0,118.0,1.0
4213,150.0,129.0,1.0
4214,155.0,91.0,1.0
4215,129.0,412.0,1.0
4216,39.0,465.0,1.0
4217,65.0,143.0,1.0
4218,84.0,147.0,1.0
4219,232.0,52.0,1.0
4220,69.0,202.0,1.0
4221,26.0,45.0,1.0
4222,182.0,224.0,1.0
4223,60.0,555.0,1.0
4224,68.0,136.0,1.0
4225,17.0,103.0,1.0
4226,89.0,218.0,1.0
4227,107.0,348.0,1.0
4228,223.0,182.0,1.0
4229,84.0,39.0,1.0
4230,64.0,52.0,1.0
4231,243.0,451.0,1.0
4232,114.0,253.0,1.0
4233,183.0,59.0,1.0
4234,71.0,496.0,1.0
4235,162.0,431.0,1.0
4236,178.0,117.0,1.0
4237,126.0,413.0,1.0
4238,205.0,289.0,1.0
4239,174.0,476.0,1.0
4240,261.0,141.0,1.0
4241,181.0,97.0,1.0
4242,53.0,375.0,1.0
4243,262.0,573.0,1.0
4244,158.0,96.0,1.0
4245,69.0,163.0,1.0
4246,178.0,387.0,1.0
4247,13.0,330.0,1.0
4248,63.0,7.0,1.0
4249,49.0,506.0,1.0
4250,247.0,141.0,1.0
4251,81.0,201.0,1.0
4252,83.0,450.0,1.0
4253,189.0,120.0,1.0
4254,44.0,317.0,1.0
4255,123.0,282.0,1.0
4256,182.0,334.0,1.0
4257,249.0,45.0,1.0
4258,81.0,510.0,1.0
4259,75.0,62.0,1.0
4260,211.0,12.0,1.0
4261,81.0,132.0,1.0
4262,10.0,102.0,1.0
4263,114.0,362.0,1.0
4264,94.0,44.0,1.0
4265,116.0,51.0,1.0
4266,0.0,8.0,1.0
4267,59.0,416.0,1.0
4268,104.0,154.0,1.0
4269,108.0,311.0,1.0
4270,258.0,69.0,1.0
4271,141.0,356.0,1.0
4272,164.0,498.0,1.0
4273,212.0,47.0,1.0
4274,209.0,491.0,1.0
4275,226.0,509.0,1.0
4276,176.0,259.0,1.0
4277,175.0,125.0,1.0
4278,232.0,424.0,1.0
4279,86.0,378.0,1.0
4280,175.0,203.0,1.0
4281,123.0,9.0,1.0
4282,256.0,396.0,1.0
4283,179.0,10.0,1.0
4284,48.0,115.0,1.0
4285,262.0,226.0,1.0
4286,189.0,455.0,1.0
4287,197.0,229.0,1.0
4288,17.0,186.0,1.0
4289,135.0,193.0,1.0
4290,63.0,103.0,1.0
4291,116.0,150.0,1.0
4292,84.0,19.0,1.0
4293,250.0,241.0,1.0
4294,82.0,427.0,1.0
4295,115.0,145.0,1.0
4296,187.0,534.0,1.0
4297,49.0,434.0,1.0
4298,158.0,66.0,1.0
4299,229.0,206.0,1.0
4300,119.0,382.0,1.0
4301,102.0,597.0,1.0
4302,45.0,494.0,1.0
4303,156.0,129.0,1.0
4304,214.0,92.0,1.0
4305,44.0,118.0,1.0
4306,82.0,218.0,1.0
4307,60.0,44.0,1.0
4308,138.0,67.0,1.0
4309,105.0,78.0,1.0
4310,242.0,241.0,1.0
4311,182.0,113.0,1.0
4312,117.0,234.0,1.0
4313,178.0,241.0,1.0
4314,102.0,24.0,1.0
4315,51.0,526.0,1.0
4316,74.0,70.0,1.0
4317,155.0,335.0,1.0
4318,233.0,51.0,1.0
4319,126.0,120.0,1.0
4320,248.0,442.0,1.0
4321,141.0,321.0,1.0
4322,259.0,44.0,1.0
4323,75.0,92.0,1.0
4324,172.0,8.0,1.0
4325,82.0,530.0,1.0
4326,0.0,4.0,1.0
4327,123.0,234.0,1.0
4328,193.0,18.0,1.0
4329,26.0,160.0,1.0
4330,89.0,200.0,1.0
4331,226.0,281.0,1.0
4332,104.0,92.0,1.0
4333,214.0,100.0,1.0
4334,124.0,449.0,1.0
4335,133.0,560.0,1.0
4336,17.0,127.0,1.0
4337,244.0,156.0,1.0
4338,94.0,130.0,1.0
4339,188.0,334.0,1.0
4340,178.0,568.0,1.0
4341,102.0,78.0,1.0
4342,87.0,313.0,1.0
4343,65.0,326.0,1.0
4344,57.0,123.0,1.0
4345,250.0,1.0,1.0
4346,141.0,459.0,1.0
4347,195.0,64.0,1.0
4348,249.0,91.0,1.0
4349,179.0,388.0,1.0
4350,219.0,214.0,1.0
4351,74.0,253.0,1.0
4352,148.0,143.0,1.0
4353,217.0,207.0,1.0
4354,102.0,161.0,1.0
4355,56.0,294.0,1.0
4356,28.0,88.0,1.0
4357,205.0,122.0,1.0
4358,183.0,66.0,1.0
4359,22.0,153.0,1.0
4360,69.0,436.0,1.0
4361,134.0,115.0,1.0
4362,250.0,422.0,1.0
4363,122.0,89.0,1.0
4364,164.0,104.0,1.0
4365,33.0,322.0,1.0
4366,89.0,122.0,1.0
4367,87.0,426.0,1.0
4368,262.0,321.0,1.0
4369,113.0,459.0,1.0
4370,147.0,32.0,1.0
4371,232.0,65.0,1.0
4372,148.0,120.0,1.0
4373,117.0,44.0,1.0
4374,82.0,39.0,1.0
4375,131.0,74.0,1.0
4376,141.0,126.0,1.0
4377,108.0,120.0,1.0
4378,44.0,490.0,1.0
4379,87.0,159.0,1.0
4380,167.0,136.0,1.0
4381,150.0,58.0,1.0
4382,266.0,206.0,1.0
4383,193.0,221.0,1.0
4384,6.0,92.0,1.0
4385,268.0,414.0,1.0
4386,248.0,85.0,1.0
4387,52.0,384.0,1.0
4388,218.0,275.0,1.0
4389,182.0,121.0,1.0
4390,130.0,85.0,1.0
4391,116.0,356.0,1.0
4392,228.0,23.0,1.0
4393,77.0,245.0,1.0
4394,94.0,245.0,1.0
4395,206.0,311.0,1.0
4396,81.0,231.0,1.0
4397,53.0,136.0,1.0
4398,165.0,236.0,1.0
4399,128.0,123.0,1.0
4400,149.0,476.0,1.0
4401,133.0,253.0,1.0
4402,178.0,377.0,1.0
4403,147.0,221.0,1.0
4404,65.0,63.0,1.0
4405,49.0,416.0,1.0
4406,48.0,44.0,1.0
4407,115.0,47.0,1.0
4408,145.0,141.0,1.0
4409,208.0,380.0,1.0
4410,268.0,136.0,1.0
4411,160.0,39.0,1.0
4412,17.0,112.0,1.0
4413,102.0,81.0,1.0
4414,78.0,99.0,1.0
4415,122.0,256.0,1.0
4416,258.0,500.0,1.0
4417,59.0,189.0,1.0
4418,24.0,66.0,1.0
4419,116.0,137.0,1.0
4420,67.0,241.0,1.0
4421,117.0,542.0,1.0
4422,11.0,220.0,1.0
4423,91.0,337.0,1.0
4424,91.0,565.0,1.0
4425,44.0,253.0,1.0
4426,221.0,3.0,1.0
4427,178.0,360.0,1.0
4428,64.0,565.0,1.0
4429,184.0,315.0,1.0
4430,263.0,594.0,1.0
4431,104.0,423.0,1.0
4432,256.0,12.0,1.0
4433,189.0,131.0,1.0
4434,26.0,40.0,1.0
4435,77.0,203.0,1.0
4436,182.0,410.0,1.0
4437,19.0,134.0,1.0
4438,15.0,1.0,1.0
4439,129.0,534.0,1.0
4440,183.0,39.0,1.0
4441,121.0,89.0,1.0
4442,114.0,540.0,1.0
4443,177.0,359.0,1.0
4444,132.0,400.0,1.0
4445,214.0,317.0,1.0
4446,87.0,69.0,1.0
4447,64.0,167.0,1.0
4448,79.0,81.0,1.0
4449,86.0,92.0,1.0
4450,189.0,26.0,1.0
4451,164.0,2.0,1.0
4452,124.0,128.0,1.0
4453,44.0,81.0,1.0
4454,218.0,58.0,1.0
4455,74.0,445.0,1.0
4456,54.0,91.0,1.0
4457,72.0,49.0,1.0
4458,83.0,50.0,1.0
4459,141.0,573.0,1.0
4460,123.0,178.0,1.0
4461,164.0,41.0,1.0
4462,65.0,342.0,1.0
4463,262.0,9.0,1.0
4464,90.0,164.0,1.0
4465,52.0,48.0,1.0
4466,19.0,45.0,1.0
4467,40.0,57.0,1.0
4468,187.0,8.0,1.0
4469,64.0,44.0,1.0
4470,9.0,76.0,1.0
4471,183.0,367.0,1.0
4472,29.0,281.0,1.0
4473,9.0,223.0,1.0
4474,218.0,53.0,1.0
4475,259.0,310.0,1.0
4476,22.0,295.0,1.0
4477,94.0,21.0,1.0
4478,222.0,130.0,1.0
4479,256.0,205.0,1.0
4480,226.0,248.0,1.0
4481,52.0,91.0,1.0
4482,81.0,223.0,1.0
4483,81.0,416.0,1.0
4484,259.0,168.0,1.0
4485,106.0,142.0,1.0
4486,1.0,37.0,1.0
4487,219.0,411.0,1.0
4488,178.0,41.0,1.0
4489,217.0,22.0,1.0
4490,114.0,62.0,1.0
4491,207.0,74.0,1.0
4492,147.0,151.0,1.0
4493,225.0,263.0,1.0
4494,82.0,394.0,1.0
4495,147.0,171.0,1.0
4496,218.0,87.0,1.0
4497,196.0,161.0,1.0
4498,102.0,101.0,1.0
4499,65.0,209.0,1.0
4500,58.0,97.0,1.0
4501,38.0,102.0,1.0
4502,175.0,505.0,1.0
4503,134.0,143.0,1.0
4504,227.0,255.0,1.0
4505,250.0,398.0,1.0
4506,28.0,254.0,1.0
4507,28.0,297.0,1.0
4508,56.0,496.0,1.0
4509,234.0,33.0,1.0
4510,145.0,485.0,1.0
4511,158.0,451.0,1.0
4512,193.0,156.0,1.0
4513,122.0,10.0,1.0
4514,75.0,186.0,1.0
4515,87.0,282.0,1.0
4516,90.0,66.0,1.0
4517,156.0,356.0,1.0
4518,220.0,554.0,1.0
4519,143.0,39.0,1.0
4520,189.0,384.0,1.0
4521,176.0,411.0,1.0
4522,56.0,453.0,1.0
4523,183.0,479.0,1.0
4524,106.0,520.0,1.0
4525,252.0,350.0,1.0
4526,208.0,17.0,1.0
4527,98.0,330.0,1.0
4528,147.0,496.0,1.0
4529,97.0,45.0,1.0
4530,149.0,277.0,1.0
4531,53.0,148.0,1.0
4532,66.0,559.0,1.0
4533,150.0,91.0,1.0
4534,129.0,320.0,1.0
4535,149.0,69.0,1.0
4536,178.0,357.0,1.0
4537,195.0,186.0,1.0
4538,149.0,121.0,1.0
4539,52.0,529.0,1.0
4540,205.0,567.0,1.0
4541,139.0,464.0,1.0
4542,79.0,382.0,1.0
4543,79.0,38.0,1.0
4544,126.0,310.0,1.0
4545,175.0,117.0,1.0
4546,170.0,205.0,1.0
4547,218.0,304.0,1.0
4548,15.0,353.0,1.0
4549,227.0,146.0,1.0
4550,148.0,134.0,1.0
4551,147.0,451.0,1.0
4552,216.0,235.0,1.0
4553,22.0,226.0,1.0
4554,26.0,350.0,1.0
4555,104.0,168.0,1.0
4556,47.0,500.0,1.0
4557,17.0,381.0,1.0
4558,82.0,169.0,1.0
4559,232.0,150.0,1.0
4560,106.0,112.0,1.0
4561,200.0,210.0,1.0
4562,98.0,94.0,1.0
4563,7.0,117.0,1.0
4564,66.0,97.0,1.0
4565,178.0,327.0,1.0
4566,81.0,262.0,1.0
4567,49.0,116.0,1.0
4568,194.0,429.0,1.0
4569,116.0,474.0,1.0
4570,204.0,450.0,1.0
4571,179.0,471.0,1.0
4572,52.0,534.0,1.0
4573,205.0,256.0,1.0
4574,158.0,356.0,1.0
4575,234.0,38.0,1.0
4576,37.0,220.0,1.0
4577,247.0,572.0,1.0
4578,87.0,508.0,1.0
4579,171.0,159.0,1.0
4580,17.0,10.0,1.0
4581,108.0,305.0,1.0
4582,117.0,504.0,1.0
4583,164.0,206.0,1.0
4584,231.0,170.0,1.0
4585,94.0,31.0,1.0
4586,217.0,224.0,1.0
4587,125.0,272.0,1.0
4588,264.0,150.0,1.0
4589,51.0,62.0,1.0
4590,185.0,262.0,1.0
4591,175.0,400.0,1.0
4592,165.0,277.0,1.0
4593,102.0,147.0,1.0
4594,25.0,54.0,1.0
4595,85.0,430.0,1.0
4596,266.0,282.0,1.0
4597,249.0,21.0,1.0
4598,89.0,259.0,1.0
4599,185.0,597.0,1.0
4600,160.0,549.0,1.0
4601,52.0,394.0,1.0
4602,158.0,122.0,1.0
4603,255.0,22.0,1.0
4604,191.0,432.0,1.0
4605,245.0,232.0,1.0
4606,79.0,507.0,1.0
4607,5.0,210.0,1.0
4608,130.0,2.0,1.0
4609,86.0,411.0,1.0
4610,68.0,306.0,1.0
4611,93.0,223.0,1.0
4612,200.0,100.0,1.0
4613,196.0,381.0,1.0
4614,65.0,213.0,1.0
4615,108.0,122.0,1.0
4616,55.0,143.0,1.0
4617,138.0,462.0,1.0
4618,74.0,368.0,1.0
4619,87.0,71.0,1.0
4620,107.0,334.0,1.0
4621,89.0,382.0,1.0
4622,248.0,194.0,1.0
4623,213.0,147.0,1.0
4624,65.0,218.0,1.0
4625,89.0,194.0,1.0
4626,60.0,525.0,1.0
4627,149.0,562.0,1.0
4628,138.0,72.0,1.0
4629,238.0,146.0,1.0
4630,88.0,347.0,1.0
4631,133.0,416.0,1.0
4632,56.0,249.0,1.0
4633,74.0,194.0,1.0
4634,65.0,201.0,1.0
4635,177.0,40.0,1.0
4636,223.0,504.0,1.0
4637,113.0,363.0,1.0
4638,17.0,80.0,1.0
4639,200.0,303.0,1.0
4640,245.0,221.0,1.0
4641,156.0,427.0,1.0
4642,5.0,207.0,1.0
4643,39.0,217.0,1.0
4644,13.0,331.0,1.0
4645,248.0,16.0,1.0
4646,181.0,127.0,1.0
4647,127.0,247.0,1.0
4648,147.0,146.0,1.0
4649,75.0,130.0,1.0
4650,160.0,109.0,1.0
4651,246.0,180.0,1.0
4652,104.0,160.0,1.0
4653,35.0,70.0,1.0
4654,69.0,525.0,1.0
4655,26.0,305.0,1.0
4656,87.0,540.0,1.0
4657,147.0,51.0,1.0
4658,2.0,148.0,1.0
4659,139.0,25.0,1.0
4660,194.0,103.0,1.0
4661,68.0,331.0,1.0
4662,79.0,471.0,1.0
4663,12.0,156.0,1.0
4664,177.0,77.0,1.0
4665,160.0,253.0,1.0
4666,42.0,310.0,1.0
4667,203.0,165.0,1.0
4668,147.0,540.0,1.0
4669,259.0,434.0,1.0
4670,26.0,379.0,1.0
4671,142.0,309.0,1.0
4672,89.0,311.0,1.0
4673,110.0,242.0,1.0
4674,248.0,57.0,1.0
4675,49.0,69.0,1.0
4676,197.0,43.0,1.0
4677,122.0,77.0,1.0
4678,81.0,112.0,1.0
4679,191.0,178.0,1.0
4680,207.0,428.0,1.0
4681,84.0,40.0,1.0
4682,68.0,8.0,1.0
4683,174.0,109.0,1.0
4684,168.0,120.0,1.0
4685,226.0,15.0,1.0
4686,52.0,133.0,1.0
4687,13.0,77.0,1.0
4688,150.0,320.0,1.0
4689,181.0,47.0,1.0
4690,203.0,59.0,1.0
4691,51.0,33.0,1.0
4692,130.0,218.0,1.0
4693,87.0,407.0,1.0
4694,45.0,159.0,1.0
4695,110.0,27.0,1.0
4696,130.0,342.0,1.0
4697,78.0,126.0,1.0
4698,131.0,60.0,1.0
4699,104.0,292.0,1.0
4700,6.0,222.0,1.0
4701,149.0,270.0,1.0
4702,65.0,258.0,1.0
4703,128.0,549.0,1.0
4704,35.0,45.0,1.0
4705,145.0,196.0,1.0
4706,87.0,253.0,1.0
4707,147.0,191.0,1.0
4708,79.0,411.0,1.0
4709,71.0,391.0,1.0
4710,56.0,469.0,1.0
4711,165.0,168.0,1.0
4712,195.0,190.0,1.0
4713,183.0,443.0,1.0
4714,223.0,180.0,1.0
4715,183.0,494.0,1.0
4716,247.0,293.0,1.0
4717,16.0,36.0,1.0
4718,213.0,294.0,1.0
4719,91.0,191.0,1.0
4720,9.0,53.0,1.0
4721,147.0,507.0,1.0
4722,59.0,207.0,1.0
4723,49.0,232.0,1.0
4724,147.0,510.0,1.0
4725,1.0,29.0,1.0
4726,67.0,226.0,1.0
4727,263.0,65.0,1.0
4728,27.0,241.0,1.0
4729,199.0,546.0,1.0
4730,228.0,207.0,1.0
4731,248.0,35.0,1.0
4732,203.0,175.0,1.0
4733,102.0,64.0,1.0
4734,148.0,342.0,1.0
4735,115.0,227.0,1.0
4736,97.0,201.0,1.0
4737,219.0,379.0,1.0
4738,200.0,326.0,1.0
4739,185.0,342.0,1.0
4740,35.0,147.0,1.0
4741,175.0,284.0,1.0
4742,40.0,146.0,1.0
4743,91.0,240.0,1.0
4744,171.0,91.0,1.0
4745,45.0,197.0,1.0
4746,177.0,413.0,1.0
4747,119.0,387.0,1.0
4748,31.0,150.0,1.0
4749,134.0,47.0,1.0
4750,81.0,11.0,1.0
4751,81.0,118.0,1.0
4752,183.0,337.0,1.0
4753,87.0,393.0,1.0
4754,147.0,96.0,1.0
4755,232.0,104.0,1.0
4756,71.0,460.0,1.0
4757,258.0,195.0,1.0
4758,105.0,84.0,1.0
4759,223.0,225.0,1.0
4760,183.0,596.0,1.0
4761,194.0,581.0,1.0
4762,174.0,31.0,1.0
4763,234.0,368.0,1.0
4764,160.0,379.0,1.0
4765,147.0,327.0,1.0
4766,176.0,465.0,1.0
4767,147.0,573.0,1.0
4768,155.0,149.0,1.0
4769,233.0,247.0,1.0
4770,128.0,484.0,1.0
4771,251.0,316.0,1.0
4772,81.0,267.0,1.0
4773,56.0,337.0,1.0
4774,12.0,277.0,1.0
4775,34.0,313.0,1.0
4776,70.0,47.0,1.0
4777,81.0,394.0,1.0
4778,123.0,93.0,1.0
4779,113.0,45.0,1.0
4780,56.0,177.0,1.0
4781,183.0,43.0,1.0
4782,128.0,241.0,1.0
4783,105.0,479.0,1.0
4784,117.0,507.0,1.0
4785,116.0,21.0,1.0
4786,114.0,1.0,1.0
4787,65.0,357.0,1.0
4788,129.0,474.0,1.0
4789,234.0,337.0,1.0
4790,184.0,379.0,1.0
4791,49.0,10.0,1.0
4792,44.0,196.0,1.0
4793,122.0,538.0,1.0
4794,264.0,283.0,1.0
4795,126.0,466.0,1.0
4796,223.0,223.0,1.0
4797,65.0,202.0,1.0
4798,156.0,400.0,1.0
4799,176.0,247.0,1.0
4800,148.0,112.0,1.0
4801,186.0,550.0,1.0
4802,247.0,228.0,1.0
4803,10.0,122.0,1.0
4804,258.0,358.0,1.0
4805,149.0,211.0,1.0
4806,45.0,424.0,1.0
4807,148.0,556.0,1.0
4808,130.0,255.0,1.0
4809,123.0,194.0,1.0
4810,153.0,47.0,1.0
4811,172.0,519.0,1.0
4812,171.0,202.0,1.0
4813,256.0,126.0,1.0
4814,146.0,10.0,1.0
4815,149.0,570.0,1.0
4816,195.0,352.0,1.0
4817,90.0,57.0,1.0
4818,56.0,96.0,1.0
4819,141.0,51.0,1.0
4820,170.0,45.0,1.0
4821,84.0,356.0,1.0
4822,22.0,139.0,1.0
4823,250.0,11.0,1.0
4824,116.0,208.0,1.0
4825,207.0,294.0,1.0
4826,22.0,239.0,1.0
4827,133.0,574.0,1.0
4828,56.0,539.0,1.0
4829,226.0,20.0,1.0
4830,75.0,369.0,1.0
4831,44.0,247.0,1.0
4832,129.0,47.0,1.0
4833,147.0,80.0,1.0
4834,105.0,111.0,1.0
4835,71.0,516.0,1.0
4836,156.0,343.0,1.0
4837,136.0,194.0,1.0
4838,22.0,54.0,1.0
4839,65.0,355.0,1.0
4840,202.0,508.0,1.0
4841,218.0,397.0,1.0
4842,133.0,59.0,1.0
4843,262.0,139.0,1.0
4844,209.0,266.0,1.0
4845,223.0,207.0,1.0
4846,226.0,219.0,1.0
4847,208.0,63.0,1.0
4848,22.0,21.0,1.0
4849,168.0,216.0,1.0
4850,228.0,46.0,1.0
4851,120.0,32.0,1.0
4852,193.0,142.0,1.0
4853,64.0,156.0,1.0
4854,242.0,356.0,1.0
4855,203.0,153.0,1.0
4856,64.0,562.0,1.0
4857,126.0,408.0,1.0
4858,64.0,12.0,1.0
4859,226.0,306.0,1.0
4860,22.0,292.0,1.0
4861,127.0,255.0,1.0
4862,202.0,191.0,1.0
4863,207.0,113.0,1.0
4864,64.0,567.0,1.0
4865,151.0,138.0,1.0
4866,141.0,111.0,1.0
4867,1.0,48.0,1.0
4868,156.0,410.0,1.0
4869,31.0,289.0,1.0
4870,250.0,24.0,1.0
4871,19.0,106.0,1.0
4872,110.0,96.0,1.0
4873,60.0,223.0,1.0
4874,150.0,400.0,1.0
4875,123.0,245.0,1.0
4876,64.0,125.0,1.0
4877,28.0,146.0,1.0
4878,232.0,71.0,1.0
4879,87.0,201.0,1.0
4880,224.0,378.0,1.0
4881,192.0,204.0,1.0
4882,17.0,74.0,1.0
4883,91.0,441.0,1.0
4884,129.0,229.0,1.0
4885,51.0,382.0,1.0
4886,145.0,138.0,1.0
4887,94.0,429.0,1.0
4888,141.0,533.0,1.0
4889,166.0,492.0,1.0
4890,203.0,117.0,1.0
4891,101.0,91.0,1.0
4892,102.0,395.0,1.0
4893,36.0,159.0,1.0
4894,66.0,485.0,1.0
4895,2.0,144.0,1.0
4896,56.0,350.0,1.0
4897,85.0,32.0,1.0
4898,89.0,189.0,1.0
4899,194.0,111.0,1.0
4900,60.0,552.0,1.0
4901,126.0,81.0,1.0
4902,105.0,113.0,1.0
4903,230.0,10.0,1.0
4904,145.0,376.0,1.0
4905,200.0,427.0,1.0
4906,241.0,343.0,1.0
4907,210.0,168.0,1.0
4908,189.0,43.0,1.0
4909,207.0,59.0,1.0
4910,85.0,64.0,1.0
4911,129.0,22.0,1.0
4912,68.0,150.0,1.0
4913,175.0,174.0,1.0
4914,256.0,202.0,1.0
4915,183.0,219.0,1.0
4916,227.0,194.0,1.0
4917,46.0,24.0,1.0
4918,52.0,268.0,1.0
4919,133.0,431.0,1.0
4920,201.0,116.0,1.0
4921,96.0,272.0,1.0
4922,136.0,97.0,1.0
4923,266.0,217.0,1.0
4924,189.0,201.0,1.0
4925,81.0,476.0,1.0
4926,128.0,73.0,1.0
4927,81.0,7.0,1.0
4928,64.0,176.0,1.0
4929,75.0,3.0,1.0
4930,225.0,50.0,1.0
4931,193.0,523.0,1.0
4932,169.0,9.0,1.0
4933,186.0,66.0,1.0
4934,96.0,110.0,1.0
4935,89.0,505.0,1.0
4936,139.0,391.0,1.0
4937,236.0,362.0,1.0
4938,116.0,85.0,1.0
4939,86.0,138.0,1.0
4940,87.0,153.0,1.0
4941,116.0,265.0,1.0
4942,24.0,354.0,1.0
4943,109.0,40.0,1.0
4944,84.0,513.0,1.0
4945,82.0,277.0,1.0
4946,143.0,253.0,1.0
4947,53.0,186.0,1.0
4948,221.0,147.0,1.0
4949,126.0,136.0,1.0
4950,130.0,247.0,1.0
4951,164.0,375.0,1.0
4952,79.0,482.0,1.0
4953,150.0,24.0,1.0
4954,122.0,281.0,1.0
4955,56.0,440.0,1.0
4956,16.0,70.0,1.0
4957,203.0,270.0,1.0
4958,2.0,110.0,1.0
4959,183.0,341.0,1.0
4960,229.0,103.0,1.0
4961,79.0,207.0,1.0
4962,56.0,144.0,1.0
4963,183.0,478.0,1.0
4964,183.0,93.0,1.0
4965,261.0,154.0,1.0
4966,183.0,185.0,1.0
4967,196.0,235.0,1.0
4968,226.0,518.0,1.0
4969,53.0,81.0,1.0
4970,158.0,50.0,1.0
4971,130.0,440.0,1.0
4972,17.0,416.0,1.0
4973,102.0,496.0,1.0
4974,127.0,8.0,1.0
4975,124.0,179.0,1.0
4976,86.0,410.0,1.0
4977,84.0,435.0,1.0
4978,78.0,466.0,1.0
4979,170.0,133.0,1.0
4980,72.0,521.0,1.0
4981,217.0,95.0,1.0
4982,247.0,456.0,1.0
4983,130.0,20.0,1.0
4984,177.0,179.0,1.0
4985,259.0,64.0,1.0
4986,102.0,67.0,1.0
4987,147.0,33.0,1.0
4988,264.0,137.0,1.0
4989,82.0,24.0,1.0
4990,114.0,577.0,1.0
4991,79.0,39.0,1.0
4992,97.0,320.0,1.0
4993,144.0,120.0,1.0
4994,96.0,136.0,1.0
4995,250.0,364.0,1.0
4996,242.0,62.0,1.0
4997,82.0,399.0,1.0
4998,104.0,196.0,1.0
4999,87.0,356.0,1.0
5000,9.0,283.0,1.0
5001,160.0,64.0,1.0
5002,51.0,228.0,1.0
5003,83.0,578.0,1.0
5004,107.0,542.0,1.0
5005,102.0,285.0,1.0
5006,250.0,125.0,1.0
5007,242.0,81.0,1.0
5008,75.0,122.0,1.0
5009,178.0,10.0,1.0
5010,6.0,191.0,1.0
5011,25.0,61.0,1.0
5012,68.0,268.0,1.0
5013,28.0,149.0,1.0
5014,237.0,58.0,1.0
5015,11.0,116.0,1.0
5016,166.0,191.0,1.0
5017,69.0,45.0,1.0
5018,84.0,35.0,1.0
5019,127.0,111.0,1.0
5020,156.0,145.0,1.0
5021,81.0,66.0,1.0
5022,7.0,128.0,1.0
5023,54.0,306.0,1.0
5024,78.0,398.0,1.0
5025,22.0,427.0,1.0
5026,107.0,554.0,1.0
5027,197.0,147.0,1.0
5028,182.0,591.0,1.0
5029,119.0,402.0,1.0
5030,87.0,202.0,1.0
5031,71.0,470.0,1.0
5032,214.0,45.0,1.0
5033,123.0,460.0,1.0
5034,39.0,314.0,1.0
5035,147.0,100.0,1.0
5036,136.0,70.0,1.0
5037,214.0,125.0,1.0
5038,22.0,375.0,1.0
5039,177.0,203.0,1.0
5040,77.0,483.0,1.0
5041,189.0,348.0,1.0
5042,164.0,252.0,1.0
5043,207.0,468.0,1.0
5044,138.0,343.0,1.0
5045,39.0,7.0,1.0
5046,182.0,517.0,1.0
5047,75.0,282.0,1.0
5048,85.0,236.0,1.0
5049,266.0,126.0,1.0
5050,86.0,186.0,1.0
5051,75.0,36.0,1.0
5052,261.0,147.0,1.0
5053,71.0,232.0,1.0
5054,79.0,190.0,1.0
5055,74.0,86.0,1.0
5056,82.0,95.0,1.0
5057,78.0,218.0,1.0
5058,88.0,100.0,1.0
5059,71.0,399.0,1.0
5060,96.0,35.0,1.0
5061,243.0,196.0,1.0
5062,207.0,246.0,1.0
5063,248.0,222.0,1.0
5064,53.0,358.0,1.0
5065,223.0,95.0,1.0
5066,127.0,26.0,1.0
5067,31.0,73.0,1.0
5068,118.0,382.0,1.0
5069,21.0,52.0,1.0
5070,90.0,3.0,1.0
5071,163.0,126.0,1.0
5072,107.0,388.0,1.0
5073,75.0,210.0,1.0
5074,32.0,142.0,1.0
5075,53.0,534.0,1.0
5076,128.0,282.0,1.0
5077,99.0,227.0,1.0
5078,168.0,112.0,1.0
5079,147.0,72.0,1.0
5080,148.0,287.0,1.0
5081,38.0,113.0,1.0
5082,104.0,153.0,1.0
5083,259.0,415.0,1.0
5084,87.0,487.0,1.0
5085,145.0,233.0,1.0
5086,16.0,264.0,1.0
5087,25.0,435.0,1.0
5088,20.0,45.0,1.0
5089,128.0,36.0,1.0
5090,209.0,438.0,1.0
5091,74.0,202.0,1.0
5092,203.0,115.0,1.0
5093,93.0,504.0,1.0
5094,147.0,368.0,1.0
5095,186.0,213.0,1.0
5096,147.0,534.0,1.0
5097,136.0,347.0,1.0
5098,159.0,378.0,1.0
5099,147.0,255.0,1.0
5100,164.0,175.0,1.0
5101,81.0,126.0,1.0
5102,234.0,528.0,1.0
5103,69.0,486.0,1.0
5104,52.0,221.0,1.0
5105,65.0,1.0,1.0
5106,82.0,115.0,1.0
5107,156.0,122.0,1.0
5108,116.0,281.0,1.0
5109,35.0,154.0,1.0
5110,71.0,353.0,1.0
5111,37.0,462.0,1.0
5112,51.0,69.0,1.0
5113,178.0,7.0,1.0
5114,87.0,226.0,1.0
5115,165.0,196.0,1.0
5116,65.0,47.0,1.0
5117,56.0,172.0,1.0
5118,190.0,403.0,1.0
5119,199.0,130.0,1.0
5120,191.0,130.0,1.0
5121,158.0,198.0,1.0
5122,191.0,268.0,1.0
5123,200.0,53.0,1.0
5124,256.0,253.0,1.0
5125,114.0,462.0,1.0
5126,8.0,254.0,1.0
5127,185.0,190.0,1.0
5128,130.0,160.0,1.0
5129,4.0,68.0,1.0
5130,67.0,77.0,1.0
5131,109.0,246.0,1.0
5132,52.0,416.0,1.0
5133,115.0,589.0,1.0
5134,158.0,205.0,1.0
5135,44.0,143.0,1.0
5136,203.0,143.0,1.0
5137,83.0,95.0,1.0
5138,259.0,391.0,1.0
5139,87.0,52.0,1.0
5140,189.0,492.0,1.0
5141,51.0,522.0,1.0
5142,144.0,92.0,1.0
5143,9.0,265.0,1.0
5144,138.0,22.0,1.0
5145,248.0,280.0,1.0
5146,225.0,446.0,1.0
5147,149.0,70.0,1.0
5148,77.0,555.0,1.0
5149,222.0,515.0,1.0
5150,116.0,259.0,1.0
5151,69.0,175.0,1.0
5152,217.0,66.0,1.0
5153,268.0,141.0,1.0
5154,183.0,270.0,1.0
5155,93.0,145.0,1.0
5156,224.0,25.0,1.0
5157,223.0,287.0,1.0
5158,182.0,9.0,1.0
5159,2.0,90.0,1.0
5160,102.0,149.0,1.0
5161,64.0,251.0,1.0
5162,86.0,191.0,1.0
5163,117.0,7.0,1.0
5164,217.0,214.0,1.0
5165,141.0,478.0,1.0
5166,245.0,348.0,1.0
5167,217.0,117.0,1.0
5168,182.0,59.0,1.0
5169,229.0,67.0,1.0
5170,228.0,203.0,1.0
5171,250.0,210.0,1.0
5172,79.0,415.0,1.0
5173,86.0,504.0,1.0
5174,265.0,116.0,1.0
5175,22.0,36.0,1.0
5176,127.0,166.0,1.0
5177,87.0,7.0,1.0
5178,17.0,126.0,1.0
5179,264.0,82.0,1.0
5180,52.0,403.0,1.0
5181,130.0,51.0,1.0
5182,82.0,193.0,1.0
5183,255.0,77.0,1.0
5184,87.0,37.0,1.0
5185,128.0,574.0,1.0
5186,122.0,573.0,1.0
5187,262.0,143.0,1.0
5188,84.0,267.0,1.0
5189,244.0,323.0,1.0
5190,90.0,81.0,1.0
5191,84.0,287.0,1.0
5192,268.0,152.0,1.0
5193,218.0,313.0,1.0
5194,51.0,49.0,1.0
5195,13.0,59.0,1.0
5196,195.0,25.0,1.0
5197,109.0,369.0,1.0
5198,222.0,175.0,1.0
5199,105.0,16.0,1.0
5200,53.0,62.0,1.0
5201,93.0,190.0,1.0
5202,183.0,137.0,1.0
5203,84.0,127.0,1.0
5204,248.0,56.0,1.0
5205,56.0,264.0,1.0
5206,19.0,305.0,1.0
5207,181.0,377.0,1.0
5208,74.0,245.0,1.0
5209,245.0,201.0,1.0
5210,156.0,449.0,1.0
5211,90.0,354.0,1.0
5212,10.0,307.0,1.0
5213,113.0,370.0,1.0
5214,2.0,122.0,1.0
5215,149.0,280.0,1.0
5216,175.0,490.0,1.0
5217,183.0,85.0,1.0
5218,156.0,100.0,1.0
5219,83.0,343.0,1.0
5220,87.0,196.0,1.0
5221,122.0,115.0,1.0
5222,82.0,190.0,1.0
5223,255.0,145.0,1.0
5224,188.0,127.0,1.0
5225,175.0,241.0,1.0
5226,168.0,138.0,1.0
5227,145.0,0.0,1.0
5228,202.0,392.0,1.0
5229,261.0,178.0,1.0
5230,177.0,38.0,1.0
5231,5.0,39.0,1.0
5232,193.0,177.0,1.0
5233,16.0,343.0,1.0
5234,168.0,474.0,1.0
5235,1.0,51.0,1.0
5236,74.0,214.0,1.0
5237,197.0,496.0,1.0
5238,105.0,131.0,1.0
5239,130.0,30.0,1.0
5240,199.0,154.0,1.0
5241,183.0,325.0,1.0
5242,145.0,423.0,1.0
5243,13.0,146.0,1.0
5244,52.0,434.0,1.0
5245,87.0,58.0,1.0
5246,37.0,124.0,1.0
5247,217.0,398.0,1.0
5248,259.0,417.0,1.0
5249,148.0,307.0,1.0
5250,233.0,274.0,1.0
5251,209.0,175.0,1.0
5252,84.0,37.0,1.0
5253,98.0,513.0,1.0
5254,65.0,470.0,1.0
5255,259.0,229.0,1.0
5256,3.0,90.0,1.0
5257,149.0,172.0,1.0
5258,153.0,429.0,1.0
5259,44.0,289.0,1.0
5260,128.0,318.0,1.0
5261,203.0,252.0,1.0
5262,106.0,127.0,1.0
5263,133.0,394.0,1.0
5264,138.0,147.0,1.0
5265,17.0,47.0,1.0
5266,71.0,205.0,1.0
5267,82.0,205.0,1.0
5268,189.0,399.0,1.0
5269,50.0,420.0,1.0
5270,42.0,207.0,1.0
5271,26.0,359.0,1.0
5272,51.0,181.0,1.0
5273,136.0,257.0,1.0
5274,231.0,203.0,1.0
5275,117.0,356.0,1.0
5276,87.0,381.0,1.0
5277,65.0,216.0,1.0
5278,149.0,39.0,1.0
5279,169.0,459.0,1.0
5280,187.0,92.0,1.0
5281,117.0,228.0,1.0
5282,64.0,379.0,1.0
5283,102.0,28.0,1.0
5284,98.0,66.0,1.0
5285,68.0,430.0,1.0
5286,5.0,196.0,1.0
5287,94.0,242.0,1.0
5288,117.0,251.0,1.0
5289,145.0,31.0,1.0
5290,114.0,223.0,1.0
5291,84.0,340.0,1.0
5292,156.0,536.0,1.0
5293,245.0,588.0,1.0
5294,266.0,35.0,1.0
5295,0.0,5.0,1.0
5296,233.0,459.0,1.0
5297,226.0,99.0,1.0
5298,147.0,50.0,1.0
5299,251.0,47.0,1.0
5300,114.0,111.0,1.0
5301,102.0,565.0,1.0
5302,169.0,124.0,1.0
5303,165.0,240.0,1.0
5304,26.0,95.0,1.0
5305,175.0,467.0,1.0
5306,134.0,459.0,1.0
5307,53.0,10.0,1.0
5308,117.0,224.0,1.0
5309,220.0,180.0,1.0
5310,256.0,320.0,1.0
5311,81.0,89.0,1.0
5312,264.0,309.0,1.0
5313,156.0,112.0,1.0
5314,87.0,122.0,1.0
5315,145.0,58.0,1.0
5316,186.0,176.0,1.0
5317,267.0,273.0,1.0
5318,82.0,456.0,1.0
5319,136.0,436.0,1.0
5320,153.0,26.0,1.0
5321,2.0,124.0,1.0
5322,84.0,197.0,1.0
5323,117.0,408.0,1.0
5324,31.0,9.0,1.0
5325,226.0,367.0,1.0
5326,158.0,8.0,1.0
5327,46.0,496.0,1.0
5328,82.0,81.0,1.0
5329,105.0,148.0,1.0
5330,210.0,81.0,1.0
5331,199.0,208.0,1.0
5332,182.0,397.0,1.0
5333,129.0,3.0,1.0
5334,73.0,191.0,1.0
5335,245.0,103.0,1.0
5336,169.0,427.0,1.0
5337,155.0,161.0,1.0
5338,122.0,217.0,1.0
5339,95.0,438.0,1.0
5340,203.0,213.0,1.0
5341,207.0,130.0,1.0
5342,102.0,256.0,1.0
5343,114.0,259.0,1.0
5344,42.0,227.0,1.0
5345,11.0,294.0,1.0
5346,127.0,593.0,1.0
5347,145.0,146.0,1.0
5348,106.0,81.0,1.0
5349,129.0,36.0,1.0
5350,234.0,404.0,1.0
5351,8.0,240.0,1.0
5352,22.0,171.0,1.0
5353,223.0,185.0,1.0
5354,218.0,19.0,1.0
5355,90.0,533.0,1.0
5356,23.0,10.0,1.0
5357,266.0,185.0,1.0
5358,183.0,365.0,1.0
5359,13.0,327.0,1.0
5360,37.0,159.0,1.0
5361,45.0,426.0,1.0
5362,116.0,411.0,1.0
5363,74.0,120.0,1.0
5364,101.0,12.0,1.0
5365,154.0,509.0,1.0
5366,17.0,377.0,1.0
5367,71.0,262.0,1.0
5368,159.0,81.0,1.0
5369,226.0,377.0,1.0
5370,123.0,66.0,1.0
5371,198.0,70.0,1.0
5372,178.0,210.0,1.0
5373,114.0,40.0,1.0
5374,17.0,376.0,1.0
5375,248.0,53.0,1.0
5376,164.0,301.0,1.0
5377,267.0,120.0,1.0
5378,226.0,556.0,1.0
5379,147.0,184.0,1.0
5380,105.0,460.0,1.0
5381,168.0,521.0,1.0
5382,140.0,282.0,1.0
5383,178.0,46.0,1.0
5384,207.0,436.0,1.0
5385,141.0,226.0,1.0
5386,43.0,91.0,1.0
5387,115.0,498.0,1.0
5388,214.0,251.0,1.0
5389,116.0,81.0,1.0
5390,114.0,50.0,1.0
5391,138.0,178.0,1.0
5392,8.0,98.0,1.0
5393,87.0,459.0,1.0
5394,248.0,33.0,1.0
5395,1.0,19.0,1.0
5396,197.0,257.0,1.0
5397,178.0,231.0,1.0
5398,2.0,100.0,1.0
5399,226.0,594.0,1.0
5400,199.0,554.0,1.0
5401,102.0,301.0,1.0
5402,226.0,230.0,1.0
5403,63.0,0.0,1.0
5404,162.0,37.0,1.0
5405,87.0,541.0,1.0
5406,217.0,251.0,1.0
5407,168.0,126.0,1.0
5408,156.0,596.0,1.0
5409,16.0,27.0,1.0
5410,153.0,207.0,1.0
5411,158.0,383.0,1.0
5412,82.0,93.0,1.0
5413,182.0,103.0,1.0
5414,69.0,413.0,1.0
5415,142.0,451.0,1.0
5416,248.0,50.0,1.0
5417,45.0,59.0,1.0
5418,129.0,470.0,1.0
5419,115.0,92.0,1.0
5420,85.0,219.0,1.0
5421,130.0,424.0,1.0
5422,55.0,441.0,1.0
5423,187.0,492.0,1.0
5424,209.0,146.0,1.0
5425,158.0,227.0,1.0
5426,75.0,261.0,1.0
5427,145.0,315.0,1.0
5428,57.0,255.0,1.0
5429,82.0,407.0,1.0
5430,65.0,474.0,1.0
5431,193.0,503.0,1.0
5432,178.0,368.0,1.0
5433,149.0,548.0,1.0
5434,85.0,252.0,1.0
5435,85.0,91.0,1.0
5436,123.0,223.0,1.0
5437,83.0,496.0,1.0
5438,56.0,254.0,1.0
5439,19.0,147.0,1.0
5440,150.0,216.0,1.0
5441,211.0,337.0,1.0
5442,126.0,202.0,1.0
5443,85.0,70.0,1.0
5444,216.0,116.0,1.0
5445,141.0,379.0,1.0
5446,147.0,3.0,1.0
5447,89.0,213.0,1.0
5448,193.0,434.0,1.0
5449,185.0,24.0,1.0
5450,145.0,124.0,1.0
5451,85.0,76.0,1.0
5452,191.0,159.0,1.0
5453,56.0,457.0,1.0
5454,222.0,178.0,1.0
5455,108.0,445.0,1.0
5456,218.0,60.0,1.0
5457,104.0,226.0,1.0
5458,28.0,130.0,1.0
5459,129.0,307.0,1.0
5460,159.0,65.0,1.0
5461,203.0,159.0,1.0
5462,124.0,277.0,1.0
5463,212.0,416.0,1.0
5464,196.0,32.0,1.0
5465,126.0,147.0,1.0
5466,198.0,141.0,1.0
5467,266.0,222.0,1.0
5468,106.0,70.0,1.0
5469,65.0,111.0,1.0
5470,141.0,113.0,1.0
5471,245.0,66.0,1.0
5472,60.0,58.0,1.0
5473,47.0,464.0,1.0
5474,171.0,556.0,1.0
5475,244.0,434.0,1.0
5476,211.0,126.0,1.0
5477,87.0,306.0,1.0
5478,53.0,123.0,1.0
5479,74.0,47.0,1.0
5480,56.0,28.0,1.0
5481,85.0,510.0,1.0
5482,200.0,211.0,1.0
5483,113.0,81.0,1.0
5484,178.0,284.0,1.0
5485,182.0,143.0,1.0
5486,150.0,225.0,1.0
5487,121.0,527.0,1.0
5488,142.0,423.0,1.0
5489,17.0,218.0,1.0
5490,224.0,577.0,1.0
5491,189.0,225.0,1.0
5492,248.0,233.0,1.0
5493,22.0,50.0,1.0
5494,126.0,287.0,1.0
5495,186.0,146.0,1.0
5496,49.0,222.0,1.0
5497,10.0,288.0,1.0
5498,238.0,395.0,1.0
5499,123.0,459.0,1.0
5500,39.0,207.0,1.0
5501,178.0,59.0,1.0
5502,218.0,319.0,1.0
5503,54.0,71.0,1.0
5504,178.0,173.0,1.0
5505,147.0,45.0,1.0
5506,222.0,458.0,1.0
5507,65.0,356.0,1.0
5508,68.0,77.0,1.0
5509,149.0,220.0,1.0
5510,226.0,37.0,1.0
5511,81.0,219.0,1.0
5512,108.0,162.0,1.0
5513,74.0,415.0,1.0
5514,56.0,39.0,1.0
5515,16.0,259.0,1.0
5516,129.0,10.0,1.0
5517,187.0,217.0,1.0
5518,60.0,553.0,1.0
5519,123.0,42.0,1.0
5520,261.0,120.0,1.0
5521,178.0,533.0,1.0
5522,64.0,175.0,1.0
5523,82.0,86.0,1.0
5524,226.0,17.0,1.0
5525,49.0,391.0,1.0
5526,230.0,133.0,1.0
5527,87.0,279.0,1.0
5528,71.0,216.0,1.0
5529,164.0,147.0,1.0
5530,180.0,223.0,1.0
5531,252.0,170.0,1.0
5532,145.0,219.0,1.0
5533,53.0,250.0,1.0
5534,59.0,460.0,1.0
5535,166.0,10.0,1.0
5536,189.0,394.0,1.0
5537,218.0,326.0,1.0
5538,176.0,352.0,1.0
5539,97.0,70.0,1.0
5540,156.0,124.0,1.0
5541,137.0,190.0,1.0
5542,223.0,261.0,1.0
5543,81.0,199.0,1.0
5544,149.0,71.0,1.0
5545,182.0,327.0,1.0
5546,189.0,80.0,1.0
5547,9.0,24.0,1.0
5548,203.0,425.0,1.0
5549,147.0,9.0,1.0
5550,71.0,201.0,1.0
5551,207.0,572.0,1.0
5552,158.0,410.0,1.0
5553,193.0,51.0,1.0
5554,182.0,535.0,1.0
5555,117.0,138.0,1.0
5556,189.0,226.0,1.0
5557,52.0,146.0,1.0
5558,128.0,493.0,1.0
5559,9.0,29.0,1.0
5560,136.0,582.0,1.0
5561,145.0,115.0,1.0
5562,229.0,164.0,1.0
5563,182.0,295.0,1.0
5564,165.0,214.0,1.0
5565,84.0,308.0,1.0
5566,136.0,103.0,1.0
5567,129.0,360.0,1.0
5568,45.0,97.0,1.0
5569,82.0,523.0,1.0
5570,57.0,130.0,1.0
5571,259.0,78.0,1.0
5572,257.0,11.0,1.0
5573,116.0,247.0,1.0
5574,104.0,115.0,1.0
5575,223.0,99.0,1.0
5576,236.0,45.0,1.0
5577,178.0,427.0,1.0
5578,194.0,92.0,1.0
5579,256.0,558.0,1.0
5580,223.0,125.0,1.0
5581,86.0,224.0,1.0
5582,236.0,100.0,1.0
5583,84.0,95.0,1.0
5584,197.0,38.0,1.0
5585,44.0,282.0,1.0
5586,105.0,100.0,1.0
5587,35.0,457.0,1.0
5588,164.0,233.0,1.0
5589,261.0,110.0,1.0
5590,177.0,172.0,1.0
5591,130.0,459.0,1.0
5592,172.0,91.0,1.0
5593,252.0,289.0,1.0
5594,128.0,453.0,1.0
5595,224.0,371.0,1.0
5596,121.0,241.0,1.0
5597,234.0,11.0,1.0
5598,223.0,480.0,1.0
5599,261.0,113.0,1.0
5600,256.0,122.0,1.0
5601,170.0,10.0,1.0
5602,170.0,91.0,1.0
5603,211.0,113.0,1.0
5604,200.0,215.0,1.0
5605,93.0,523.0,1.0
5606,37.0,147.0,1.0
5607,162.0,349.0,1.0
5608,235.0,12.0,1.0
5609,195.0,460.0,1.0
5610,103.0,122.0,1.0
5611,118.0,191.0,1.0
5612,133.0,150.0,1.0
5613,124.0,208.0,1.0
5614,150.0,429.0,1.0
5615,33.0,156.0,1.0
5616,223.0,314.0,1.0
5617,52.0,126.0,1.0
5618,178.0,168.0,1.0
5619,129.0,32.0,1.0
5620,79.0,117.0,1.0
5621,22.0,432.0,1.0
5622,262.0,1.0,1.0
5623,226.0,8.0,1.0
5624,165.0,74.0,1.0
5625,185.0,58.0,1.0
5626,84.0,585.0,1.0
5627,161.0,10.0,1.0
5628,90.0,408.0,1.0
5629,182.0,47.0,1.0
5630,65.0,46.0,1.0
5631,130.0,143.0,1.0
5632,133.0,220.0,1.0
5633,185.0,207.0,1.0
5634,259.0,588.0,1.0
5635,71.0,527.0,1.0
5636,22.0,57.0,1.0
5637,101.0,147.0,1.0
5638,44.0,208.0,1.0
5639,115.0,571.0,1.0
5640,52.0,147.0,1.0
5641,248.0,146.0,1.0
5642,106.0,10.0,1.0
5643,116.0,89.0,1.0
5644,144.0,273.0,1.0
5645,156.0,543.0,1.0
5646,32.0,348.0,1.0
5647,65.0,147.0,1.0
5648,78.0,12.0,1.0
5649,81.0,504.0,1.0
5650,64.0,493.0,1.0
5651,195.0,205.0,1.0
5652,89.0,438.0,1.0
5653,165.0,498.0,1.0
5654,17.0,38.0,1.0
5655,83.0,400.0,1.0
5656,102.0,253.0,1.0
5657,226.0,270.0,1.0
5658,57.0,494.0,1.0
5659,136.0,228.0,1.0
5660,219.0,391.0,1.0
5661,128.0,327.0,1.0
5662,187.0,454.0,1.0
5663,44.0,175.0,1.0
5664,146.0,573.0,1.0
5665,146.0,577.0,1.0
5666,211.0,223.0,1.0
5667,114.0,46.0,1.0
5668,104.0,148.0,1.0
5669,131.0,9.0,1.0
5670,117.0,0.0,1.0
5671,58.0,289.0,1.0
5672,203.0,485.0,1.0
5673,196.0,425.0,1.0
5674,51.0,206.0,1.0
5675,22.0,106.0,1.0
5676,37.0,70.0,1.0
5677,79.0,351.0,1.0
5678,51.0,251.0,1.0
5679,256.0,7.0,1.0
5680,71.0,386.0,1.0
5681,96.0,563.0,1.0
5682,207.0,51.0,1.0
5683,75.0,259.0,1.0
5684,259.0,157.0,1.0
5685,183.0,83.0,1.0
5686,104.0,111.0,1.0
5687,136.0,79.0,1.0
5688,156.0,453.0,1.0
5689,109.0,73.0,1.0
5690,81.0,119.0,1.0
5691,66.0,10.0,1.0
5692,26.0,122.0,1.0
5693,202.0,48.0,1.0
5694,126.0,95.0,1.0
5695,94.0,222.0,1.0
5696,158.0,91.0,1.0
5697,207.0,475.0,1.0
5698,205.0,298.0,1.0
5699,185.0,242.0,1.0
5700,92.0,208.0,1.0
5701,231.0,184.0,1.0
5702,44.0,277.0,1.0
5703,37.0,89.0,1.0
5704,102.0,62.0,1.0
5705,126.0,180.0,1.0
5706,245.0,222.0,1.0
5707,188.0,137.0,1.0
5708,218.0,105.0,1.0
5709,28.0,442.0,1.0
5710,136.0,120.0,1.0
5711,107.0,43.0,1.0
5712,165.0,21.0,1.0
5713,26.0,36.0,1.0
5714,120.0,146.0,1.0
5715,16.0,44.0,1.0
5716,215.0,146.0,1.0
5717,132.0,31.0,1.0
5718,1.0,89.0,1.0
5719,183.0,10.0,1.0
5720,267.0,106.0,1.0
5721,83.0,91.0,1.0
5722,64.0,429.0,1.0
5723,155.0,271.0,1.0
5724,149.0,478.0,1.0
5725,31.0,196.0,1.0
5726,71.0,505.0,1.0
5727,261.0,255.0,1.0
5728,17.0,375.0,1.0
5729,109.0,363.0,1.0
5730,56.0,259.0,1.0
5731,82.0,100.0,1.0
5732,176.0,111.0,1.0
5733,116.0,59.0,1.0
5734,226.0,14.0,1.0
5735,87.0,372.0,1.0
5736,81.0,277.0,1.0
5737,39.0,401.0,1.0
5738,228.0,45.0,1.0
5739,246.0,92.0,1.0
5740,130.0,31.0,1.0
5741,159.0,536.0,1.0
5742,14.0,9.0,1.0
5743,122.0,141.0,1.0
5744,211.0,384.0,1.0
5745,88.0,207.0,1.0
5746,54.0,522.0,1.0
5747,193.0,25.0,1.0
5748,104.0,419.0,1.0
5749,98.0,25.0,1.0
5750,211.0,317.0,1.0
5751,227.0,105.0,1.0
5752,82.0,434.0,1.0
5753,248.0,60.0,1.0
5754,100.0,12.0,1.0
5755,10.0,89.0,1.0
5756,141.0,426.0,1.0
5757,53.0,144.0,1.0
5758,258.0,100.0,1.0
5759,44.0,146.0,1.0
5760,179.0,378.0,1.0
5761,84.0,214.0,1.0
5762,52.0,26.0,1.0
5763,105.0,31.0,1.0
5764,132.0,62.0,1.0
5765,113.0,127.0,1.0
5766,178.0,64.0,1.0
5767,261.0,143.0,1.0
5768,58.0,179.0,1.0
5769,263.0,483.0,1.0
5770,117.0,392.0,1.0
5771,224.0,90.0,1.0
5772,44.0,147.0,1.0
5773,56.0,278.0,1.0
5774,170.0,474.0,1.0
5775,214.0,284.0,1.0
5776,74.0,472.0,1.0
5777,52.0,377.0,1.0
5778,52.0,368.0,1.0
5779,56.0,156.0,1.0
5780,190.0,206.0,1.0
5781,22.0,291.0,1.0
5782,51.0,512.0,1.0
5783,78.0,113.0,1.0
5784,151.0,50.0,1.0
5785,3.0,154.0,1.0
5786,129.0,404.0,1.0
5787,87.0,447.0,1.0
5788,35.0,178.0,1.0
5789,102.0,423.0,1.0
5790,130.0,438.0,1.0
5791,189.0,11.0,1.0
5792,224.0,190.0,1.0
5793,139.0,197.0,1.0
5794,217.0,527.0,1.0
5795,266.0,232.0,1.0
5796,185.0,434.0,1.0
5797,248.0,456.0,1.0
5798,74.0,394.0,1.0
5799,128.0,425.0,1.0
5800,5.0,203.0,1.0
5801,163.0,413.0,1.0
5802,243.0,127.0,1.0
5803,71.0,492.0,1.0
5804,1.0,65.0,1.0
5805,150.0,194.0,1.0
5806,18.0,111.0,1.0
5807,248.0,360.0,1.0
5808,84.0,305.0,1.0
5809,128.0,196.0,1.0
5810,122.0,357.0,1.0
5811,8.0,243.0,1.0
5812,149.0,33.0,1.0
5813,63.0,378.0,1.0
5814,234.0,470.0,1.0
5815,82.0,142.0,1.0
5816,56.0,194.0,1.0
5817,64.0,138.0,1.0
5818,89.0,205.0,1.0
5819,222.0,312.0,1.0
5820,32.0,304.0,1.0
5821,153.0,192.0,1.0
5822,160.0,336.0,1.0
5823,178.0,351.0,1.0
5824,81.0,177.0,1.0
5825,75.0,146.0,1.0
5826,153.0,216.0,1.0
5827,124.0,84.0,1.0
5828,202.0,490.0,1.0
5829,145.0,326.0,1.0
5830,105.0,546.0,1.0
5831,182.0,177.0,1.0
5832,118.0,394.0,1.0
5833,60.0,190.0,1.0
5834,200.0,35.0,1.0
5835,150.0,273.0,1.0
5836,46.0,233.0,1.0
5837,218.0,36.0,1.0
5838,227.0,578.0,1.0
5839,22.0,167.0,1.0
5840,262.0,129.0,1.0
5841,40.0,304.0,1.0
5842,23.0,122.0,1.0
5843,217.0,135.0,1.0
5844,264.0,168.0,1.0
5845,153.0,492.0,1.0
5846,182.0,204.0,1.0
5847,42.0,223.0,1.0
5848,126.0,534.0,1.0
5849,83.0,77.0,1.0
5850,74.0,92.0,1.0
5851,113.0,535.0,1.0
5852,51.0,365.0,1.0
5853,63.0,48.0,1.0
5854,223.0,8.0,1.0
5855,130.0,120.0,1.0
5856,49.0,309.0,1.0
5857,87.0,308.0,1.0
5858,139.0,117.0,1.0
5859,178.0,250.0,1.0
5860,123.0,120.0,1.0
5861,87.0,535.0,1.0
5862,9.0,48.0,1.0
5863,97.0,219.0,1.0
5864,32.0,47.0,1.0
5865,247.0,19.0,1.0
5866,178.0,230.0,1.0
5867,205.0,103.0,1.0
5868,139.0,398.0,1.0
5869,69.0,150.0,1.0
5870,13.0,51.0,1.0
5871,243.0,91.0,1.0
5872,117.0,464.0,1.0
5873,51.0,22.0,1.0
5874,199.0,225.0,1.0
5875,208.0,204.0,1.0
5876,223.0,32.0,1.0
5877,214.0,556.0,1.0
5878,39.0,414.0,1.0
5879,236.0,10.0,1.0
5880,98.0,409.0,1.0
5881,104.0,35.0,1.0
5882,16.0,146.0,1.0
5883,186.0,296.0,1.0
5884,257.0,97.0,1.0
5885,183.0,22.0,1.0
5886,114.0,44.0,1.0
5887,31.0,103.0,1.0
5888,218.0,278.0,1.0
5889,117.0,513.0,1.0
5890,183.0,96.0,1.0
5891,189.0,9.0,1.0
5892,83.0,38.0,1.0
5893,163.0,400.0,1.0
5894,2.0,84.0,1.0
5895,107.0,219.0,1.0
5896,97.0,192.0,1.0
5897,141.0,315.0,1.0
5898,200.0,39.0,1.0
5899,72.0,201.0,1.0
5900,44.0,24.0,1.0
5901,207.0,205.0,1.0
5902,57.0,157.0,1.0
5903,65.0,261.0,1.0
5904,226.0,65.0,1.0
5905,149.0,223.0,1.0
5906,234.0,386.0,1.0
5907,180.0,452.0,1.0
5908,70.0,253.0,1.0
5909,46.0,10.0,1.0
5910,175.0,156.0,1.0
5911,102.0,160.0,1.0
5912,158.0,148.0,1.0
5913,132.0,378.0,1.0
5914,200.0,225.0,1.0
5915,60.0,310.0,1.0
5916,188.0,199.0,1.0
5917,172.0,227.0,1.0
5918,209.0,497.0,1.0
5919,62.0,89.0,1.0
5920,149.0,92.0,1.0
5921,64.0,426.0,1.0
5922,231.0,229.0,1.0
5923,17.0,221.0,1.0
5924,14.0,112.0,1.0
5925,264.0,9.0,1.0
5926,165.0,465.0,1.0
5927,200.0,10.0,1.0
5928,178.0,36.0,1.0
5929,97.0,32.0,1.0
5930,81.0,266.0,1.0
5931,258.0,194.0,1.0
5932,127.0,130.0,1.0
5933,84.0,554.0,1.0
5934,97.0,382.0,1.0
5935,182.0,561.0,1.0
5936,71.0,267.0,1.0
5937,69.0,434.0,1.0
5938,84.0,321.0,1.0
5939,200.0,64.0,1.0
5940,182.0,228.0,1.0
5941,203.0,448.0,1.0
5942,193.0,581.0,1.0
5943,45.0,223.0,1.0
5944,55.0,50.0,1.0
5945,256.0,81.0,1.0
5946,69.0,279.0,1.0
5947,31.0,143.0,1.0
5948,97.0,394.0,1.0
5949,85.0,241.0,1.0
5950,133.0,255.0,1.0
5951,50.0,21.0,1.0
5952,214.0,66.0,1.0
5953,126.0,143.0,1.0
5954,114.0,420.0,1.0
5955,199.0,256.0,1.0
5956,164.0,353.0,1.0
5957,189.0,25.0,1.0
5958,196.0,138.0,1.0
5959,234.0,35.0,1.0
5960,234.0,411.0,1.0
5961,205.0,68.0,1.0
5962,103.0,460.0,1.0
5963,129.0,100.0,1.0
5964,268.0,114.0,1.0
5965,218.0,55.0,1.0
5966,19.0,168.0,1.0
5967,87.0,10.0,1.0
5968,232.0,462.0,1.0
5969,162.0,142.0,1.0
5970,102.0,63.0,1.0
5971,83.0,282.0,1.0
5972,218.0,70.0,1.0
5973,233.0,252.0,1.0
5974,162.0,58.0,1.0
5975,52.0,388.0,1.0
5976,17.0,92.0,1.0
5977,132.0,91.0,1.0
5978,136.0,186.0,1.0
5979,195.0,10.0,1.0
5980,42.0,391.0,1.0
5981,94.0,106.0,1.0
5982,93.0,262.0,1.0
5983,142.0,398.0,1.0
5984,74.0,400.0,1.0
5985,65.0,48.0,1.0
5986,88.0,413.0,1.0
5987,147.0,85.0,1.0
5988,128.0,57.0,1.0
5989,178.0,374.0,1.0
5990,44.0,489.0,1.0
5991,31.0,23.0,1.0
5992,189.0,556.0,1.0
5993,48.0,264.0,1.0
5994,108.0,191.0,1.0
5995,162.0,251.0,1.0
5996,76.0,256.0,1.0
5997,202.0,44.0,1.0
5998,222.0,6.0,1.0
5999,207.0,570.0,1.0
6000,182.0,114.0,1.0
6001,130.0,350.0,1.0
6002,147.0,219.0,1.0
6003,254.0,388.0,1.0
6004,223.0,367.0,1.0
6005,81.0,352.0,1.0
6006,102.0,349.0,1.0
6007,10.0,241.0,1.0
6008,82.0,217.0,1.0
6009,203.0,304.0,1.0
6010,124.0,256.0,1.0
6011,175.0,225.0,1.0
6012,128.0,512.0,1.0
6013,72.0,447.0,1.0
6014,259.0,309.0,1.0
6015,175.0,538.0,1.0
6016,1.0,84.0,1.0
6017,260.0,213.0,1.0
6018,178.0,220.0,1.0
6019,5.0,215.0,1.0
6020,81.0,372.0,1.0
6021,6.0,186.0,1.0
6022,147.0,81.0,1.0
6023,82.0,212.0,1.0
6024,141.0,451.0,1.0
6025,122.0,512.0,1.0
6026,26.0,147.0,1.0
6027,70.0,59.0,1.0
6028,178.0,529.0,1.0
6029,105.0,193.0,1.0
6030,231.0,369.0,1.0
6031,56.0,20.0,1.0
6032,201.0,95.0,1.0
6033,9.0,45.0,1.0
6034,132.0,420.0,1.0
6035,58.0,485.0,1.0
6036,117.0,583.0,1.0
6037,230.0,342.0,1.0
6038,223.0,203.0,1.0
6039,98.0,89.0,1.0
6040,65.0,533.0,1.0
6041,44.0,436.0,1.0
6042,200.0,268.0,1.0
6043,63.0,5.0,1.0
6044,4.0,146.0,1.0
6045,163.0,84.0,1.0
6046,75.0,527.0,1.0
6047,49.0,38.0,1.0
6048,168.0,238.0,1.0
6049,128.0,24.0,1.0
6050,102.0,82.0,1.0
6051,164.0,250.0,1.0
6052,37.0,461.0,1.0
6053,32.0,103.0,1.0
6054,98.0,70.0,1.0
6055,74.0,136.0,1.0
6056,2.0,141.0,1.0
6057,228.0,341.0,1.0
6058,266.0,49.0,1.0
6059,116.0,262.0,1.0
6060,16.0,65.0,1.0
6061,226.0,332.0,1.0
6062,195.0,92.0,1.0
6063,178.0,337.0,1.0
6064,31.0,454.0,1.0
6065,113.0,328.0,1.0
6066,229.0,345.0,1.0
6067,191.0,298.0,1.0
6068,207.0,275.0,1.0
6069,131.0,143.0,1.0
6070,239.0,197.0,1.0
6071,97.0,379.0,1.0
6072,147.0,358.0,1.0
6073,82.0,505.0,1.0
6074,64.0,31.0,1.0
6075,65.0,461.0,1.0
6076,207.0,357.0,1.0
6077,17.0,202.0,1.0
6078,226.0,202.0,1.0
6079,182.0,299.0,1.0
6080,34.0,31.0,1.0
6081,17.0,100.0,1.0
6082,17.0,372.0,1.0
6083,170.0,106.0,1.0
6084,210.0,147.0,1.0
6085,82.0,329.0,1.0
6086,44.0,479.0,1.0
6087,96.0,95.0,1.0
6088,87.0,365.0,1.0
6089,249.0,146.0,1.0
6090,148.0,48.0,1.0
6091,108.0,53.0,1.0
6092,186.0,200.0,1.0
6093,218.0,277.0,1.0
6094,65.0,18.0,1.0
6095,124.0,204.0,1.0
6096,264.0,272.0,1.0
6097,13.0,201.0,1.0
6098,168.0,129.0,1.0
6099,113.0,337.0,1.0
6100,217.0,111.0,1.0
6101,265.0,253.0,1.0
6102,262.0,194.0,1.0
6103,74.0,1.0,1.0
6104,189.0,135.0,1.0
6105,231.0,89.0,1.0
6106,95.0,58.0,1.0
6107,82.0,388.0,1.0
6108,119.0,205.0,1.0
6109,169.0,147.0,1.0
6110,203.0,269.0,1.0
6111,122.0,419.0,1.0
6112,139.0,230.0,1.0
6113,17.0,374.0,1.0
6114,197.0,495.0,1.0
6115,156.0,5.0,1.0
6116,176.0,47.0,1.0
6117,175.0,422.0,1.0
6118,160.0,43.0,1.0
6119,71.0,305.0,1.0
6120,173.0,263.0,1.0
6121,127.0,576.0,1.0
6122,183.0,272.0,1.0
6123,123.0,493.0,1.0
6124,67.0,59.0,1.0
6125,117.0,457.0,1.0
6126,65.0,451.0,1.0
6127,238.0,223.0,1.0
6128,123.0,45.0,1.0
6129,232.0,84.0,1.0
6130,104.0,482.0,1.0
6131,226.0,30.0,1.0
6132,141.0,175.0,1.0
6133,147.0,359.0,1.0
6134,116.0,579.0,1.0
6135,207.0,78.0,1.0
6136,248.0,54.0,1.0
6137,189.0,194.0,1.0
6138,102.0,136.0,1.0
6139,188.0,156.0,1.0
6140,25.0,105.0,1.0
6141,78.0,190.0,1.0
6142,145.0,130.0,1.0
6143,82.0,294.0,1.0
6144,10.0,306.0,1.0
6145,9.0,62.0,1.0
6146,138.0,242.0,1.0
6147,191.0,114.0,1.0
6148,201.0,531.0,1.0
6149,159.0,190.0,1.0
6150,102.0,247.0,1.0
6151,115.0,320.0,1.0
6152,108.0,475.0,1.0
6153,136.0,388.0,1.0
6154,129.0,51.0,1.0
6155,105.0,147.0,1.0
6156,248.0,302.0,1.0
6157,227.0,58.0,1.0
6158,37.0,59.0,1.0
6159,130.0,100.0,1.0
6160,117.0,191.0,1.0
6161,213.0,101.0,1.0
6162,141.0,425.0,1.0
6163,264.0,47.0,1.0
6164,74.0,77.0,1.0
6165,96.0,191.0,1.0
6166,200.0,37.0,1.0
6167,3.0,11.0,1.0
6168,185.0,135.0,1.0
6169,6.0,224.0,1.0
6170,209.0,226.0,1.0
6171,257.0,111.0,1.0
6172,94.0,1.0,1.0
6173,67.0,388.0,1.0
6174,238.0,486.0,1.0
6175,263.0,17.0,1.0
6176,102.0,593.0,1.0
6177,214.0,420.0,1.0
6178,261.0,460.0,1.0
6179,150.0,147.0,1.0
6180,230.0,91.0,1.0
6181,169.0,120.0,1.0
6182,37.0,313.0,1.0
6183,114.0,271.0,1.0
6184,126.0,191.0,1.0
6185,127.0,337.0,1.0
6186,248.0,255.0,1.0
6187,84.0,160.0,1.0
6188,261.0,282.0,1.0
6189,94.0,145.0,1.0
6190,148.0,59.0,1.0
6191,29.0,225.0,1.0
6192,135.0,125.0,1.0
6193,2.0,96.0,1.0
6194,165.0,126.0,1.0
6195,34.0,103.0,1.0
6196,208.0,553.0,1.0
6197,230.0,215.0,1.0
6198,96.0,501.0,1.0
6199,94.0,420.0,1.0
6200,57.0,460.0,1.0
6201,102.0,200.0,1.0
6202,97.0,360.0,1.0
6203,78.0,125.0,1.0
6204,106.0,233.0,1.0
6205,17.0,189.0,1.0
6206,65.0,198.0,1.0
6207,242.0,59.0,1.0
6208,65.0,388.0,1.0
6209,118.0,216.0,1.0
6210,205.0,550.0,1.0
6211,233.0,594.0,1.0
6212,130.0,238.0,1.0
6213,177.0,118.0,1.0
6214,162.0,113.0,1.0
6215,183.0,361.0,1.0
6216,74.0,229.0,1.0
6217,203.0,539.0,1.0
6218,127.0,36.0,1.0
6219,149.0,236.0,1.0
6220,132.0,10.0,1.0
6221,213.0,327.0,1.0
6222,113.0,22.0,1.0
6223,31.0,351.0,1.0
6224,188.0,1.0,1.0
6225,116.0,147.0,1.0
6226,52.0,533.0,1.0
6227,229.0,113.0,1.0
6228,228.0,57.0,1.0
6229,144.0,66.0,1.0
6230,162.0,141.0,1.0
6231,210.0,193.0,1.0
6232,145.0,59.0,1.0
6233,250.0,215.0,1.0
6234,230.0,219.0,1.0
6235,183.0,317.0,1.0
6236,182.0,580.0,1.0
6237,74.0,201.0,1.0
6238,261.0,424.0,1.0
6239,188.0,257.0,1.0
6240,268.0,140.0,1.0
6241,199.0,241.0,1.0
6242,127.0,595.0,1.0
6243,218.0,356.0,1.0
6244,196.0,480.0,1.0
6245,147.0,88.0,1.0
6246,262.0,294.0,1.0
6247,52.0,62.0,1.0
6248,51.0,118.0,1.0
6249,89.0,21.0,1.0
6250,129.0,409.0,1.0
6251,28.0,54.0,1.0
6252,64.0,103.0,1.0
6253,58.0,150.0,1.0
6254,40.0,168.0,1.0
6255,87.0,183.0,1.0
6256,45.0,392.0,1.0
6257,199.0,4.0,1.0
6258,116.0,580.0,1.0
6259,182.0,216.0,1.0
6260,87.0,498.0,1.0
6261,223.0,217.0,1.0
6262,147.0,267.0,1.0
6263,189.0,434.0,1.0
6264,266.0,95.0,1.0
6265,82.0,43.0,1.0
6266,147.0,57.0,1.0
6267,205.0,216.0,1.0
6268,96.0,539.0,1.0
6269,174.0,290.0,1.0
6270,250.0,489.0,1.0
6271,178.0,501.0,1.0
6272,149.0,477.0,1.0
6273,53.0,119.0,1.0
6274,176.0,90.0,1.0
6275,82.0,185.0,1.0
6276,67.0,287.0,1.0
6277,219.0,218.0,1.0
6278,259.0,62.0,1.0
6279,226.0,274.0,1.0
6280,256.0,409.0,1.0
6281,159.0,202.0,1.0
6282,217.0,466.0,1.0
6283,153.0,116.0,1.0
6284,71.0,563.0,1.0
6285,145.0,181.0,1.0
6286,143.0,59.0,1.0
6287,84.0,66.0,1.0
6288,82.0,243.0,1.0
6289,75.0,400.0,1.0
6290,256.0,23.0,1.0
6291,178.0,378.0,1.0
6292,9.0,51.0,1.0
6293,232.0,37.0,1.0
6294,47.0,266.0,1.0
6295,105.0,374.0,1.0
6296,161.0,59.0,1.0
6297,64.0,378.0,1.0
6298,117.0,314.0,1.0
6299,16.0,60.0,1.0
6300,115.0,434.0,1.0
6301,244.0,150.0,1.0
6302,183.0,106.0,1.0
6303,226.0,303.0,1.0
6304,189.0,108.0,1.0
6305,225.0,281.0,1.0
6306,96.0,103.0,1.0
6307,226.0,252.0,1.0
6308,89.0,493.0,1.0
6309,182.0,442.0,1.0
6310,79.0,3.0,1.0
6311,129.0,224.0,1.0
6312,228.0,93.0,1.0
6313,194.0,541.0,1.0
6314,168.0,92.0,1.0
6315,53.0,238.0,1.0
6316,21.0,349.0,1.0
6317,149.0,454.0,1.0
6318,222.0,120.0,1.0
6319,102.0,146.0,1.0
6320,185.0,45.0,1.0
6321,262.0,122.0,1.0
6322,191.0,167.0,1.0
6323,52.0,229.0,1.0
6324,79.0,227.0,1.0
6325,96.0,36.0,1.0
6326,22.0,27.0,1.0
6327,259.0,383.0,1.0
6328,99.0,530.0,1.0
6329,182.0,427.0,1.0
6330,175.0,568.0,1.0
6331,99.0,222.0,1.0
6332,64.0,113.0,1.0
6333,44.0,268.0,1.0
6334,40.0,66.0,1.0
6335,211.0,284.0,1.0
6336,1.0,44.0,1.0
6337,149.0,489.0,1.0
6338,101.0,126.0,1.0
6339,223.0,399.0,1.0
6340,168.0,453.0,1.0
6341,194.0,39.0,1.0
6342,105.0,103.0,1.0
6343,185.0,580.0,1.0
6344,90.0,204.0,1.0
6345,16.0,34.0,1.0
6346,129.0,378.0,1.0
6347,164.0,417.0,1.0
6348,248.0,525.0,1.0
6349,81.0,195.0,1.0
6350,100.0,420.0,1.0
6351,229.0,412.0,1.0
6352,34.0,99.0,1.0
6353,165.0,455.0,1.0
6354,178.0,438.0,1.0
6355,44.0,194.0,1.0
6356,65.0,119.0,1.0
6357,211.0,4.0,1.0
6358,106.0,409.0,1.0
6359,243.0,253.0,1.0
6360,126.0,138.0,1.0
6361,96.0,207.0,1.0
6362,147.0,366.0,1.0
6363,138.0,349.0,1.0
6364,72.0,146.0,1.0
6365,147.0,537.0,1.0
6366,130.0,510.0,1.0
6367,225.0,57.0,1.0
6368,161.0,111.0,1.0
6369,102.0,113.0,1.0
6370,1.0,47.0,1.0
6371,155.0,281.0,1.0
6372,17.0,117.0,1.0
6373,200.0,440.0,1.0
6374,94.0,330.0,1.0
6375,19.0,292.0,1.0
6376,105.0,74.0,1.0
6377,52.0,116.0,1.0
6378,225.0,246.0,1.0
6379,165.0,421.0,1.0
6380,178.0,346.0,1.0
6381,264.0,546.0,1.0
6382,207.0,256.0,1.0
6383,136.0,248.0,1.0
6384,230.0,97.0,1.0
6385,81.0,417.0,1.0
6386,84.0,493.0,1.0
6387,211.0,103.0,1.0
6388,5.0,124.0,1.0
6389,145.0,279.0,1.0
6390,102.0,388.0,1.0
6391,262.0,349.0,1.0
6392,90.0,233.0,1.0
6393,245.0,131.0,1.0
6394,126.0,471.0,1.0
6395,56.0,161.0,1.0
6396,92.0,39.0,1.0
6397,195.0,27.0,1.0
6398,82.0,382.0,1.0
6399,89.0,404.0,1.0
6400,89.0,284.0,1.0
6401,85.0,238.0,1.0
6402,220.0,211.0,1.0
6403,90.0,37.0,1.0
6404,162.0,450.0,1.0
6405,44.0,441.0,1.0
6406,175.0,363.0,1.0
6407,51.0,431.0,1.0
6408,144.0,570.0,1.0
6409,162.0,47.0,1.0
6410,37.0,153.0,1.0
6411,149.0,86.0,1.0
6412,97.0,214.0,1.0
6413,238.0,136.0,1.0
6414,53.0,278.0,1.0
6415,104.0,112.0,1.0
6416,64.0,366.0,1.0
6417,154.0,1.0,1.0
6418,218.0,294.0,1.0
6419,164.0,453.0,1.0
6420,22.0,293.0,1.0
6421,175.0,204.0,1.0
6422,136.0,569.0,1.0
6423,102.0,45.0,1.0
6424,105.0,570.0,1.0
6425,257.0,44.0,1.0
6426,223.0,194.0,1.0
6427,89.0,417.0,1.0
6428,189.0,357.0,1.0
6429,118.0,400.0,1.0
6430,69.0,513.0,1.0
6431,84.0,229.0,1.0
6432,139.0,202.0,1.0
6433,258.0,233.0,1.0
6434,81.0,221.0,1.0
6435,224.0,263.0,1.0
6436,107.0,571.0,1.0
6437,155.0,468.0,1.0
6438,105.0,104.0,1.0
6439,52.0,106.0,1.0
6440,56.0,176.0,1.0
6441,183.0,242.0,1.0
6442,87.0,90.0,1.0
6443,249.0,97.0,1.0
6444,51.0,524.0,1.0
6445,145.0,144.0,1.0
6446,216.0,82.0,1.0
6447,196.0,227.0,1.0
6448,114.0,53.0,1.0
6449,9.0,269.0,1.0
6450,178.0,226.0,1.0
6451,179.0,383.0,1.0
6452,130.0,107.0,1.0
6453,16.0,308.0,1.0
6454,139.0,407.0,1.0
6455,26.0,226.0,1.0
6456,71.0,214.0,1.0
6457,230.0,181.0,1.0
6458,249.0,251.0,1.0
6459,227.0,295.0,1.0
6460,104.0,90.0,1.0
6461,235.0,138.0,1.0
6462,81.0,81.0,1.0
6463,153.0,257.0,1.0
6464,261.0,455.0,1.0
6465,148.0,219.0,1.0
6466,90.0,130.0,1.0
6467,82.0,560.0,1.0
6468,144.0,219.0,1.0
6469,35.0,220.0,1.0
6470,51.0,164.0,1.0
6471,234.0,221.0,1.0
6472,15.0,113.0,1.0
6473,149.0,50.0,1.0
6474,35.0,43.0,1.0
6475,102.0,70.0,1.0
6476,194.0,143.0,1.0
6477,235.0,92.0,1.0
6478,130.0,313.0,1.0
6479,98.0,410.0,1.0
6480,164.0,226.0,1.0
6481,65.0,223.0,1.0
6482,210.0,213.0,1.0
6483,65.0,117.0,1.0
6484,79.0,4.0,1.0
6485,44.0,427.0,1.0
6486,136.0,218.0,1.0
6487,148.0,96.0,1.0
6488,188.0,429.0,1.0
6489,192.0,580.0,1.0
6490,46.0,92.0,1.0
6491,159.0,59.0,1.0
6492,79.0,383.0,1.0
6493,135.0,117.0,1.0
6494,16.0,73.0,1.0
6495,128.0,111.0,1.0
6496,13.0,341.0,1.0
6497,200.0,269.0,1.0
6498,187.0,272.0,1.0
6499,102.0,295.0,1.0
6500,81.0,280.0,1.0
6501,178.0,463.0,1.0
6502,71.0,189.0,1.0
6503,85.0,266.0,1.0
6504,165.0,545.0,1.0
6505,227.0,347.0,1.0
6506,183.0,78.0,1.0
6507,32.0,120.0,1.0
6508,165.0,36.0,1.0
6509,75.0,524.0,1.0
6510,195.0,0.0,1.0
6511,65.0,180.0,1.0
6512,104.0,70.0,1.0
6513,178.0,410.0,1.0
6514,178.0,124.0,1.0
6515,132.0,492.0,1.0
6516,153.0,417.0,1.0
6517,177.0,170.0,1.0
6518,143.0,496.0,1.0
6519,88.0,66.0,1.0
6520,86.0,262.0,1.0
6521,21.0,89.0,1.0
6522,110.0,122.0,1.0
6523,199.0,18.0,1.0
6524,82.0,379.0,1.0
6525,128.0,351.0,1.0
6526,116.0,234.0,1.0
6527,231.0,430.0,1.0
6528,165.0,206.0,1.0
6529,264.0,61.0,1.0
6530,235.0,146.0,1.0
6531,65.0,206.0,1.0
6532,223.0,467.0,1.0
6533,224.0,334.0,1.0
6534,102.0,31.0,1.0
6535,16.0,118.0,1.0
6536,30.0,263.0,1.0
6537,31.0,62.0,1.0
6538,70.0,81.0,1.0
6539,74.0,530.0,1.0
6540,17.0,393.0,1.0
6541,229.0,229.0,1.0
6542,102.0,23.0,1.0
6543,71.0,406.0,1.0
6544,162.0,513.0,1.0
6545,132.0,157.0,1.0
6546,44.0,488.0,1.0
6547,51.0,136.0,1.0
6548,39.0,216.0,1.0
6549,35.0,143.0,1.0
6550,250.0,135.0,1.0
6551,130.0,155.0,1.0
6552,245.0,206.0,1.0
6553,155.0,241.0,1.0
6554,193.0,104.0,1.0
6555,149.0,124.0,1.0
6556,21.0,57.0,1.0
6557,74.0,20.0,1.0
6558,89.0,315.0,1.0
6559,56.0,241.0,1.0
6560,233.0,45.0,1.0
6561,22.0,316.0,1.0
6562,266.0,112.0,1.0
6563,180.0,146.0,1.0
6564,79.0,408.0,1.0
6565,102.0,222.0,1.0
6566,56.0,45.0,1.0
6567,102.0,474.0,1.0
6568,107.0,197.0,1.0
6569,209.0,581.0,1.0
6570,69.0,423.0,1.0
6571,148.0,92.0,1.0
6572,87.0,207.0,1.0
6573,213.0,126.0,1.0
6574,89.0,62.0,1.0
6575,45.0,294.0,1.0
6576,48.0,9.0,1.0
6577,64.0,50.0,1.0
6578,209.0,392.0,1.0
6579,189.0,522.0,1.0
6580,11.0,269.0,1.0
6581,189.0,191.0,1.0
6582,180.0,361.0,1.0
6583,168.0,133.0,1.0
6584,104.0,23.0,1.0
6585,102.0,154.0,1.0
6586,87.0,437.0,1.0
6587,75.0,559.0,1.0
6588,225.0,33.0,1.0
6589,138.0,296.0,1.0
6590,31.0,66.0,1.0
6591,209.0,430.0,1.0
6592,10.0,225.0,1.0
6593,105.0,242.0,1.0
6594,196.0,562.0,1.0
6595,202.0,272.0,1.0
6596,64.0,4.0,1.0
6597,81.0,91.0,1.0
6598,87.0,116.0,1.0
6599,196.0,191.0,1.0
6600,103.0,456.0,1.0
6601,259.0,227.0,1.0
6602,232.0,76.0,1.0
6603,144.0,413.0,1.0
6604,116.0,273.0,1.0
6605,67.0,10.0,1.0
6606,199.0,485.0,1.0
6607,44.0,156.0,1.0
6608,45.0,282.0,1.0
6609,65.0,410.0,1.0
6610,191.0,113.0,1.0
6611,161.0,282.0,1.0
6612,207.0,44.0,1.0
6613,130.0,165.0,1.0
6614,82.0,180.0,1.0
6615,65.0,137.0,1.0
6616,37.0,45.0,1.0
6617,207.0,73.0,1.0
6618,44.0,356.0,1.0
6619,65.0,234.0,1.0
6620,242.0,567.0,1.0
6621,217.0,460.0,1.0
6622,264.0,315.0,1.0
6623,173.0,259.0,1.0
6624,245.0,5.0,1.0
6625,159.0,130.0,1.0
6626,223.0,220.0,1.0
6627,123.0,146.0,1.0
6628,94.0,111.0,1.0
6629,230.0,186.0,1.0
6630,51.0,154.0,1.0
6631,35.0,456.0,1.0
6632,16.0,362.0,1.0
6633,88.0,310.0,1.0
6634,134.0,118.0,1.0
6635,52.0,69.0,1.0
6636,135.0,564.0,1.0
6637,132.0,234.0,1.0
6638,240.0,21.0,1.0
6639,178.0,202.0,1.0
6640,156.0,75.0,1.0
6641,133.0,153.0,1.0
6642,259.0,247.0,1.0
6643,182.0,439.0,1.0
6644,185.0,127.0,1.0
6645,78.0,186.0,1.0
6646,79.0,374.0,1.0
6647,226.0,408.0,1.0
6648,179.0,399.0,1.0
6649,105.0,494.0,1.0
6650,223.0,566.0,1.0
6651,79.0,206.0,1.0
6652,164.0,352.0,1.0
6653,216.0,419.0,1.0
6654,150.0,90.0,1.0
6655,218.0,183.0,1.0
6656,87.0,125.0,1.0
6657,39.0,1.0,1.0
6658,228.0,330.0,1.0
6659,79.0,569.0,1.0
6660,1.0,26.0,1.0
6661,87.0,26.0,1.0
6662,149.0,517.0,1.0
6663,164.0,55.0,1.0
6664,109.0,20.0,1.0
6665,262.0,66.0,1.0
6666,226.0,102.0,1.0
6667,72.0,539.0,1.0
6668,117.0,378.0,1.0
6669,228.0,343.0,1.0
6670,194.0,3.0,1.0
6671,117.0,100.0,1.0
6672,60.0,15.0,1.0
6673,200.0,253.0,1.0
6674,74.0,192.0,1.0
6675,150.0,434.0,1.0
6676,75.0,477.0,1.0
6677,214.0,106.0,1.0
6678,51.0,156.0,1.0
6679,126.0,205.0,1.0
6680,141.0,561.0,1.0
6681,17.0,405.0,1.0
6682,191.0,289.0,1.0
6683,69.0,99.0,1.0
6684,130.0,481.0,1.0
6685,104.0,137.0,1.0
6686,9.0,56.0,1.0
6687,210.0,378.0,1.0
6688,56.0,220.0,1.0
6689,150.0,384.0,1.0
6690,256.0,425.0,1.0
6691,266.0,426.0,1.0
6692,184.0,213.0,1.0
6693,81.0,120.0,1.0
6694,148.0,327.0,1.0
6695,231.0,147.0,1.0
6696,217.0,229.0,1.0
6697,266.0,219.0,1.0
6698,128.0,210.0,1.0
6699,185.0,103.0,1.0
6700,139.0,378.0,1.0
6701,81.0,12.0,1.0
6702,250.0,44.0,1.0
6703,96.0,98.0,1.0
6704,160.0,226.0,1.0
6705,69.0,113.0,1.0
6706,145.0,337.0,1.0
6707,31.0,379.0,1.0
6708,175.0,36.0,1.0
6709,147.0,562.0,1.0
6710,182.0,74.0,1.0
6711,87.0,453.0,1.0
6712,162.0,208.0,1.0
6713,183.0,580.0,1.0
6714,74.0,126.0,1.0
6715,226.0,460.0,1.0
6716,129.0,277.0,1.0
6717,10.0,294.0,1.0
6718,243.0,100.0,1.0
6719,129.0,33.0,1.0
6720,268.0,89.0,1.0
6721,250.0,32.0,1.0
6722,15.0,61.0,1.0
6723,30.0,210.0,1.0
6724,148.0,76.0,1.0
6725,87.0,66.0,1.0
6726,74.0,39.0,1.0
6727,165.0,134.0,1.0
6728,207.0,88.0,1.0
6729,97.0,135.0,1.0
6730,121.0,201.0,1.0
6731,8.0,86.0,1.0
6732,171.0,219.0,1.0
6733,236.0,21.0,1.0
6734,50.0,143.0,1.0
6735,52.0,196.0,1.0
6736,102.0,445.0,1.0
6737,112.0,111.0,1.0
6738,88.0,168.0,1.0
6739,142.0,120.0,1.0
6740,261.0,300.0,1.0
6741,150.0,277.0,1.0
6742,42.0,473.0,1.0
6743,146.0,423.0,1.0
6744,164.0,1.0,1.0
6745,166.0,148.0,1.0
6746,17.0,135.0,1.0
6747,34.0,191.0,1.0
6748,178.0,120.0,1.0
6749,208.0,119.0,1.0
6750,226.0,47.0,1.0
6751,121.0,103.0,1.0
6752,107.0,434.0,1.0
6753,147.0,554.0,1.0
6754,88.0,423.0,1.0
6755,105.0,124.0,1.0
6756,197.0,251.0,1.0
6757,162.0,166.0,1.0
6758,125.0,143.0,1.0
6759,156.0,498.0,1.0
6760,132.0,459.0,1.0
6761,127.0,183.0,1.0
6762,256.0,391.0,1.0
6763,59.0,186.0,1.0
6764,178.0,103.0,1.0
6765,147.0,574.0,1.0
6766,264.0,294.0,1.0
6767,56.0,66.0,1.0
6768,256.0,100.0,1.0
6769,113.0,287.0,1.0
6770,247.0,290.0,1.0
6771,147.0,482.0,1.0
6772,52.0,80.0,1.0
6773,248.0,284.0,1.0
6774,207.0,31.0,1.0
6775,168.0,195.0,1.0
6776,234.0,216.0,1.0
6777,223.0,17.0,1.0
6778,147.0,277.0,1.0
6779,117.0,89.0,1.0
6780,230.0,118.0,1.0
6781,31.0,359.0,1.0
6782,147.0,259.0,1.0
6783,82.0,415.0,1.0
6784,206.0,214.0,1.0
6785,220.0,97.0,1.0
6786,64.0,401.0,1.0
6787,195.0,286.0,1.0
6788,258.0,231.0,1.0
6789,85.0,146.0,1.0
6790,203.0,293.0,1.0
6791,144.0,75.0,1.0
6792,134.0,481.0,1.0
6793,37.0,316.0,1.0
6794,10.0,208.0,1.0
6795,31.0,341.0,1.0
6796,262.0,388.0,1.0
6797,11.0,113.0,1.0
6798,172.0,518.0,1.0
6799,144.0,95.0,1.0
6800,82.0,186.0,1.0
6801,96.0,202.0,1.0
6802,149.0,491.0,1.0
6803,258.0,5.0,1.0
6804,64.0,456.0,1.0
6805,90.0,9.0,1.0
6806,212.0,205.0,1.0
6807,51.0,177.0,1.0
6808,132.0,7.0,1.0
6809,60.0,407.0,1.0
6810,224.0,145.0,1.0
6811,87.0,12.0,1.0
6812,165.0,59.0,1.0
6813,117.0,287.0,1.0
6814,62.0,536.0,1.0
6815,130.0,293.0,1.0
6816,14.0,72.0,1.0
6817,96.0,133.0,1.0
6818,150.0,153.0,1.0
6819,208.0,517.0,1.0
6820,168.0,143.0,1.0
6821,6.0,208.0,1.0
6822,211.0,116.0,1.0
6823,190.0,581.0,1.0
6824,234.0,401.0,1.0
6825,223.0,305.0,1.0
6826,16.0,35.0,1.0
6827,16.0,358.0,1.0
6828,180.0,147.0,1.0
6829,236.0,107.0,1.0
6830,217.0,113.0,1.0
6831,128.0,159.0,1.0
6832,186.0,463.0,1.0
6833,175.0,100.0,1.0
6834,52.0,219.0,1.0
6835,225.0,77.0,1.0
6836,171.0,192.0,1.0
6837,228.0,196.0,1.0
6838,248.0,65.0,1.0
6839,121.0,181.0,1.0
6840,17.0,64.0,1.0
6841,199.0,226.0,1.0
6842,227.0,72.0,1.0
6843,31.0,171.0,1.0
6844,213.0,282.0,1.0
6845,229.0,354.0,1.0
6846,82.0,501.0,1.0
6847,2.0,115.0,1.0
6848,242.0,22.0,1.0
6849,224.0,126.0,1.0
6850,37.0,241.0,1.0
6851,262.0,456.0,1.0
6852,136.0,400.0,1.0
6853,201.0,392.0,1.0
6854,250.0,91.0,1.0
6855,193.0,170.0,1.0
6856,135.0,204.0,1.0
6857,262.0,142.0,1.0
6858,218.0,456.0,1.0
6859,102.0,244.0,1.0
6860,242.0,248.0,1.0
6861,150.0,272.0,1.0
6862,223.0,400.0,1.0
6863,162.0,84.0,1.0
6864,94.0,96.0,1.0
6865,77.0,207.0,1.0
6866,141.0,239.0,1.0
6867,224.0,66.0,1.0
6868,175.0,153.0,1.0
6869,184.0,411.0,1.0
6870,64.0,302.0,1.0
6871,182.0,441.0,1.0
6872,132.0,356.0,1.0
6873,208.0,116.0,1.0
6874,64.0,298.0,1.0
6875,186.0,100.0,1.0
6876,96.0,156.0,1.0
6877,169.0,164.0,1.0
6878,186.0,193.0,1.0
6879,189.0,148.0,1.0
6880,81.0,202.0,1.0
6881,71.0,447.0,1.0
6882,2.0,137.0,1.0
6883,135.0,413.0,1.0
6884,255.0,327.0,1.0
6885,207.0,226.0,1.0
6886,176.0,91.0,1.0
6887,77.0,27.0,1.0
6888,214.0,31.0,1.0
6889,53.0,15.0,1.0
6890,87.0,359.0,1.0
6891,189.0,530.0,1.0
6892,75.0,574.0,1.0
6893,150.0,494.0,1.0
6894,92.0,179.0,1.0
6895,90.0,49.0,1.0
6896,75.0,104.0,1.0
6897,103.0,51.0,1.0
6898,112.0,42.0,1.0
6899,90.0,123.0,1.0
6900,64.0,204.0,1.0
6901,71.0,207.0,1.0
6902,28.0,215.0,1.0
6903,90.0,170.0,1.0
6904,44.0,388.0,1.0
6905,256.0,377.0,1.0
6906,96.0,57.0,1.0
6907,262.0,242.0,1.0
6908,64.0,470.0,1.0
6909,9.0,26.0,1.0
6910,105.0,429.0,1.0
6911,3.0,153.0,1.0
6912,135.0,186.0,1.0
6913,194.0,120.0,1.0
6914,165.0,325.0,1.0
6915,10.0,308.0,1.0
6916,105.0,36.0,1.0
6917,39.0,416.0,1.0
6918,84.0,136.0,1.0
6919,168.0,66.0,1.0
6920,44.0,342.0,1.0
6921,116.0,162.0,1.0
6922,115.0,400.0,1.0
6923,116.0,45.0,1.0
6924,69.0,14.0,1.0
6925,64.0,561.0,1.0
6926,65.0,59.0,1.0
6927,205.0,526.0,1.0
6928,252.0,344.0,1.0
6929,86.0,119.0,1.0
6930,104.0,36.0,1.0
6931,182.0,215.0,1.0
6932,256.0,401.0,1.0
6933,178.0,219.0,1.0
6934,153.0,95.0,1.0
6935,5.0,10.0,1.0
6936,102.0,59.0,1.0
6937,162.0,320.0,1.0
6938,82.0,464.0,1.0
6939,178.0,69.0,1.0
6940,113.0,103.0,1.0
6941,117.0,586.0,1.0
6942,9.0,83.0,1.0
6943,232.0,62.0,1.0
6944,74.0,482.0,1.0
6945,74.0,81.0,1.0
6946,64.0,105.0,1.0
6947,87.0,561.0,1.0
6948,119.0,219.0,1.0
6949,153.0,209.0,1.0
6950,181.0,586.0,1.0
6951,82.0,31.0,1.0
6952,109.0,19.0,1.0
6953,79.0,249.0,1.0
6954,133.0,516.0,1.0
6955,57.0,34.0,1.0
6956,218.0,445.0,1.0
6957,245.0,202.0,1.0
6958,91.0,265.0,1.0
6959,106.0,254.0,1.0
6960,121.0,146.0,1.0
6961,135.0,81.0,1.0
6962,67.0,397.0,1.0
6963,69.0,222.0,1.0
6964,89.0,197.0,1.0
6965,238.0,156.0,1.0
6966,44.0,14.0,1.0
6967,117.0,337.0,1.0
6968,193.0,384.0,1.0
6969,82.0,130.0,1.0
6970,226.0,532.0,1.0
6971,223.0,120.0,1.0
6972,178.0,358.0,1.0
6973,142.0,374.0,1.0
6974,218.0,242.0,1.0
6975,100.0,245.0,1.0
6976,84.0,120.0,1.0
6977,225.0,9.0,1.0
6978,191.0,60.0,1.0
6979,23.0,433.0,1.0
6980,158.0,222.0,1.0
6981,201.0,216.0,1.0
6982,127.0,191.0,1.0
6983,145.0,204.0,1.0
6984,141.0,559.0,1.0
6985,98.0,518.0,1.0
6986,8.0,126.0,1.0
6987,23.0,434.0,1.0
6988,44.0,350.0,1.0
6989,139.0,10.0,1.0
6990,136.0,126.0,1.0
6991,13.0,47.0,1.0
6992,256.0,393.0,1.0
6993,207.0,511.0,1.0
6994,107.0,368.0,1.0
6995,123.0,190.0,1.0
6996,185.0,25.0,1.0
6997,50.0,10.0,1.0
6998,149.0,549.0,1.0
6999,223.0,307.0,1.0
7000,90.0,435.0,1.0
7001,145.0,95.0,1.0
7002,211.0,13.0,1.0
7003,254.0,125.0,1.0
7004,127.0,400.0,1.0
7005,140.0,226.0,1.0
7006,103.0,9.0,1.0
7007,187.0,474.0,1.0
7008,205.0,370.0,1.0
7009,119.0,186.0,1.0
7010,218.0,566.0,1.0
7011,180.0,259.0,1.0
7012,242.0,95.0,1.0
7013,84.0,215.0,1.0
7014,218.0,485.0,1.0
7015,71.0,226.0,1.0
7016,44.0,92.0,1.0
7017,130.0,135.0,1.0
7018,15.0,89.0,1.0
7019,182.0,578.0,1.0
7020,52.0,326.0,1.0
7021,74.0,382.0,1.0
7022,232.0,261.0,1.0
7023,249.0,152.0,1.0
7024,65.0,14.0,1.0
7025,86.0,12.0,1.0
7026,195.0,156.0,1.0
7027,96.0,519.0,1.0
7028,79.0,7.0,1.0
7029,97.0,20.0,1.0
7030,5.0,12.0,1.0
7031,17.0,157.0,1.0
7032,147.0,491.0,1.0
7033,171.0,429.0,1.0
7034,67.0,554.0,1.0
7035,226.0,255.0,1.0
7036,84.0,45.0,1.0
7037,156.0,447.0,1.0
7038,69.0,27.0,1.0
7039,259.0,293.0,1.0
7040,195.0,143.0,1.0
7041,197.0,95.0,1.0
7042,153.0,378.0,1.0
7043,258.0,38.0,1.0
7044,64.0,295.0,1.0
7045,98.0,106.0,1.0
7046,113.0,78.0,1.0
7047,254.0,317.0,1.0
7048,118.0,399.0,1.0
7049,104.0,69.0,1.0
7050,182.0,393.0,1.0
7051,116.0,266.0,1.0
7052,248.0,394.0,1.0
7053,18.0,147.0,1.0
7054,241.0,81.0,1.0
7055,223.0,460.0,1.0
7056,63.0,202.0,1.0
7057,37.0,349.0,1.0
7058,45.0,107.0,1.0
7059,114.0,499.0,1.0
7060,90.0,344.0,1.0
7061,82.0,153.0,1.0
7062,11.0,90.0,1.0
7063,113.0,221.0,1.0
7064,84.0,177.0,1.0
7065,14.0,348.0,1.0
7066,180.0,568.0,1.0
7067,144.0,70.0,1.0
7068,51.0,467.0,1.0
7069,234.0,417.0,1.0
7070,56.0,424.0,1.0
7071,249.0,253.0,1.0
7072,129.0,504.0,1.0
7073,209.0,236.0,1.0
7074,71.0,145.0,1.0
7075,162.0,190.0,1.0
7076,2.0,106.0,1.0
7077,226.0,524.0,1.0
7078,52.0,232.0,1.0
7079,195.0,146.0,1.0
7080,74.0,395.0,1.0
7081,78.0,464.0,1.0
7082,136.0,587.0,1.0
7083,138.0,47.0,1.0
7084,102.0,548.0,1.0
7085,182.0,503.0,1.0
7086,182.0,20.0,1.0
7087,102.0,127.0,1.0
7088,82.0,320.0,1.0
7089,130.0,186.0,1.0
7090,261.0,92.0,1.0
7091,144.0,525.0,1.0
7092,123.0,541.0,1.0
7093,238.0,302.0,1.0
7094,79.0,384.0,1.0
7095,239.0,91.0,1.0
7096,163.0,317.0,1.0
7097,74.0,150.0,1.0
7098,147.0,18.0,1.0
7099,141.0,36.0,1.0
7100,110.0,374.0,1.0
7101,197.0,112.0,1.0
7102,184.0,59.0,1.0
7103,234.0,195.0,1.0
7104,229.0,459.0,1.0
7105,35.0,35.0,1.0
7106,178.0,174.0,1.0
7107,105.0,168.0,1.0
7108,164.0,205.0,1.0
7109,229.0,245.0,1.0
7110,173.0,484.0,1.0
7111,248.0,541.0,1.0
7112,65.0,116.0,1.0
7113,226.0,444.0,1.0
7114,234.0,111.0,1.0
7115,224.0,205.0,1.0
7116,146.0,75.0,1.0
7117,104.0,457.0,1.0
7118,75.0,35.0,1.0
7119,74.0,226.0,1.0
7120,96.0,33.0,1.0
7121,71.0,186.0,1.0
7122,90.0,190.0,1.0
7123,179.0,353.0,1.0
7124,91.0,36.0,1.0
7125,258.0,204.0,1.0
7126,195.0,206.0,1.0
7127,75.0,512.0,1.0
7128,62.0,24.0,1.0
7129,235.0,420.0,1.0
7130,234.0,525.0,1.0
7131,79.0,145.0,1.0
7132,207.0,552.0,1.0
7133,126.0,48.0,1.0
7134,182.0,546.0,1.0
7135,31.0,30.0,1.0
7136,116.0,58.0,1.0
7137,127.0,112.0,1.0
7138,31.0,247.0,1.0
7139,139.0,201.0,1.0
7140,226.0,352.0,1.0
7141,51.0,260.0,1.0
7142,148.0,241.0,1.0
7143,116.0,222.0,1.0
7144,65.0,188.0,1.0
7145,126.0,394.0,1.0
7146,160.0,20.0,1.0
7147,75.0,327.0,1.0
7148,225.0,161.0,1.0
7149,202.0,309.0,1.0
7150,130.0,365.0,1.0
7151,259.0,398.0,1.0
7152,104.0,134.0,1.0
7153,165.0,121.0,1.0
7154,193.0,39.0,1.0
7155,208.0,61.0,1.0
7156,135.0,47.0,1.0
7157,158.0,427.0,1.0
7158,156.0,44.0,1.0
7159,100.0,194.0,1.0
7160,90.0,194.0,1.0
7161,199.0,203.0,1.0
7162,175.0,313.0,1.0
7163,135.0,391.0,1.0
7164,259.0,504.0,1.0
7165,238.0,310.0,1.0
7166,88.0,278.0,1.0
7167,65.0,51.0,1.0
7168,129.0,119.0,1.0
7169,213.0,69.0,1.0
7170,230.0,241.0,1.0
7171,210.0,488.0,1.0
7172,228.0,301.0,1.0
7173,257.0,434.0,1.0
7174,178.0,395.0,1.0
7175,96.0,327.0,1.0
7176,91.0,55.0,1.0
7177,47.0,10.0,1.0
7178,55.0,485.0,1.0
7179,135.0,378.0,1.0
7180,26.0,318.0,1.0
7181,213.0,143.0,1.0
7182,86.0,196.0,1.0
7183,168.0,325.0,1.0
7184,135.0,103.0,1.0
7185,61.0,532.0,1.0
7186,139.0,403.0,1.0
7187,103.0,62.0,1.0
7188,173.0,120.0,1.0
7189,126.0,337.0,1.0
7190,130.0,43.0,1.0
7191,133.0,226.0,1.0
7192,259.0,396.0,1.0
7193,87.0,252.0,1.0
7194,102.0,463.0,1.0
7195,87.0,216.0,1.0
7196,86.0,112.0,1.0
7197,165.0,92.0,1.0
7198,49.0,36.0,1.0
7199,248.0,429.0,1.0
7200,125.0,99.0,1.0
7201,16.0,29.0,1.0
7202,2.0,129.0,1.0
7203,165.0,40.0,1.0
7204,79.0,466.0,1.0
7205,50.0,128.0,1.0
7206,178.0,182.0,1.0
7207,162.0,316.0,1.0
7208,102.0,213.0,1.0
7209,119.0,409.0,1.0
7210,156.0,136.0,1.0
7211,175.0,64.0,1.0
7212,160.0,150.0,1.0
7213,75.0,85.0,1.0
7214,161.0,126.0,1.0
7215,185.0,384.0,1.0
7216,114.0,364.0,1.0
7217,182.0,191.0,1.0
7218,1.0,23.0,1.0
7219,102.0,204.0,1.0
7220,219.0,290.0,1.0
7221,51.0,349.0,1.0
7222,44.0,485.0,1.0
7223,100.0,398.0,1.0
7224,44.0,179.0,1.0
7225,56.0,77.0,1.0
7226,82.0,378.0,1.0
7227,103.0,40.0,1.0
7228,144.0,232.0,1.0
7229,195.0,287.0,1.0
7230,157.0,219.0,1.0
7231,189.0,125.0,1.0
7232,183.0,119.0,1.0
7233,225.0,81.0,1.0
7234,116.0,252.0,1.0
7235,22.0,420.0,1.0
7236,178.0,310.0,1.0
7237,100.0,213.0,1.0
7238,53.0,213.0,1.0
7239,264.0,178.0,1.0
7240,75.0,77.0,1.0
7241,148.0,256.0,1.0
7242,9.0,255.0,1.0
7243,90.0,241.0,1.0
7244,10.0,143.0,1.0
7245,105.0,433.0,1.0
7246,179.0,191.0,1.0
7247,53.0,188.0,1.0
7248,157.0,230.0,1.0
7249,189.0,221.0,1.0
7250,114.0,11.0,1.0
7251,147.0,1.0,1.0
7252,245.0,11.0,1.0
7253,42.0,33.0,1.0
7254,85.0,522.0,1.0
7255,200.0,537.0,1.0
7256,231.0,143.0,1.0
7257,130.0,17.0,1.0
7258,105.0,377.0,1.0
7259,175.0,310.0,1.0
7260,105.0,118.0,1.0
7261,210.0,337.0,1.0
7262,193.0,343.0,1.0
7263,87.0,54.0,1.0
7264,127.0,535.0,1.0
7265,257.0,574.0,1.0
7266,175.0,376.0,1.0
7267,229.0,361.0,1.0
7268,104.0,93.0,1.0
7269,128.0,220.0,1.0
7270,201.0,393.0,1.0
7271,46.0,425.0,1.0
7272,81.0,157.0,1.0
7273,42.0,7.0,1.0
7274,195.0,256.0,1.0
7275,60.0,244.0,1.0
7276,191.0,147.0,1.0
7277,74.0,221.0,1.0
7278,217.0,504.0,1.0
7279,37.0,460.0,1.0
7280,205.0,449.0,1.0
7281,219.0,267.0,1.0
7282,84.0,92.0,1.0
7283,101.0,384.0,1.0
7284,94.0,156.0,1.0
7285,105.0,24.0,1.0
7286,79.0,148.0,1.0
7287,244.0,561.0,1.0
7288,26.0,141.0,1.0
7289,228.0,50.0,1.0
7290,189.0,205.0,1.0
7291,189.0,233.0,1.0
7292,39.0,191.0,1.0
7293,232.0,265.0,1.0
7294,74.0,205.0,1.0
7295,16.0,23.0,1.0
7296,128.0,83.0,1.0
7297,144.0,189.0,1.0
7298,44.0,10.0,1.0
7299,147.0,34.0,1.0
7300,90.0,386.0,1.0
7301,180.0,220.0,1.0
7302,178.0,50.0,1.0
7303,14.0,316.0,1.0
7304,82.0,42.0,1.0
7305,230.0,220.0,1.0
7306,248.0,529.0,1.0
7307,101.0,100.0,1.0
7308,130.0,22.0,1.0
7309,163.0,145.0,1.0
7310,122.0,445.0,1.0
7311,135.0,205.0,1.0
7312,70.0,122.0,1.0
7313,79.0,310.0,1.0
7314,67.0,208.0,1.0
7315,160.0,177.0,1.0
7316,136.0,260.0,1.0
7317,172.0,43.0,1.0
7318,225.0,456.0,1.0
7319,3.0,156.0,1.0
7320,102.0,132.0,1.0
7321,0.0,11.0,1.0
7322,120.0,125.0,1.0
7323,60.0,12.0,1.0
7324,212.0,378.0,1.0
7325,234.0,400.0,1.0
7326,6.0,227.0,1.0
7327,94.0,282.0,1.0
7328,148.0,189.0,1.0
7329,218.0,182.0,1.0
7330,102.0,518.0,1.0
7331,65.0,570.0,1.0
7332,169.0,202.0,1.0
7333,147.0,118.0,1.0
7334,166.0,368.0,1.0
7335,193.0,190.0,1.0
7336,158.0,534.0,1.0
7337,11.0,98.0,1.0
7338,119.0,310.0,1.0
7339,135.0,410.0,1.0
7340,155.0,20.0,1.0
7341,145.0,10.0,1.0
7342,111.0,555.0,1.0
7343,113.0,171.0,1.0
7344,120.0,95.0,1.0
7345,228.0,100.0,1.0
7346,214.0,415.0,1.0
7347,47.0,309.0,1.0
7348,191.0,296.0,1.0
7349,51.0,245.0,1.0
7350,87.0,431.0,1.0
7351,211.0,43.0,1.0
7352,268.0,84.0,1.0
7353,158.0,360.0,1.0
7354,149.0,99.0,1.0
7355,30.0,35.0,1.0
7356,108.0,19.0,1.0
7357,68.0,120.0,1.0
7358,61.0,47.0,1.0
7359,234.0,543.0,1.0
7360,87.0,394.0,1.0
7361,103.0,367.0,1.0
7362,199.0,177.0,1.0
7363,105.0,107.0,1.0
7364,261.0,140.0,1.0
7365,177.0,18.0,1.0
7366,177.0,135.0,1.0
7367,199.0,143.0,1.0
7368,8.0,239.0,1.0
7369,264.0,60.0,1.0
7370,191.0,50.0,1.0
7371,147.0,285.0,1.0
7372,108.0,304.0,1.0
7373,126.0,505.0,1.0
7374,87.0,186.0,1.0
7375,18.0,159.0,1.0
7376,91.0,411.0,1.0
7377,96.0,394.0,1.0
7378,64.0,314.0,1.0
7379,31.0,135.0,1.0
7380,264.0,121.0,1.0
7381,15.0,78.0,1.0
7382,68.0,386.0,1.0
7383,155.0,88.0,1.0
7384,136.0,44.0,1.0
7385,60.0,10.0,1.0
7386,89.0,14.0,1.0
7387,247.0,9.0,1.0
7388,51.0,215.0,1.0
7389,245.0,528.0,1.0
7390,43.0,0.0,1.0
7391,186.0,12.0,1.0
7392,147.0,49.0,1.0
7393,99.0,320.0,1.0
7394,134.0,146.0,1.0
7395,242.0,234.0,1.0
7396,248.0,18.0,1.0
7397,82.0,517.0,1.0
7398,48.0,201.0,1.0
7399,81.0,148.0,1.0
7400,138.0,487.0,1.0
7401,159.0,100.0,1.0
7402,0.0,2.0,1.0
7403,63.0,231.0,1.0
7404,21.0,45.0,1.0
7405,130.0,425.0,1.0
7406,106.0,153.0,1.0
7407,12.0,307.0,1.0
7408,82.0,556.0,1.0
7409,28.0,56.0,1.0
7410,142.0,241.0,1.0
7411,60.0,33.0,1.0
7412,117.0,231.0,1.0
7413,182.0,27.0,1.0
7414,17.0,81.0,1.0
7415,200.0,527.0,1.0
7416,143.0,10.0,1.0
7417,144.0,453.0,1.0
7418,120.0,527.0,1.0
7419,9.0,266.0,1.0
7420,65.0,214.0,1.0
7421,138.0,57.0,1.0
7422,177.0,527.0,1.0
7423,225.0,73.0,1.0
7424,226.0,443.0,1.0
7425,101.0,47.0,1.0
7426,267.0,143.0,1.0
7427,31.0,194.0,1.0
7428,231.0,527.0,1.0
7429,35.0,0.0,1.0
7430,191.0,284.0,1.0
7431,147.0,289.0,1.0
7432,5.0,199.0,1.0
7433,126.0,217.0,1.0
7434,155.0,306.0,1.0
7435,21.0,146.0,1.0
7436,129.0,83.0,1.0
7437,53.0,467.0,1.0
7438,8.0,241.0,1.0
7439,79.0,204.0,1.0
7440,159.0,158.0,1.0
7441,94.0,100.0,1.0
7442,226.0,44.0,1.0
7443,158.0,216.0,1.0
7444,226.0,118.0,1.0
7445,17.0,353.0,1.0
7446,75.0,5.0,1.0
7447,125.0,49.0,1.0
7448,123.0,147.0,1.0
7449,75.0,59.0,1.0
7450,103.0,333.0,1.0
7451,266.0,277.0,1.0
7452,16.0,194.0,1.0
7453,247.0,97.0,1.0
7454,17.0,122.0,1.0
7455,222.0,527.0,1.0
7456,81.0,62.0,1.0
7457,51.0,523.0,1.0
7458,81.0,167.0,1.0
7459,139.0,33.0,1.0
7460,247.0,103.0,1.0
7461,203.0,482.0,1.0
7462,149.0,42.0,1.0
7463,243.0,104.0,1.0
7464,132.0,1.0,1.0
7465,22.0,87.0,1.0
7466,255.0,193.0,1.0
7467,100.0,45.0,1.0
7468,141.0,31.0,1.0
7469,116.0,84.0,1.0
7470,122.0,147.0,1.0
7471,122.0,57.0,1.0
7472,64.0,177.0,1.0
7473,89.0,91.0,1.0
7474,75.0,260.0,1.0
7475,156.0,89.0,1.0
7476,114.0,35.0,1.0
7477,8.0,245.0,1.0
7478,259.0,167.0,1.0
7479,51.0,287.0,1.0
7480,226.0,5.0,1.0
7481,226.0,39.0,1.0
7482,199.0,253.0,1.0
7483,72.0,36.0,1.0
7484,178.0,578.0,1.0
7485,184.0,9.0,1.0
7486,165.0,22.0,1.0
7487,106.0,59.0,1.0
7488,94.0,104.0,1.0
7489,159.0,409.0,1.0
7490,38.0,23.0,1.0
7491,196.0,378.0,1.0
7492,147.0,367.0,1.0
7493,205.0,362.0,1.0
7494,45.0,236.0,1.0
7495,185.0,194.0,1.0
7496,114.0,143.0,1.0
7497,22.0,345.0,1.0
7498,128.0,82.0,1.0
7499,256.0,420.0,1.0
7500,82.0,188.0,1.0
7501,16.0,57.0,1.0
7502,149.0,177.0,1.0
7503,210.0,102.0,1.0
7504,132.0,12.0,1.0
7505,97.0,95.0,1.0
7506,35.0,181.0,1.0
7507,239.0,492.0,1.0
7508,113.0,31.0,1.0
7509,90.0,175.0,1.0
7510,183.0,590.0,1.0
7511,84.0,146.0,1.0
7512,90.0,118.0,1.0
7513,259.0,26.0,1.0
7514,263.0,31.0,1.0
7515,263.0,146.0,1.0
7516,53.0,84.0,1.0
7517,56.0,138.0,1.0
7518,116.0,104.0,1.0
7519,257.0,75.0,1.0
7520,177.0,306.0,1.0
7521,102.0,441.0,1.0
7522,106.0,266.0,1.0
7523,162.0,146.0,1.0
7524,93.0,104.0,1.0
7525,58.0,481.0,1.0
7526,71.0,570.0,1.0
7527,105.0,354.0,1.0
7528,119.0,398.0,1.0
7529,147.0,108.0,1.0
7530,29.0,136.0,1.0
7531,115.0,428.0,1.0
7532,141.0,378.0,1.0
7533,132.0,66.0,1.0
7534,242.0,135.0,1.0
7535,157.0,111.0,1.0
7536,65.0,211.0,1.0
7537,157.0,325.0,1.0
7538,267.0,326.0,1.0
7539,181.0,22.0,1.0
7540,149.0,324.0,1.0
7541,145.0,120.0,1.0
7542,211.0,143.0,1.0
7543,49.0,31.0,1.0
7544,211.0,125.0,1.0
7545,126.0,96.0,1.0
7546,203.0,366.0,1.0
7547,256.0,348.0,1.0
7548,16.0,156.0,1.0
7549,222.0,153.0,1.0
7550,135.0,12.0,1.0
7551,87.0,171.0,1.0
7552,82.0,571.0,1.0
7553,128.0,17.0,1.0
7554,226.0,201.0,1.0
7555,32.0,141.0,1.0
7556,102.0,575.0,1.0
7557,178.0,451.0,1.0
7558,130.0,485.0,1.0
7559,17.0,400.0,1.0
7560,154.0,69.0,1.0
7561,250.0,154.0,1.0
7562,104.0,251.0,1.0
7563,147.0,177.0,1.0
7564,139.0,5.0,1.0
7565,10.0,158.0,1.0
7566,155.0,45.0,1.0
7567,64.0,210.0,1.0
7568,183.0,379.0,1.0
7569,268.0,101.0,1.0
7570,117.0,404.0,1.0
7571,200.0,105.0,1.0
7572,223.0,432.0,1.0
7573,31.0,241.0,1.0
7574,218.0,367.0,1.0
7575,144.0,279.0,1.0
7576,60.0,284.0,1.0
7577,187.0,195.0,1.0
7578,121.0,11.0,1.0
7579,96.0,216.0,1.0
7580,229.0,0.0,1.0
7581,35.0,300.0,1.0
7582,183.0,338.0,1.0
7583,85.0,184.0,1.0
7584,202.0,130.0,1.0
7585,182.0,44.0,1.0
7586,228.0,441.0,1.0
7587,165.0,226.0,1.0
7588,38.0,11.0,1.0
7589,51.0,321.0,1.0
7590,7.0,136.0,1.0
7591,48.0,316.0,1.0
7592,71.0,237.0,1.0
7593,207.0,27.0,1.0
7594,116.0,40.0,1.0
7595,183.0,164.0,1.0
7596,149.0,75.0,1.0
7597,42.0,221.0,1.0
7598,175.0,485.0,1.0
7599,228.0,11.0,1.0
7600,200.0,258.0,1.0
7601,160.0,447.0,1.0
7602,153.0,132.0,1.0
7603,71.0,268.0,1.0
7604,251.0,408.0,1.0
7605,248.0,125.0,1.0
7606,183.0,9.0,1.0
7607,189.0,77.0,1.0
7608,63.0,138.0,1.0
7609,19.0,50.0,1.0
7610,56.0,130.0,1.0
7611,144.0,487.0,1.0
7612,97.0,216.0,1.0
7613,130.0,106.0,1.0
7614,135.0,467.0,1.0
7615,259.0,96.0,1.0
7616,13.0,184.0,1.0
7617,60.0,415.0,1.0
7618,74.0,179.0,1.0
7619,56.0,67.0,1.0
7620,130.0,437.0,1.0
7621,64.0,538.0,1.0
7622,142.0,130.0,1.0
7623,51.0,20.0,1.0
7624,242.0,10.0,1.0
7625,174.0,81.0,1.0
7626,126.0,530.0,1.0
7627,4.0,169.0,1.0
7628,9.0,284.0,1.0
7629,45.0,176.0,1.0
7630,17.0,131.0,1.0
7631,127.0,114.0,1.0
7632,130.0,289.0,1.0
7633,196.0,27.0,1.0
7634,147.0,459.0,1.0
7635,191.0,235.0,1.0
7636,193.0,280.0,1.0
7637,239.0,257.0,1.0
7638,213.0,7.0,1.0
7639,75.0,403.0,1.0
7640,104.0,100.0,1.0
7641,56.0,289.0,1.0
7642,264.0,241.0,1.0
7643,172.0,310.0,1.0
7644,94.0,124.0,1.0
7645,256.0,326.0,1.0
7646,255.0,502.0,1.0
7647,126.0,474.0,1.0
7648,177.0,164.0,1.0
7649,76.0,35.0,1.0
7650,217.0,112.0,1.0
7651,51.0,388.0,1.0
7652,128.0,222.0,1.0
7653,165.0,496.0,1.0
7654,81.0,402.0,1.0
7655,227.0,372.0,1.0
7656,135.0,189.0,1.0
7657,3.0,143.0,1.0
7658,18.0,94.0,1.0
7659,145.0,218.0,1.0
7660,180.0,481.0,1.0
7661,202.0,552.0,1.0
7662,104.0,294.0,1.0
7663,136.0,1.0,1.0
7664,218.0,560.0,1.0
7665,128.0,213.0,1.0
7666,105.0,3.0,1.0
7667,81.0,290.0,1.0
7668,0.0,12.0,1.0
7669,126.0,214.0,1.0
7670,233.0,61.0,1.0
7671,89.0,420.0,1.0
7672,148.0,45.0,1.0
7673,156.0,277.0,1.0
7674,83.0,66.0,1.0
7675,126.0,417.0,1.0
7676,79.0,531.0,1.0
7677,208.0,87.0,1.0
7678,96.0,141.0,1.0
7679,64.0,560.0,1.0
7680,114.0,246.0,1.0
7681,149.0,155.0,1.0
7682,183.0,554.0,1.0
7683,107.0,113.0,1.0
7684,78.0,191.0,1.0
7685,84.0,241.0,1.0
7686,64.0,408.0,1.0
7687,165.0,175.0,1.0
7688,119.0,10.0,1.0
7689,147.0,213.0,1.0
7690,39.0,197.0,1.0
7691,135.0,342.0,1.0
7692,114.0,367.0,1.0
7693,265.0,532.0,1.0
7694,226.0,265.0,1.0
7695,104.0,456.0,1.0
7696,96.0,21.0,1.0
7697,126.0,126.0,1.0
7698,126.0,383.0,1.0
7699,260.0,156.0,1.0
7700,230.0,427.0,1.0
7701,134.0,350.0,1.0
7702,84.0,14.0,1.0
7703,92.0,350.0,1.0
7704,158.0,69.0,1.0
7705,28.0,367.0,1.0
7706,150.0,136.0,1.0
7707,175.0,307.0,1.0
7708,218.0,228.0,1.0
7709,166.0,451.0,1.0
7710,161.0,219.0,1.0
7711,87.0,554.0,1.0
7712,164.0,411.0,1.0
7713,129.0,79.0,1.0
7714,64.0,492.0,1.0
7715,210.0,89.0,1.0
7716,95.0,59.0,1.0
7717,64.0,114.0,1.0
7718,78.0,219.0,1.0
7719,248.0,367.0,1.0
7720,104.0,208.0,1.0
7721,52.0,84.0,1.0
7722,119.0,378.0,1.0
7723,147.0,302.0,1.0
7724,7.0,130.0,1.0
7725,119.0,5.0,1.0
7726,202.0,123.0,1.0
7727,200.0,135.0,1.0
7728,176.0,206.0,1.0
7729,69.0,186.0,1.0
7730,229.0,508.0,1.0
7731,247.0,380.0,1.0
7732,213.0,222.0,1.0
7733,161.0,377.0,1.0
7734,250.0,179.0,1.0
7735,134.0,245.0,1.0
7736,205.0,458.0,1.0
7737,206.0,209.0,1.0
7738,178.0,572.0,1.0
7739,97.0,566.0,1.0
7740,193.0,230.0,1.0
7741,209.0,576.0,1.0
7742,17.0,96.0,1.0
7743,82.0,173.0,1.0
7744,203.0,168.0,1.0
7745,248.0,23.0,1.0
7746,81.0,134.0,1.0
7747,116.0,175.0,1.0
7748,156.0,194.0,1.0
7749,102.0,308.0,1.0
7750,1.0,64.0,1.0
7751,102.0,36.0,1.0
7752,177.0,156.0,1.0
7753,67.0,529.0,1.0
7754,105.0,143.0,1.0
7755,217.0,202.0,1.0
7756,67.0,218.0,1.0
7757,171.0,58.0,1.0
7758,75.0,111.0,1.0
7759,201.0,10.0,1.0
7760,210.0,12.0,1.0
7761,101.0,530.0,1.0
7762,199.0,20.0,1.0
7763,9.0,285.0,1.0
7764,97.0,1.0,1.0
7765,90.0,225.0,1.0
7766,130.0,109.0,1.0
7767,108.0,50.0,1.0
7768,219.0,12.0,1.0
7769,67.0,113.0,1.0
7770,175.0,305.0,1.0
7771,224.0,395.0,1.0
7772,89.0,71.0,1.0
7773,30.0,47.0,1.0
7774,219.0,148.0,1.0
7775,65.0,97.0,1.0
7776,178.0,343.0,1.0
7777,87.0,161.0,1.0
7778,108.0,378.0,1.0
7779,173.0,179.0,1.0
7780,2.0,118.0,1.0
7781,161.0,66.0,1.0
7782,82.0,201.0,1.0
7783,197.0,334.0,1.0
7784,86.0,33.0,1.0
7785,65.0,332.0,1.0
7786,182.0,245.0,1.0
7787,226.0,26.0,1.0
7788,191.0,168.0,1.0
7789,51.0,225.0,1.0
7790,103.0,184.0,1.0
7791,238.0,27.0,1.0
7792,195.0,266.0,1.0
7793,63.0,100.0,1.0
7794,229.0,59.0,1.0
7795,83.0,226.0,1.0
7796,257.0,251.0,1.0
7797,153.0,425.0,1.0
7798,189.0,136.0,1.0
7799,223.0,371.0,1.0
7800,215.0,539.0,1.0
7801,104.0,420.0,1.0
7802,234.0,60.0,1.0
7803,132.0,374.0,1.0
7804,49.0,415.0,1.0
7805,149.0,47.0,1.0
7806,97.0,388.0,1.0
7807,79.0,564.0,1.0
7808,240.0,25.0,1.0
7809,261.0,100.0,1.0
7810,74.0,269.0,1.0
7811,107.0,3.0,1.0
7812,96.0,280.0,1.0
7813,156.0,248.0,1.0
7814,183.0,595.0,1.0
7815,52.0,422.0,1.0
7816,234.0,232.0,1.0
7817,130.0,216.0,1.0
7818,147.0,524.0,1.0
7819,39.0,68.0,1.0
7820,225.0,41.0,1.0
7821,191.0,321.0,1.0
7822,83.0,487.0,1.0
7823,189.0,38.0,1.0
7824,56.0,320.0,1.0
7825,225.0,69.0,1.0
7826,224.0,45.0,1.0
7827,160.0,458.0,1.0
7828,132.0,209.0,1.0
7829,216.0,175.0,1.0
7830,243.0,55.0,1.0
7831,165.0,317.0,1.0
7832,252.0,184.0,1.0
7833,87.0,221.0,1.0
7834,97.0,97.0,1.0
7835,216.0,9.0,1.0
7836,87.0,517.0,1.0
7837,217.0,198.0,1.0
7838,148.0,216.0,1.0
7839,183.0,63.0,1.0
7840,22.0,109.0,1.0
7841,150.0,21.0,1.0
7842,128.0,175.0,1.0
7843,248.0,463.0,1.0
7844,16.0,16.0,1.0
7845,179.0,434.0,1.0
7846,244.0,241.0,1.0
7847,84.0,65.0,1.0
7848,149.0,61.0,1.0
7849,2.0,112.0,1.0
7850,11.0,208.0,1.0
7851,39.0,125.0,1.0
7852,62.0,147.0,1.0
7853,96.0,374.0,1.0
7854,56.0,273.0,1.0
7855,154.0,120.0,1.0
7856,211.0,40.0,1.0
7857,13.0,135.0,1.0
7858,212.0,310.0,1.0
7859,177.0,484.0,1.0
7860,39.0,402.0,1.0
7861,81.0,276.0,1.0
7862,145.0,127.0,1.0
7863,102.0,296.0,1.0
7864,16.0,18.0,1.0
7865,149.0,590.0,1.0
7866,113.0,176.0,1.0
7867,191.0,277.0,1.0
7868,119.0,217.0,1.0
7869,102.0,126.0,1.0
7870,187.0,390.0,1.0
7871,259.0,117.0,1.0
7872,100.0,379.0,1.0
7873,156.0,147.0,1.0
7874,74.0,233.0,1.0
7875,117.0,113.0,1.0
7876,4.0,11.0,1.0
7877,207.0,259.0,1.0
7878,56.0,277.0,1.0
7879,200.0,113.0,1.0
7880,156.0,38.0,1.0
7881,56.0,485.0,1.0
7882,250.0,469.0,1.0
7883,147.0,559.0,1.0
7884,65.0,136.0,1.0
7885,147.0,95.0,1.0
7886,186.0,547.0,1.0
7887,169.0,179.0,1.0
7888,181.0,59.0,1.0
7889,69.0,419.0,1.0
7890,203.0,61.0,1.0
7891,250.0,83.0,1.0
7892,144.0,505.0,1.0
7893,248.0,352.0,1.0
7894,88.0,95.0,1.0
7895,138.0,346.0,1.0
7896,175.0,406.0,1.0
7897,122.0,485.0,1.0
7898,127.0,592.0,1.0
7899,97.0,445.0,1.0
7900,16.0,361.0,1.0
7901,96.0,147.0,1.0
7902,116.0,542.0,1.0
7903,149.0,150.0,1.0
7904,177.0,537.0,1.0
7905,136.0,197.0,1.0
7906,67.0,469.0,1.0
7907,32.0,244.0,1.0
7908,83.0,395.0,1.0
7909,15.0,172.0,1.0
7910,263.0,16.0,1.0
7911,71.0,550.0,1.0
7912,39.0,185.0,1.0
7913,178.0,341.0,1.0
7914,182.0,495.0,1.0
7915,102.0,163.0,1.0
7916,114.0,23.0,1.0
7917,132.0,153.0,1.0
7918,62.0,254.0,1.0
7919,224.0,146.0,1.0
7920,178.0,426.0,1.0
7921,29.0,269.0,1.0
7922,102.0,430.0,1.0
7923,51.0,458.0,1.0
7924,2.0,47.0,1.0
7925,144.0,278.0,1.0
7926,96.0,186.0,1.0
7927,145.0,214.0,1.0
7928,98.0,193.0,1.0
7929,81.0,51.0,1.0
7930,224.0,571.0,1.0
7931,239.0,59.0,1.0
7932,193.0,324.0,1.0
7933,16.0,225.0,1.0
7934,220.0,103.0,1.0
7935,130.0,256.0,1.0
7936,128.0,238.0,1.0
7937,223.0,241.0,1.0
7938,141.0,230.0,1.0
7939,56.0,31.0,1.0
7940,130.0,235.0,1.0
7941,31.0,122.0,1.0
7942,2.0,146.0,1.0
7943,56.0,245.0,1.0
7944,2.0,109.0,1.0
7945,98.0,523.0,1.0
7946,150.0,137.0,1.0
7947,105.0,337.0,1.0
7948,71.0,375.0,1.0
7949,107.0,429.0,1.0
7950,218.0,74.0,1.0
7951,266.0,223.0,1.0
7952,182.0,400.0,1.0
7953,122.0,292.0,1.0
7954,39.0,205.0,1.0
7955,51.0,87.0,1.0
7956,189.0,507.0,1.0
7957,12.0,113.0,1.0
7958,86.0,462.0,1.0
7959,258.0,320.0,1.0
7960,201.0,213.0,1.0
7961,89.0,310.0,1.0
7962,18.0,154.0,1.0
7963,51.0,112.0,1.0
7964,86.0,310.0,1.0
7965,114.0,275.0,1.0
7966,1.0,33.0,1.0
7967,202.0,92.0,1.0
7968,78.0,375.0,1.0
7969,145.0,241.0,1.0
7970,136.0,399.0,1.0
7971,259.0,31.0,1.0
7972,185.0,9.0,1.0
7973,114.0,91.0,1.0
7974,185.0,280.0,1.0
7975,56.0,266.0,1.0
7976,122.0,356.0,1.0
7977,105.0,342.0,1.0
7978,1.0,25.0,1.0
7979,53.0,398.0,1.0
7980,224.0,132.0,1.0
7981,20.0,143.0,1.0
7982,183.0,116.0,1.0
7983,173.0,50.0,1.0
7984,241.0,427.0,1.0
7985,178.0,164.0,1.0
7986,65.0,173.0,1.0
7987,196.0,386.0,1.0
7988,9.0,272.0,1.0
7989,53.0,386.0,1.0
7990,26.0,281.0,1.0
7991,69.0,518.0,1.0
7992,153.0,460.0,1.0
7993,8.0,80.0,1.0
7994,257.0,49.0,1.0
7995,65.0,12.0,1.0
7996,82.0,546.0,1.0
7997,265.0,317.0,1.0
7998,258.0,150.0,1.0
7999,176.0,249.0,1.0
8000,258.0,59.0,1.0
8001,153.0,258.0,1.0
8002,65.0,382.0,1.0
8003,223.0,490.0,1.0
8004,95.0,418.0,1.0
8005,191.0,58.0,1.0
8006,102.0,54.0,1.0
8007,213.0,220.0,1.0
8008,120.0,0.0,1.0
8009,156.0,553.0,1.0
8010,187.0,103.0,1.0
8011,63.0,309.0,1.0
8012,17.0,409.0,1.0
8013,82.0,406.0,1.0
8014,191.0,269.0,1.0
8015,229.0,177.0,1.0
8016,218.0,143.0,1.0
8017,105.0,238.0,1.0
8018,191.0,89.0,1.0
8019,92.0,282.0,1.0
8020,82.0,131.0,1.0
8021,65.0,20.0,1.0
8022,87.0,0.0,1.0
8023,189.0,231.0,1.0
8024,165.0,374.0,1.0
8025,91.0,58.0,1.0
8026,146.0,102.0,1.0
8027,92.0,76.0,1.0
8028,205.0,175.0,1.0
8029,102.0,85.0,1.0
8030,96.0,100.0,1.0
8031,155.0,64.0,1.0
8032,183.0,491.0,1.0
8033,234.0,124.0,1.0
8034,113.0,47.0,1.0
8035,130.0,233.0,1.0
8036,186.0,252.0,1.0
8037,81.0,305.0,1.0
8038,62.0,488.0,1.0
8039,230.0,574.0,1.0
8040,75.0,418.0,1.0
8041,193.0,201.0,1.0
8042,31.0,11.0,1.0
8043,68.0,39.0,1.0
8044,203.0,152.0,1.0
8045,105.0,10.0,1.0
8046,189.0,1.0,1.0
8047,26.0,171.0,1.0
8048,33.0,304.0,1.0
8049,142.0,381.0,1.0
8050,200.0,256.0,1.0
8051,17.0,399.0,1.0
8052,115.0,223.0,1.0
8053,149.0,130.0,1.0
8054,71.0,223.0,1.0
8055,257.0,91.0,1.0
8056,77.0,223.0,1.0
8057,34.0,90.0,1.0
8058,101.0,386.0,1.0
8059,8.0,81.0,1.0
8060,71.0,472.0,1.0
8061,87.0,86.0,1.0
8062,164.0,120.0,1.0
8063,260.0,10.0,1.0
8064,68.0,236.0,1.0
8065,79.0,393.0,1.0
8066,136.0,234.0,1.0
8067,105.0,496.0,1.0
8068,228.0,81.0,1.0
8069,8.0,82.0,1.0
8070,101.0,464.0,1.0
8071,52.0,5.0,1.0
8072,240.0,91.0,1.0
8073,166.0,197.0,1.0
8074,82.0,513.0,1.0
8075,168.0,137.0,1.0
8076,226.0,196.0,1.0
8077,144.0,32.0,1.0
8078,172.0,351.0,1.0
8079,87.0,79.0,1.0
8080,170.0,89.0,1.0
8081,83.0,269.0,1.0
8082,223.0,418.0,1.0
8083,200.0,203.0,1.0
8084,94.0,10.0,1.0
8085,16.0,77.0,1.0
8086,179.0,528.0,1.0
8087,250.0,194.0,1.0
8088,74.0,434.0,1.0
8089,239.0,454.0,1.0
8090,124.0,395.0,1.0
8091,145.0,311.0,1.0
8092,75.0,342.0,1.0
8093,186.0,218.0,1.0
8094,89.0,44.0,1.0
8095,69.0,148.0,1.0
8096,22.0,161.0,1.0
8097,16.0,61.0,1.0
8098,165.0,10.0,1.0
8099,200.0,89.0,1.0
8100,85.0,293.0,1.0
8101,21.0,147.0,1.0
8102,225.0,89.0,1.0
8103,101.0,153.0,1.0
8104,257.0,276.0,1.0
8105,44.0,83.0,1.0
8106,232.0,126.0,1.0
8107,248.0,245.0,1.0
8108,42.0,472.0,1.0
8109,134.0,191.0,1.0
8110,116.0,54.0,1.0
8111,217.0,148.0,1.0
8112,108.0,553.0,1.0
8113,183.0,69.0,1.0
8114,229.0,389.0,1.0
8115,81.0,571.0,1.0
8116,231.0,342.0,1.0
8117,207.0,282.0,1.0
8118,251.0,243.0,1.0
8119,233.0,333.0,1.0
8120,16.0,67.0,1.0
8121,238.0,189.0,1.0
8122,223.0,177.0,1.0
8123,65.0,551.0,1.0
8124,221.0,191.0,1.0
8125,105.0,0.0,1.0
8126,232.0,81.0,1.0
8127,105.0,317.0,1.0
8128,261.0,89.0,1.0
8129,2.0,9.0,1.0
8130,182.0,130.0,1.0
8131,148.0,427.0,1.0
8132,77.0,190.0,1.0
8133,94.0,434.0,1.0
8134,136.0,121.0,1.0
8135,229.0,311.0,1.0
8136,218.0,76.0,1.0
8137,32.0,133.0,1.0
8138,141.0,87.0,1.0
8139,117.0,36.0,1.0
8140,228.0,430.0,1.0
8141,83.0,518.0,1.0
8142,22.0,133.0,1.0
8143,128.0,126.0,1.0
8144,104.0,45.0,1.0
8145,256.0,411.0,1.0
8146,203.0,113.0,1.0
8147,91.0,224.0,1.0
8148,242.0,79.0,1.0
8149,262.0,141.0,1.0
8150,116.0,161.0,1.0
8151,75.0,460.0,1.0
8152,58.0,147.0,1.0
8153,248.0,384.0,1.0
8154,200.0,8.0,1.0
8155,15.0,50.0,1.0
8156,226.0,361.0,1.0
8157,119.0,534.0,1.0
8158,71.0,81.0,1.0
8159,250.0,323.0,1.0
8160,164.0,180.0,1.0
8161,154.0,343.0,1.0
8162,158.0,130.0,1.0
8163,7.0,116.0,1.0
8164,79.0,386.0,1.0
8165,60.0,382.0,1.0
8166,100.0,136.0,1.0
8167,261.0,245.0,1.0
8168,139.0,310.0,1.0
8169,131.0,534.0,1.0
8170,180.0,272.0,1.0
8171,74.0,584.0,1.0
8172,205.0,190.0,1.0
8173,16.0,136.0,1.0
8174,102.0,86.0,1.0
8175,29.0,61.0,1.0
8176,146.0,178.0,1.0
8177,145.0,22.0,1.0
8178,39.0,467.0,1.0
8179,265.0,194.0,1.0
8180,144.0,388.0,1.0
8181,100.0,119.0,1.0
8182,75.0,190.0,1.0
8183,107.0,92.0,1.0
8184,189.0,106.0,1.0
8185,102.0,105.0,1.0
8186,28.0,11.0,1.0
8187,155.0,27.0,1.0
8188,200.0,119.0,1.0
8189,156.0,191.0,1.0
8190,72.0,465.0,1.0
8191,183.0,74.0,1.0
8192,148.0,248.0,1.0
8193,147.0,5.0,1.0
8194,127.0,194.0,1.0
8195,42.0,393.0,1.0
8196,250.0,53.0,1.0
8197,239.0,451.0,1.0
8198,208.0,440.0,1.0
8199,51.0,208.0,1.0
8200,256.0,48.0,1.0
8201,124.0,89.0,1.0
8202,185.0,253.0,1.0
8203,136.0,506.0,1.0
8204,60.0,537.0,1.0
8205,160.0,40.0,1.0
8206,196.0,586.0,1.0
8207,203.0,96.0,1.0
8208,167.0,110.0,1.0
8209,189.0,411.0,1.0
8210,60.0,112.0,1.0
8211,69.0,143.0,1.0
8212,75.0,431.0,1.0
8213,81.0,516.0,1.0
8214,165.0,354.0,1.0
8215,224.0,43.0,1.0
8216,223.0,442.0,1.0
8217,52.0,66.0,1.0
8218,205.0,81.0,1.0
8219,105.0,127.0,1.0
8220,248.0,79.0,1.0
8221,65.0,185.0,1.0
8222,78.0,543.0,1.0
8223,256.0,59.0,1.0
8224,165.0,130.0,1.0
8225,82.0,492.0,1.0
8226,31.0,22.0,1.0
8227,200.0,592.0,1.0
8228,16.0,39.0,1.0
8229,135.0,89.0,1.0
8230,150.0,4.0,1.0
8231,153.0,235.0,1.0
8232,144.0,207.0,1.0
8233,64.0,494.0,1.0
8234,9.0,280.0,1.0
8235,79.0,353.0,1.0
8236,42.0,14.0,1.0
8237,183.0,179.0,1.0
8238,252.0,66.0,1.0
8239,90.0,154.0,1.0
8240,130.0,319.0,1.0
8241,143.0,68.0,1.0
8242,195.0,348.0,1.0
8243,249.0,80.0,1.0
8244,190.0,133.0,1.0
8245,207.0,230.0,1.0
8246,20.0,50.0,1.0
8247,211.0,89.0,1.0
8248,128.0,272.0,1.0
8249,150.0,50.0,1.0
8250,88.0,468.0,1.0
8251,18.0,146.0,1.0
8252,259.0,231.0,1.0
8253,22.0,430.0,1.0
8254,77.0,407.0,1.0
8255,130.0,225.0,1.0
8256,52.0,145.0,1.0
8257,199.0,165.0,1.0
8258,104.0,58.0,1.0
8259,96.0,111.0,1.0
8260,210.0,59.0,1.0
8261,16.0,367.0,1.0
8262,43.0,384.0,1.0
8263,69.0,8.0,1.0
8264,189.0,202.0,1.0
8265,141.0,416.0,1.0
8266,119.0,231.0,1.0
8267,105.0,272.0,1.0
8268,142.0,7.0,1.0
8269,225.0,556.0,1.0
8270,32.0,129.0,1.0
8271,85.0,493.0,1.0
8272,224.0,522.0,1.0
8273,44.0,400.0,1.0
8274,17.0,130.0,1.0
8275,176.0,410.0,1.0
8276,59.0,267.0,1.0
8277,255.0,463.0,1.0
8278,161.0,106.0,1.0
8279,164.0,162.0,1.0
8280,118.0,391.0,1.0
8281,51.0,358.0,1.0
8282,74.0,255.0,1.0
8283,83.0,374.0,1.0
8284,51.0,72.0,1.0
8285,144.0,58.0,1.0
8286,74.0,116.0,1.0
8287,207.0,64.0,1.0
8288,233.0,44.0,1.0
8289,223.0,44.0,1.0
8290,10.0,269.0,1.0
8291,177.0,331.0,1.0
8292,44.0,486.0,1.0
8293,113.0,122.0,1.0
8294,42.0,202.0,1.0
8295,231.0,57.0,1.0
8296,196.0,116.0,1.0
8297,5.0,218.0,1.0
8298,91.0,370.0,1.0
8299,157.0,31.0,1.0
8300,124.0,290.0,1.0
8301,98.0,482.0,1.0
8302,89.0,203.0,1.0
8303,189.0,423.0,1.0
8304,226.0,87.0,1.0
8305,182.0,188.0,1.0
8306,82.0,490.0,1.0
8307,177.0,50.0,1.0
8308,71.0,146.0,1.0
8309,58.0,538.0,1.0
8310,189.0,14.0,1.0
8311,203.0,51.0,1.0
8312,183.0,203.0,1.0
8313,138.0,311.0,1.0
8314,56.0,315.0,1.0
8315,115.0,122.0,1.0
8316,67.0,364.0,1.0
8317,2.0,24.0,1.0
8318,175.0,182.0,1.0
8319,130.0,40.0,1.0
8320,138.0,120.0,1.0
8321,122.0,179.0,1.0
8322,31.0,67.0,1.0
8323,32.0,136.0,1.0
8324,266.0,100.0,1.0
8325,207.0,298.0,1.0
8326,223.0,40.0,1.0
8327,187.0,216.0,1.0
8328,86.0,91.0,1.0
8329,51.0,57.0,1.0
8330,213.0,91.0,1.0
8331,246.0,247.0,1.0
8332,248.0,234.0,1.0
8333,32.0,58.0,1.0
8334,5.0,97.0,1.0
8335,22.0,45.0,1.0
8336,85.0,51.0,1.0
8337,268.0,80.0,1.0
8338,175.0,451.0,1.0
8339,203.0,13.0,1.0
8340,78.0,368.0,1.0
8341,69.0,72.0,1.0
8342,195.0,452.0,1.0
8343,115.0,378.0,1.0
8344,174.0,578.0,1.0
8345,244.0,91.0,1.0
8346,114.0,56.0,1.0
8347,228.0,31.0,1.0
8348,207.0,273.0,1.0
8349,160.0,201.0,1.0
8350,84.0,345.0,1.0
8351,133.0,496.0,1.0
8352,60.0,52.0,1.0
8353,60.0,251.0,1.0
8354,78.0,133.0,1.0
8355,145.0,81.0,1.0
8356,121.0,253.0,1.0
8357,17.0,314.0,1.0
8358,228.0,302.0,1.0
8359,83.0,113.0,1.0
8360,206.0,47.0,1.0
8361,51.0,329.0,1.0
8362,11.0,146.0,1.0
8363,37.0,10.0,1.0
8364,256.0,241.0,1.0
8365,99.0,92.0,1.0
8366,178.0,86.0,1.0
8367,48.0,253.0,1.0
8368,135.0,227.0,1.0
8369,91.0,385.0,1.0
8370,26.0,89.0,1.0
8371,256.0,588.0,1.0
8372,94.0,375.0,1.0
8373,79.0,66.0,1.0
8374,123.0,164.0,1.0
8375,116.0,22.0,1.0
8376,225.0,39.0,1.0
8377,137.0,410.0,1.0
8378,230.0,225.0,1.0
8379,144.0,147.0,1.0
8380,165.0,38.0,1.0
8381,104.0,349.0,1.0
8382,81.0,190.0,1.0
8383,227.0,313.0,1.0
8384,79.0,201.0,1.0
8385,135.0,190.0,1.0
8386,165.0,62.0,1.0
8387,44.0,294.0,1.0
8388,114.0,181.0,1.0
8389,38.0,56.0,1.0
8390,92.0,194.0,1.0
8391,133.0,326.0,1.0
8392,141.0,89.0,1.0
8393,158.0,456.0,1.0
8394,79.0,5.0,1.0
8395,199.0,194.0,1.0
8396,128.0,109.0,1.0
8397,218.0,1.0,1.0
8398,87.0,427.0,1.0
8399,188.0,360.0,1.0
8400,102.0,226.0,1.0
8401,53.0,89.0,1.0
8402,218.0,170.0,1.0
8403,138.0,207.0,1.0
8404,252.0,181.0,1.0
8405,147.0,92.0,1.0
8406,57.0,122.0,1.0
8407,130.0,223.0,1.0
8408,243.0,150.0,1.0
8409,53.0,436.0,1.0
8410,106.0,35.0,1.0
8411,168.0,44.0,1.0
8412,238.0,538.0,1.0
8413,147.0,203.0,1.0
8414,81.0,35.0,1.0
8415,20.0,55.0,1.0
8416,182.0,201.0,1.0
8417,98.0,100.0,1.0
8418,65.0,156.0,1.0
8419,264.0,305.0,1.0
8420,56.0,9.0,1.0
8421,116.0,530.0,1.0
8422,135.0,70.0,1.0
8423,226.0,70.0,1.0
8424,130.0,229.0,1.0
8425,60.0,126.0,1.0
8426,183.0,188.0,1.0
8427,232.0,45.0,1.0
8428,57.0,172.0,1.0
8429,82.0,136.0,1.0
8430,116.0,78.0,1.0
8431,106.0,273.0,1.0
8432,183.0,62.0,1.0
8433,249.0,241.0,1.0
8434,9.0,263.0,1.0
8435,252.0,9.0,1.0
8436,55.0,28.0,1.0
8437,258.0,31.0,1.0
8438,3.0,158.0,1.0
8439,87.0,334.0,1.0
8440,8.0,246.0,1.0
8441,195.0,489.0,1.0
8442,110.0,252.0,1.0
8443,209.0,578.0,1.0
8444,107.0,91.0,1.0
8445,214.0,35.0,1.0
8446,114.0,237.0,1.0
8447,139.0,434.0,1.0
8448,78.0,22.0,1.0
8449,185.0,59.0,1.0
8450,238.0,11.0,1.0
8451,175.0,383.0,1.0
8452,129.0,6.0,1.0
8453,212.0,227.0,1.0
8454,19.0,291.0,1.0
8455,182.0,58.0,1.0
8456,108.0,535.0,1.0
8457,56.0,255.0,1.0
8458,169.0,194.0,1.0
8459,119.0,62.0,1.0
8460,199.0,175.0,1.0
8461,261.0,253.0,1.0
8462,199.0,584.0,1.0
8463,138.0,241.0,1.0
8464,48.0,444.0,1.0
8465,128.0,408.0,1.0
8466,108.0,139.0,1.0
8467,184.0,50.0,1.0
8468,94.0,233.0,1.0
8469,248.0,168.0,1.0
8470,85.0,269.0,1.0
8471,134.0,147.0,1.0
8472,44.0,478.0,1.0
8473,44.0,12.0,1.0
8474,164.0,39.0,1.0
8475,223.0,468.0,1.0
8476,223.0,175.0,1.0
8477,51.0,419.0,1.0
8478,156.0,429.0,1.0
8479,94.0,387.0,1.0
8480,149.0,356.0,1.0
8481,259.0,555.0,1.0
8482,75.0,553.0,1.0
8483,85.0,37.0,1.0
8484,234.0,372.0,1.0
8485,54.0,27.0,1.0
8486,263.0,129.0,1.0
8487,168.0,134.0,1.0
8488,132.0,534.0,1.0
8489,9.0,89.0,1.0
8490,115.0,596.0,1.0
8491,132.0,411.0,1.0
8492,152.0,132.0,1.0
8493,79.0,197.0,1.0
8494,15.0,194.0,1.0
8495,126.0,39.0,1.0
8496,87.0,446.0,1.0
8497,199.0,358.0,1.0
8498,69.0,130.0,1.0
8499,148.0,89.0,1.0
8500,167.0,362.0,1.0
8501,125.0,48.0,1.0
8502,96.0,1.0,1.0
8503,44.0,432.0,1.0
8504,262.0,52.0,1.0
8505,90.0,289.0,1.0
8506,236.0,38.0,1.0
8507,16.0,88.0,1.0
8508,208.0,31.0,1.0
8509,86.0,7.0,1.0
8510,69.0,103.0,1.0
8511,51.0,386.0,1.0
8512,94.0,479.0,1.0
8513,104.0,81.0,1.0
8514,226.0,423.0,1.0
8515,229.0,500.0,1.0
8516,209.0,50.0,1.0
8517,191.0,382.0,1.0
8518,82.0,249.0,1.0
8519,51.0,378.0,1.0
8520,188.0,25.0,1.0
8521,130.0,311.0,1.0
8522,95.0,86.0,1.0
8523,65.0,145.0,1.0
8524,227.0,32.0,1.0
8525,264.0,55.0,1.0
8526,55.0,259.0,1.0
8527,81.0,111.0,1.0
8528,75.0,51.0,1.0
8529,5.0,89.0,1.0
8530,173.0,146.0,1.0
8531,207.0,304.0,1.0
8532,104.0,157.0,1.0
8533,224.0,120.0,1.0
8534,29.0,302.0,1.0
8535,191.0,118.0,1.0
8536,207.0,239.0,1.0
8537,126.0,360.0,1.0
8538,149.0,62.0,1.0
8539,128.0,15.0,1.0
8540,89.0,207.0,1.0
8541,52.0,224.0,1.0
8542,132.0,310.0,1.0
8543,129.0,148.0,1.0
8544,162.0,478.0,1.0
8545,88.0,188.0,1.0
8546,148.0,426.0,1.0
8547,81.0,209.0,1.0
8548,39.0,0.0,1.0
8549,250.0,145.0,1.0
8550,90.0,178.0,1.0
8551,165.0,136.0,1.0
8552,77.0,116.0,1.0
8553,207.0,86.0,1.0
8554,256.0,222.0,1.0
8555,74.0,147.0,1.0
8556,165.0,523.0,1.0
8557,248.0,191.0,1.0
8558,220.0,526.0,1.0
8559,215.0,447.0,1.0
8560,223.0,212.0,1.0
8561,87.0,143.0,1.0
8562,64.0,296.0,1.0
8563,45.0,420.0,1.0
8564,175.0,368.0,1.0
8565,258.0,92.0,1.0
8566,72.0,21.0,1.0
8567,226.0,164.0,1.0
8568,212.0,231.0,1.0
8569,199.0,164.0,1.0
8570,229.0,122.0,1.0
8571,115.0,12.0,1.0
8572,217.0,400.0,1.0
8573,228.0,281.0,1.0
8574,9.0,36.0,1.0
8575,71.0,219.0,1.0
8576,197.0,79.0,1.0
8577,18.0,76.0,1.0
8578,218.0,155.0,1.0
8579,226.0,72.0,1.0
8580,149.0,215.0,1.0
8581,84.0,277.0,1.0
8582,173.0,462.0,1.0
8583,156.0,487.0,1.0
8584,117.0,305.0,1.0
8585,267.0,251.0,1.0
8586,62.0,337.0,1.0
8587,263.0,561.0,1.0
8588,155.0,285.0,1.0
8589,34.0,106.0,1.0
8590,149.0,349.0,1.0
8591,6.0,103.0,1.0
8592,150.0,251.0,1.0
8593,74.0,189.0,1.0
8594,224.0,308.0,1.0
8595,194.0,247.0,1.0
8596,89.0,0.0,1.0
8597,75.0,521.0,1.0
8598,228.0,70.0,1.0
8599,108.0,17.0,1.0
8600,56.0,103.0,1.0
8601,182.0,157.0,1.0
8602,147.0,116.0,1.0
8603,123.0,267.0,1.0
8604,31.0,281.0,1.0
8605,51.0,223.0,1.0
8606,183.0,70.0,1.0
8607,56.0,447.0,1.0
8608,214.0,343.0,1.0
8609,145.0,398.0,1.0
8610,91.0,545.0,1.0
8611,178.0,37.0,1.0
8612,259.0,528.0,1.0
8613,9.0,260.0,1.0
8614,89.0,198.0,1.0
8615,34.0,100.0,1.0
8616,119.0,57.0,1.0
8617,178.0,196.0,1.0
8618,46.0,66.0,1.0
8619,211.0,563.0,1.0
8620,147.0,288.0,1.0
8621,65.0,522.0,1.0
8622,59.0,219.0,1.0
8623,102.0,532.0,1.0
8624,30.0,31.0,1.0
8625,225.0,342.0,1.0
8626,225.0,271.0,1.0
8627,68.0,57.0,1.0
8628,183.0,156.0,1.0
8629,160.0,36.0,1.0
8630,128.0,77.0,1.0
8631,114.0,384.0,1.0
8632,256.0,191.0,1.0
8633,63.0,195.0,1.0
8634,207.0,372.0,1.0
8635,165.0,201.0,1.0
8636,81.0,135.0,1.0
8637,136.0,239.0,1.0
8638,114.0,226.0,1.0
8639,234.0,409.0,1.0
8640,151.0,328.0,1.0
8641,3.0,157.0,1.0
8642,3.0,24.0,1.0
8643,232.0,297.0,1.0
8644,257.0,420.0,1.0
8645,71.0,534.0,1.0
8646,116.0,113.0,1.0
8647,81.0,208.0,1.0
8648,170.0,92.0,1.0
8649,178.0,495.0,1.0
8650,117.0,217.0,1.0
8651,147.0,480.0,1.0
8652,79.0,280.0,1.0
8653,165.0,191.0,1.0
8654,178.0,52.0,1.0
8655,159.0,284.0,1.0
8656,136.0,5.0,1.0
8657,238.0,255.0,1.0
8658,220.0,190.0,1.0
8659,110.0,61.0,1.0
8660,13.0,23.0,1.0
8661,87.0,418.0,1.0
8662,14.0,103.0,1.0
8663,3.0,155.0,1.0
8664,149.0,146.0,1.0
8665,42.0,10.0,1.0
8666,147.0,27.0,1.0
8667,192.0,216.0,1.0
8668,230.0,59.0,1.0
8669,122.0,161.0,1.0
8670,211.0,159.0,1.0
8671,189.0,145.0,1.0
8672,256.0,156.0,1.0
8673,51.0,521.0,1.0
8674,224.0,408.0,1.0
8675,223.0,320.0,1.0
8676,114.0,429.0,1.0
8677,149.0,343.0,1.0
8678,197.0,93.0,1.0
8679,89.0,185.0,1.0
8680,248.0,264.0,1.0
8681,95.0,120.0,1.0
8682,194.0,11.0,1.0
8683,256.0,223.0,1.0
8684,133.0,434.0,1.0
8685,261.0,349.0,1.0
8686,129.0,506.0,1.0
8687,155.0,87.0,1.0
8688,1.0,81.0,1.0
8689,97.0,403.0,1.0
8690,68.0,85.0,1.0
8691,158.0,197.0,1.0
8692,174.0,193.0,1.0
8693,48.0,257.0,1.0
8694,12.0,325.0,1.0
8695,228.0,80.0,1.0
8696,88.0,35.0,1.0
8697,21.0,272.0,1.0
8698,64.0,17.0,1.0
8699,176.0,551.0,1.0
8700,89.0,434.0,1.0
8701,250.0,546.0,1.0
8702,69.0,112.0,1.0
8703,145.0,118.0,1.0
8704,99.0,385.0,1.0
8705,199.0,220.0,1.0
8706,39.0,391.0,1.0
8707,227.0,191.0,1.0
8708,199.0,9.0,1.0
8709,191.0,423.0,1.0
8710,156.0,8.0,1.0
8711,149.0,253.0,1.0
8712,132.0,63.0,1.0
8713,177.0,143.0,1.0
8714,136.0,59.0,1.0
8715,168.0,496.0,1.0
8716,106.0,195.0,1.0
8717,215.0,31.0,1.0
8718,129.0,49.0,1.0
8719,102.0,411.0,1.0
8720,122.0,95.0,1.0
8721,96.0,589.0,1.0
8722,223.0,14.0,1.0
8723,84.0,9.0,1.0
8724,152.0,10.0,1.0
8725,228.0,18.0,1.0
8726,58.0,158.0,1.0
8727,87.0,445.0,1.0
8728,43.0,21.0,1.0
8729,219.0,185.0,1.0
8730,98.0,527.0,1.0
8731,65.0,210.0,1.0
8732,234.0,233.0,1.0
8733,82.0,391.0,1.0
8734,156.0,544.0,1.0
8735,83.0,10.0,1.0
8736,75.0,147.0,1.0
8737,145.0,14.0,1.0
8738,102.0,263.0,1.0
8739,226.0,76.0,1.0
8740,17.0,398.0,1.0
8741,86.0,564.0,1.0
8742,195.0,103.0,1.0
8743,219.0,227.0,1.0
8744,224.0,241.0,1.0
8745,205.0,194.0,1.0
8746,38.0,61.0,1.0
8747,82.0,474.0,1.0
8748,225.0,55.0,1.0
8749,102.0,19.0,1.0
8750,117.0,131.0,1.0
8751,156.0,420.0,1.0
8752,122.0,424.0,1.0
8753,126.0,377.0,1.0
8754,223.0,3.0,1.0
8755,9.0,88.0,1.0
8756,65.0,126.0,1.0
8757,82.0,124.0,1.0
8758,9.0,259.0,1.0
8759,233.0,280.0,1.0
8760,183.0,64.0,1.0
8761,60.0,254.0,1.0
8762,223.0,64.0,1.0
8763,223.0,214.0,1.0
8764,6.0,226.0,1.0
8765,69.0,343.0,1.0
8766,258.0,592.0,1.0
8767,91.0,130.0,1.0
8768,43.0,429.0,1.0
8769,164.0,466.0,1.0
8770,88.0,454.0,1.0
8771,128.0,39.0,1.0
8772,121.0,108.0,1.0
8773,223.0,326.0,1.0
8774,56.0,543.0,1.0
8775,189.0,378.0,1.0
8776,203.0,98.0,1.0
8777,2.0,147.0,1.0
8778,19.0,90.0,1.0
8779,234.0,241.0,1.0
8780,263.0,36.0,1.0
8781,233.0,335.0,1.0
8782,127.0,163.0,1.0
8783,78.0,382.0,1.0
8784,57.0,97.0,1.0
8785,9.0,161.0,1.0
8786,62.0,100.0,1.0
8787,75.0,24.0,1.0
8788,183.0,186.0,1.0
8789,13.0,154.0,1.0
8790,235.0,480.0,1.0
8791,78.0,31.0,1.0
8792,56.0,22.0,1.0
8793,178.0,51.0,1.0
8794,93.0,91.0,1.0
8795,132.0,368.0,1.0
8796,259.0,490.0,1.0
8797,236.0,126.0,1.0
8798,220.0,287.0,1.0
8799,182.0,207.0,1.0
8800,105.0,128.0,1.0
8801,126.0,124.0,1.0
8802,17.0,207.0,1.0
8803,156.0,87.0,1.0
8804,103.0,81.0,1.0
8805,229.0,37.0,1.0
8806,44.0,99.0,1.0
8807,96.0,498.0,1.0
8808,130.0,596.0,1.0
8809,259.0,112.0,1.0
8810,208.0,191.0,1.0
8811,79.0,536.0,1.0
8812,116.0,77.0,1.0
8813,183.0,585.0,1.0
8814,83.0,178.0,1.0
8815,83.0,148.0,1.0
8816,96.0,126.0,1.0
8817,102.0,21.0,1.0
8818,37.0,109.0,1.0
8819,65.0,197.0,1.0
8820,238.0,32.0,1.0
8821,149.0,241.0,1.0
8822,75.0,312.0,1.0
8823,26.0,354.0,1.0
8824,193.0,329.0,1.0
8825,120.0,202.0,1.0
8826,82.0,2.0,1.0
8827,132.0,398.0,1.0
8828,160.0,355.0,1.0
8829,75.0,32.0,1.0
8830,85.0,274.0,1.0
8831,115.0,95.0,1.0
8832,227.0,141.0,1.0
8833,261.0,44.0,1.0
8834,261.0,86.0,1.0
8835,130.0,44.0,1.0
8836,224.0,326.0,1.0
8837,59.0,417.0,1.0
8838,31.0,253.0,1.0
8839,149.0,503.0,1.0
8840,218.0,335.0,1.0
8841,183.0,448.0,1.0
8842,69.0,517.0,1.0
8843,182.0,537.0,1.0
8844,202.0,89.0,1.0
8845,233.0,430.0,1.0
8846,183.0,340.0,1.0
8847,150.0,38.0,1.0
8848,165.0,294.0,1.0
8849,75.0,89.0,1.0
8850,81.0,337.0,1.0
8851,138.0,32.0,1.0
8852,87.0,277.0,1.0
8853,200.0,288.0,1.0
8854,217.0,96.0,1.0
8855,180.0,40.0,1.0
8856,251.0,114.0,1.0
8857,223.0,456.0,1.0
8858,108.0,527.0,1.0
8859,119.0,337.0,1.0
8860,113.0,100.0,1.0
8861,45.0,343.0,1.0
8862,22.0,157.0,1.0
8863,207.0,181.0,1.0
8864,141.0,148.0,1.0
8865,50.0,47.0,1.0
8866,165.0,480.0,1.0
8867,81.0,314.0,1.0
8868,113.0,67.0,1.0
8869,114.0,88.0,1.0
8870,81.0,292.0,1.0
8871,116.0,28.0,1.0
8872,82.0,498.0,1.0
8873,197.0,51.0,1.0
8874,89.0,131.0,1.0
8875,214.0,44.0,1.0
8876,147.0,190.0,1.0
8877,96.0,127.0,1.0
8878,56.0,317.0,1.0
8879,16.0,76.0,1.0
8880,37.0,238.0,1.0
8881,172.0,133.0,1.0
8882,44.0,259.0,1.0
8883,207.0,220.0,1.0
8884,18.0,239.0,1.0
8885,224.0,382.0,1.0
8886,89.0,70.0,1.0
8887,22.0,429.0,1.0
8888,106.0,413.0,1.0
8889,223.0,20.0,1.0
8890,106.0,84.0,1.0
8891,116.0,256.0,1.0
8892,197.0,47.0,1.0
8893,51.0,81.0,1.0
8894,179.0,394.0,1.0
8895,141.0,44.0,1.0
8896,22.0,128.0,1.0
8897,75.0,335.0,1.0
8898,211.0,47.0,1.0
8899,51.0,465.0,1.0
8900,225.0,567.0,1.0
8901,114.0,333.0,1.0
8902,120.0,10.0,1.0
8903,9.0,22.0,1.0
8904,260.0,117.0,1.0
8905,139.0,425.0,1.0
8906,56.0,8.0,1.0
8907,13.0,326.0,1.0
8908,64.0,59.0,1.0
8909,197.0,11.0,1.0
8910,71.0,280.0,1.0
8911,65.0,104.0,1.0
8912,217.0,434.0,1.0
8913,5.0,195.0,1.0
8914,145.0,399.0,1.0
8915,211.0,551.0,1.0
8916,262.0,590.0,1.0
8917,129.0,40.0,1.0
8918,130.0,387.0,1.0
8919,144.0,426.0,1.0
8920,203.0,305.0,1.0
8921,44.0,121.0,1.0
8922,17.0,148.0,1.0
8923,75.0,181.0,1.0
8924,205.0,208.0,1.0
8925,261.0,336.0,1.0
8926,63.0,357.0,1.0
8927,82.0,376.0,1.0
8928,147.0,169.0,1.0
8929,150.0,152.0,1.0
8930,223.0,96.0,1.0
8931,150.0,84.0,1.0
8932,250.0,296.0,1.0
8933,144.0,216.0,1.0
8934,37.0,428.0,1.0
8935,42.0,412.0,1.0
8936,165.0,9.0,1.0
8937,141.0,12.0,1.0
8938,138.0,287.0,1.0
8939,9.0,246.0,1.0
8940,7.0,233.0,1.0
8941,119.0,12.0,1.0
8942,226.0,106.0,1.0
8943,214.0,202.0,1.0
8944,191.0,102.0,1.0
8945,83.0,352.0,1.0
8946,160.0,90.0,1.0
8947,182.0,43.0,1.0
8948,87.0,594.0,1.0
8949,96.0,129.0,1.0
8950,147.0,275.0,1.0
8951,213.0,106.0,1.0
8952,262.0,428.0,1.0
8953,261.0,129.0,1.0
8954,83.0,124.0,1.0
8955,191.0,291.0,1.0
8956,127.0,388.0,1.0
8957,21.0,143.0,1.0
8958,78.0,112.0,1.0
8959,129.0,221.0,1.0
8960,177.0,194.0,1.0
8961,84.0,591.0,1.0
8962,65.0,10.0,1.0
8963,194.0,91.0,1.0
8964,9.0,10.0,1.0
8965,147.0,103.0,1.0
8966,2.0,39.0,1.0
8967,57.0,420.0,1.0
8968,69.0,529.0,1.0
8969,10.0,152.0,1.0
8970,102.0,553.0,1.0
8971,113.0,134.0,1.0
8972,65.0,222.0,1.0
8973,251.0,91.0,1.0
8974,126.0,460.0,1.0
8975,77.0,526.0,1.0
8976,97.0,120.0,1.0
8977,257.0,50.0,1.0
8978,110.0,532.0,1.0
8979,72.0,34.0,1.0
8980,99.0,391.0,1.0
8981,51.0,39.0,1.0
8982,44.0,203.0,1.0
8983,203.0,50.0,1.0
8984,90.0,481.0,1.0
8985,185.0,38.0,1.0
8986,38.0,29.0,1.0
8987,205.0,347.0,1.0
8988,207.0,102.0,1.0
8989,158.0,569.0,1.0
8990,160.0,344.0,1.0
8991,197.0,268.0,1.0
8992,165.0,453.0,1.0
8993,207.0,135.0,1.0
8994,135.0,92.0,1.0
8995,87.0,433.0,1.0
8996,89.0,391.0,1.0
8997,129.0,530.0,1.0
8998,102.0,40.0,1.0
8999,17.0,293.0,1.0
9000,71.0,558.0,1.0
9001,40.0,103.0,1.0
9002,150.0,94.0,1.0
9003,145.0,382.0,1.0
9004,135.0,453.0,1.0
9005,226.0,123.0,1.0
9006,262.0,168.0,1.0
9007,223.0,593.0,1.0
9008,87.0,276.0,1.0
9009,165.0,501.0,1.0
9010,108.0,435.0,1.0
9011,71.0,117.0,1.0
9012,96.0,128.0,1.0
9013,33.0,35.0,1.0
9014,164.0,54.0,1.0
9015,42.0,220.0,1.0
9016,72.0,154.0,1.0
9017,87.0,197.0,1.0
9018,45.0,325.0,1.0
9019,223.0,492.0,1.0
9020,47.0,197.0,1.0
9021,13.0,50.0,1.0
9022,165.0,284.0,1.0
9023,76.0,282.0,1.0
9024,49.0,284.0,1.0
9025,82.0,91.0,1.0
9026,81.0,319.0,1.0
9027,226.0,521.0,1.0
9028,136.0,204.0,1.0
9029,207.0,80.0,1.0
9030,97.0,117.0,1.0
9031,167.0,485.0,1.0
9032,42.0,241.0,1.0
9033,183.0,118.0,1.0
9034,228.0,282.0,1.0
9035,91.0,295.0,1.0
9036,17.0,385.0,1.0
9037,130.0,306.0,1.0
9038,259.0,202.0,1.0
9039,65.0,87.0,1.0
9040,185.0,145.0,1.0
9041,259.0,402.0,1.0
9042,74.0,492.0,1.0
9043,196.0,416.0,1.0
9044,205.0,361.0,1.0
9045,186.0,113.0,1.0
9046,180.0,194.0,1.0
9047,30.0,130.0,1.0
9048,71.0,349.0,1.0
9049,262.0,64.0,1.0
9050,82.0,387.0,1.0
9051,262.0,120.0,1.0
9052,202.0,206.0,1.0
9053,117.0,388.0,1.0
9054,256.0,206.0,1.0
9055,5.0,208.0,1.0
9056,224.0,472.0,1.0
9057,69.0,514.0,1.0
9058,17.0,360.0,1.0
9059,44.0,68.0,1.0
9060,16.0,301.0,1.0
9061,65.0,254.0,1.0
9062,180.0,211.0,1.0
9063,214.0,191.0,1.0
9064,75.0,510.0,1.0
9065,237.0,84.0,1.0
9066,65.0,276.0,1.0
9067,3.0,114.0,1.0
9068,264.0,583.0,1.0
9069,81.0,537.0,1.0
9070,195.0,77.0,1.0
9071,184.0,120.0,1.0
9072,228.0,118.0,1.0
9073,162.0,467.0,1.0
9074,206.0,57.0,1.0
9075,234.0,231.0,1.0
9076,145.0,44.0,1.0
9077,194.0,266.0,1.0
9078,144.0,157.0,1.0
9079,90.0,450.0,1.0
9080,202.0,108.0,1.0
9081,15.0,354.0,1.0
9082,259.0,146.0,1.0
9083,151.0,106.0,1.0
9084,242.0,394.0,1.0
9085,199.0,135.0,1.0
9086,245.0,48.0,1.0
9087,189.0,95.0,1.0
9088,224.0,412.0,1.0
9089,19.0,157.0,1.0
9090,130.0,348.0,1.0
9091,139.0,63.0,1.0
9092,226.0,282.0,1.0
9093,178.0,392.0,1.0
9094,81.0,393.0,1.0
9095,96.0,282.0,1.0
9096,225.0,19.0,1.0
9097,185.0,252.0,1.0
9098,264.0,39.0,1.0
9099,109.0,146.0,1.0
9100,87.0,238.0,1.0
9101,258.0,111.0,1.0
9102,97.0,81.0,1.0
9103,71.0,10.0,1.0
9104,35.0,61.0,1.0
9105,108.0,65.0,1.0
9106,147.0,218.0,1.0
9107,217.0,388.0,1.0
9108,88.0,394.0,1.0
9109,84.0,124.0,1.0
9110,180.0,54.0,1.0
9111,4.0,178.0,1.0
9112,114.0,102.0,1.0
9113,164.0,257.0,1.0
9114,181.0,596.0,1.0
9115,228.0,69.0,1.0
9116,259.0,195.0,1.0
9117,103.0,248.0,1.0
9118,251.0,111.0,1.0
9119,147.0,530.0,1.0
9120,173.0,143.0,1.0
9121,124.0,196.0,1.0
9122,266.0,309.0,1.0
9123,108.0,356.0,1.0
9124,3.0,151.0,1.0
9125,81.0,415.0,1.0
9126,116.0,48.0,1.0
9127,117.0,536.0,1.0
9128,186.0,87.0,1.0
9129,82.0,521.0,1.0
9130,35.0,81.0,1.0
9131,163.0,23.0,1.0
9132,65.0,95.0,1.0
9133,9.0,268.0,1.0
9134,154.0,112.0,1.0
9135,37.0,58.0,1.0
9136,74.0,157.0,1.0
9137,79.0,470.0,1.0
9138,262.0,288.0,1.0
9139,242.0,131.0,1.0
9140,155.0,50.0,1.0
9141,84.0,286.0,1.0
9142,230.0,157.0,1.0
9143,191.0,27.0,1.0
9144,232.0,22.0,1.0
9145,84.0,426.0,1.0
9146,240.0,100.0,1.0
9147,126.0,104.0,1.0
9148,116.0,70.0,1.0
9149,96.0,328.0,1.0
9150,69.0,356.0,1.0
9151,164.0,429.0,1.0
9152,83.0,220.0,1.0
9153,56.0,286.0,1.0
9154,11.0,291.0,1.0
9155,126.0,224.0,1.0
9156,258.0,24.0,1.0
9157,152.0,20.0,1.0
9158,164.0,311.0,1.0
9159,126.0,379.0,1.0
9160,207.0,208.0,1.0
9161,156.0,218.0,1.0
9162,183.0,380.0,1.0
9163,51.0,147.0,1.0
9164,90.0,348.0,1.0
9165,72.0,287.0,1.0
9166,71.0,12.0,1.0
9167,217.0,410.0,1.0
9168,183.0,259.0,1.0
9169,264.0,36.0,1.0
9170,108.0,205.0,1.0
9171,94.0,35.0,1.0
9172,226.0,545.0,1.0
9173,218.0,64.0,1.0
9174,133.0,310.0,1.0
9175,51.0,77.0,1.0
9176,94.0,310.0,1.0
9177,168.0,107.0,1.0
9178,183.0,273.0,1.0
9179,94.0,223.0,1.0
9180,234.0,12.0,1.0
9181,165.0,266.0,1.0
9182,68.0,541.0,1.0
9183,58.0,298.0,1.0
9184,150.0,89.0,1.0
9185,156.0,394.0,1.0
9186,11.0,316.0,1.0
9187,156.0,374.0,1.0
9188,183.0,283.0,1.0
9189,71.0,39.0,1.0
9190,211.0,202.0,1.0
9191,52.0,87.0,1.0
9192,267.0,146.0,1.0
9193,221.0,391.0,1.0
9194,75.0,66.0,1.0
9195,248.0,343.0,1.0
9196,116.0,226.0,1.0
9197,102.0,76.0,1.0
9198,223.0,75.0,1.0
9199,155.0,97.0,1.0
9200,89.0,5.0,1.0
9201,87.0,47.0,1.0
9202,87.0,94.0,1.0
9203,226.0,517.0,1.0
9204,183.0,373.0,1.0
9205,1.0,68.0,1.0
9206,252.0,52.0,1.0
9207,101.0,392.0,1.0
9208,112.0,9.0,1.0
9209,261.0,134.0,1.0
9210,211.0,54.0,1.0
9211,51.0,97.0,1.0
9212,12.0,103.0,1.0
9213,160.0,421.0,1.0
9214,238.0,546.0,1.0
9215,156.0,125.0,1.0
9216,91.0,47.0,1.0
9217,49.0,315.0,1.0
9218,229.0,319.0,1.0
9219,245.0,205.0,1.0
9220,234.0,50.0,1.0
9221,263.0,269.0,1.0
9222,196.0,47.0,1.0
9223,84.0,360.0,1.0
9224,82.0,567.0,1.0
9225,223.0,466.0,1.0
9226,199.0,360.0,1.0
9227,193.0,132.0,1.0
9228,56.0,184.0,1.0
9229,259.0,175.0,1.0
9230,178.0,213.0,1.0
9231,56.0,86.0,1.0
9232,52.0,191.0,1.0
9233,72.0,164.0,1.0
9234,15.0,351.0,1.0
9235,240.0,107.0,1.0
9236,222.0,35.0,1.0
9237,9.0,73.0,1.0
9238,144.0,188.0,1.0
9239,251.0,66.0,1.0
9240,13.0,328.0,1.0
9241,136.0,36.0,1.0
9242,30.0,84.0,1.0
9243,135.0,38.0,1.0
9244,11.0,311.0,1.0
9245,258.0,131.0,1.0
9246,102.0,252.0,1.0
9247,104.0,489.0,1.0
9248,89.0,251.0,1.0
9249,164.0,378.0,1.0
9250,127.0,447.0,1.0
9251,101.0,45.0,1.0
9252,239.0,400.0,1.0
9253,116.0,277.0,1.0
9254,172.0,257.0,1.0
9255,189.0,190.0,1.0
9256,131.0,87.0,1.0
9257,193.0,242.0,1.0
9258,141.0,125.0,1.0
9259,208.0,206.0,1.0
9260,156.0,88.0,1.0
9261,134.0,9.0,1.0
9262,49.0,202.0,1.0
9263,17.0,231.0,1.0
9264,106.0,44.0,1.0
9265,212.0,219.0,1.0
9266,241.0,190.0,1.0
9267,141.0,584.0,1.0
9268,46.0,47.0,1.0
9269,232.0,177.0,1.0
9270,28.0,109.0,1.0
9271,179.0,17.0,1.0
9272,228.0,198.0,1.0
9273,132.0,118.0,1.0
9274,144.0,257.0,1.0
9275,94.0,81.0,1.0
9276,29.0,65.0,1.0
9277,82.0,126.0,1.0
9278,175.0,3.0,1.0
9279,246.0,111.0,1.0
9280,149.0,385.0,1.0
9281,58.0,462.0,1.0
9282,185.0,47.0,1.0
9283,207.0,100.0,1.0
9284,108.0,367.0,1.0
9285,45.0,113.0,1.0
9286,183.0,46.0,1.0
9287,175.0,408.0,1.0
9288,86.0,216.0,1.0
9289,19.0,130.0,1.0
9290,227.0,253.0,1.0
9291,239.0,571.0,1.0
9292,65.0,200.0,1.0
9293,10.0,300.0,1.0
9294,141.0,101.0,1.0
9295,39.0,117.0,1.0
9296,67.0,147.0,1.0
9297,164.0,201.0,1.0
9298,102.0,119.0,1.0
9299,139.0,3.0,1.0
9300,110.0,141.0,1.0
9301,205.0,113.0,1.0
9302,91.0,81.0,1.0
9303,90.0,7.0,1.0
9304,116.0,590.0,1.0
9305,198.0,113.0,1.0
9306,105.0,89.0,1.0
9307,78.0,70.0,1.0
9308,87.0,215.0,1.0
9309,256.0,204.0,1.0
9310,75.0,44.0,1.0
9311,22.0,158.0,1.0
9312,83.0,62.0,1.0
9313,105.0,79.0,1.0
9314,183.0,5.0,1.0
9315,223.0,60.0,1.0
9316,105.0,22.0,1.0
9317,196.0,125.0,1.0
9318,261.0,136.0,1.0
9319,104.0,9.0,1.0
9320,216.0,97.0,1.0
9321,83.0,212.0,1.0
9322,4.0,183.0,1.0
9323,104.0,121.0,1.0
9324,5.0,63.0,1.0
9325,156.0,382.0,1.0
9326,22.0,303.0,1.0
9327,158.0,186.0,1.0
9328,31.0,179.0,1.0
9329,123.0,47.0,1.0
9330,145.0,224.0,1.0
9331,132.0,21.0,1.0
9332,121.0,172.0,1.0
9333,185.0,35.0,1.0
9334,65.0,508.0,1.0
9335,47.0,437.0,1.0
9336,145.0,39.0,1.0
9337,211.0,487.0,1.0
9338,160.0,59.0,1.0
9339,105.0,249.0,1.0
9340,155.0,143.0,1.0
9341,94.0,47.0,1.0
9342,223.0,276.0,1.0
9343,115.0,37.0,1.0
9344,184.0,338.0,1.0
9345,207.0,313.0,1.0
9346,71.0,511.0,1.0
9347,104.0,426.0,1.0
9348,135.0,420.0,1.0
9349,96.0,121.0,1.0
9350,147.0,8.0,1.0
9351,164.0,523.0,1.0
9352,178.0,391.0,1.0
9353,130.0,103.0,1.0
9354,136.0,20.0,1.0
9355,31.0,332.0,1.0
9356,201.0,219.0,1.0
9357,128.0,491.0,1.0
9358,182.0,179.0,1.0
9359,149.0,89.0,1.0
9360,201.0,315.0,1.0
9361,134.0,549.0,1.0
9362,102.0,111.0,1.0
9363,144.0,382.0,1.0
9364,83.0,572.0,1.0
9365,64.0,89.0,1.0
9366,64.0,186.0,1.0
9367,232.0,20.0,1.0
9368,268.0,290.0,1.0
9369,209.0,194.0,1.0
9370,29.0,201.0,1.0
9371,200.0,524.0,1.0
9372,223.0,199.0,1.0
9373,117.0,5.0,1.0
9374,101.0,388.0,1.0
9375,156.0,409.0,1.0
9376,264.0,304.0,1.0
9377,150.0,266.0,1.0
9378,189.0,133.0,1.0
9379,203.0,105.0,1.0
9380,226.0,272.0,1.0
9381,54.0,443.0,1.0
9382,223.0,430.0,1.0
9383,178.0,338.0,1.0
9384,128.0,150.0,1.0
9385,129.0,516.0,1.0
9386,178.0,145.0,1.0
9387,241.0,59.0,1.0
9388,202.0,455.0,1.0
9389,74.0,327.0,1.0
9390,208.0,84.0,1.0
9391,182.0,208.0,1.0
9392,170.0,126.0,1.0
9393,262.0,125.0,1.0
9394,178.0,234.0,1.0
9395,90.0,59.0,1.0
9396,104.0,527.0,1.0
9397,240.0,319.0,1.0
9398,183.0,241.0,1.0
9399,223.0,11.0,1.0
9400,69.0,482.0,1.0
9401,127.0,548.0,1.0
9402,209.0,168.0,1.0
9403,200.0,526.0,1.0
9404,1.0,75.0,1.0
9405,91.0,203.0,1.0
9406,64.0,47.0,1.0
9407,87.0,62.0,1.0
9408,94.0,230.0,1.0
9409,199.0,529.0,1.0
9410,185.0,193.0,1.0
9411,2.0,131.0,1.0
9412,81.0,492.0,1.0
9413,82.0,479.0,1.0
9414,9.0,277.0,1.0
9415,37.0,57.0,1.0
9416,199.0,508.0,1.0
9417,21.0,293.0,1.0
9418,89.0,173.0,1.0
9419,218.0,118.0,1.0
9420,153.0,351.0,1.0
9421,10.0,52.0,1.0
9422,91.0,31.0,1.0
9423,165.0,392.0,1.0
9424,4.0,170.0,1.0
9425,164.0,570.0,1.0
9426,252.0,281.0,1.0
9427,196.0,10.0,1.0
9428,211.0,49.0,1.0
9429,149.0,332.0,1.0
9430,37.0,31.0,1.0
9431,203.0,77.0,1.0
9432,91.0,30.0,1.0
9433,23.0,168.0,1.0
9434,42.0,48.0,1.0
9435,140.0,103.0,1.0
9436,219.0,195.0,1.0
9437,186.0,191.0,1.0
9438,58.0,241.0,1.0
9439,202.0,24.0,1.0
9440,250.0,452.0,1.0
9441,195.0,43.0,1.0
9442,248.0,118.0,1.0
9443,168.0,400.0,1.0
9444,81.0,64.0,1.0
9445,96.0,257.0,1.0
9446,39.0,190.0,1.0
9447,136.0,368.0,1.0
9448,185.0,267.0,1.0
9449,256.0,207.0,1.0
9450,245.0,92.0,1.0
9451,127.0,124.0,1.0
9452,69.0,34.0,1.0
9453,147.0,258.0,1.0
9454,196.0,40.0,1.0
9455,219.0,217.0,1.0
9456,128.0,47.0,1.0
9457,108.0,576.0,1.0
9458,217.0,382.0,1.0
9459,53.0,130.0,1.0
9460,16.0,213.0,1.0
9461,202.0,58.0,1.0
9462,118.0,217.0,1.0
9463,162.0,98.0,1.0
9464,56.0,541.0,1.0
9465,158.0,386.0,1.0
9466,249.0,168.0,1.0
9467,165.0,293.0,1.0
9468,59.0,117.0,1.0
9469,146.0,222.0,1.0
9470,78.0,39.0,1.0
9471,168.0,165.0,1.0
9472,77.0,59.0,1.0
9473,179.0,411.0,1.0
9474,49.0,214.0,1.0
9475,182.0,22.0,1.0
9476,225.0,194.0,1.0
9477,75.0,407.0,1.0
9478,105.0,473.0,1.0
9479,238.0,194.0,1.0
9480,214.0,501.0,1.0
9481,149.0,407.0,1.0
9482,44.0,153.0,1.0
9483,97.0,505.0,1.0
9484,187.0,319.0,1.0
9485,227.0,517.0,1.0
9486,259.0,466.0,1.0
9487,60.0,202.0,1.0
9488,109.0,514.0,1.0
9489,214.0,104.0,1.0
9490,153.0,7.0,1.0
9491,259.0,103.0,1.0
9492,160.0,58.0,1.0
9493,189.0,89.0,1.0
9494,114.0,194.0,1.0
9495,194.0,230.0,1.0
9496,1.0,77.0,1.0
9497,178.0,156.0,1.0
9498,139.0,386.0,1.0
9499,182.0,564.0,1.0
9500,51.0,91.0,1.0
9501,107.0,71.0,1.0
9502,130.0,52.0,1.0
9503,106.0,179.0,1.0
9504,259.0,177.0,1.0
9505,2.0,21.0,1.0
9506,112.0,120.0,1.0
9507,130.0,397.0,1.0
9508,55.0,191.0,1.0
9509,78.0,179.0,1.0
9510,180.0,36.0,1.0
9511,60.0,411.0,1.0
9512,115.0,81.0,1.0
9513,84.0,223.0,1.0
9514,164.0,288.0,1.0
9515,178.0,22.0,1.0
9516,101.0,409.0,1.0
9517,261.0,9.0,1.0
9518,126.0,146.0,1.0
9519,75.0,208.0,1.0
9520,162.0,139.0,1.0
9521,197.0,186.0,1.0
9522,245.0,314.0,1.0
9523,75.0,117.0,1.0
9524,180.0,68.0,1.0
9525,93.0,29.0,1.0
9526,5.0,188.0,1.0
9527,224.0,122.0,1.0
9528,183.0,392.0,1.0
9529,100.0,126.0,1.0
9530,1.0,69.0,1.0
9531,133.0,63.0,1.0
9532,52.0,104.0,1.0
9533,144.0,104.0,1.0
9534,182.0,12.0,1.0
9535,67.0,547.0,1.0
9536,166.0,202.0,1.0
9537,117.0,92.0,1.0
9538,136.0,138.0,1.0
9539,197.0,77.0,1.0
9540,108.0,434.0,1.0
9541,259.0,217.0,1.0
9542,84.0,446.0,1.0
9543,205.0,66.0,1.0
9544,65.0,170.0,1.0
9545,130.0,330.0,1.0
9546,116.0,521.0,1.0
9547,177.0,175.0,1.0
9548,11.0,292.0,1.0
9549,82.0,574.0,1.0
9550,126.0,66.0,1.0
9551,163.0,59.0,1.0
9552,83.0,520.0,1.0
9553,195.0,251.0,1.0
9554,247.0,153.0,1.0
9555,100.0,138.0,1.0
9556,65.0,504.0,1.0
9557,189.0,561.0,1.0
9558,147.0,147.0,1.0
9559,31.0,202.0,1.0
9560,227.0,332.0,1.0
9561,149.0,22.0,1.0
9562,211.0,189.0,1.0
9563,149.0,431.0,1.0
9564,24.0,11.0,1.0
9565,10.0,299.0,1.0
9566,145.0,506.0,1.0
9567,146.0,156.0,1.0
9568,84.0,285.0,1.0
9569,258.0,526.0,1.0
9570,105.0,145.0,1.0
9571,44.0,263.0,1.0
9572,227.0,7.0,1.0
9573,189.0,273.0,1.0
9574,107.0,111.0,1.0
9575,180.0,256.0,1.0
9576,207.0,297.0,1.0
9577,61.0,66.0,1.0
9578,164.0,419.0,1.0
9579,192.0,236.0,1.0
9580,65.0,91.0,1.0
9581,12.0,323.0,1.0
9582,178.0,2.0,1.0
9583,75.0,489.0,1.0
9584,89.0,454.0,1.0
9585,141.0,138.0,1.0
9586,183.0,256.0,1.0
9587,123.0,24.0,1.0
9588,115.0,88.0,1.0
9589,179.0,382.0,1.0
9590,258.0,79.0,1.0
9591,132.0,282.0,1.0
9592,104.0,561.0,1.0
9593,218.0,59.0,1.0
9594,165.0,476.0,1.0
9595,256.0,525.0,1.0
9596,75.0,388.0,1.0
9597,44.0,204.0,1.0
9598,127.0,44.0,1.0
9599,199.0,89.0,1.0
9600,145.0,368.0,1.0
9601,102.0,497.0,1.0
9602,186.0,449.0,1.0
9603,208.0,475.0,1.0
9604,266.0,580.0,1.0
9605,224.0,24.0,1.0
9606,157.0,84.0,1.0
9607,22.0,305.0,1.0
9608,248.0,22.0,1.0
9609,147.0,460.0,1.0
9610,113.0,269.0,1.0
9611,93.0,2.0,1.0
9612,207.0,268.0,1.0
9613,130.0,41.0,1.0
9614,74.0,3.0,1.0
9615,47.0,92.0,1.0
9616,193.0,97.0,1.0
9617,136.0,371.0,1.0
9618,150.0,316.0,1.0
9619,15.0,66.0,1.0
9620,264.0,587.0,1.0
9621,189.0,562.0,1.0
9622,223.0,13.0,1.0
9623,145.0,460.0,1.0
9624,169.0,527.0,1.0
9625,123.0,491.0,1.0
9626,116.0,29.0,1.0
9627,45.0,326.0,1.0
9628,99.0,555.0,1.0
9629,226.0,285.0,1.0
9630,266.0,117.0,1.0
9631,51.0,310.0,1.0
9632,67.0,542.0,1.0
9633,168.0,584.0,1.0
9634,135.0,206.0,1.0
9635,103.0,282.0,1.0
9636,200.0,6.0,1.0
9637,259.0,566.0,1.0
9638,199.0,62.0,1.0
9639,156.0,326.0,1.0
9640,168.0,279.0,1.0
9641,70.0,515.0,1.0
9642,101.0,178.0,1.0
9643,103.0,64.0,1.0
9644,165.0,256.0,1.0
9645,218.0,238.0,1.0
9646,178.0,282.0,1.0
9647,61.0,35.0,1.0
9648,99.0,47.0,1.0
9649,114.0,19.0,1.0
9650,135.0,62.0,1.0
9651,32.0,282.0,1.0
9652,158.0,543.0,1.0
9653,94.0,38.0,1.0
9654,6.0,229.0,1.0
9655,259.0,353.0,1.0
9656,151.0,116.0,1.0
9657,90.0,203.0,1.0
9658,187.0,130.0,1.0
9659,136.0,100.0,1.0
9660,191.0,54.0,1.0
9661,156.0,245.0,1.0
9662,169.0,100.0,1.0
9663,252.0,468.0,1.0
9664,248.0,440.0,1.0
9665,116.0,279.0,1.0
9666,148.0,108.0,1.0
9667,77.0,365.0,1.0
9668,168.0,273.0,1.0
9669,178.0,547.0,1.0
9670,160.0,318.0,1.0
9671,82.0,459.0,1.0
9672,132.0,399.0,1.0
9673,144.0,205.0,1.0
9674,22.0,294.0,1.0
9675,31.0,450.0,1.0
9676,147.0,370.0,1.0
9677,246.0,78.0,1.0
9678,25.0,397.0,1.0
9679,124.0,476.0,1.0
9680,177.0,177.0,1.0
9681,51.0,356.0,1.0
9682,87.0,106.0,1.0
9683,244.0,44.0,1.0
9684,82.0,380.0,1.0
9685,48.0,129.0,1.0
9686,218.0,172.0,1.0
9687,71.0,190.0,1.0
9688,104.0,101.0,1.0
9689,90.0,574.0,1.0
9690,116.0,52.0,1.0
9691,53.0,412.0,1.0
9692,47.0,145.0,1.0
9693,74.0,135.0,1.0
9694,61.0,147.0,1.0
9695,69.0,81.0,1.0
9696,259.0,224.0,1.0
9697,183.0,332.0,1.0
9698,148.0,411.0,1.0
9699,145.0,89.0,1.0
9700,99.0,195.0,1.0
9701,218.0,247.0,1.0
9702,247.0,11.0,1.0
9703,266.0,373.0,1.0
9704,85.0,426.0,1.0
9705,68.0,20.0,1.0
9706,16.0,74.0,1.0
9707,35.0,303.0,1.0
9708,25.0,73.0,1.0
9709,248.0,201.0,1.0
9710,115.0,103.0,1.0
9711,22.0,349.0,1.0
9712,60.0,219.0,1.0
9713,224.0,251.0,1.0
9714,248.0,52.0,1.0
9715,195.0,79.0,1.0
9716,217.0,409.0,1.0
9717,113.0,295.0,1.0
9718,224.0,21.0,1.0
9719,56.0,133.0,1.0
9720,78.0,386.0,1.0
9721,187.0,434.0,1.0
9722,82.0,273.0,1.0
9723,178.0,480.0,1.0
9724,31.0,46.0,1.0
9725,96.0,424.0,1.0
9726,206.0,400.0,1.0
9727,116.0,434.0,1.0
9728,200.0,241.0,1.0
9729,266.0,401.0,1.0
9730,5.0,138.0,1.0
9731,214.0,245.0,1.0
9732,104.0,97.0,1.0
9733,79.0,125.0,1.0
9734,256.0,38.0,1.0
9735,227.0,175.0,1.0
9736,211.0,398.0,1.0
9737,219.0,460.0,1.0
9738,191.0,166.0,1.0
9739,90.0,92.0,1.0
9740,195.0,204.0,1.0
9741,103.0,97.0,1.0
9742,104.0,44.0,1.0
9743,234.0,227.0,1.0
9744,224.0,36.0,1.0
9745,261.0,339.0,1.0
9746,133.0,495.0,1.0
9747,92.0,215.0,1.0
9748,156.0,569.0,1.0
9749,116.0,68.0,1.0
9750,139.0,191.0,1.0
9751,52.0,423.0,1.0
9752,126.0,399.0,1.0
9753,82.0,128.0,1.0
9754,51.0,241.0,1.0
9755,37.0,157.0,1.0
9756,8.0,84.0,1.0
9757,81.0,224.0,1.0
9758,8.0,78.0,1.0
9759,105.0,69.0,1.0
9760,208.0,44.0,1.0
9761,31.0,370.0,1.0
9762,163.0,103.0,1.0
9763,248.0,308.0,1.0
9764,169.0,59.0,1.0
9765,51.0,6.0,1.0
9766,255.0,11.0,1.0
9767,118.0,305.0,1.0
9768,89.0,103.0,1.0
9769,91.0,408.0,1.0
9770,65.0,363.0,1.0
9771,256.0,0.0,1.0
9772,83.0,1.0,1.0
9773,238.0,40.0,1.0
9774,85.0,349.0,1.0
9775,119.0,404.0,1.0
9776,38.0,44.0,1.0
9777,184.0,99.0,1.0
9778,179.0,195.0,1.0
9779,47.0,62.0,1.0
9780,24.0,317.0,1.0
9781,133.0,146.0,1.0
9782,106.0,242.0,1.0
9783,37.0,141.0,1.0
9784,89.0,118.0,1.0
9785,248.0,145.0,1.0
9786,98.0,104.0,1.0
9787,258.0,66.0,1.0
9788,52.0,92.0,1.0
9789,218.0,226.0,1.0
9790,195.0,354.0,1.0
9791,231.0,156.0,1.0
9792,130.0,35.0,1.0
9793,17.0,382.0,1.0
9794,262.0,277.0,1.0
9795,117.0,215.0,1.0
9796,266.0,460.0,1.0
9797,98.0,563.0,1.0
9798,178.0,91.0,1.0
9799,64.0,155.0,1.0
9800,160.0,184.0,1.0
9801,24.0,196.0,1.0
9802,194.0,156.0,1.0
9803,119.0,405.0,1.0
9804,199.0,514.0,1.0
9805,64.0,563.0,1.0
9806,108.0,480.0,1.0
9807,13.0,343.0,1.0
9808,136.0,492.0,1.0
9809,200.0,201.0,1.0
9810,137.0,89.0,1.0
9811,178.0,122.0,1.0
9812,16.0,81.0,1.0
9813,165.0,150.0,1.0
9814,200.0,307.0,1.0
9815,150.0,280.0,1.0
9816,51.0,230.0,1.0
9817,138.0,70.0,1.0
9818,252.0,256.0,1.0
9819,266.0,516.0,1.0
9820,191.0,281.0,1.0
9821,107.0,145.0,1.0
9822,78.0,35.0,1.0
9823,248.0,84.0,1.0
9824,82.0,227.0,1.0
9825,59.0,216.0,1.0
9826,254.0,179.0,1.0
9827,22.0,94.0,1.0
9828,262.0,107.0,1.0
9829,79.0,58.0,1.0
9830,208.0,581.0,1.0
9831,189.0,192.0,1.0
9832,126.0,398.0,1.0
9833,81.0,198.0,1.0
9834,150.0,118.0,1.0
9835,149.0,446.0,1.0
9836,217.0,219.0,1.0
9837,165.0,110.0,1.0
9838,183.0,271.0,1.0
9839,86.0,584.0,1.0
9840,64.0,420.0,1.0
9841,178.0,1.0,1.0
9842,183.0,47.0,1.0
9843,130.0,126.0,1.0
9844,108.0,441.0,1.0
9845,248.0,262.0,1.0
9846,115.0,413.0,1.0
9847,42.0,470.0,1.0
9848,262.0,247.0,1.0
9849,102.0,264.0,1.0
9850,203.0,70.0,1.0
9851,218.0,45.0,1.0
9852,49.0,394.0,1.0
9853,147.0,236.0,1.0
9854,173.0,80.0,1.0
9855,186.0,10.0,1.0
9856,221.0,186.0,1.0
9857,52.0,103.0,1.0
9858,164.0,109.0,1.0
9859,176.0,3.0,1.0
9860,52.0,252.0,1.0
9861,38.0,36.0,1.0
9862,32.0,126.0,1.0
9863,56.0,157.0,1.0
9864,108.0,370.0,1.0
9865,150.0,219.0,1.0
9866,191.0,128.0,1.0
9867,203.0,292.0,1.0
9868,264.0,246.0,1.0
9869,231.0,304.0,1.0
9870,211.0,420.0,1.0
9871,226.0,59.0,1.0
9872,132.0,526.0,1.0
9873,146.0,146.0,1.0
9874,242.0,0.0,1.0
9875,136.0,69.0,1.0
9876,254.0,253.0,1.0
9877,117.0,38.0,1.0
9878,159.0,337.0,1.0
9879,67.0,12.0,1.0
9880,53.0,381.0,1.0
9881,172.0,84.0,1.0
9882,147.0,41.0,1.0
9883,56.0,79.0,1.0
9884,170.0,457.0,1.0
9885,82.0,280.0,1.0
9886,85.0,540.0,1.0
9887,147.0,282.0,1.0
9888,75.0,154.0,1.0
9889,147.0,331.0,1.0
9890,98.0,474.0,1.0
9891,118.0,195.0,1.0
9892,168.0,121.0,1.0
9893,203.0,166.0,1.0
9894,199.0,356.0,1.0
9895,38.0,442.0,1.0
9896,48.0,308.0,1.0
9897,191.0,94.0,1.0
9898,175.0,492.0,1.0
9899,100.0,584.0,1.0
9900,162.0,175.0,1.0
9901,147.0,214.0,1.0
9902,70.0,277.0,1.0
9903,97.0,253.0,1.0
9904,175.0,89.0,1.0
9905,74.0,321.0,1.0
9906,211.0,453.0,1.0
9907,82.0,424.0,1.0
9908,9.0,46.0,1.0
9909,37.0,20.0,1.0
9910,210.0,415.0,1.0
9911,165.0,380.0,1.0
9912,116.0,177.0,1.0
9913,147.0,591.0,1.0
9914,37.0,341.0,1.0
9915,203.0,136.0,1.0
9916,100.0,487.0,1.0
9917,91.0,355.0,1.0
9918,266.0,186.0,1.0
9919,147.0,84.0,1.0
9920,49.0,209.0,1.0
9921,123.0,69.0,1.0
9922,147.0,436.0,1.0
9923,53.0,315.0,1.0
9924,261.0,93.0,1.0
9925,94.0,267.0,1.0
9926,103.0,215.0,1.0
9927,252.0,50.0,1.0
9928,101.0,222.0,1.0
9929,262.0,12.0,1.0
9930,177.0,20.0,1.0
9931,247.0,341.0,1.0
9932,129.0,464.0,1.0
9933,110.0,47.0,1.0
9934,149.0,519.0,1.0
9935,44.0,55.0,1.0
9936,178.0,519.0,1.0
9937,208.0,38.0,1.0
9938,35.0,156.0,1.0
9939,223.0,267.0,1.0
9940,259.0,420.0,1.0
9941,183.0,230.0,1.0
9942,62.0,39.0,1.0
9943,153.0,219.0,1.0
9944,78.0,49.0,1.0
9945,129.0,337.0,1.0
9946,167.0,168.0,1.0
9947,147.0,148.0,1.0
9948,244.0,388.0,1.0
9949,197.0,327.0,1.0
9950,195.0,282.0,1.0
9951,69.0,384.0,1.0
9952,118.0,205.0,1.0
9953,126.0,222.0,1.0
9954,191.0,316.0,1.0
9955,138.0,191.0,1.0
9956,60.0,311.0,1.0
9957,175.0,295.0,1.0
9958,206.0,353.0,1.0
9959,29.0,55.0,1.0
9960,114.0,39.0,1.0
9961,45.0,1.0,1.0
9962,69.0,326.0,1.0
9963,218.0,146.0,1.0
9964,143.0,12.0,1.0
9965,248.0,265.0,1.0
9966,69.0,570.0,1.0
9967,74.0,501.0,1.0
9968,71.0,33.0,1.0
9969,124.0,247.0,1.0
9970,109.0,81.0,1.0
9971,178.0,511.0,1.0
9972,42.0,232.0,1.0
9973,87.0,236.0,1.0
9974,79.0,552.0,1.0
9975,193.0,241.0,1.0
9976,244.0,253.0,1.0
9977,145.0,202.0,1.0
9978,266.0,221.0,1.0
9979,159.0,219.0,1.0
9980,75.0,14.0,1.0
9981,224.0,134.0,1.0
9982,89.0,394.0,1.0
9983,158.0,394.0,1.0
9984,65.0,256.0,1.0
9985,128.0,116.0,1.0
9986,101.0,519.0,1.0
9987,178.0,421.0,1.0
9988,83.0,72.0,1.0
9989,103.0,100.0,1.0
9990,34.0,154.0,1.0
9991,132.0,121.0,1.0
9992,149.0,283.0,1.0
9993,101.0,310.0,1.0
9994,200.0,120.0,1.0
9995,234.0,509.0,1.0
9996,44.0,3.0,1.0
9997,149.0,247.0,1.0
9998,189.0,391.0,1.0
9999,178.0,524.0,1.0
10000,114.0,20.0,1.0
10001,147.0,365.0,1.0
10002,210.0,386.0,1.0
10003,132.0,546.0,1.0
10004,31.0,95.0,1.0
10005,167.0,126.0,1.0
10006,207.0,264.0,1.0
10007,185.0,476.0,1.0
10008,172.0,57.0,1.0
10009,147.0,220.0,1.0
10010,247.0,248.0,1.0
10011,84.0,8.0,1.0
10012,147.0,86.0,1.0
10013,130.0,208.0,1.0
10014,83.0,542.0,1.0
10015,255.0,306.0,1.0
10016,266.0,399.0,1.0
10017,79.0,202.0,1.0
10018,89.0,519.0,1.0
10019,267.0,92.0,1.0
10020,178.0,200.0,1.0
10021,237.0,103.0,1.0
10022,93.0,77.0,1.0
10023,183.0,510.0,1.0
10024,147.0,122.0,1.0
10025,227.0,75.0,1.0
10026,114.0,197.0,1.0
10027,82.0,1.0,1.0
10028,160.0,38.0,1.0
10029,79.0,409.0,1.0
10030,52.0,156.0,1.0
10031,162.0,286.0,1.0
10032,223.0,311.0,1.0
10033,133.0,315.0,1.0
10034,104.0,120.0,1.0
10035,3.0,101.0,1.0
10036,32.0,24.0,1.0
10037,74.0,64.0,1.0
10038,134.0,172.0,1.0
10039,16.0,55.0,1.0
10040,248.0,271.0,1.0
10041,12.0,253.0,1.0
10042,156.0,337.0,1.0
10043,175.0,238.0,1.0
10044,8.0,248.0,1.0
10045,31.0,296.0,1.0
10046,149.0,311.0,1.0
10047,65.0,310.0,1.0
10048,194.0,179.0,1.0
10049,144.0,131.0,1.0
10050,223.0,122.0,1.0
10051,178.0,245.0,1.0
10052,106.0,358.0,1.0
10053,206.0,7.0,1.0
10054,228.0,35.0,1.0
10055,65.0,241.0,1.0
10056,74.0,35.0,1.0
10057,71.0,68.0,1.0
10058,217.0,24.0,1.0
10059,168.0,378.0,1.0
10060,100.0,465.0,1.0
10061,85.0,46.0,1.0
10062,205.0,17.0,1.0
10063,143.0,460.0,1.0
10064,159.0,146.0,1.0
10065,162.0,40.0,1.0
10066,72.0,241.0,1.0
10067,136.0,45.0,1.0
10068,162.0,59.0,1.0
10069,75.0,253.0,1.0
10070,147.0,238.0,1.0
10071,212.0,221.0,1.0
10072,252.0,359.0,1.0
10073,128.0,458.0,1.0
10074,164.0,24.0,1.0
10075,128.0,113.0,1.0
10076,71.0,337.0,1.0
10077,133.0,510.0,1.0
10078,145.0,433.0,1.0
10079,213.0,43.0,1.0
10080,164.0,47.0,1.0
10081,156.0,351.0,1.0
10082,186.0,105.0,1.0
10083,131.0,10.0,1.0
10084,240.0,47.0,1.0
10085,67.0,544.0,1.0
10086,214.0,310.0,1.0
10087,256.0,186.0,1.0
10088,116.0,302.0,1.0
10089,75.0,203.0,1.0
10090,186.0,535.0,1.0
10091,201.0,202.0,1.0
10092,79.0,284.0,1.0
10093,2.0,126.0,1.0
10094,194.0,0.0,1.0
10095,98.0,576.0,1.0
10096,37.0,287.0,1.0
10097,147.0,578.0,1.0
10098,20.0,129.0,1.0
10099,207.0,207.0,1.0
10100,178.0,324.0,1.0
10101,142.0,96.0,1.0
10102,165.0,352.0,1.0
10103,12.0,196.0,1.0
10104,223.0,555.0,1.0
10105,132.0,92.0,1.0
10106,228.0,20.0,1.0
10107,79.0,337.0,1.0
10108,156.0,408.0,1.0
10109,178.0,70.0,1.0
10110,76.0,236.0,1.0
10111,98.0,47.0,1.0
10112,95.0,143.0,1.0
10113,8.0,103.0,1.0
10114,31.0,31.0,1.0
10115,223.0,440.0,1.0
10116,223.0,482.0,1.0
10117,172.0,517.0,1.0
10118,105.0,233.0,1.0
10119,191.0,259.0,1.0
10120,196.0,39.0,1.0
10121,113.0,305.0,1.0
10122,181.0,213.0,1.0
10123,263.0,462.0,1.0
10124,4.0,175.0,1.0
10125,150.0,177.0,1.0
10126,65.0,423.0,1.0
10127,266.0,174.0,1.0
10128,5.0,219.0,1.0
10129,65.0,497.0,1.0
10130,117.0,418.0,1.0
10131,97.0,423.0,1.0
10132,22.0,11.0,1.0
10133,156.0,36.0,1.0
10134,192.0,172.0,1.0
10135,51.0,32.0,1.0
10136,191.0,337.0,1.0
10137,69.0,262.0,1.0
10138,56.0,80.0,1.0
10139,166.0,460.0,1.0
10140,93.0,44.0,1.0
10141,90.0,351.0,1.0
10142,242.0,190.0,1.0
10143,234.0,48.0,1.0
10144,218.0,426.0,1.0
10145,207.0,10.0,1.0
10146,214.0,145.0,1.0
10147,3.0,168.0,1.0
10148,167.0,292.0,1.0
10149,147.0,483.0,1.0
10150,44.0,257.0,1.0
10151,64.0,555.0,1.0
10152,9.0,258.0,1.0
10153,174.0,261.0,1.0
10154,114.0,76.0,1.0
10155,112.0,420.0,1.0
10156,200.0,59.0,1.0
10157,226.0,548.0,1.0
10158,9.0,270.0,1.0
10159,141.0,462.0,1.0
10160,65.0,477.0,1.0
10161,13.0,113.0,1.0
10162,14.0,120.0,1.0
10163,82.0,385.0,1.0
10164,248.0,192.0,1.0
10165,178.0,83.0,1.0
10166,202.0,47.0,1.0
10167,172.0,104.0,1.0
10168,158.0,62.0,1.0
10169,81.0,14.0,1.0
10170,117.0,232.0,1.0
10171,189.0,207.0,1.0
10172,90.0,103.0,1.0
10173,160.0,437.0,1.0
10174,69.0,378.0,1.0
10175,91.0,80.0,1.0
10176,63.0,232.0,1.0
10177,2.0,119.0,1.0
10178,60.0,504.0,1.0
10179,259.0,1.0,1.0
10180,232.0,6.0,1.0
10181,15.0,350.0,1.0
10182,44.0,120.0,1.0
10183,88.0,378.0,1.0
10184,86.0,111.0,1.0
10185,26.0,10.0,1.0
10186,113.0,578.0,1.0
10187,189.0,48.0,1.0
10188,10.0,271.0,1.0
10189,19.0,150.0,1.0
10190,71.0,434.0,1.0
10191,39.0,95.0,1.0
10192,102.0,459.0,1.0
10193,144.0,47.0,1.0
10194,81.0,388.0,1.0
10195,235.0,127.0,1.0
10196,5.0,189.0,1.0
10197,256.0,11.0,1.0
10198,87.0,493.0,1.0
10199,178.0,535.0,1.0
10200,44.0,222.0,1.0
10201,65.0,45.0,1.0
10202,68.0,111.0,1.0
10203,183.0,561.0,1.0
10204,173.0,264.0,1.0
10205,114.0,346.0,1.0
10206,74.0,379.0,1.0
10207,266.0,314.0,1.0
10208,82.0,319.0,1.0
10209,112.0,529.0,1.0
10210,165.0,440.0,1.0
10211,28.0,17.0,1.0
10212,226.0,363.0,1.0
10213,62.0,228.0,1.0
10214,200.0,72.0,1.0
10215,218.0,302.0,1.0
10216,130.0,272.0,1.0
10217,89.0,75.0,1.0
10218,141.0,374.0,1.0
10219,69.0,581.0,1.0
10220,113.0,348.0,1.0
10221,9.0,30.0,1.0
10222,153.0,352.0,1.0
10223,132.0,219.0,1.0
10224,259.0,399.0,1.0
10225,254.0,146.0,1.0
10226,64.0,564.0,1.0
10227,183.0,445.0,1.0
10228,1.0,71.0,1.0
10229,109.0,372.0,1.0
10230,62.0,146.0,1.0
10231,86.0,70.0,1.0
10232,51.0,175.0,1.0
10233,60.0,410.0,1.0
10234,128.0,184.0,1.0
10235,117.0,473.0,1.0
10236,259.0,214.0,1.0
10237,82.0,206.0,1.0
10238,81.0,245.0,1.0
10239,101.0,474.0,1.0
10240,84.0,194.0,1.0
10241,252.0,220.0,1.0
10242,123.0,156.0,1.0
10243,68.0,116.0,1.0
10244,160.0,1.0,1.0
10245,162.0,307.0,1.0
10246,263.0,370.0,1.0
10247,33.0,50.0,1.0
10248,123.0,356.0,1.0
10249,75.0,150.0,1.0
10250,65.0,64.0,1.0
10251,147.0,223.0,1.0
10252,129.0,219.0,1.0
10253,230.0,388.0,1.0
10254,58.0,113.0,1.0
10255,113.0,527.0,1.0
10256,223.0,193.0,1.0
10257,132.0,311.0,1.0
10258,97.0,89.0,1.0
10259,166.0,95.0,1.0
10260,149.0,122.0,1.0
10261,179.0,117.0,1.0
10262,168.0,424.0,1.0
10263,83.0,180.0,1.0
10264,52.0,44.0,1.0
10265,84.0,270.0,1.0
10266,228.0,392.0,1.0
10267,189.0,5.0,1.0
10268,165.0,456.0,1.0
10269,81.0,97.0,1.0
10270,85.0,101.0,1.0
10271,166.0,12.0,1.0
10272,16.0,360.0,1.0
10273,67.0,375.0,1.0
10274,87.0,261.0,1.0
10275,52.0,320.0,1.0
10276,208.0,153.0,1.0
10277,154.0,456.0,1.0
10278,165.0,194.0,1.0
10279,183.0,413.0,1.0
10280,82.0,258.0,1.0
10281,259.0,206.0,1.0
10282,74.0,354.0,1.0
10283,187.0,159.0,1.0
10284,175.0,61.0,1.0
10285,130.0,320.0,1.0
10286,78.0,399.0,1.0
10287,150.0,332.0,1.0
10288,153.0,12.0,1.0
10289,63.0,531.0,1.0
10290,245.0,125.0,1.0
10291,149.0,300.0,1.0
10292,230.0,100.0,1.0
10293,86.0,10.0,1.0
10294,30.0,61.0,1.0
10295,178.0,228.0,1.0
10296,68.0,42.0,1.0
10297,31.0,297.0,1.0
10298,224.0,485.0,1.0
10299,190.0,127.0,1.0
10300,48.0,186.0,1.0
10301,264.0,56.0,1.0
10302,107.0,181.0,1.0
10303,128.0,58.0,1.0
10304,78.0,81.0,1.0
10305,129.0,39.0,1.0
10306,203.0,181.0,1.0
10307,11.0,95.0,1.0
10308,103.0,532.0,1.0
10309,2.0,107.0,1.0
10310,68.0,43.0,1.0
10311,141.0,62.0,1.0
10312,84.0,181.0,1.0
10313,156.0,389.0,1.0
10314,182.0,36.0,1.0
10315,188.0,563.0,1.0
10316,70.0,36.0,1.0
10317,164.0,92.0,1.0
10318,247.0,316.0,1.0
10319,130.0,27.0,1.0
10320,69.0,57.0,1.0
10321,170.0,570.0,1.0
10322,39.0,399.0,1.0
10323,201.0,89.0,1.0
10324,189.0,57.0,1.0
10325,85.0,215.0,1.0
10326,56.0,347.0,1.0
10327,81.0,100.0,1.0
10328,195.0,241.0,1.0
10329,71.0,102.0,1.0
10330,165.0,179.0,1.0
10331,149.0,551.0,1.0
10332,108.0,94.0,1.0
10333,178.0,130.0,1.0
10334,138.0,150.0,1.0
10335,147.0,353.0,1.0
10336,132.0,530.0,1.0
10337,3.0,28.0,1.0
10338,120.0,492.0,1.0
10339,26.0,194.0,1.0
10340,143.0,251.0,1.0
10341,226.0,592.0,1.0
10342,250.0,92.0,1.0
10343,147.0,589.0,1.0
10344,155.0,551.0,1.0
10345,147.0,429.0,1.0
10346,175.0,191.0,1.0
10347,262.0,334.0,1.0
10348,133.0,307.0,1.0
10349,199.0,97.0,1.0
10350,223.0,179.0,1.0
10351,155.0,593.0,1.0
10352,117.0,109.0,1.0
10353,100.0,84.0,1.0
10354,108.0,207.0,1.0
10355,233.0,522.0,1.0
10356,206.0,89.0,1.0
10357,189.0,331.0,1.0
10358,78.0,7.0,1.0
10359,211.0,378.0,1.0
10360,256.0,232.0,1.0
10361,56.0,36.0,1.0
10362,156.0,223.0,1.0
10363,74.0,68.0,1.0
10364,96.0,248.0,1.0
10365,105.0,80.0,1.0
10366,12.0,181.0,1.0
10367,107.0,5.0,1.0
10368,207.0,17.0,1.0
10369,218.0,69.0,1.0
10370,53.0,195.0,1.0
10371,32.0,111.0,1.0
10372,191.0,146.0,1.0
10373,52.0,511.0,1.0
10374,226.0,38.0,1.0
10375,5.0,201.0,1.0
10376,259.0,145.0,1.0
10377,263.0,313.0,1.0
10378,184.0,196.0,1.0
10379,82.0,125.0,1.0
10380,135.0,80.0,1.0
10381,200.0,321.0,1.0
10382,189.0,339.0,1.0
10383,96.0,367.0,1.0
10384,189.0,343.0,1.0
10385,183.0,191.0,1.0
10386,22.0,113.0,1.0
10387,117.0,23.0,1.0
10388,211.0,464.0,1.0
10389,184.0,416.0,1.0
10390,211.0,215.0,1.0
10391,97.0,378.0,1.0
10392,64.0,217.0,1.0
10393,141.0,118.0,1.0
10394,194.0,97.0,1.0
10395,43.0,97.0,1.0
10396,250.0,89.0,1.0
10397,114.0,29.0,1.0
10398,103.0,157.0,1.0
10399,145.0,491.0,1.0
10400,117.0,394.0,1.0
10401,193.0,489.0,1.0
10402,225.0,8.0,1.0
10403,19.0,126.0,1.0
10404,223.0,534.0,1.0
10405,245.0,204.0,1.0
10406,5.0,187.0,1.0
10407,39.0,11.0,1.0
10408,15.0,253.0,1.0
10409,138.0,509.0,1.0
10410,229.0,366.0,1.0
10411,65.0,343.0,1.0
10412,234.0,556.0,1.0
10413,177.0,341.0,1.0
10414,183.0,216.0,1.0
10415,186.0,238.0,1.0
10416,68.0,559.0,1.0
10417,82.0,536.0,1.0
10418,75.0,364.0,1.0
10419,183.0,346.0,1.0
10420,211.0,500.0,1.0
10421,223.0,130.0,1.0
10422,159.0,122.0,1.0
10423,158.0,40.0,1.0
10424,71.0,458.0,1.0
10425,123.0,38.0,1.0
10426,205.0,318.0,1.0
10427,26.0,31.0,1.0
10428,242.0,581.0,1.0
10429,60.0,426.0,1.0
10430,81.0,197.0,1.0
10431,93.0,429.0,1.0
10432,113.0,372.0,1.0
10433,250.0,348.0,1.0
10434,28.0,16.0,1.0
10435,79.0,96.0,1.0
10436,91.0,65.0,1.0
10437,184.0,90.0,1.0
10438,222.0,157.0,1.0
10439,219.0,186.0,1.0
10440,67.0,146.0,1.0
10441,104.0,50.0,1.0
10442,142.0,569.0,1.0
10443,245.0,383.0,1.0
10444,82.0,279.0,1.0
10445,181.0,249.0,1.0
10446,116.0,191.0,1.0
10447,154.0,251.0,1.0
10448,169.0,154.0,1.0
10449,147.0,341.0,1.0
10450,148.0,103.0,1.0
10451,57.0,7.0,1.0
10452,11.0,152.0,1.0
10453,193.0,24.0,1.0
10454,86.0,315.0,1.0
10455,16.0,30.0,1.0
10456,218.0,68.0,1.0
10457,90.0,97.0,1.0
10458,193.0,59.0,1.0
10459,22.0,58.0,1.0
10460,65.0,373.0,1.0
10461,130.0,36.0,1.0
10462,223.0,379.0,1.0
10463,207.0,513.0,1.0
10464,226.0,267.0,1.0
10465,35.0,196.0,1.0
10466,168.0,386.0,1.0
10467,155.0,388.0,1.0
10468,100.0,597.0,1.0
10469,224.0,273.0,1.0
10470,101.0,122.0,1.0
10471,117.0,569.0,1.0
10472,208.0,239.0,1.0
10473,255.0,120.0,1.0
10474,117.0,218.0,1.0
10475,147.0,54.0,1.0
10476,64.0,145.0,1.0
10477,89.0,192.0,1.0
10478,16.0,62.0,1.0
10479,136.0,31.0,1.0
10480,207.0,81.0,1.0
10481,105.0,245.0,1.0
10482,256.0,150.0,1.0
10483,17.0,397.0,1.0
10484,183.0,476.0,1.0
10485,165.0,132.0,1.0
10486,91.0,175.0,1.0
10487,150.0,589.0,1.0
10488,49.0,35.0,1.0
10489,15.0,352.0,1.0
10490,103.0,47.0,1.0
10491,149.0,103.0,1.0
10492,224.0,331.0,1.0
10493,86.0,415.0,1.0
10494,262.0,147.0,1.0
10495,75.0,196.0,1.0
10496,146.0,120.0,1.0
10497,116.0,178.0,1.0
10498,264.0,551.0,1.0
10499,152.0,91.0,1.0
10500,130.0,538.0,1.0
10501,257.0,226.0,1.0
10502,239.0,84.0,1.0
10503,3.0,50.0,1.0
10504,87.0,20.0,1.0
10505,207.0,97.0,1.0
10506,132.0,454.0,1.0
10507,48.0,11.0,1.0
10508,225.0,215.0,1.0
10509,79.0,36.0,1.0
10510,28.0,51.0,1.0
10511,217.0,429.0,1.0
10512,105.0,514.0,1.0
10513,148.0,288.0,1.0
10514,107.0,79.0,1.0
10515,138.0,52.0,1.0
10516,122.0,481.0,1.0
10517,49.0,382.0,1.0
10518,193.0,111.0,1.0
10519,231.0,228.0,1.0
10520,262.0,208.0,1.0
10521,9.0,28.0,1.0
10522,31.0,91.0,1.0
10523,145.0,380.0,1.0
10524,18.0,90.0,1.0
10525,102.0,274.0,1.0
10526,207.0,68.0,1.0
10527,65.0,294.0,1.0
10528,175.0,382.0,1.0
10529,149.0,459.0,1.0
10530,117.0,74.0,1.0
10531,199.0,81.0,1.0
10532,44.0,22.0,1.0
10533,44.0,241.0,1.0
10534,30.0,268.0,1.0
10535,64.0,120.0,1.0
10536,75.0,222.0,1.0
10537,259.0,470.0,1.0
10538,209.0,66.0,1.0
10539,81.0,564.0,1.0
10540,247.0,469.0,1.0
10541,262.0,106.0,1.0
10542,39.0,96.0,1.0
10543,169.0,97.0,1.0
10544,119.0,227.0,1.0
10545,90.0,113.0,1.0
10546,87.0,118.0,1.0
10547,68.0,92.0,1.0
10548,163.0,239.0,1.0
10549,147.0,175.0,1.0
10550,34.0,58.0,1.0
10551,214.0,91.0,1.0
10552,74.0,206.0,1.0
10553,256.0,22.0,1.0
10554,37.0,300.0,1.0
10555,48.0,194.0,1.0
10556,67.0,22.0,1.0
10557,170.0,44.0,1.0
10558,223.0,588.0,1.0
10559,165.0,489.0,1.0
10560,153.0,267.0,1.0
10561,169.0,156.0,1.0
10562,10.0,162.0,1.0
10563,59.0,378.0,1.0
10564,257.0,87.0,1.0
10565,71.0,175.0,1.0
10566,148.0,126.0,1.0
10567,34.0,153.0,1.0
10568,175.0,264.0,1.0
10569,9.0,181.0,1.0
10570,210.0,291.0,1.0
10571,130.0,352.0,1.0
10572,211.0,356.0,1.0
10573,42.0,410.0,1.0
10574,218.0,288.0,1.0
10575,164.0,277.0,1.0
10576,211.0,325.0,1.0
10577,82.0,448.0,1.0
10578,68.0,201.0,1.0
10579,25.0,306.0,1.0
10580,196.0,117.0,1.0
10581,209.0,255.0,1.0
10582,47.0,100.0,1.0
10583,223.0,398.0,1.0
10584,73.0,374.0,1.0
10585,77.0,521.0,1.0
10586,141.0,54.0,1.0
10587,182.0,304.0,1.0
10588,181.0,136.0,1.0
10589,262.0,69.0,1.0
10590,173.0,437.0,1.0
10591,250.0,518.0,1.0
10592,165.0,556.0,1.0
10593,225.0,92.0,1.0
10594,259.0,95.0,1.0
10595,104.0,4.0,1.0
10596,69.0,532.0,1.0
10597,73.0,146.0,1.0
10598,56.0,150.0,1.0
10599,39.0,403.0,1.0
10600,183.0,194.0,1.0
10601,263.0,443.0,1.0
10602,130.0,219.0,1.0
10603,145.0,91.0,1.0
10604,123.0,111.0,1.0
10605,203.0,45.0,1.0
10606,229.0,50.0,1.0
10607,126.0,12.0,1.0
10608,234.0,473.0,1.0
10609,54.0,17.0,1.0
10610,116.0,31.0,1.0
10611,136.0,474.0,1.0
10612,129.0,310.0,1.0
10613,65.0,467.0,1.0
10614,127.0,80.0,1.0
10615,105.0,247.0,1.0
10616,162.0,31.0,1.0
10617,147.0,172.0,1.0
10618,33.0,222.0,1.0
10619,37.0,146.0,1.0
10620,9.0,275.0,1.0
10621,141.0,526.0,1.0
10622,182.0,514.0,1.0
10623,108.0,129.0,1.0
10624,83.0,390.0,1.0
10625,259.0,118.0,1.0
10626,39.0,222.0,1.0
10627,183.0,253.0,1.0
10628,195.0,120.0,1.0
10629,124.0,9.0,1.0
10630,209.0,485.0,1.0
10631,207.0,11.0,1.0
10632,23.0,305.0,1.0
10633,115.0,399.0,1.0
10634,243.0,504.0,1.0
10635,175.0,356.0,1.0
10636,42.0,415.0,1.0
10637,247.0,468.0,1.0
10638,124.0,108.0,1.0
10639,10.0,120.0,1.0
10640,259.0,131.0,1.0
10641,102.0,145.0,1.0
10642,232.0,9.0,1.0
10643,69.0,268.0,1.0
10644,200.0,261.0,1.0
10645,65.0,524.0,1.0
10646,125.0,120.0,1.0
10647,181.0,266.0,1.0
10648,71.0,310.0,1.0
10649,202.0,36.0,1.0
10650,143.0,81.0,1.0
10651,181.0,31.0,1.0
10652,53.0,535.0,1.0
10653,264.0,51.0,1.0
10654,63.0,492.0,1.0
10655,256.0,91.0,1.0
10656,256.0,230.0,1.0
10657,115.0,118.0,1.0
10658,182.0,496.0,1.0
10659,82.0,256.0,1.0
10660,89.0,406.0,1.0
10661,128.0,161.0,1.0
10662,197.0,476.0,1.0
10663,136.0,589.0,1.0
10664,70.0,499.0,1.0
10665,150.0,111.0,1.0
10666,227.0,539.0,1.0
10667,147.0,123.0,1.0
10668,136.0,509.0,1.0
10669,165.0,467.0,1.0
10670,57.0,299.0,1.0
10671,262.0,178.0,1.0
10672,263.0,89.0,1.0
10673,64.0,216.0,1.0
10674,158.0,24.0,1.0
10675,212.0,126.0,1.0
10676,87.0,300.0,1.0
10677,84.0,367.0,1.0
10678,74.0,191.0,1.0
10679,226.0,69.0,1.0
10680,257.0,594.0,1.0
10681,227.0,425.0,1.0
10682,150.0,157.0,1.0
10683,239.0,204.0,1.0
10684,65.0,383.0,1.0
10685,262.0,575.0,1.0
10686,155.0,535.0,1.0
10687,2.0,58.0,1.0
10688,82.0,67.0,1.0
10689,146.0,463.0,1.0
10690,96.0,143.0,1.0
10691,209.0,387.0,1.0
10692,231.0,424.0,1.0
10693,235.0,296.0,1.0
10694,29.0,445.0,1.0
10695,66.0,574.0,1.0
10696,160.0,82.0,1.0
10697,110.0,66.0,1.0
10698,138.0,253.0,1.0
10699,135.0,10.0,1.0
10700,73.0,99.0,1.0
10701,252.0,230.0,1.0
10702,68.0,196.0,1.0
10703,226.0,50.0,1.0
10704,247.0,334.0,1.0
10705,79.0,75.0,1.0
10706,116.0,49.0,1.0
10707,81.0,284.0,1.0
10708,91.0,311.0,1.0
10709,3.0,164.0,1.0
10710,60.0,437.0,1.0
10711,155.0,423.0,1.0
10712,105.0,358.0,1.0
10713,164.0,425.0,1.0
10714,77.0,510.0,1.0
10715,259.0,388.0,1.0
10716,86.0,22.0,1.0
10717,223.0,336.0,1.0
10718,148.0,111.0,1.0
10719,217.0,557.0,1.0
10720,104.0,194.0,1.0
10721,191.0,149.0,1.0
10722,199.0,319.0,1.0
10723,124.0,222.0,1.0
10724,158.0,550.0,1.0
10725,231.0,124.0,1.0
10726,147.0,332.0,1.0
10727,182.0,399.0,1.0
10728,75.0,121.0,1.0
10729,165.0,50.0,1.0
10730,195.0,211.0,1.0
10731,197.0,81.0,1.0
10732,178.0,381.0,1.0
10733,14.0,57.0,1.0
10734,189.0,0.0,1.0
10735,225.0,52.0,1.0
10736,121.0,266.0,1.0
10737,164.0,356.0,1.0
10738,168.0,0.0,1.0
10739,150.0,229.0,1.0
10740,148.0,365.0,1.0
10741,26.0,438.0,1.0
10742,87.0,420.0,1.0
10743,57.0,418.0,1.0
10744,84.0,495.0,1.0
10745,53.0,507.0,1.0
10746,145.0,62.0,1.0
10747,144.0,190.0,1.0
10748,241.0,11.0,1.0
10749,178.0,8.0,1.0
10750,223.0,62.0,1.0
10751,208.0,47.0,1.0
10752,22.0,114.0,1.0
10753,10.0,128.0,1.0
10754,94.0,451.0,1.0
10755,119.0,399.0,1.0
10756,249.0,118.0,1.0
10757,71.0,385.0,1.0
10758,6.0,83.0,1.0
10759,51.0,191.0,1.0
10760,182.0,275.0,1.0
10761,180.0,437.0,1.0
10762,193.0,236.0,1.0
10763,218.0,308.0,1.0
10764,116.0,17.0,1.0
10765,91.0,540.0,1.0
10766,178.0,551.0,1.0
10767,203.0,44.0,1.0
10768,245.0,391.0,1.0
10769,248.0,112.0,1.0
10770,56.0,343.0,1.0
10771,51.0,514.0,1.0
10772,84.0,87.0,1.0
10773,114.0,591.0,1.0
10774,60.0,378.0,1.0
10775,183.0,111.0,1.0
10776,25.0,146.0,1.0
10777,104.0,122.0,1.0
10778,112.0,219.0,1.0
10779,101.0,95.0,1.0
10780,114.0,45.0,1.0
10781,257.0,66.0,1.0
10782,205.0,147.0,1.0
10783,129.0,190.0,1.0
10784,37.0,194.0,1.0
10785,63.0,504.0,1.0
10786,89.0,195.0,1.0
10787,127.0,60.0,1.0
10788,158.0,428.0,1.0
10789,163.0,92.0,1.0
10790,183.0,264.0,1.0
10791,71.0,332.0,1.0
10792,74.0,131.0,1.0
10793,129.0,207.0,1.0
10794,101.0,79.0,1.0
10795,90.0,268.0,1.0
10796,248.0,45.0,1.0
10797,62.0,220.0,1.0
10798,164.0,141.0,1.0
10799,103.0,13.0,1.0
10800,16.0,356.0,1.0
10801,116.0,127.0,1.0
10802,91.0,256.0,1.0
10803,165.0,375.0,1.0
10804,28.0,303.0,1.0
10805,135.0,573.0,1.0
10806,205.0,241.0,1.0
10807,50.0,203.0,1.0
10808,261.0,12.0,1.0
10809,8.0,236.0,1.0
10810,136.0,10.0,1.0
10811,84.0,27.0,1.0
10812,182.0,135.0,1.0
10813,205.0,54.0,1.0
10814,183.0,327.0,1.0
10815,81.0,316.0,1.0
10816,267.0,103.0,1.0
10817,242.0,39.0,1.0
10818,78.0,383.0,1.0
10819,258.0,141.0,1.0
10820,127.0,143.0,1.0
10821,261.0,50.0,1.0
10822,57.0,367.0,1.0
10823,178.0,176.0,1.0
10824,200.0,189.0,1.0
10825,197.0,512.0,1.0
10826,188.0,45.0,1.0
10827,250.0,497.0,1.0
10828,67.0,253.0,1.0
10829,228.0,54.0,1.0
10830,0.0,9.0,1.0
10831,218.0,594.0,1.0
10832,244.0,219.0,1.0
10833,131.0,342.0,1.0
10834,75.0,47.0,1.0
10835,208.0,218.0,1.0
10836,75.0,100.0,1.0
10837,65.0,179.0,1.0
10838,51.0,92.0,1.0
10839,265.0,222.0,1.0
10840,214.0,407.0,1.0
10841,165.0,208.0,1.0
10842,259.0,414.0,1.0
10843,195.0,208.0,1.0
10844,48.0,293.0,1.0
10845,22.0,290.0,1.0
10846,130.0,487.0,1.0
10847,235.0,421.0,1.0
10848,3.0,84.0,1.0
10849,66.0,264.0,1.0
10850,8.0,247.0,1.0
10851,90.0,208.0,1.0
10852,65.0,568.0,1.0
10853,140.0,20.0,1.0
10854,138.0,221.0,1.0
10855,197.0,399.0,1.0
10856,46.0,218.0,1.0
10857,197.0,194.0,1.0
10858,224.0,597.0,1.0
10859,191.0,297.0,1.0
10860,199.0,268.0,1.0
10861,22.0,215.0,1.0
10862,132.0,88.0,1.0
10863,199.0,572.0,1.0
10864,34.0,9.0,1.0
10865,148.0,225.0,1.0
10866,206.0,138.0,1.0
10867,178.0,222.0,1.0
10868,5.0,197.0,1.0
10869,56.0,407.0,1.0
10870,184.0,147.0,1.0
10871,90.0,331.0,1.0
10872,51.0,66.0,1.0
10873,12.0,318.0,1.0
10874,142.0,10.0,1.0
10875,15.0,355.0,1.0
10876,147.0,52.0,1.0
10877,98.0,251.0,1.0
10878,51.0,1.0,1.0
10879,102.0,556.0,1.0
10880,60.0,399.0,1.0
10881,197.0,190.0,1.0
10882,197.0,164.0,1.0
10883,87.0,335.0,1.0
10884,87.0,337.0,1.0
10885,57.0,549.0,1.0
10886,87.0,177.0,1.0
10887,161.0,35.0,1.0
10888,51.0,511.0,1.0
10889,49.0,230.0,1.0
10890,148.0,376.0,1.0
10891,47.0,47.0,1.0
10892,177.0,332.0,1.0
10893,182.0,242.0,1.0
10894,228.0,335.0,1.0
10895,119.0,195.0,1.0
10896,122.0,88.0,1.0
10897,254.0,150.0,1.0
10898,168.0,155.0,1.0
10899,40.0,9.0,1.0
10900,87.0,367.0,1.0
10901,89.0,343.0,1.0
10902,128.0,342.0,1.0
10903,28.0,29.0,1.0
10904,183.0,422.0,1.0
10905,136.0,202.0,1.0
10906,106.0,80.0,1.0
10907,43.0,127.0,1.0
10908,75.0,39.0,1.0
10909,150.0,125.0,1.0
10910,141.0,15.0,1.0
10911,89.0,204.0,1.0
10912,162.0,290.0,1.0
10913,200.0,156.0,1.0
10914,104.0,146.0,1.0
10915,90.0,45.0,1.0
10916,127.0,10.0,1.0
10917,248.0,143.0,1.0
10918,159.0,103.0,1.0
10919,56.0,452.0,1.0
10920,16.0,275.0,1.0
10921,87.0,195.0,1.0
10922,16.0,365.0,1.0
10923,155.0,65.0,1.0
10924,222.0,269.0,1.0
10925,164.0,113.0,1.0
10926,210.0,126.0,1.0
10927,18.0,9.0,1.0
10928,50.0,45.0,1.0
10929,217.0,204.0,1.0
10930,127.0,584.0,1.0
10931,1.0,63.0,1.0
10932,7.0,11.0,1.0
10933,165.0,31.0,1.0
10934,98.0,582.0,1.0
10935,110.0,58.0,1.0
10936,1.0,17.0,1.0
10937,35.0,9.0,1.0
10938,17.0,390.0,1.0
10939,264.0,420.0,1.0
10940,117.0,589.0,1.0
10941,31.0,226.0,1.0
10942,135.0,184.0,1.0
10943,134.0,351.0,1.0
10944,232.0,364.0,1.0
10945,99.0,406.0,1.0
10946,34.0,152.0,1.0
10947,164.0,62.0,1.0
10948,232.0,118.0,1.0
10949,48.0,247.0,1.0
10950,10.0,146.0,1.0
10951,9.0,47.0,1.0
10952,5.0,204.0,1.0
10953,173.0,97.0,1.0
10954,113.0,150.0,1.0
10955,98.0,127.0,1.0
10956,178.0,81.0,1.0
10957,130.0,426.0,1.0
10958,11.0,309.0,1.0
10959,205.0,386.0,1.0
10960,190.0,197.0,1.0
10961,256.0,305.0,1.0
10962,132.0,116.0,1.0
10963,105.0,587.0,1.0
10964,53.0,44.0,1.0
10965,149.0,334.0,1.0
10966,87.0,73.0,1.0
10967,255.0,45.0,1.0
10968,254.0,103.0,1.0
10969,145.0,378.0,1.0
10970,36.0,157.0,1.0
10971,36.0,120.0,1.0
10972,187.0,36.0,1.0
10973,208.0,337.0,1.0
10974,218.0,365.0,1.0
10975,82.0,398.0,1.0
10976,156.0,247.0,1.0
10977,149.0,245.0,1.0
10978,17.0,36.0,1.0
10979,223.0,365.0,1.0
10980,79.0,229.0,1.0
10981,99.0,104.0,1.0
10982,119.0,117.0,1.0
10983,69.0,120.0,1.0
10984,60.0,39.0,1.0
10985,248.0,426.0,1.0
10986,186.0,99.0,1.0
10987,186.0,141.0,1.0
10988,82.0,59.0,1.0
10989,175.0,173.0,1.0
10990,128.0,103.0,1.0
10991,49.0,227.0,1.0
10992,266.0,470.0,1.0
10993,51.0,38.0,1.0
10994,49.0,503.0,1.0
10995,31.0,88.0,1.0
10996,91.0,0.0,1.0
10997,56.0,351.0,1.0
10998,165.0,106.0,1.0
10999,42.0,3.0,1.0
11000,75.0,194.0,1.0
11001,107.0,146.0,1.0
11002,91.0,17.0,1.0
11003,122.0,62.0,1.0
11004,207.0,159.0,1.0
11005,65.0,446.0,1.0
11006,155.0,259.0,1.0
11007,130.0,277.0,1.0
11008,259.0,120.0,1.0
11009,37.0,304.0,1.0
11010,62.0,224.0,1.0
11011,218.0,271.0,1.0
11012,55.0,447.0,1.0
11013,102.0,56.0,1.0
11014,58.0,166.0,1.0
11015,116.0,511.0,1.0
11016,108.0,513.0,1.0
11017,187.0,133.0,1.0
11018,56.0,111.0,1.0
11019,156.0,492.0,1.0
11020,156.0,230.0,1.0
11021,156.0,531.0,1.0
11022,208.0,179.0,1.0
11023,234.0,251.0,1.0
11024,225.0,51.0,1.0
11025,5.0,221.0,1.0
11026,39.0,138.0,1.0
11027,207.0,575.0,1.0
11028,203.0,130.0,1.0
11029,105.0,192.0,1.0
11030,175.0,298.0,1.0
11031,110.0,189.0,1.0
11032,229.0,104.0,1.0
11033,207.0,241.0,1.0
11034,52.0,177.0,1.0
11035,228.0,115.0,1.0
11036,45.0,125.0,1.0
11037,1.0,66.0,1.0
11038,160.0,105.0,1.0
11039,232.0,361.0,1.0
11040,245.0,49.0,1.0
11041,103.0,495.0,1.0
11042,256.0,398.0,1.0
11043,182.0,70.0,1.0
11044,58.0,58.0,1.0
11045,165.0,328.0,1.0
11046,197.0,192.0,1.0
11047,57.0,13.0,1.0
11048,9.0,86.0,1.0
11049,224.0,504.0,1.0
11050,59.0,185.0,1.0
11051,44.0,122.0,1.0
11052,226.0,62.0,1.0
11053,226.0,593.0,1.0
11054,211.0,84.0,1.0
11055,257.0,343.0,1.0
11056,56.0,170.0,1.0
11057,0.0,14.0,1.0
11058,248.0,370.0,1.0
11059,256.0,146.0,1.0
11060,51.0,44.0,1.0
11061,98.0,280.0,1.0
11062,90.0,236.0,1.0
11063,226.0,271.0,1.0
11064,129.0,280.0,1.0
11065,108.0,447.0,1.0
11066,107.0,202.0,1.0
11067,224.0,179.0,1.0
11068,136.0,497.0,1.0
11069,108.0,157.0,1.0
11070,211.0,111.0,1.0
11071,117.0,385.0,1.0
11072,257.0,113.0,1.0
11073,156.0,47.0,1.0
11074,183.0,591.0,1.0
11075,185.0,154.0,1.0
11076,95.0,80.0,1.0
11077,105.0,92.0,1.0
11078,37.0,293.0,1.0
11079,102.0,44.0,1.0
11080,57.0,286.0,1.0
11081,97.0,409.0,1.0
11082,12.0,59.0,1.0
11083,193.0,96.0,1.0
11084,123.0,588.0,1.0
11085,10.0,178.0,1.0
11086,63.0,224.0,1.0
11087,17.0,408.0,1.0
11088,96.0,291.0,1.0
11089,203.0,352.0,1.0
11090,219.0,229.0,1.0
11091,89.0,400.0,1.0
11092,54.0,35.0,1.0
11093,231.0,142.0,1.0
11094,217.0,39.0,1.0
11095,83.0,61.0,1.0
11096,169.0,196.0,1.0
11097,256.0,124.0,1.0
11098,182.0,39.0,1.0
11099,189.0,109.0,1.0
11100,247.0,538.0,1.0
11101,22.0,220.0,1.0
11102,97.0,204.0,1.0
11103,28.0,300.0,1.0
11104,195.0,40.0,1.0
11105,82.0,231.0,1.0
11106,103.0,0.0,1.0
11107,132.0,412.0,1.0
11108,29.0,60.0,1.0
11109,82.0,134.0,1.0
11110,245.0,191.0,1.0
11111,52.0,277.0,1.0
11112,226.0,89.0,1.0
11113,56.0,248.0,1.0
11114,10.0,9.0,1.0
11115,187.0,433.0,1.0
11116,85.0,153.0,1.0
11117,19.0,423.0,1.0
11118,60.0,225.0,1.0
11119,203.0,415.0,1.0
11120,158.0,12.0,1.0
11121,126.0,0.0,1.0
11122,57.0,548.0,1.0
11123,108.0,116.0,1.0
11124,89.0,209.0,1.0
11125,218.0,61.0,1.0
11126,156.0,7.0,1.0
11127,71.0,1.0,1.0
11128,109.0,239.0,1.0
11129,245.0,374.0,1.0
11130,196.0,515.0,1.0
11131,132.0,120.0,1.0
11132,164.0,67.0,1.0
11133,119.0,214.0,1.0
11134,87.0,33.0,1.0
11135,37.0,343.0,1.0
11136,108.0,326.0,1.0
11137,160.0,487.0,1.0
11138,241.0,218.0,1.0
11139,145.0,191.0,1.0
11140,77.0,247.0,1.0
11141,17.0,39.0,1.0
11142,162.0,287.0,1.0
11143,0.0,0.0,1.0
11144,106.0,426.0,1.0
11145,127.0,591.0,1.0
11146,143.0,122.0,1.0
11147,264.0,275.0,1.0
11148,239.0,501.0,1.0
11149,130.0,146.0,1.0
11150,183.0,40.0,1.0
11151,171.0,127.0,1.0
11152,97.0,39.0,1.0
11153,53.0,141.0,1.0
11154,259.0,343.0,1.0
11155,87.0,35.0,1.0
11156,51.0,187.0,1.0
11157,223.0,464.0,1.0
11158,210.0,557.0,1.0
11159,82.0,413.0,1.0
11160,73.0,432.0,1.0
11161,262.0,58.0,1.0
11162,258.0,409.0,1.0
11163,68.0,577.0,1.0
11164,217.0,310.0,1.0
11165,247.0,590.0,1.0
11166,232.0,23.0,1.0
11167,203.0,95.0,1.0
11168,117.0,186.0,1.0
11169,44.0,115.0,1.0
11170,78.0,415.0,1.0
11171,226.0,356.0,1.0
11172,85.0,137.0,1.0
11173,226.0,502.0,1.0
11174,24.0,121.0,1.0
11175,211.0,81.0,1.0
11176,32.0,130.0,1.0
11177,49.0,388.0,1.0
11178,108.0,133.0,1.0
11179,104.0,224.0,1.0
11180,74.0,121.0,1.0
11181,248.0,1.0,1.0
11182,126.0,374.0,1.0
11183,59.0,398.0,1.0
11184,142.0,213.0,1.0
11185,15.0,128.0,1.0
11186,122.0,143.0,1.0
11187,248.0,38.0,1.0
11188,75.0,581.0,1.0
11189,180.0,321.0,1.0
11190,60.0,111.0,1.0
11191,48.0,268.0,1.0
11192,147.0,595.0,1.0
11193,175.0,226.0,1.0
11194,263.0,120.0,1.0
11195,238.0,104.0,1.0
11196,117.0,221.0,1.0
11197,84.0,364.0,1.0
11198,211.0,62.0,1.0
11199,202.0,140.0,1.0
11200,209.0,81.0,1.0
11201,33.0,84.0,1.0
11202,18.0,136.0,1.0
11203,53.0,99.0,1.0
11204,207.0,516.0,1.0
11205,199.0,515.0,1.0
11206,118.0,117.0,1.0
11207,228.0,83.0,1.0
11208,115.0,120.0,1.0
11209,236.0,328.0,1.0
11210,259.0,405.0,1.0
11211,194.0,251.0,1.0
11212,97.0,376.0,1.0
11213,171.0,216.0,1.0
11214,257.0,38.0,1.0
11215,129.0,156.0,1.0
11216,87.0,172.0,1.0
11217,139.0,224.0,1.0
11218,38.0,88.0,1.0
11219,261.0,313.0,1.0
11220,172.0,148.0,1.0
11221,81.0,33.0,1.0
11222,17.0,414.0,1.0
11223,189.0,87.0,1.0
11224,75.0,8.0,1.0
11225,60.0,416.0,1.0
11226,29.0,441.0,1.0
11227,83.0,85.0,1.0
11228,135.0,379.0,1.0
11229,52.0,409.0,1.0
11230,183.0,228.0,1.0
11231,126.0,7.0,1.0
11232,222.0,114.0,1.0
11233,248.0,109.0,1.0
11234,93.0,284.0,1.0
11235,8.0,18.0,1.0
11236,203.0,154.0,1.0
11237,255.0,326.0,1.0
11238,148.0,20.0,1.0
11239,154.0,410.0,1.0
11240,163.0,410.0,1.0
11241,24.0,320.0,1.0
11242,211.0,147.0,1.0
11243,14.0,11.0,1.0
11244,42.0,204.0,1.0
11245,200.0,319.0,1.0
11246,223.0,143.0,1.0
11247,261.0,320.0,1.0
11248,82.0,237.0,1.0
11249,37.0,311.0,1.0
11250,224.0,223.0,1.0
11251,9.0,23.0,1.0
11252,49.0,22.0,1.0
11253,22.0,240.0,1.0
11254,196.0,382.0,1.0
11255,220.0,11.0,1.0
11256,214.0,59.0,1.0
11257,248.0,136.0,1.0
11258,67.0,118.0,1.0
11259,129.0,216.0,1.0
11260,218.0,478.0,1.0
11261,178.0,179.0,1.0
11262,71.0,382.0,1.0
11263,99.0,388.0,1.0
11264,197.0,143.0,1.0
11265,114.0,147.0,1.0
11266,147.0,17.0,1.0
11267,165.0,243.0,1.0
11268,107.0,85.0,1.0
11269,81.0,138.0,1.0
11270,128.0,59.0,1.0
11271,91.0,74.0,1.0
11272,108.0,385.0,1.0
11273,116.0,446.0,1.0
11274,144.0,282.0,1.0
11275,14.0,22.0,1.0
11276,228.0,44.0,1.0
11277,103.0,513.0,1.0
11278,259.0,150.0,1.0
11279,167.0,273.0,1.0
11280,57.0,114.0,1.0
11281,78.0,121.0,1.0
11282,129.0,104.0,1.0
11283,147.0,183.0,1.0
11284,148.0,119.0,1.0
11285,89.0,558.0,1.0
11286,33.0,58.0,1.0
11287,141.0,332.0,1.0
11288,105.0,252.0,1.0
11289,223.0,189.0,1.0
11290,156.0,202.0,1.0
11291,142.0,95.0,1.0
11292,234.0,186.0,1.0
11293,209.0,256.0,1.0
11294,182.0,154.0,1.0
11295,197.0,237.0,1.0
11296,87.0,336.0,1.0
11297,49.0,411.0,1.0
11298,223.0,282.0,1.0
11299,248.0,10.0,1.0
11300,94.0,61.0,1.0
11301,82.0,223.0,1.0
11302,89.0,464.0,1.0
11303,84.0,179.0,1.0
11304,118.0,536.0,1.0
11305,250.0,10.0,1.0
11306,84.0,88.0,1.0
11307,149.0,106.0,1.0
11308,262.0,252.0,1.0
11309,93.0,407.0,1.0
11310,168.0,382.0,1.0
11311,140.0,35.0,1.0
11312,201.0,470.0,1.0
11313,82.0,225.0,1.0
11314,84.0,319.0,1.0
11315,53.0,382.0,1.0
11316,183.0,0.0,1.0
11317,108.0,66.0,1.0
11318,69.0,332.0,1.0
11319,57.0,419.0,1.0
11320,226.0,78.0,1.0
11321,10.0,154.0,1.0
11322,200.0,486.0,1.0
11323,135.0,531.0,1.0
11324,194.0,34.0,1.0
11325,56.0,78.0,1.0
11326,81.0,457.0,1.0
11327,126.0,227.0,1.0
11328,84.0,51.0,1.0
11329,44.0,286.0,1.0
11330,230.0,400.0,1.0
11331,213.0,515.0,1.0
11332,113.0,38.0,1.0
11333,52.0,222.0,1.0
11334,191.0,204.0,1.0
11335,194.0,256.0,1.0
11336,251.0,106.0,1.0
11337,195.0,12.0,1.0
11338,223.0,79.0,1.0
11339,49.0,505.0,1.0
11340,207.0,251.0,1.0
11341,87.0,38.0,1.0
11342,107.0,117.0,1.0
11343,70.0,120.0,1.0
11344,60.0,247.0,1.0
11345,217.0,0.0,1.0
11346,225.0,48.0,1.0
11347,92.0,196.0,1.0
11348,183.0,45.0,1.0
11349,124.0,201.0,1.0
11350,135.0,547.0,1.0
11351,130.0,303.0,1.0
11352,141.0,354.0,1.0
11353,126.0,231.0,1.0
11354,4.0,180.0,1.0
11355,155.0,594.0,1.0
11356,72.0,477.0,1.0
11357,102.0,245.0,1.0
11358,63.0,92.0,1.0
11359,49.0,186.0,1.0
11360,219.0,219.0,1.0
11361,248.0,499.0,1.0
11362,51.0,527.0,1.0
11363,80.0,156.0,1.0
11364,130.0,428.0,1.0
11365,107.0,24.0,1.0
11366,168.0,103.0,1.0
11367,89.0,111.0,1.0
11368,42.0,398.0,1.0
11369,24.0,324.0,1.0
11370,146.0,313.0,1.0
11371,210.0,113.0,1.0
11372,39.0,195.0,1.0
11373,113.0,191.0,1.0
11374,2.0,127.0,1.0
11375,102.0,11.0,1.0
11376,52.0,186.0,1.0
11377,112.0,541.0,1.0
11378,90.0,201.0,1.0
11379,90.0,169.0,1.0
11380,232.0,369.0,1.0
11381,14.0,275.0,1.0
11382,30.0,106.0,1.0
11383,156.0,284.0,1.0
11384,207.0,50.0,1.0
11385,110.0,196.0,1.0
11386,186.0,488.0,1.0
11387,44.0,9.0,1.0
11388,264.0,299.0,1.0
11389,149.0,119.0,1.0
11390,26.0,50.0,1.0
11391,161.0,498.0,1.0
11392,83.0,35.0,1.0
11393,1.0,41.0,1.0
11394,145.0,227.0,1.0
11395,1.0,78.0,1.0
11396,81.0,474.0,1.0
11397,259.0,222.0,1.0
11398,186.0,32.0,1.0
11399,32.0,84.0,1.0
11400,37.0,156.0,1.0
11401,33.0,144.0,1.0
11402,129.0,386.0,1.0
11403,224.0,133.0,1.0
11404,82.0,485.0,1.0
11405,243.0,433.0,1.0
11406,147.0,35.0,1.0
11407,234.0,352.0,1.0
11408,37.0,252.0,1.0
11409,193.0,126.0,1.0
11410,97.0,368.0,1.0
11411,203.0,6.0,1.0
11412,89.0,440.0,1.0
11413,163.0,104.0,1.0
11414,129.0,262.0,1.0
11415,82.0,455.0,1.0
11416,89.0,378.0,1.0
11417,179.0,416.0,1.0
11418,196.0,546.0,1.0
11419,45.0,438.0,1.0
11420,169.0,487.0,1.0
11421,163.0,294.0,1.0
11422,259.0,216.0,1.0
11423,59.0,217.0,1.0
11424,194.0,147.0,1.0
11425,209.0,83.0,1.0
11426,60.0,103.0,1.0
11427,158.0,81.0,1.0
11428,17.0,66.0,1.0
11429,238.0,66.0,1.0
11430,189.0,232.0,1.0
11431,87.0,157.0,1.0
11432,150.0,140.0,1.0
11433,249.0,181.0,1.0
11434,200.0,534.0,1.0
11435,82.0,5.0,1.0
11436,158.0,219.0,1.0
11437,79.0,69.0,1.0
11438,58.0,22.0,1.0
11439,62.0,36.0,1.0
11440,158.0,284.0,1.0
11441,51.0,438.0,1.0
11442,104.0,181.0,1.0
11443,255.0,551.0,1.0
11444,17.0,380.0,1.0
11445,113.0,298.0,1.0
11446,256.0,464.0,1.0
11447,45.0,95.0,1.0
11448,39.0,378.0,1.0
11449,82.0,213.0,1.0
11450,87.0,113.0,1.0
11451,62.0,14.0,1.0
11452,212.0,146.0,1.0
11453,248.0,339.0,1.0
11454,119.0,185.0,1.0
11455,59.0,12.0,1.0
11456,147.0,276.0,1.0
11457,29.0,263.0,1.0
11458,223.0,236.0,1.0
11459,229.0,91.0,1.0
11460,103.0,89.0,1.0
11461,189.0,597.0,1.0
11462,189.0,79.0,1.0
11463,163.0,159.0,1.0
11464,10.0,29.0,1.0
11465,116.0,91.0,1.0
11466,256.0,245.0,1.0
11467,74.0,348.0,1.0
11468,223.0,169.0,1.0
11469,126.0,388.0,1.0
11470,249.0,328.0,1.0
11471,150.0,100.0,1.0
11472,72.0,482.0,1.0
11473,1.0,45.0,1.0
11474,130.0,70.0,1.0
11475,71.0,376.0,1.0
11476,164.0,126.0,1.0
11477,98.0,279.0,1.0
11478,164.0,12.0,1.0
11479,130.0,193.0,1.0
11480,218.0,303.0,1.0
11481,105.0,434.0,1.0
11482,214.0,325.0,1.0
11483,52.0,348.0,1.0
11484,116.0,369.0,1.0
11485,82.0,129.0,1.0
11486,145.0,53.0,1.0
11487,134.0,32.0,1.0
11488,126.0,117.0,1.0
11489,116.0,367.0,1.0
11490,49.0,100.0,1.0
11491,81.0,48.0,1.0
11492,42.0,471.0,1.0
11493,61.0,164.0,1.0
11494,185.0,357.0,1.0
11495,216.0,212.0,1.0
11496,148.0,110.0,1.0
11497,225.0,593.0,1.0
11498,126.0,278.0,1.0
11499,4.0,182.0,1.0
11500,161.0,343.0,1.0
11501,172.0,126.0,1.0
11502,2.0,98.0,1.0
11503,114.0,335.0,1.0
11504,52.0,117.0,1.0
11505,179.0,205.0,1.0
11506,156.0,22.0,1.0
11507,88.0,146.0,1.0
11508,217.0,146.0,1.0
11509,167.0,10.0,1.0
11510,159.0,191.0,1.0
11511,57.0,547.0,1.0
11512,147.0,312.0,1.0
11513,185.0,133.0,1.0
11514,122.0,50.0,1.0
11515,130.0,540.0,1.0
11516,158.0,104.0,1.0
11517,60.0,81.0,1.0
11518,8.0,242.0,1.0
11519,139.0,368.0,1.0
11520,197.0,84.0,1.0
11521,178.0,197.0,1.0
11522,162.0,89.0,1.0
11523,127.0,308.0,1.0
11524,1.0,52.0,1.0
11525,207.0,265.0,1.0
11526,232.0,459.0,1.0
11527,183.0,345.0,1.0
11528,73.0,52.0,1.0
11529,203.0,17.0,1.0
11530,264.0,58.0,1.0
11531,51.0,332.0,1.0
11532,218.0,409.0,1.0
11533,104.0,497.0,1.0
11534,56.0,29.0,1.0
11535,219.0,394.0,1.0
11536,69.0,495.0,1.0
11537,52.0,111.0,1.0
11538,147.0,261.0,1.0
11539,224.0,94.0,1.0
11540,62.0,191.0,1.0
11541,145.0,45.0,1.0
11542,5.0,122.0,1.0
11543,214.0,126.0,1.0
11544,224.0,233.0,1.0
11545,102.0,50.0,1.0
11546,240.0,38.0,1.0
11547,182.0,340.0,1.0
11548,19.0,155.0,1.0
11549,138.0,456.0,1.0
11550,2.0,94.0,1.0
11551,19.0,111.0,1.0
11552,23.0,175.0,1.0
11553,3.0,134.0,1.0
11554,56.0,59.0,1.0
11555,184.0,544.0,1.0
11556,84.0,50.0,1.0
11557,248.0,296.0,1.0
11558,90.0,86.0,1.0
11559,162.0,155.0,1.0
11560,165.0,479.0,1.0
11561,56.0,10.0,1.0
11562,200.0,556.0,1.0
11563,81.0,10.0,1.0
11564,65.0,103.0,1.0
11565,103.0,461.0,1.0
11566,232.0,149.0,1.0
11567,87.0,463.0,1.0
11568,264.0,124.0,1.0
11569,183.0,81.0,1.0
11570,116.0,243.0,1.0
11571,28.0,41.0,1.0
11572,82.0,342.0,1.0
11573,74.0,424.0,1.0
11574,189.0,400.0,1.0
11575,87.0,444.0,1.0
11576,52.0,382.0,1.0
11577,43.0,47.0,1.0
11578,74.0,341.0,1.0
11579,89.0,222.0,1.0
11580,82.0,507.0,1.0
11581,97.0,55.0,1.0
11582,172.0,496.0,1.0
11583,8.0,51.0,1.0
11584,235.0,389.0,1.0
11585,75.0,517.0,1.0
11586,132.0,199.0,1.0
11587,222.0,220.0,1.0
11588,156.0,424.0,1.0
11589,170.0,326.0,1.0
11590,223.0,219.0,1.0
11591,255.0,39.0,1.0
11592,249.0,94.0,1.0
11593,56.0,115.0,1.0
11594,107.0,544.0,1.0
11595,186.0,86.0,1.0
11596,172.0,10.0,1.0
11597,234.0,192.0,1.0
11598,198.0,14.0,1.0
11599,103.0,48.0,1.0
11600,29.0,367.0,1.0
11601,150.0,243.0,1.0
11602,150.0,122.0,1.0
11603,156.0,227.0,1.0
11604,205.0,321.0,1.0
11605,156.0,84.0,1.0
11606,214.0,252.0,1.0
11607,107.0,319.0,1.0
11608,1.0,88.0,1.0
11609,177.0,62.0,1.0
11610,160.0,70.0,1.0
11611,130.0,201.0,1.0
11612,261.0,94.0,1.0
11613,130.0,21.0,1.0
11614,226.0,311.0,1.0
11615,69.0,94.0,1.0
11616,82.0,509.0,1.0
11617,10.0,22.0,1.0
11618,200.0,77.0,1.0
11619,230.0,70.0,1.0
11620,220.0,50.0,1.0
11621,238.0,282.0,1.0
11622,87.0,123.0,1.0
11623,178.0,148.0,1.0
11624,254.0,434.0,1.0
11625,150.0,124.0,1.0
11626,136.0,279.0,1.0
11627,65.0,228.0,1.0
11628,22.0,428.0,1.0
11629,145.0,133.0,1.0
11630,82.0,410.0,1.0
11631,31.0,255.0,1.0
11632,115.0,151.0,1.0
11633,133.0,208.0,1.0
11634,48.0,196.0,1.0
11635,183.0,211.0,1.0
11636,17.0,24.0,1.0
11637,1.0,56.0,1.0
11638,97.0,59.0,1.0
11639,178.0,275.0,1.0
11640,226.0,301.0,1.0
11641,68.0,520.0,1.0
11642,148.0,178.0,1.0
11643,185.0,143.0,1.0
11644,149.0,57.0,1.0
11645,42.0,353.0,1.0
11646,194.0,124.0,1.0
11647,54.0,40.0,1.0
11648,61.0,455.0,1.0
11649,256.0,114.0,1.0
11650,126.0,62.0,1.0
11651,130.0,287.0,1.0
11652,74.0,12.0,1.0
11653,254.0,251.0,1.0
11654,71.0,62.0,1.0
11655,155.0,463.0,1.0
11656,69.0,568.0,1.0
11657,201.0,411.0,1.0
11658,84.0,460.0,1.0
11659,138.0,208.0,1.0
11660,144.0,229.0,1.0
11661,93.0,15.0,1.0
11662,82.0,141.0,1.0
11663,104.0,326.0,1.0
11664,56.0,148.0,1.0
11665,102.0,345.0,1.0
11666,71.0,405.0,1.0
11667,78.0,100.0,1.0
11668,1.0,74.0,1.0
11669,90.0,336.0,1.0
11670,173.0,485.0,1.0
11671,114.0,285.0,1.0
11672,97.0,267.0,1.0
11673,223.0,321.0,1.0
11674,135.0,100.0,1.0
11675,81.0,220.0,1.0
11676,95.0,103.0,1.0
11677,52.0,473.0,1.0
11678,97.0,122.0,1.0
11679,81.0,93.0,1.0
11680,98.0,143.0,1.0
11681,211.0,209.0,1.0
11682,180.0,336.0,1.0
11683,119.0,111.0,1.0
11684,172.0,70.0,1.0
11685,100.0,120.0,1.0
11686,97.0,391.0,1.0
11687,11.0,312.0,1.0
11688,14.0,347.0,1.0
11689,259.0,394.0,1.0
11690,144.0,492.0,1.0
11691,26.0,436.0,1.0
11692,81.0,466.0,1.0
11693,181.0,205.0,1.0
11694,119.0,49.0,1.0
11695,242.0,223.0,1.0
11696,185.0,216.0,1.0
11697,196.0,92.0,1.0
11698,28.0,441.0,1.0
11699,153.0,190.0,1.0
11700,185.0,57.0,1.0
11701,225.0,273.0,1.0
11702,196.0,467.0,1.0
11703,56.0,120.0,1.0
11704,250.0,223.0,1.0
11705,4.0,177.0,1.0
11706,232.0,111.0,1.0
11707,159.0,503.0,1.0
11708,60.0,45.0,1.0
11709,207.0,116.0,1.0
11710,123.0,135.0,1.0
11711,264.0,152.0,1.0
11712,228.0,38.0,1.0
11713,147.0,422.0,1.0
11714,234.0,138.0,1.0
11715,31.0,425.0,1.0
11716,64.0,558.0,1.0
11717,162.0,114.0,1.0
11718,1.0,62.0,1.0
11719,224.0,385.0,1.0
11720,256.0,229.0,1.0
11721,106.0,107.0,1.0
11722,180.0,241.0,1.0
11723,230.0,544.0,1.0
11724,26.0,58.0,1.0
11725,116.0,327.0,1.0
11726,261.0,163.0,1.0
11727,78.0,337.0,1.0
11728,79.0,504.0,1.0
11729,216.0,327.0,1.0
11730,234.0,91.0,1.0
11731,173.0,215.0,1.0
11732,173.0,447.0,1.0
11733,262.0,311.0,1.0
11734,12.0,321.0,1.0
11735,216.0,147.0,1.0
11736,128.0,9.0,1.0
11737,228.0,134.0,1.0
11738,224.0,89.0,1.0
11739,147.0,339.0,1.0
11740,223.0,413.0,1.0
11741,53.0,532.0,1.0
11742,113.0,552.0,1.0
11743,147.0,306.0,1.0
11744,102.0,270.0,1.0
11745,57.0,75.0,1.0
11746,194.0,10.0,1.0
11747,178.0,467.0,1.0
11748,144.0,138.0,1.0
11749,223.0,109.0,1.0
11750,229.0,233.0,1.0
11751,128.0,66.0,1.0
11752,49.0,47.0,1.0
11753,245.0,197.0,1.0
11754,147.0,262.0,1.0
11755,229.0,351.0,1.0
11756,53.0,191.0,1.0
11757,10.0,298.0,1.0
11758,223.0,254.0,1.0
11759,164.0,412.0,1.0
11760,136.0,529.0,1.0
11761,45.0,286.0,1.0
11762,82.0,216.0,1.0
11763,48.0,484.0,1.0
11764,261.0,159.0,1.0
11765,81.0,194.0,1.0
11766,173.0,175.0,1.0
11767,258.0,107.0,1.0
11768,31.0,204.0,1.0
11769,149.0,290.0,1.0
11770,267.0,127.0,1.0
11771,49.0,105.0,1.0
11772,114.0,233.0,1.0
11773,44.0,269.0,1.0
11774,183.0,155.0,1.0
11775,178.0,194.0,1.0
11776,197.0,103.0,1.0
11777,89.0,1.0,1.0
11778,186.0,138.0,1.0
11779,97.0,148.0,1.0
11780,178.0,4.0,1.0
11781,189.0,320.0,1.0
11782,224.0,203.0,1.0
11783,108.0,73.0,1.0
11784,178.0,225.0,1.0
11785,178.0,147.0,1.0
11786,51.0,130.0,1.0
11787,127.0,81.0,1.0
11788,97.0,227.0,1.0
11789,93.0,219.0,1.0
11790,125.0,50.0,1.0
11791,199.0,580.0,1.0
11792,102.0,69.0,1.0
11793,150.0,47.0,1.0
11794,156.0,186.0,1.0
11795,124.0,50.0,1.0
11796,228.0,230.0,1.0
11797,228.0,222.0,1.0
11798,87.0,495.0,1.0
11799,109.0,89.0,1.0
11800,88.0,204.0,1.0
11801,90.0,255.0,1.0
11802,111.0,17.0,1.0
11803,185.0,518.0,1.0
11804,82.0,282.0,1.0
11805,71.0,133.0,1.0
11806,102.0,106.0,1.0
11807,16.0,368.0,1.0
11808,82.0,558.0,1.0
11809,132.0,423.0,1.0
11810,53.0,298.0,1.0
11811,160.0,409.0,1.0
11812,65.0,38.0,1.0
11813,2.0,111.0,1.0
11814,87.0,107.0,1.0
11815,124.0,120.0,1.0
11816,194.0,145.0,1.0
11817,124.0,388.0,1.0
11818,114.0,248.0,1.0
11819,259.0,126.0,1.0
11820,241.0,105.0,1.0
11821,164.0,66.0,1.0
11822,132.0,190.0,1.0
11823,9.0,103.0,1.0
11824,153.0,148.0,1.0
11825,228.0,266.0,1.0
11826,45.0,84.0,1.0
11827,56.0,356.0,1.0
11828,145.0,266.0,1.0
11829,130.0,318.0,1.0
11830,242.0,72.0,1.0
11831,175.0,5.0,1.0
11832,84.0,451.0,1.0
11833,223.0,512.0,1.0
11834,238.0,60.0,1.0
11835,103.0,116.0,1.0
11836,198.0,203.0,1.0
11837,136.0,375.0,1.0
11838,52.0,70.0,1.0
11839,65.0,203.0,1.0
11840,116.0,330.0,1.0
11841,138.0,460.0,1.0
11842,183.0,196.0,1.0
11843,60.0,153.0,1.0
11844,127.0,310.0,1.0
11845,86.0,384.0,1.0
11846,164.0,10.0,1.0
11847,239.0,151.0,1.0
11848,183.0,19.0,1.0
11849,126.0,412.0,1.0
11850,49.0,117.0,1.0
11851,17.0,111.0,1.0
11852,197.0,256.0,1.0
11853,222.0,156.0,1.0
11854,39.0,111.0,1.0
11855,10.0,297.0,1.0
11856,185.0,119.0,1.0
11857,42.0,5.0,1.0
11858,186.0,318.0,1.0
11859,218.0,127.0,1.0
11860,145.0,69.0,1.0
11861,223.0,50.0,1.0
11862,81.0,530.0,1.0
11863,149.0,400.0,1.0
11864,169.0,253.0,1.0
11865,175.0,194.0,1.0
11866,117.0,11.0,1.0
11867,120.0,467.0,1.0
11868,143.0,310.0,1.0
11869,144.0,477.0,1.0
11870,105.0,277.0,1.0
11871,14.0,297.0,1.0
11872,147.0,97.0,1.0
11873,136.0,277.0,1.0
11874,135.0,356.0,1.0
11875,263.0,73.0,1.0
11876,202.0,156.0,1.0
11877,1.0,31.0,1.0
11878,65.0,106.0,1.0
11879,19.0,290.0,1.0
11880,42.0,409.0,1.0
11881,116.0,133.0,1.0
11882,65.0,193.0,1.0
11883,31.0,86.0,1.0
11884,172.0,123.0,1.0
11885,153.0,453.0,1.0
11886,133.0,83.0,1.0
11887,208.0,382.0,1.0
11888,207.0,120.0,1.0
11889,93.0,10.0,1.0
11890,81.0,407.0,1.0
11891,134.0,484.0,1.0
11892,64.0,388.0,1.0
11893,16.0,366.0,1.0
11894,56.0,43.0,1.0
11895,2.0,120.0,1.0
11896,115.0,408.0,1.0
11897,114.0,263.0,1.0
11898,82.0,195.0,1.0
11899,96.0,135.0,1.0
11900,177.0,39.0,1.0
11901,217.0,373.0,1.0
11902,130.0,546.0,1.0
11903,90.0,337.0,1.0
11904,62.0,125.0,1.0
11905,245.0,309.0,1.0
11906,83.0,147.0,1.0
11907,192.0,18.0,1.0
11908,150.0,44.0,1.0
11909,237.0,273.0,1.0
11910,130.0,269.0,1.0
11911,38.0,281.0,1.0
11912,67.0,156.0,1.0
11913,246.0,423.0,1.0
11914,126.0,390.0,1.0
11915,164.0,224.0,1.0
11916,73.0,130.0,1.0
11917,182.0,264.0,1.0
11918,251.0,90.0,1.0
11919,96.0,242.0,1.0
11920,87.0,456.0,1.0
11921,211.0,16.0,1.0
11922,52.0,122.0,1.0
11923,189.0,7.0,1.0
11924,115.0,277.0,1.0
11925,17.0,95.0,1.0
11926,127.0,343.0,1.0
11927,65.0,535.0,1.0
11928,44.0,51.0,1.0
11929,101.0,146.0,1.0
11930,105.0,253.0,1.0
11931,144.0,121.0,1.0
11932,164.0,80.0,1.0
11933,85.0,77.0,1.0
11934,30.0,60.0,1.0
11935,97.0,482.0,1.0
11936,207.0,295.0,1.0
11937,175.0,105.0,1.0
11938,248.0,540.0,1.0
11939,51.0,58.0,1.0
11940,127.0,71.0,1.0
11941,16.0,276.0,1.0
11942,8.0,11.0,1.0
11943,91.0,294.0,1.0
11944,233.0,36.0,1.0
11945,133.0,204.0,1.0
11946,165.0,185.0,1.0
11947,31.0,17.0,1.0
11948,98.0,91.0,1.0
11949,226.0,28.0,1.0
11950,122.0,9.0,1.0
11951,256.0,240.0,1.0
11952,79.0,218.0,1.0
11953,224.0,434.0,1.0
11954,8.0,237.0,1.0
11955,65.0,525.0,1.0
11956,196.0,214.0,1.0
11957,164.0,350.0,1.0
11958,182.0,100.0,1.0
11959,182.0,75.0,1.0
11960,105.0,250.0,1.0
11961,26.0,143.0,1.0
11962,74.0,145.0,1.0
11963,74.0,96.0,1.0
11964,26.0,168.0,1.0
11965,129.0,31.0,1.0
11966,102.0,304.0,1.0
11967,128.0,115.0,1.0
11968,108.0,127.0,1.0
11969,31.0,40.0,1.0
11970,145.0,93.0,1.0
11971,82.0,504.0,1.0
11972,162.0,225.0,1.0
11973,47.0,111.0,1.0
11974,155.0,24.0,1.0
11975,250.0,100.0,1.0
11976,178.0,214.0,1.0
11977,230.0,564.0,1.0
11978,183.0,236.0,1.0
11979,91.0,552.0,1.0
11980,83.0,230.0,1.0
11981,183.0,587.0,1.0
11982,156.0,282.0,1.0
11983,135.0,232.0,1.0
11984,259.0,36.0,1.0
11985,250.0,394.0,1.0
11986,224.0,10.0,1.0
11987,256.0,231.0,1.0
11988,71.0,118.0,1.0
11989,86.0,434.0,1.0
11990,91.0,178.0,1.0
11991,51.0,461.0,1.0
11992,71.0,329.0,1.0
11993,16.0,111.0,1.0
11994,218.0,147.0,1.0
11995,168.0,597.0,1.0
11996,239.0,522.0,1.0
11997,65.0,338.0,1.0
11998,182.0,592.0,1.0
11999,82.0,267.0,1.0
12000,178.0,9.0,1.0
12001,130.0,294.0,1.0
12002,148.0,352.0,1.0
12003,227.0,44.0,1.0
12004,266.0,48.0,1.0
12005,160.0,196.0,1.0
12006,108.0,168.0,1.0
12007,88.0,7.0,1.0
12008,64.0,3.0,1.0
12009,149.0,539.0,1.0
12010,15.0,343.0,1.0
12011,58.0,339.0,1.0
12012,238.0,179.0,1.0
12013,200.0,322.0,1.0
12014,108.0,10.0,1.0
12015,56.0,253.0,1.0
12016,3.0,45.0,1.0
12017,147.0,47.0,1.0
12018,115.0,257.0,1.0
12019,71.0,137.0,1.0
12020,97.0,417.0,1.0
12021,178.0,473.0,1.0
12022,7.0,143.0,1.0
12023,104.0,59.0,1.0
12024,82.0,80.0,1.0
12025,71.0,7.0,1.0
12026,202.0,155.0,1.0
12027,78.0,131.0,1.0
12028,86.0,133.0,1.0
12029,213.0,209.0,1.0
12030,228.0,223.0,1.0
12031,51.0,478.0,1.0
12032,164.0,328.0,1.0
12033,98.0,206.0,1.0
12034,126.0,91.0,1.0
12035,14.0,59.0,1.0
12036,235.0,65.0,1.0
12037,180.0,527.0,1.0
12038,102.0,277.0,1.0
12039,226.0,32.0,1.0
12040,180.0,9.0,1.0
12041,185.0,97.0,1.0
12042,266.0,103.0,1.0
12043,129.0,232.0,1.0
12044,259.0,10.0,1.0
12045,147.0,461.0,1.0
12046,113.0,241.0,1.0
12047,227.0,66.0,1.0
12048,168.0,154.0,1.0
12049,194.0,127.0,1.0
12050,3.0,147.0,1.0
12051,223.0,59.0,1.0
12052,153.0,10.0,1.0
12053,103.0,175.0,1.0
12054,142.0,12.0,1.0
12055,123.0,284.0,1.0
12056,84.0,520.0,1.0
12057,234.0,382.0,1.0
12058,102.0,39.0,1.0
12059,34.0,455.0,1.0
12060,219.0,231.0,1.0
12061,52.0,205.0,1.0
12062,17.0,156.0,1.0
12063,178.0,12.0,1.0
12064,178.0,84.0,1.0
12065,134.0,395.0,1.0
12066,72.0,208.0,1.0
12067,126.0,416.0,1.0
12068,39.0,334.0,1.0
12069,102.0,1.0,1.0
12070,236.0,111.0,1.0
12071,9.0,87.0,1.0
12072,211.0,188.0,1.0
12073,186.0,62.0,1.0
12074,149.0,157.0,1.0
12075,116.0,62.0,1.0
12076,135.0,412.0,1.0
12077,213.0,10.0,1.0
12078,94.0,522.0,1.0
12079,148.0,146.0,1.0
12080,230.0,218.0,1.0
12081,217.0,230.0,1.0
12082,68.0,46.0,1.0
12083,80.0,289.0,1.0
12084,178.0,569.0,1.0
12085,109.0,31.0,1.0
12086,160.0,320.0,1.0
12087,245.0,188.0,1.0
12088,48.0,491.0,1.0
12089,130.0,493.0,1.0
12090,147.0,37.0,1.0
12091,167.0,378.0,1.0
12092,116.0,490.0,1.0
12093,129.0,466.0,1.0
12094,13.0,156.0,1.0
12095,148.0,153.0,1.0
12096,60.0,185.0,1.0
12097,156.0,33.0,1.0
12098,88.0,10.0,1.0
12099,149.0,272.0,1.0
12100,234.0,69.0,1.0
12101,164.0,470.0,1.0
12102,256.0,386.0,1.0
12103,82.0,8.0,1.0
12104,17.0,214.0,1.0
12105,71.0,379.0,1.0
12106,212.0,117.0,1.0
12107,223.0,335.0,1.0
12108,87.0,592.0,1.0
12109,31.0,191.0,1.0
12110,45.0,493.0,1.0
12111,175.0,4.0,1.0
12112,113.0,483.0,1.0
12113,58.0,153.0,1.0
12114,203.0,89.0,1.0
12115,134.0,387.0,1.0
12116,110.0,243.0,1.0
12117,63.0,223.0,1.0
12118,182.0,324.0,1.0
12119,129.0,126.0,1.0
12120,37.0,259.0,1.0
12121,81.0,400.0,1.0
12122,147.0,281.0,1.0
12123,9.0,139.0,1.0
12124,136.0,91.0,1.0
12125,250.0,146.0,1.0
12126,160.0,490.0,1.0
12127,253.0,52.0,1.0
12128,116.0,556.0,1.0
12129,90.0,11.0,1.0
12130,248.0,88.0,1.0
12131,164.0,216.0,1.0
12132,249.0,290.0,1.0
12133,113.0,247.0,1.0
12134,225.0,85.0,1.0
12135,89.0,220.0,1.0
12136,263.0,54.0,1.0
12137,179.0,391.0,1.0
12138,105.0,81.0,1.0
12139,183.0,154.0,1.0
12140,82.0,19.0,1.0
12141,197.0,64.0,1.0
12142,202.0,118.0,1.0
12143,53.0,111.0,1.0
12144,257.0,69.0,1.0
12145,20.0,153.0,1.0
12146,258.0,413.0,1.0
12147,145.0,84.0,1.0
12148,149.0,135.0,1.0
12149,89.0,3.0,1.0
12150,51.0,7.0,1.0
12151,256.0,13.0,1.0
12152,226.0,589.0,1.0
12153,15.0,35.0,1.0
12154,131.0,122.0,1.0
12155,197.0,224.0,1.0
12156,91.0,483.0,1.0
12157,129.0,48.0,1.0
12158,141.0,320.0,1.0
12159,84.0,100.0,1.0
12160,223.0,47.0,1.0
12161,150.0,201.0,1.0
12162,248.0,157.0,1.0
12163,264.0,422.0,1.0
12164,209.0,103.0,1.0
12165,179.0,55.0,1.0
12166,121.0,97.0,1.0
12167,255.0,81.0,1.0
12168,136.0,222.0,1.0
12169,257.0,208.0,1.0
12170,239.0,126.0,1.0
12171,116.0,61.0,1.0
12172,124.0,291.0,1.0
12173,62.0,225.0,1.0
12174,51.0,397.0,1.0
12175,33.0,9.0,1.0
12176,71.0,498.0,1.0
12177,156.0,116.0,1.0
12178,126.0,92.0,1.0
12179,68.0,60.0,1.0
12180,149.0,118.0,1.0
12181,165.0,413.0,1.0
12182,176.0,7.0,1.0
12183,68.0,68.0,1.0
12184,128.0,354.0,1.0
12185,223.0,36.0,1.0
12186,248.0,252.0,1.0
12187,127.0,150.0,1.0
12188,156.0,117.0,1.0
12189,53.0,116.0,1.0
12190,186.0,358.0,1.0
12191,135.0,195.0,1.0
12192,257.0,81.0,1.0
12193,8.0,64.0,1.0
12194,208.0,73.0,1.0
12195,224.0,124.0,1.0
12196,195.0,179.0,1.0
12197,158.0,168.0,1.0
12198,178.0,553.0,1.0
12199,224.0,127.0,1.0
12200,26.0,11.0,1.0
12201,129.0,217.0,1.0
12202,71.0,227.0,1.0
12203,268.0,134.0,1.0
12204,102.0,440.0,1.0
12205,182.0,94.0,1.0
12206,82.0,111.0,1.0
12207,90.0,220.0,1.0
12208,97.0,202.0,1.0
12209,218.0,119.0,1.0
12210,224.0,343.0,1.0
12211,47.0,126.0,1.0
12212,211.0,38.0,1.0
12213,209.0,204.0,1.0
12214,184.0,115.0,1.0
12215,242.0,310.0,1.0
12216,193.0,147.0,1.0
12217,81.0,412.0,1.0
12218,1.0,82.0,1.0
12219,22.0,90.0,1.0
12220,136.0,190.0,1.0
12221,220.0,582.0,1.0
12222,224.0,33.0,1.0
12223,214.0,38.0,1.0
12224,162.0,95.0,1.0
12225,206.0,10.0,1.0
12226,85.0,154.0,1.0
12227,48.0,259.0,1.0
12228,106.0,69.0,1.0
12229,113.0,17.0,1.0
12230,117.0,95.0,1.0
12231,16.0,71.0,1.0
12232,165.0,511.0,1.0
12233,31.0,452.0,1.0
12234,77.0,10.0,1.0
12235,162.0,240.0,1.0
12236,51.0,357.0,1.0
12237,117.0,584.0,1.0
12238,164.0,91.0,1.0
12239,184.0,367.0,1.0
12240,23.0,133.0,1.0
12241,39.0,434.0,1.0
12242,100.0,416.0,1.0
12243,52.0,132.0,1.0
12244,53.0,1.0,1.0
12245,45.0,407.0,1.0
12246,75.0,216.0,1.0
12247,26.0,408.0,1.0
12248,104.0,358.0,1.0
12249,218.0,487.0,1.0
12250,26.0,92.0,1.0
12251,86.0,377.0,1.0
12252,207.0,441.0,1.0
12253,259.0,38.0,1.0
12254,240.0,241.0,1.0
12255,135.0,548.0,1.0
12256,155.0,459.0,1.0
12257,165.0,249.0,1.0
12258,105.0,77.0,1.0
12259,17.0,12.0,1.0
12260,262.0,124.0,1.0
12261,123.0,152.0,1.0
12262,53.0,189.0,1.0
12263,219.0,416.0,1.0
12264,147.0,571.0,1.0
12265,34.0,150.0,1.0
12266,128.0,50.0,1.0
12267,203.0,347.0,1.0
12268,82.0,386.0,1.0
12269,219.0,0.0,1.0
12270,9.0,66.0,1.0
12271,187.0,322.0,1.0
12272,10.0,289.0,1.0
12273,234.0,464.0,1.0
12274,81.0,9.0,1.0
12275,158.0,464.0,1.0
12276,180.0,66.0,1.0
12277,242.0,532.0,1.0
12278,155.0,92.0,1.0
12279,87.0,213.0,1.0
12280,55.0,104.0,1.0
12281,1.0,27.0,1.0
12282,102.0,367.0,1.0
12283,191.0,73.0,1.0
12284,224.0,266.0,1.0
12285,149.0,3.0,1.0
12286,16.0,247.0,1.0
12287,135.0,214.0,1.0
12288,105.0,273.0,1.0
12289,189.0,523.0,1.0
12290,151.0,146.0,1.0
12291,98.0,429.0,1.0
12292,87.0,131.0,1.0
12293,135.0,310.0,1.0
12294,147.0,508.0,1.0
12295,129.0,0.0,1.0
12296,234.0,61.0,1.0
12297,132.0,429.0,1.0
12298,266.0,202.0,1.0
12299,64.0,507.0,1.0
12300,227.0,478.0,1.0
12301,194.0,532.0,1.0
12302,102.0,118.0,1.0
12303,47.0,110.0,1.0
12304,33.0,293.0,1.0
12305,178.0,247.0,1.0
12306,193.0,91.0,1.0
12307,65.0,133.0,1.0
12308,60.0,66.0,1.0
12309,200.0,36.0,1.0
12310,203.0,314.0,1.0
12311,180.0,289.0,1.0
12312,200.0,220.0,1.0
12313,234.0,501.0,1.0
12314,9.0,276.0,1.0
12315,34.0,415.0,1.0
12316,232.0,77.0,1.0
12317,264.0,2.0,1.0
12318,253.0,86.0,1.0
12319,32.0,139.0,1.0
12320,78.0,3.0,1.0
12321,103.0,27.0,1.0
12322,178.0,146.0,1.0
12323,175.0,391.0,1.0
12324,77.0,230.0,1.0
12325,132.0,38.0,1.0
12326,266.0,3.0,1.0
12327,188.0,216.0,1.0
12328,229.0,160.0,1.0
12329,10.0,83.0,1.0
12330,234.0,81.0,1.0
12331,268.0,50.0,1.0
12332,51.0,108.0,1.0
12333,191.0,35.0,1.0
12334,185.0,332.0,1.0
12335,113.0,175.0,1.0
12336,200.0,264.0,1.0
12337,256.0,69.0,1.0
12338,53.0,464.0,1.0
12339,266.0,588.0,1.0
12340,71.0,74.0,1.0
12341,116.0,263.0,1.0
12342,108.0,136.0,1.0
12343,89.0,596.0,1.0
12344,127.0,95.0,1.0
12345,178.0,423.0,1.0
12346,205.0,172.0,1.0
12347,207.0,219.0,1.0
12348,78.0,424.0,1.0
12349,183.0,44.0,1.0
12350,149.0,496.0,1.0
12351,144.0,251.0,1.0
12352,267.0,245.0,1.0
12353,200.0,354.0,1.0
12354,74.0,429.0,1.0
12355,175.0,294.0,1.0
12356,218.0,145.0,1.0
12357,113.0,445.0,1.0
12358,133.0,121.0,1.0
12359,89.0,104.0,1.0
12360,9.0,27.0,1.0
12361,2.0,128.0,1.0
12362,82.0,389.0,1.0
12363,126.0,15.0,1.0
12364,246.0,79.0,1.0
12365,247.0,31.0,1.0
12366,63.0,382.0,1.0
12367,102.0,313.0,1.0
12368,60.0,227.0,1.0
12369,113.0,475.0,1.0
12370,49.0,399.0,1.0
12371,91.0,193.0,1.0
12372,123.0,36.0,1.0
12373,177.0,294.0,1.0
12374,266.0,40.0,1.0
12375,186.0,349.0,1.0
12376,230.0,190.0,1.0
12377,113.0,230.0,1.0
12378,129.0,230.0,1.0
12379,234.0,202.0,1.0
12380,135.0,411.0,1.0
12381,211.0,227.0,1.0
12382,182.0,332.0,1.0
12383,211.0,498.0,1.0
12384,81.0,399.0,1.0
12385,130.0,204.0,1.0
12386,203.0,178.0,1.0
12387,102.0,326.0,1.0
12388,195.0,128.0,1.0
12389,128.0,255.0,1.0
12390,48.0,76.0,1.0
12391,148.0,567.0,1.0
12392,100.0,196.0,1.0
12393,150.0,403.0,1.0
12394,125.0,424.0,1.0
12395,178.0,270.0,1.0
12396,264.0,364.0,1.0
12397,95.0,320.0,1.0
12398,209.0,225.0,1.0
12399,255.0,169.0,1.0
12400,75.0,177.0,1.0
12401,85.0,308.0,1.0
12402,249.0,120.0,1.0
12403,149.0,364.0,1.0
12404,82.0,529.0,1.0
12405,78.0,224.0,1.0
12406,87.0,545.0,1.0
12407,262.0,341.0,1.0
12408,129.0,394.0,1.0
12409,250.0,0.0,1.0
12410,78.0,394.0,1.0
12411,37.0,129.0,1.0
12412,264.0,313.0,1.0
12413,126.0,415.0,1.0
12414,155.0,274.0,1.0
12415,91.0,161.0,1.0
12416,227.0,112.0,1.0
12417,156.0,92.0,1.0
12418,108.0,296.0,1.0
12419,239.0,249.0,1.0
12420,42.0,69.0,1.0
12421,133.0,10.0,1.0
12422,47.0,3.0,1.0
12423,52.0,21.0,1.0
12424,152.0,148.0,1.0
12425,145.0,394.0,1.0
12426,42.0,11.0,1.0
12427,11.0,58.0,1.0
12428,65.0,530.0,1.0
12429,17.0,396.0,1.0
12430,212.0,368.0,1.0
12431,91.0,182.0,1.0
12432,128.0,79.0,1.0
12433,218.0,251.0,1.0
12434,142.0,205.0,1.0
12435,248.0,518.0,1.0
12436,71.0,91.0,1.0
12437,259.0,185.0,1.0
12438,130.0,147.0,1.0
12439,123.0,103.0,1.0
12440,218.0,495.0,1.0
12441,150.0,145.0,1.0
12442,127.0,426.0,1.0
12443,79.0,1.0,1.0
12444,136.0,8.0,1.0
12445,31.0,263.0,1.0
12446,79.0,380.0,1.0
12447,92.0,203.0,1.0
12448,71.0,47.0,1.0
12449,189.0,164.0,1.0
12450,123.0,49.0,1.0
12451,142.0,382.0,1.0
12452,138.0,362.0,1.0
12453,52.0,125.0,1.0
12454,82.0,25.0,1.0
12455,32.0,238.0,1.0
12456,197.0,402.0,1.0
12457,147.0,226.0,1.0
12458,182.0,203.0,1.0
12459,242.0,11.0,1.0
12460,116.0,261.0,1.0
12461,28.0,77.0,1.0
12462,218.0,30.0,1.0
12463,185.0,92.0,1.0
12464,189.0,541.0,1.0
12465,172.0,213.0,1.0
12466,71.0,127.0,1.0
12467,90.0,171.0,1.0
12468,52.0,456.0,1.0
12469,218.0,173.0,1.0
12470,78.0,326.0,1.0
12471,135.0,569.0,1.0
12472,81.0,38.0,1.0
12473,245.0,12.0,1.0
12474,194.0,529.0,1.0
12475,56.0,268.0,1.0
12476,261.0,58.0,1.0
12477,86.0,289.0,1.0
12478,164.0,209.0,1.0
12479,261.0,291.0,1.0
12480,60.0,191.0,1.0
12481,117.0,414.0,1.0
12482,79.0,360.0,1.0
12483,262.0,146.0,1.0
12484,227.0,285.0,1.0
12485,44.0,7.0,1.0
12486,35.0,169.0,1.0
12487,201.0,47.0,1.0
12488,153.0,185.0,1.0
12489,211.0,514.0,1.0
12490,30.0,448.0,1.0
12491,104.0,562.0,1.0
12492,52.0,400.0,1.0
12493,91.0,146.0,1.0
12494,162.0,36.0,1.0
12495,109.0,74.0,1.0
12496,98.0,434.0,1.0
12497,138.0,9.0,1.0
12498,171.0,135.0,1.0
12499,122.0,578.0,1.0
12500,130.0,321.0,1.0
12501,185.0,104.0,1.0
12502,190.0,79.0,1.0
12503,135.0,59.0,1.0
12504,129.0,528.0,1.0
12505,122.0,90.0,1.0
12506,97.0,10.0,1.0
12507,88.0,232.0,1.0
12508,185.0,89.0,1.0
12509,84.0,247.0,1.0
12510,103.0,226.0,1.0
12511,128.0,11.0,1.0
12512,225.0,28.0,1.0
12513,217.0,596.0,1.0
12514,97.0,111.0,1.0
12515,223.0,415.0,1.0
12516,168.0,239.0,1.0
12517,232.0,69.0,1.0
12518,207.0,117.0,1.0
12519,178.0,44.0,1.0
12520,162.0,9.0,1.0
12521,91.0,52.0,1.0
12522,182.0,494.0,1.0
12523,239.0,111.0,1.0
12524,42.0,186.0,1.0
12525,221.0,310.0,1.0
12526,202.0,257.0,1.0
12527,187.0,382.0,1.0
12528,160.0,100.0,1.0
12529,89.0,8.0,1.0
12530,136.0,230.0,1.0
12531,148.0,95.0,1.0
12532,29.0,130.0,1.0
12533,237.0,47.0,1.0
12534,189.0,315.0,1.0
12535,115.0,59.0,1.0
12536,9.0,44.0,1.0
12537,117.0,150.0,1.0
12538,87.0,317.0,1.0
12539,81.0,410.0,1.0
12540,223.0,124.0,1.0
12541,105.0,532.0,1.0
12542,153.0,59.0,1.0
12543,262.0,216.0,1.0
12544,144.0,89.0,1.0
12545,153.0,249.0,1.0
12546,141.0,296.0,1.0
12547,126.0,402.0,1.0
12548,84.0,72.0,1.0
12549,135.0,504.0,1.0
12550,96.0,92.0,1.0
12551,22.0,149.0,1.0
12552,33.0,147.0,1.0
12553,115.0,111.0,1.0
12554,132.0,224.0,1.0
12555,261.0,109.0,1.0
12556,104.0,362.0,1.0
12557,182.0,310.0,1.0
12558,178.0,223.0,1.0
12559,3.0,115.0,1.0
12560,229.0,111.0,1.0
12561,195.0,272.0,1.0
12562,199.0,44.0,1.0
12563,51.0,463.0,1.0
12564,243.0,234.0,1.0
12565,224.0,79.0,1.0
12566,175.0,39.0,1.0
12567,145.0,185.0,1.0
12568,102.0,155.0,1.0
12569,127.0,73.0,1.0
12570,206.0,120.0,1.0
12571,244.0,146.0,1.0
12572,208.0,138.0,1.0
12573,13.0,342.0,1.0
12574,203.0,62.0,1.0
12575,225.0,242.0,1.0
12576,183.0,310.0,1.0
12577,62.0,10.0,1.0
12578,145.0,87.0,1.0
12579,164.0,195.0,1.0
12580,159.0,62.0,1.0
12581,148.0,245.0,1.0
12582,22.0,116.0,1.0
12583,144.0,385.0,1.0
12584,249.0,47.0,1.0
12585,100.0,434.0,1.0
12586,106.0,310.0,1.0
12587,127.0,517.0,1.0
12588,16.0,269.0,1.0
12589,82.0,150.0,1.0
12590,56.0,546.0,1.0
12591,6.0,220.0,1.0
12592,224.0,528.0,1.0
12593,235.0,385.0,1.0
12594,160.0,172.0,1.0
12595,223.0,306.0,1.0
12596,202.0,10.0,1.0
12597,99.0,81.0,1.0
12598,130.0,310.0,1.0
12599,187.0,12.0,1.0
12600,27.0,122.0,1.0
12601,88.0,241.0,1.0
12602,56.0,372.0,1.0
12603,261.0,146.0,1.0
12604,141.0,480.0,1.0
12605,44.0,284.0,1.0
12606,108.0,221.0,1.0
12607,48.0,40.0,1.0
12608,222.0,208.0,1.0
12609,226.0,21.0,1.0
12610,58.0,142.0,1.0
12611,100.0,204.0,1.0
12612,264.0,293.0,1.0
12613,182.0,436.0,1.0
12614,56.0,252.0,1.0
12615,219.0,49.0,1.0
12616,191.0,295.0,1.0
12617,202.0,134.0,1.0
12618,205.0,350.0,1.0
12619,114.0,67.0,1.0
12620,74.0,127.0,1.0
12621,136.0,66.0,1.0
12622,198.0,103.0,1.0
12623,138.0,115.0,1.0
12624,59.0,399.0,1.0
12625,257.0,62.0,1.0
12626,141.0,60.0,1.0
12627,160.0,181.0,1.0
12628,87.0,92.0,1.0
12629,260.0,382.0,1.0
12630,105.0,66.0,1.0
12631,121.0,66.0,1.0
12632,224.0,44.0,1.0
12633,156.0,10.0,1.0
12634,154.0,497.0,1.0
12635,136.0,236.0,1.0
12636,225.0,65.0,1.0
12637,225.0,559.0,1.0
12638,69.0,111.0,1.0
12639,87.0,579.0,1.0
12640,226.0,575.0,1.0
12641,249.0,150.0,1.0
12642,219.0,91.0,1.0
12643,183.0,172.0,1.0
12644,130.0,354.0,1.0
12645,9.0,120.0,1.0
12646,168.0,85.0,1.0
12647,141.0,0.0,1.0
12648,188.0,388.0,1.0
12649,107.0,223.0,1.0
12650,84.0,83.0,1.0
12651,186.0,228.0,1.0
12652,165.0,339.0,1.0
12653,136.0,151.0,1.0
12654,162.0,367.0,1.0
12655,65.0,572.0,1.0
12656,53.0,277.0,1.0
12657,189.0,116.0,1.0
12658,19.0,153.0,1.0
12659,130.0,92.0,1.0
12660,128.0,487.0,1.0
12661,149.0,10.0,1.0
12662,74.0,331.0,1.0
12663,177.0,241.0,1.0
12664,45.0,204.0,1.0
12665,90.0,212.0,1.0
12666,259.0,354.0,1.0
12667,133.0,378.0,1.0
12668,89.0,144.0,1.0
12669,224.0,103.0,1.0
12670,148.0,223.0,1.0
12671,176.0,229.0,1.0
12672,59.0,92.0,1.0
12673,217.0,220.0,1.0
12674,64.0,320.0,1.0
12675,149.0,274.0,1.0
12676,73.0,120.0,1.0
12677,93.0,25.0,1.0
12678,16.0,37.0,1.0
12679,268.0,47.0,1.0
12680,150.0,133.0,1.0
12681,88.0,221.0,1.0
12682,261.0,106.0,1.0
12683,183.0,532.0,1.0
12684,56.0,147.0,1.0
12685,102.0,38.0,1.0
12686,82.0,285.0,1.0
12687,10.0,304.0,1.0
12688,65.0,27.0,1.0
12689,37.0,177.0,1.0
12690,65.0,77.0,1.0
12691,145.0,47.0,1.0
12692,134.0,220.0,1.0
12693,102.0,89.0,1.0
12694,211.0,474.0,1.0
12695,206.0,92.0,1.0
12696,39.0,393.0,1.0
12697,53.0,396.0,1.0
12698,232.0,55.0,1.0
12699,89.0,221.0,1.0
12700,226.0,529.0,1.0
12701,45.0,219.0,1.0
12702,81.0,382.0,1.0
12703,89.0,66.0,1.0
12704,164.0,61.0,1.0
12705,82.0,9.0,1.0
12706,32.0,312.0,1.0
12707,64.0,455.0,1.0
12708,10.0,98.0,1.0
12709,206.0,146.0,1.0
12710,218.0,282.0,1.0
12711,203.0,463.0,1.0
12712,181.0,202.0,1.0
12713,44.0,31.0,1.0
12714,105.0,64.0,1.0
12715,88.0,222.0,1.0
12716,230.0,438.0,1.0
12717,81.0,315.0,1.0
12718,34.0,24.0,1.0
12719,82.0,381.0,1.0
12720,148.0,156.0,1.0
12721,245.0,207.0,1.0
12722,224.0,4.0,1.0
12723,159.0,22.0,1.0
12724,115.0,33.0,1.0
12725,44.0,255.0,1.0
12726,262.0,164.0,1.0
12727,147.0,227.0,1.0
12728,122.0,1.0,1.0
12729,240.0,388.0,1.0
12730,189.0,514.0,1.0
12731,59.0,10.0,1.0
12732,117.0,125.0,1.0
12733,147.0,70.0,1.0
12734,216.0,170.0,1.0
12735,191.0,109.0,1.0
12736,144.0,54.0,1.0
12737,85.0,448.0,1.0
12738,68.0,62.0,1.0
12739,256.0,571.0,1.0
12740,147.0,143.0,1.0
12741,21.0,343.0,1.0
12742,217.0,475.0,1.0
12743,268.0,313.0,1.0
12744,258.0,191.0,1.0
12745,200.0,300.0,1.0
12746,229.0,181.0,1.0
12747,200.0,83.0,1.0
12748,257.0,234.0,1.0
12749,175.0,11.0,1.0
12750,203.0,93.0,1.0
12751,233.0,388.0,1.0
12752,129.0,429.0,1.0
12753,162.0,306.0,1.0
12754,175.0,210.0,1.0
12755,89.0,81.0,1.0
12756,125.0,84.0,1.0
12757,141.0,10.0,1.0
12758,62.0,204.0,1.0
12759,226.0,204.0,1.0
12760,82.0,119.0,1.0
12761,89.0,138.0,1.0
12762,34.0,45.0,1.0
12763,244.0,410.0,1.0
12764,183.0,49.0,1.0
12765,237.0,45.0,1.0
12766,266.0,415.0,1.0
12767,34.0,134.0,1.0
12768,205.0,115.0,1.0
12769,9.0,65.0,1.0
12770,200.0,458.0,1.0
12771,24.0,12.0,1.0
12772,114.0,70.0,1.0
12773,207.0,263.0,1.0
12774,58.0,203.0,1.0
12775,266.0,114.0,1.0
12776,105.0,132.0,1.0
12777,263.0,294.0,1.0
12778,130.0,59.0,1.0
12779,84.0,582.0,1.0
12780,149.0,544.0,1.0
12781,29.0,56.0,1.0
12782,132.0,277.0,1.0
12783,182.0,35.0,1.0
12784,49.0,130.0,1.0
12785,262.0,134.0,1.0
12786,242.0,126.0,1.0
12787,149.0,219.0,1.0
12788,164.0,388.0,1.0
12789,236.0,134.0,1.0
12790,69.0,192.0,1.0
12791,116.0,491.0,1.0
12792,262.0,60.0,1.0
12793,220.0,194.0,1.0
12794,158.0,199.0,1.0
12795,142.0,122.0,1.0
12796,89.0,216.0,1.0
12797,194.0,282.0,1.0
12798,116.0,69.0,1.0
12799,195.0,552.0,1.0
12800,56.0,319.0,1.0
12801,133.0,22.0,1.0
12802,203.0,111.0,1.0
12803,69.0,135.0,1.0
12804,121.0,214.0,1.0
12805,165.0,69.0,1.0
12806,264.0,57.0,1.0
12807,256.0,92.0,1.0
12808,234.0,206.0,1.0
12809,175.0,317.0,1.0
12810,225.0,266.0,1.0
12811,226.0,540.0,1.0
12812,71.0,477.0,1.0
12813,86.0,474.0,1.0
12814,8.0,250.0,1.0
12815,28.0,431.0,1.0
12816,150.0,279.0,1.0
12817,96.0,146.0,1.0
12818,185.0,91.0,1.0
12819,234.0,191.0,1.0
12820,11.0,225.0,1.0
12821,102.0,214.0,1.0
12822,147.0,264.0,1.0
12823,96.0,148.0,1.0
12824,87.0,141.0,1.0
12825,181.0,571.0,1.0
12826,69.0,133.0,1.0
12827,150.0,127.0,1.0
12828,85.0,61.0,1.0
12829,51.0,400.0,1.0
12830,150.0,150.0,1.0
12831,30.0,147.0,1.0
12832,42.0,386.0,1.0
12833,178.0,161.0,1.0
12834,205.0,39.0,1.0
12835,44.0,159.0,1.0
12836,52.0,412.0,1.0
12837,104.0,291.0,1.0
12838,251.0,103.0,1.0
12839,263.0,326.0,1.0
12840,101.0,224.0,1.0
12841,122.0,328.0,1.0
12842,138.0,228.0,1.0
12843,127.0,104.0,1.0
12844,45.0,253.0,1.0
12845,126.0,132.0,1.0
12846,182.0,119.0,1.0
12847,82.0,143.0,1.0
12848,34.0,388.0,1.0
12849,242.0,327.0,1.0
12850,17.0,407.0,1.0
12851,58.0,290.0,1.0
12852,133.0,579.0,1.0
12853,123.0,89.0,1.0
12854,102.0,74.0,1.0
12855,81.0,44.0,1.0
12856,74.0,511.0,1.0
12857,203.0,47.0,1.0
12858,188.0,384.0,1.0
12859,117.0,207.0,1.0
12860,195.0,253.0,1.0
12861,196.0,58.0,1.0
12862,183.0,334.0,1.0
12863,178.0,20.0,1.0
12864,26.0,146.0,1.0
12865,75.0,215.0,1.0
12866,57.0,397.0,1.0
12867,52.0,131.0,1.0
12868,82.0,179.0,1.0
12869,189.0,94.0,1.0
12870,98.0,146.0,1.0
12871,29.0,11.0,1.0
12872,145.0,15.0,1.0
12873,102.0,478.0,1.0
12874,199.0,147.0,1.0
12875,17.0,229.0,1.0
12876,74.0,216.0,1.0
12877,256.0,36.0,1.0
12878,102.0,33.0,1.0
12879,62.0,381.0,1.0
12880,128.0,252.0,1.0
12881,189.0,129.0,1.0
12882,116.0,87.0,1.0
12883,126.0,193.0,1.0
12884,65.0,534.0,1.0
12885,60.0,195.0,1.0
12886,10.0,156.0,1.0
12887,75.0,344.0,1.0
12888,218.0,301.0,1.0
12889,72.0,226.0,1.0
12890,141.0,223.0,1.0
12891,128.0,584.0,1.0
12892,32.0,57.0,1.0
12893,185.0,111.0,1.0
12894,124.0,194.0,1.0
12895,16.0,38.0,1.0
12896,167.0,90.0,1.0
12897,147.0,568.0,1.0
12898,214.0,107.0,1.0
12899,34.0,272.0,1.0
12900,144.0,387.0,1.0
12901,71.0,403.0,1.0
12902,230.0,40.0,1.0
12903,153.0,44.0,1.0
12904,77.0,86.0,1.0
12905,51.0,501.0,1.0
12906,156.0,151.0,1.0
12907,87.0,205.0,1.0
12908,165.0,84.0,1.0
12909,104.0,187.0,1.0
12910,168.0,58.0,1.0
12911,248.0,42.0,1.0
12912,71.0,92.0,1.0
12913,65.0,100.0,1.0
12914,32.0,73.0,1.0
12915,238.0,54.0,1.0
12916,87.0,114.0,1.0
12917,159.0,92.0,1.0
12918,145.0,32.0,1.0
12919,100.0,536.0,1.0
12920,224.0,257.0,1.0
12921,63.0,473.0,1.0
12922,146.0,203.0,1.0
12923,74.0,156.0,1.0
12924,175.0,209.0,1.0
12925,106.0,352.0,1.0
12926,172.0,569.0,1.0
12927,251.0,38.0,1.0
12928,56.0,499.0,1.0
12929,116.0,239.0,1.0
12930,224.0,0.0,1.0
12931,84.0,511.0,1.0
12932,249.0,115.0,1.0
12933,200.0,69.0,1.0
12934,259.0,403.0,1.0
12935,267.0,434.0,1.0
12936,247.0,208.0,1.0
12937,37.0,47.0,1.0
12938,89.0,186.0,1.0
12939,242.0,208.0,1.0
12940,94.0,384.0,1.0
12941,84.0,463.0,1.0
12942,56.0,239.0,1.0
12943,178.0,133.0,1.0
12944,75.0,438.0,1.0
12945,188.0,126.0,1.0
12946,257.0,348.0,1.0
12947,216.0,11.0,1.0
12948,160.0,493.0,1.0
12949,82.0,233.0,1.0
12950,258.0,113.0,1.0
12951,96.0,120.0,1.0
12952,233.0,22.0,1.0
12953,183.0,496.0,1.0
12954,116.0,182.0,1.0
12955,210.0,197.0,1.0
12956,89.0,217.0,1.0
12957,147.0,75.0,1.0
12958,223.0,9.0,1.0
12959,183.0,157.0,1.0
12960,165.0,24.0,1.0
12961,177.0,485.0,1.0
12962,224.0,272.0,1.0
12963,1.0,21.0,1.0
12964,42.0,320.0,1.0
12965,200.0,546.0,1.0
12966,98.0,287.0,1.0
12967,136.0,504.0,1.0
12968,95.0,273.0,1.0
12969,79.0,352.0,1.0
12970,148.0,194.0,1.0
12971,135.0,199.0,1.0
12972,149.0,398.0,1.0
12973,150.0,134.0,1.0
12974,136.0,81.0,1.0
12975,264.0,442.0,1.0
12976,207.0,320.0,1.0
12977,84.0,282.0,1.0
12978,228.0,186.0,1.0
12979,245.0,409.0,1.0
12980,51.0,280.0,1.0
12981,132.0,95.0,1.0
12982,197.0,320.0,1.0
12983,261.0,90.0,1.0
12984,191.0,161.0,1.0
12985,53.0,471.0,1.0
12986,3.0,136.0,1.0
12987,147.0,173.0,1.0
12988,127.0,420.0,1.0
12989,112.0,282.0,1.0
12990,137.0,10.0,1.0
12991,144.0,496.0,1.0
12992,208.0,441.0,1.0
12993,86.0,190.0,1.0
12994,218.0,122.0,1.0
12995,2.0,121.0,1.0
12996,104.0,104.0,1.0
12997,64.0,9.0,1.0
12998,115.0,3.0,1.0
12999,14.0,346.0,1.0
13000,177.0,9.0,1.0
13001,108.0,555.0,1.0
13002,82.0,44.0,1.0
13003,128.0,253.0,1.0
13004,69.0,195.0,1.0
13005,82.0,240.0,1.0
13006,149.0,342.0,1.0
13007,113.0,52.0,1.0
13008,168.0,136.0,1.0
13009,64.0,153.0,1.0
13010,75.0,201.0,1.0
13011,87.0,4.0,1.0
13012,189.0,146.0,1.0
13013,213.0,50.0,1.0
13014,91.0,572.0,1.0
13015,39.0,305.0,1.0
13016,145.0,168.0,1.0
13017,63.0,117.0,1.0
13018,44.0,103.0,1.0
13019,53.0,93.0,1.0
13020,65.0,182.0,1.0
13021,249.0,143.0,1.0
13022,110.0,445.0,1.0
13023,178.0,190.0,1.0
13024,98.0,10.0,1.0
13025,8.0,249.0,1.0
13026,1.0,32.0,1.0
13027,233.0,266.0,1.0
13028,203.0,157.0,1.0
13029,116.0,223.0,1.0
13030,239.0,104.0,1.0
13031,175.0,558.0,1.0
13032,180.0,354.0,1.0
13033,64.0,130.0,1.0
13034,173.0,253.0,1.0
13035,167.0,257.0,1.0
13036,92.0,103.0,1.0
13037,6.0,156.0,1.0
13038,136.0,533.0,1.0
13039,231.0,556.0,1.0
13040,130.0,39.0,1.0
13041,205.0,57.0,1.0
13042,129.0,205.0,1.0
13043,84.0,64.0,1.0
13044,201.0,311.0,1.0
13045,11.0,305.0,1.0
13046,238.0,103.0,1.0
13047,200.0,299.0,1.0
13048,71.0,8.0,1.0
13049,64.0,301.0,1.0
13050,180.0,436.0,1.0
13051,36.0,36.0,1.0
13052,105.0,319.0,1.0
13053,183.0,247.0,1.0
13054,173.0,47.0,1.0
13055,147.0,180.0,1.0
13056,210.0,504.0,1.0
13057,172.0,127.0,1.0
13058,116.0,358.0,1.0
13059,102.0,537.0,1.0
13060,71.0,520.0,1.0
13061,148.0,39.0,1.0
13062,145.0,238.0,1.0
13063,82.0,26.0,1.0
13064,39.0,241.0,1.0
13065,167.0,130.0,1.0
13066,54.0,146.0,1.0
13067,136.0,3.0,1.0
13068,64.0,126.0,1.0
13069,241.0,100.0,1.0
13070,244.0,127.0,1.0
13071,159.0,309.0,1.0
13072,147.0,215.0,1.0
13073,249.0,129.0,1.0
13074,195.0,332.0,1.0
13075,116.0,537.0,1.0
13076,51.0,125.0,1.0
13077,12.0,322.0,1.0
13078,226.0,49.0,1.0
13079,48.0,427.0,1.0
13080,132.0,222.0,1.0
13081,98.0,24.0,1.0
13082,230.0,379.0,1.0
13083,236.0,103.0,1.0
13084,129.0,213.0,1.0
13085,155.0,44.0,1.0
13086,81.0,375.0,1.0
13087,114.0,61.0,1.0
13088,169.0,560.0,1.0
13089,156.0,180.0,1.0
13090,128.0,420.0,1.0
13091,102.0,92.0,1.0
13092,189.0,420.0,1.0
13093,117.0,117.0,1.0
13094,91.0,320.0,1.0
13095,186.0,380.0,1.0
13096,132.0,14.0,1.0
13097,138.0,125.0,1.0
13098,82.0,109.0,1.0
13099,52.0,278.0,1.0
13100,182.0,485.0,1.0
13101,135.0,185.0,1.0
13102,139.0,100.0,1.0
13103,189.0,277.0,1.0
13104,219.0,378.0,1.0
13105,163.0,250.0,1.0
13106,259.0,448.0,1.0
13107,82.0,113.0,1.0
13108,55.0,120.0,1.0
13109,149.0,127.0,1.0
13110,250.0,77.0,1.0
13111,86.0,146.0,1.0
13112,97.0,100.0,1.0
13113,150.0,556.0,1.0
13114,185.0,202.0,1.0
13115,214.0,40.0,1.0
13116,225.0,270.0,1.0
13117,16.0,255.0,1.0
13118,225.0,64.0,1.0
13119,260.0,120.0,1.0
13120,102.0,319.0,1.0
13121,74.0,10.0,1.0
13122,50.0,113.0,1.0
13123,210.0,92.0,1.0
13124,12.0,208.0,1.0
13125,11.0,310.0,1.0
13126,261.0,111.0,1.0
13127,85.0,261.0,1.0
13128,134.0,437.0,1.0
13129,130.0,60.0,1.0
13130,71.0,327.0,1.0
13131,107.0,81.0,1.0
13132,58.0,242.0,1.0
13133,223.0,265.0,1.0
13134,44.0,13.0,1.0
13135,31.0,10.0,1.0
13136,81.0,343.0,1.0
13137,145.0,465.0,1.0
13138,89.0,402.0,1.0
13139,259.0,209.0,1.0
13140,171.0,97.0,1.0
13141,224.0,523.0,1.0
13142,71.0,290.0,1.0
13143,31.0,220.0,1.0
13144,9.0,39.0,1.0
13145,248.0,19.0,1.0
13146,233.0,64.0,1.0
13147,214.0,194.0,1.0
13148,13.0,105.0,1.0
13149,31.0,208.0,1.0
13150,46.0,266.0,1.0
13151,170.0,426.0,1.0
13152,16.0,369.0,1.0
13153,230.0,177.0,1.0
13154,163.0,168.0,1.0
13155,81.0,378.0,1.0
13156,125.0,141.0,1.0
13157,48.0,158.0,1.0
13158,141.0,20.0,1.0
13159,51.0,268.0,1.0
13160,211.0,410.0,1.0
13161,129.0,50.0,1.0
13162,125.0,147.0,1.0
13163,153.0,100.0,1.0
13164,65.0,488.0,1.0
13165,238.0,281.0,1.0
13166,45.0,284.0,1.0
13167,33.0,143.0,1.0
13168,218.0,179.0,1.0
13169,211.0,499.0,1.0
13170,189.0,16.0,1.0
13171,116.0,34.0,1.0
13172,199.0,179.0,1.0
13173,153.0,138.0,1.0
13174,65.0,39.0,1.0
13175,101.0,81.0,1.0
13176,234.0,117.0,1.0
13177,232.0,64.0,1.0
13178,253.0,555.0,1.0
13179,129.0,279.0,1.0
13180,199.0,12.0,1.0
13181,229.0,147.0,1.0
13182,248.0,362.0,1.0
13183,75.0,71.0,1.0
13184,10.0,168.0,1.0
13185,102.0,297.0,1.0
13186,199.0,11.0,1.0
13187,137.0,62.0,1.0
13188,147.0,542.0,1.0
13189,206.0,111.0,1.0
13190,245.0,97.0,1.0
13191,64.0,505.0,1.0
13192,61.0,420.0,1.0
13193,169.0,10.0,1.0
13194,162.0,81.0,1.0
13195,266.0,11.0,1.0
13196,90.0,122.0,1.0
13197,225.0,66.0,1.0
13198,157.0,94.0,1.0
13199,126.0,437.0,1.0
13200,245.0,388.0,1.0
13201,22.0,425.0,1.0
13202,37.0,246.0,1.0
13203,28.0,97.0,1.0
13204,89.0,126.0,1.0
13205,81.0,143.0,1.0
13206,126.0,99.0,1.0
13207,136.0,58.0,1.0
13208,155.0,308.0,1.0
13209,39.0,202.0,1.0
13210,194.0,68.0,1.0
13211,143.0,18.0,1.0
13212,182.0,64.0,1.0
13213,149.0,58.0,1.0
13214,213.0,116.0,1.0
13215,119.0,391.0,1.0
13216,65.0,519.0,1.0
13217,64.0,39.0,1.0
13218,156.0,451.0,1.0
13219,117.0,49.0,1.0
13220,236.0,36.0,1.0
13221,102.0,595.0,1.0
13222,145.0,220.0,1.0
13223,135.0,209.0,1.0
13224,84.0,1.0,1.0
13225,87.0,506.0,1.0
13226,138.0,69.0,1.0
13227,257.0,190.0,1.0
13228,191.0,67.0,1.0
13229,130.0,10.0,1.0
13230,200.0,143.0,1.0
13231,178.0,269.0,1.0
13232,214.0,513.0,1.0
13233,58.0,31.0,1.0
13234,28.0,296.0,1.0
13235,56.0,487.0,1.0
13236,22.0,204.0,1.0
13237,177.0,354.0,1.0
13238,94.0,418.0,1.0
13239,237.0,31.0,1.0
13240,261.0,155.0,1.0
13241,179.0,219.0,1.0
13242,119.0,126.0,1.0
13243,246.0,362.0,1.0
13244,78.0,111.0,1.0
13245,69.0,156.0,1.0
13246,75.0,394.0,1.0
13247,130.0,110.0,1.0
13248,64.0,243.0,1.0
13249,191.0,175.0,1.0
13250,69.0,533.0,1.0
13251,228.0,52.0,1.0
13252,105.0,194.0,1.0
13253,205.0,343.0,1.0
13254,266.0,138.0,1.0
13255,78.0,409.0,1.0
13256,176.0,120.0,1.0
13257,141.0,84.0,1.0
13258,96.0,145.0,1.0
13259,196.0,111.0,1.0
13260,81.0,168.0,1.0
13261,244.0,122.0,1.0
13262,56.0,526.0,1.0
13263,230.0,156.0,1.0
13264,259.0,74.0,1.0
13265,35.0,183.0,1.0
13266,195.0,486.0,1.0
13267,165.0,7.0,1.0
13268,82.0,266.0,1.0
13269,126.0,127.0,1.0
13270,156.0,93.0,1.0
13271,233.0,585.0,1.0
13272,162.0,157.0,1.0
13273,82.0,12.0,1.0
13274,51.0,82.0,1.0
13275,189.0,24.0,1.0
13276,193.0,256.0,1.0
13277,117.0,492.0,1.0
13278,84.0,156.0,1.0
13279,116.0,497.0,1.0
13280,198.0,478.0,1.0
13281,228.0,27.0,1.0
13282,11.0,139.0,1.0
13283,45.0,222.0,1.0
13284,234.0,5.0,1.0
13285,75.0,554.0,1.0
13286,259.0,459.0,1.0
13287,82.0,421.0,1.0
13288,108.0,269.0,1.0
13289,123.0,43.0,1.0
13290,133.0,173.0,1.0
13291,8.0,194.0,1.0
13292,97.0,467.0,1.0
13293,78.0,286.0,1.0
13294,228.0,130.0,1.0
13295,158.0,138.0,1.0
13296,207.0,125.0,1.0
13297,58.0,120.0,1.0
13298,50.0,147.0,1.0
13299,52.0,120.0,1.0
13300,78.0,63.0,1.0
13301,149.0,363.0,1.0
13302,191.0,329.0,1.0
13303,84.0,161.0,1.0
13304,69.0,420.0,1.0
13305,232.0,27.0,1.0
13306,164.0,337.0,1.0
13307,228.0,156.0,1.0
13308,44.0,398.0,1.0
13309,179.0,413.0,1.0
13310,99.0,185.0,1.0
13311,122.0,173.0,1.0
13312,229.0,35.0,1.0
13313,126.0,89.0,1.0
13314,158.0,492.0,1.0
13315,177.0,424.0,1.0
13316,30.0,81.0,1.0
13317,147.0,201.0,1.0
13318,64.0,419.0,1.0
13319,56.0,322.0,1.0
13320,44.0,111.0,1.0
13321,82.0,393.0,1.0
13322,234.0,413.0,1.0
13323,32.0,206.0,1.0
13324,229.0,172.0,1.0
13325,145.0,207.0,1.0
13326,129.0,384.0,1.0
13327,175.0,175.0,1.0
13328,223.0,532.0,1.0
13329,251.0,112.0,1.0
13330,125.0,485.0,1.0
13331,143.0,512.0,1.0
13332,44.0,324.0,1.0
13333,126.0,251.0,1.0
13334,201.0,186.0,1.0
13335,238.0,441.0,1.0
13336,214.0,223.0,1.0
13337,104.0,118.0,1.0
13338,11.0,14.0,1.0
13339,126.0,504.0,1.0
13340,213.0,156.0,1.0
13341,70.0,433.0,1.0
13342,130.0,196.0,1.0
13343,228.0,111.0,1.0
13344,161.0,374.0,1.0
13345,159.0,584.0,1.0
13346,117.0,475.0,1.0
13347,261.0,164.0,1.0
13348,82.0,89.0,1.0
13349,226.0,400.0,1.0
13350,82.0,262.0,1.0
13351,158.0,111.0,1.0
13352,149.0,465.0,1.0
13353,226.0,67.0,1.0
13354,185.0,287.0,1.0
13355,16.0,69.0,1.0
13356,17.0,224.0,1.0
13357,77.0,282.0,1.0
13358,106.0,144.0,1.0
13359,158.0,449.0,1.0
13360,32.0,320.0,1.0
13361,245.0,7.0,1.0
13362,62.0,12.0,1.0
13363,78.0,309.0,1.0
13364,129.0,188.0,1.0
13365,60.0,233.0,1.0
13366,149.0,123.0,1.0
13367,35.0,146.0,1.0
13368,122.0,191.0,1.0
13369,82.0,419.0,1.0
13370,242.0,100.0,1.0
13371,115.0,360.0,1.0
13372,173.0,147.0,1.0
13373,158.0,531.0,1.0
13374,136.0,310.0,1.0
13375,153.0,89.0,1.0
13376,96.0,479.0,1.0
13377,74.0,143.0,1.0
13378,102.0,22.0,1.0
13379,18.0,114.0,1.0
13380,148.0,208.0,1.0
13381,200.0,46.0,1.0
13382,114.0,270.0,1.0
13383,182.0,220.0,1.0
13384,105.0,325.0,1.0
13385,122.0,105.0,1.0
13386,51.0,135.0,1.0
13387,81.0,95.0,1.0
13388,202.0,35.0,1.0
13389,50.0,264.0,1.0
13390,182.0,444.0,1.0
13391,22.0,134.0,1.0
13392,87.0,193.0,1.0
13393,211.0,60.0,1.0
13394,211.0,48.0,1.0
13395,30.0,136.0,1.0
13396,126.0,353.0,1.0
13397,224.0,416.0,1.0
13398,193.0,112.0,1.0
13399,96.0,84.0,1.0
13400,185.0,164.0,1.0
13401,78.0,410.0,1.0
13402,229.0,171.0,1.0
13403,182.0,342.0,1.0
13404,67.0,575.0,1.0
13405,104.0,135.0,1.0
13406,162.0,100.0,1.0
13407,136.0,543.0,1.0
13408,38.0,201.0,1.0
13409,147.0,329.0,1.0
13410,156.0,201.0,1.0
13411,33.0,10.0,1.0
13412,44.0,386.0,1.0
13413,181.0,138.0,1.0
13414,177.0,103.0,1.0
13415,36.0,447.0,1.0
13416,87.0,22.0,1.0
13417,130.0,53.0,1.0
13418,229.0,39.0,1.0
13419,85.0,247.0,1.0
13420,129.0,57.0,1.0
13421,52.0,36.0,1.0
13422,223.0,395.0,1.0
13423,6.0,231.0,1.0
13424,183.0,484.0,1.0
13425,133.0,40.0,1.0
13426,13.0,39.0,1.0
13427,90.0,10.0,1.0
13428,194.0,245.0,1.0
13429,255.0,340.0,1.0
13430,149.0,420.0,1.0
13431,123.0,358.0,1.0
13432,189.0,44.0,1.0
13433,183.0,285.0,1.0
13434,187.0,147.0,1.0
13435,73.0,156.0,1.0
13436,44.0,252.0,1.0
13437,113.0,237.0,1.0
13438,194.0,18.0,1.0
13439,262.0,478.0,1.0
13440,150.0,93.0,1.0
13441,226.0,260.0,1.0
13442,136.0,184.0,1.0
13443,64.0,205.0,1.0
13444,17.0,413.0,1.0
13445,242.0,175.0,1.0
13446,147.0,65.0,1.0
13447,156.0,558.0,1.0
13448,49.0,311.0,1.0
13449,17.0,158.0,1.0
13450,77.0,373.0,1.0
13451,60.0,206.0,1.0
13452,83.0,261.0,1.0
13453,140.0,3.0,1.0
13454,89.0,379.0,1.0
13455,184.0,194.0,1.0
13456,232.0,89.0,1.0
13457,165.0,112.0,1.0
13458,130.0,355.0,1.0
13459,230.0,312.0,1.0
13460,156.0,379.0,1.0
13461,144.0,285.0,1.0
13462,242.0,7.0,1.0
13463,132.0,195.0,1.0
13464,223.0,29.0,1.0
13465,126.0,414.0,1.0
13466,9.0,281.0,1.0
13467,191.0,256.0,1.0
13468,89.0,196.0,1.0
13469,114.0,366.0,1.0
13470,147.0,308.0,1.0
13471,205.0,226.0,1.0
13472,182.0,455.0,1.0
13473,259.0,81.0,1.0
13474,168.0,420.0,1.0
13475,117.0,382.0,1.0
13476,144.0,427.0,1.0
13477,19.0,175.0,1.0
13478,91.0,209.0,1.0
13479,196.0,7.0,1.0
13480,157.0,280.0,1.0
13481,123.0,143.0,1.0
13482,102.0,94.0,1.0
13483,69.0,468.0,1.0
13484,147.0,419.0,1.0
13485,64.0,84.0,1.0
13486,228.0,338.0,1.0
13487,22.0,14.0,1.0
13488,13.0,180.0,1.0
13489,208.0,159.0,1.0
13490,106.0,21.0,1.0
13491,214.0,0.0,1.0
13492,129.0,202.0,1.0
13493,161.0,351.0,1.0
13494,29.0,220.0,1.0
13495,155.0,76.0,1.0
13496,162.0,443.0,1.0
13497,176.0,50.0,1.0
13498,39.0,189.0,1.0
13499,91.0,61.0,1.0
13500,86.0,63.0,1.0
13501,228.0,505.0,1.0
13502,164.0,135.0,1.0
13503,133.0,219.0,1.0
13504,66.0,492.0,1.0
13505,203.0,349.0,1.0
13506,58.0,114.0,1.0
13507,141.0,538.0,1.0
13508,171.0,106.0,1.0
13509,208.0,52.0,1.0
13510,119.0,100.0,1.0
13511,60.0,380.0,1.0
13512,171.0,111.0,1.0
13513,186.0,560.0,1.0
13514,141.0,146.0,1.0
13515,65.0,386.0,1.0
13516,126.0,133.0,1.0
13517,129.0,66.0,1.0
13518,207.0,495.0,1.0
13519,180.0,331.0,1.0
13520,102.0,358.0,1.0
13521,247.0,304.0,1.0
13522,68.0,371.0,1.0
13523,117.0,22.0,1.0
13524,205.0,281.0,1.0
13525,195.0,145.0,1.0
13526,247.0,147.0,1.0
13527,130.0,419.0,1.0
13528,57.0,337.0,1.0
13529,205.0,327.0,1.0
13530,164.0,131.0,1.0
13531,52.0,402.0,1.0
13532,87.0,544.0,1.0
13533,145.0,525.0,1.0
13534,141.0,73.0,1.0
13535,200.0,9.0,1.0
13536,36.0,292.0,1.0
13537,182.0,305.0,1.0
13538,153.0,231.0,1.0
13539,162.0,476.0,1.0
13540,245.0,564.0,1.0
13541,217.0,189.0,1.0
13542,195.0,202.0,1.0
13543,59.0,191.0,1.0
13544,82.0,116.0,1.0
13545,25.0,166.0,1.0
13546,117.0,240.0,1.0
13547,248.0,545.0,1.0
13548,19.0,167.0,1.0
13549,53.0,179.0,1.0
13550,74.0,241.0,1.0
13551,178.0,525.0,1.0
13552,164.0,81.0,1.0
13553,129.0,127.0,1.0
13554,122.0,61.0,1.0
13555,46.0,352.0,1.0
13556,164.0,430.0,1.0
13557,180.0,424.0,1.0
13558,155.0,264.0,1.0
13559,145.0,410.0,1.0
13560,52.0,527.0,1.0
13561,102.0,408.0,1.0
13562,81.0,365.0,1.0
13563,32.0,106.0,1.0
13564,113.0,84.0,1.0
13565,1.0,49.0,1.0
13566,262.0,491.0,1.0
13567,163.0,150.0,1.0
13568,158.0,204.0,1.0
13569,72.0,338.0,1.0
13570,16.0,321.0,1.0
13571,113.0,375.0,1.0
13572,229.0,168.0,1.0
13573,100.0,104.0,1.0
13574,16.0,19.0,1.0
13575,246.0,276.0,1.0
13576,160.0,170.0,1.0
13577,78.0,66.0,1.0
13578,242.0,37.0,1.0
13579,205.0,161.0,1.0
13580,84.0,294.0,1.0
13581,223.0,48.0,1.0
13582,65.0,230.0,1.0
13583,202.0,103.0,1.0
13584,194.0,43.0,1.0
13585,258.0,23.0,1.0
13586,205.0,90.0,1.0
13587,268.0,58.0,1.0
13588,78.0,310.0,1.0
13589,142.0,146.0,1.0
13590,167.0,80.0,1.0
13591,18.0,305.0,1.0
13592,156.0,128.0,1.0
13593,65.0,253.0,1.0
13594,51.0,525.0,1.0
13595,60.0,93.0,1.0
13596,90.0,147.0,1.0
13597,122.0,46.0,1.0
13598,108.0,193.0,1.0
13599,123.0,141.0,1.0
13600,224.0,59.0,1.0
13601,48.0,459.0,1.0
13602,15.0,284.0,1.0
13603,58.0,124.0,1.0
13604,32.0,215.0,1.0
13605,39.0,394.0,1.0
13606,144.0,368.0,1.0
13607,147.0,28.0,1.0
13608,49.0,351.0,1.0
13609,52.0,148.0,1.0
13610,180.0,350.0,1.0
13611,181.0,219.0,1.0
13612,117.0,40.0,1.0
13613,199.0,487.0,1.0
13614,128.0,546.0,1.0
13615,210.0,116.0,1.0
13616,117.0,406.0,1.0
13617,199.0,332.0,1.0
13618,75.0,576.0,1.0
13619,75.0,436.0,1.0
13620,84.0,271.0,1.0
13621,121.0,538.0,1.0
13622,164.0,204.0,1.0
13623,93.0,111.0,1.0
13624,105.0,453.0,1.0
13625,178.0,496.0,1.0
13626,182.0,341.0,1.0
13627,182.0,147.0,1.0
13628,165.0,97.0,1.0
13629,52.0,455.0,1.0
13630,180.0,172.0,1.0
13631,101.0,0.0,1.0
13632,132.0,127.0,1.0
13633,223.0,386.0,1.0
13634,164.0,496.0,1.0
13635,248.0,43.0,1.0
13636,257.0,47.0,1.0
13637,65.0,333.0,1.0
13638,102.0,8.0,1.0
13639,107.0,211.0,1.0
13640,87.0,128.0,1.0
13641,157.0,91.0,1.0
13642,150.0,107.0,1.0
13643,207.0,463.0,1.0
13644,226.0,420.0,1.0
13645,78.0,33.0,1.0
13646,85.0,511.0,1.0
13647,147.0,235.0,1.0
13648,75.0,103.0,1.0
13649,226.0,340.0,1.0
13650,199.0,449.0,1.0
13651,81.0,114.0,1.0
13652,85.0,443.0,1.0
13653,114.0,77.0,1.0
13654,207.0,58.0,1.0
13655,259.0,408.0,1.0
13656,178.0,531.0,1.0
13657,136.0,460.0,1.0
13658,44.0,320.0,1.0
13659,74.0,130.0,1.0
13660,99.0,127.0,1.0
13661,246.0,36.0,1.0
13662,129.0,434.0,1.0
13663,141.0,117.0,1.0
13664,9.0,215.0,1.0
13665,71.0,86.0,1.0
13666,116.0,463.0,1.0
13667,75.0,218.0,1.0
13668,94.0,213.0,1.0
13669,91.0,187.0,1.0
13670,89.0,467.0,1.0
13671,182.0,343.0,1.0
13672,116.0,237.0,1.0
13673,142.0,116.0,1.0
13674,178.0,356.0,1.0
13675,44.0,235.0,1.0
13676,97.0,530.0,1.0
13677,53.0,254.0,1.0
13678,69.0,10.0,1.0
13679,182.0,590.0,1.0
13680,64.0,0.0,1.0
13681,248.0,445.0,1.0
13682,205.0,59.0,1.0
13683,117.0,35.0,1.0
13684,115.0,496.0,1.0
13685,250.0,202.0,1.0
13686,228.0,135.0,1.0
13687,123.0,91.0,1.0
13688,228.0,66.0,1.0
13689,82.0,99.0,1.0
13690,144.0,400.0,1.0
13691,234.0,472.0,1.0
13692,247.0,89.0,1.0
13693,255.0,54.0,1.0
13694,261.0,11.0,1.0
13695,105.0,255.0,1.0
13696,256.0,505.0,1.0
13697,264.0,113.0,1.0
13698,135.0,222.0,1.0
13699,130.0,395.0,1.0
13700,180.0,154.0,1.0
13701,228.0,99.0,1.0
13702,225.0,156.0,1.0
13703,65.0,512.0,1.0
13704,212.0,191.0,1.0
13705,59.0,352.0,1.0
13706,209.0,439.0,1.0
13707,156.0,360.0,1.0
13708,94.0,493.0,1.0
13709,52.0,45.0,1.0
13710,230.0,460.0,1.0
13711,49.0,412.0,1.0
13712,226.0,263.0,1.0
13713,135.0,223.0,1.0
13714,83.0,47.0,1.0
13715,196.0,99.0,1.0
13716,244.0,55.0,1.0
13717,126.0,116.0,1.0
13718,88.0,284.0,1.0
13719,138.0,304.0,1.0
13720,65.0,280.0,1.0
13721,95.0,21.0,1.0
13722,17.0,188.0,1.0
13723,194.0,126.0,1.0
13724,29.0,306.0,1.0
13725,217.0,23.0,1.0
13726,263.0,289.0,1.0
13727,29.0,76.0,1.0
13728,223.0,525.0,1.0
13729,238.0,145.0,1.0
13730,130.0,164.0,1.0
13731,165.0,224.0,1.0
13732,159.0,557.0,1.0
13733,78.0,232.0,1.0
13734,95.0,456.0,1.0
13735,128.0,312.0,1.0
13736,58.0,539.0,1.0
13737,150.0,45.0,1.0
13738,166.0,205.0,1.0
13739,182.0,335.0,1.0
13740,182.0,532.0,1.0
13741,256.0,83.0,1.0
13742,56.0,357.0,1.0
13743,101.0,343.0,1.0
13744,19.0,120.0,1.0
13745,116.0,533.0,1.0
13746,39.0,410.0,1.0
13747,62.0,413.0,1.0
13748,249.0,291.0,1.0
13749,203.0,180.0,1.0
13750,148.0,49.0,1.0
13751,223.0,156.0,1.0
13752,33.0,57.0,1.0
13753,56.0,276.0,1.0
13754,128.0,326.0,1.0
13755,127.0,317.0,1.0
13756,230.0,287.0,1.0
13757,209.0,181.0,1.0
13758,135.0,251.0,1.0
13759,186.0,372.0,1.0
13760,264.0,155.0,1.0
13761,64.0,441.0,1.0
13762,90.0,50.0,1.0
13763,80.0,146.0,1.0
13764,64.0,264.0,1.0
13765,148.0,407.0,1.0
13766,217.0,352.0,1.0
13767,164.0,292.0,1.0
13768,226.0,36.0,1.0
13769,127.0,285.0,1.0
13770,235.0,130.0,1.0
13771,65.0,266.0,1.0
13772,225.0,27.0,1.0
13773,132.0,543.0,1.0
13774,149.0,143.0,1.0
13775,232.0,145.0,1.0
13776,165.0,156.0,1.0
13777,234.0,516.0,1.0
13778,207.0,415.0,1.0
13779,203.0,290.0,1.0
13780,105.0,266.0,1.0
13781,203.0,128.0,1.0
13782,186.0,70.0,1.0
13783,189.0,516.0,1.0
13784,44.0,310.0,1.0
13785,42.0,404.0,1.0
13786,155.0,81.0,1.0
13787,149.0,428.0,1.0
13788,97.0,51.0,1.0
13789,182.0,306.0,1.0
13790,183.0,323.0,1.0
13791,97.0,231.0,1.0
13792,19.0,152.0,1.0
13793,207.0,370.0,1.0
13794,67.0,574.0,1.0
13795,57.0,66.0,1.0
13796,52.0,413.0,1.0
13797,63.0,39.0,1.0
13798,155.0,196.0,1.0
13799,60.0,91.0,1.0
13800,79.0,219.0,1.0
13801,90.0,546.0,1.0
13802,17.0,33.0,1.0
13803,178.0,71.0,1.0
13804,183.0,36.0,1.0
13805,102.0,35.0,1.0
13806,5.0,209.0,1.0
13807,125.0,124.0,1.0
13808,58.0,518.0,1.0
13809,106.0,237.0,1.0
13810,27.0,81.0,1.0
13811,113.0,131.0,1.0
13812,205.0,211.0,1.0
13813,56.0,230.0,1.0
13814,85.0,120.0,1.0
13815,193.0,14.0,1.0
13816,185.0,120.0,1.0
13817,39.0,290.0,1.0
13818,9.0,278.0,1.0
13819,198.0,320.0,1.0
13820,128.0,359.0,1.0
13821,5.0,146.0,1.0
13822,218.0,14.0,1.0
13823,18.0,272.0,1.0
13824,249.0,196.0,1.0
13825,187.0,121.0,1.0
13826,9.0,25.0,1.0
13827,128.0,365.0,1.0
13828,96.0,494.0,1.0
13829,101.0,111.0,1.0
13830,102.0,130.0,1.0
13831,149.0,59.0,1.0
13832,189.0,266.0,1.0
13833,209.0,488.0,1.0
13834,256.0,460.0,1.0
13835,221.0,581.0,1.0
13836,193.0,461.0,1.0
13837,156.0,257.0,1.0
13838,150.0,553.0,1.0
13839,135.0,230.0,1.0
13840,51.0,434.0,1.0
13841,45.0,38.0,1.0
13842,138.0,316.0,1.0
13843,121.0,147.0,1.0
13844,109.0,36.0,1.0
13845,232.0,259.0,1.0
13846,130.0,77.0,1.0
13847,178.0,143.0,1.0
13848,69.0,352.0,1.0
13849,104.0,203.0,1.0
13850,13.0,19.0,1.0
13851,0.0,7.0,1.0
13852,44.0,124.0,1.0
13853,262.0,325.0,1.0
13854,225.0,352.0,1.0
13855,165.0,253.0,1.0
13856,171.0,394.0,1.0
13857,242.0,534.0,1.0
13858,45.0,68.0,1.0
13859,45.0,116.0,1.0
13860,248.0,592.0,1.0
13861,105.0,21.0,1.0
13862,17.0,195.0,1.0
13863,185.0,18.0,1.0
13864,4.0,174.0,1.0
13865,175.0,176.0,1.0
13866,31.0,58.0,1.0
13867,223.0,423.0,1.0
13868,127.0,258.0,1.0
13869,181.0,204.0,1.0
13870,75.0,497.0,1.0
13871,148.0,214.0,1.0
13872,64.0,311.0,1.0
13873,243.0,149.0,1.0
13874,259.0,89.0,1.0
13875,136.0,262.0,1.0
13876,52.0,519.0,1.0
13877,200.0,122.0,1.0
13878,71.0,70.0,1.0
13879,208.0,464.0,1.0
13880,164.0,547.0,1.0
13881,149.0,344.0,1.0
13882,237.0,136.0,1.0
13883,156.0,423.0,1.0
13884,28.0,73.0,1.0
13885,14.0,10.0,1.0
13886,147.0,197.0,1.0
13887,90.0,22.0,1.0
13888,84.0,532.0,1.0
13889,122.0,180.0,1.0
13890,143.0,77.0,1.0
13891,226.0,422.0,1.0
13892,248.0,55.0,1.0
13893,174.0,482.0,1.0
13894,248.0,315.0,1.0
13895,183.0,173.0,1.0
13896,141.0,19.0,1.0
13897,99.0,59.0,1.0
13898,34.0,163.0,1.0
13899,146.0,225.0,1.0
13900,45.0,195.0,1.0
13901,108.0,213.0,1.0
13902,206.0,492.0,1.0
13903,164.0,305.0,1.0
13904,259.0,111.0,1.0
13905,193.0,332.0,1.0
13906,122.0,100.0,1.0
13907,175.0,423.0,1.0
13908,146.0,217.0,1.0
13909,75.0,211.0,1.0
13910,99.0,552.0,1.0
13911,53.0,0.0,1.0
13912,14.0,45.0,1.0
13913,64.0,250.0,1.0
13914,169.0,177.0,1.0
13915,218.0,261.0,1.0
13916,71.0,202.0,1.0
13917,74.0,97.0,1.0
13918,81.0,146.0,1.0
13919,60.0,141.0,1.0
13920,67.0,130.0,1.0
13921,39.0,231.0,1.0
13922,82.0,554.0,1.0
13923,59.0,221.0,1.0
13924,180.0,113.0,1.0
13925,223.0,69.0,1.0
13926,115.0,392.0,1.0
13927,38.0,17.0,1.0
13928,218.0,86.0,1.0
13929,199.0,527.0,1.0
13930,89.0,52.0,1.0
13931,135.0,368.0,1.0
13932,172.0,121.0,1.0
13933,135.0,7.0,1.0
13934,82.0,132.0,1.0
13935,91.0,78.0,1.0
13936,51.0,10.0,1.0
13937,187.0,39.0,1.0
13938,74.0,552.0,1.0
13939,175.0,493.0,1.0
13940,102.0,143.0,1.0
13941,141.0,50.0,1.0
13942,42.0,464.0,1.0
13943,34.0,140.0,1.0
13944,226.0,33.0,1.0
13945,257.0,388.0,1.0
13946,246.0,113.0,1.0
13947,84.0,230.0,1.0
13948,56.0,441.0,1.0
13949,258.0,119.0,1.0
13950,129.0,581.0,1.0
13951,123.0,427.0,1.0
13952,207.0,55.0,1.0
13953,183.0,450.0,1.0
13954,87.0,331.0,1.0
13955,117.0,409.0,1.0
13956,84.0,447.0,1.0
13957,71.0,187.0,1.0
13958,146.0,309.0,1.0
13959,202.0,420.0,1.0
13960,149.0,116.0,1.0
13961,105.0,137.0,1.0
13962,119.0,570.0,1.0
13963,187.0,7.0,1.0
13964,171.0,112.0,1.0
13965,142.0,216.0,1.0
13966,175.0,46.0,1.0
13967,114.0,28.0,1.0
13968,74.0,546.0,1.0
13969,208.0,296.0,1.0
13970,175.0,201.0,1.0
13971,44.0,426.0,1.0
13972,89.0,295.0,1.0
13973,234.0,24.0,1.0
13974,97.0,103.0,1.0
13975,164.0,219.0,1.0
13976,208.0,310.0,1.0
13977,86.0,17.0,1.0
13978,122.0,226.0,1.0
13979,130.0,441.0,1.0
13980,185.0,388.0,1.0
13981,178.0,505.0,1.0
13982,137.0,36.0,1.0
13983,195.0,104.0,1.0
13984,165.0,358.0,1.0
13985,165.0,424.0,1.0
13986,183.0,290.0,1.0
13987,58.0,293.0,1.0
13988,147.0,68.0,1.0
13989,94.0,262.0,1.0
13990,122.0,236.0,1.0
13991,153.0,111.0,1.0
13992,42.0,23.0,1.0
13993,242.0,451.0,1.0
13994,204.0,50.0,1.0
13995,128.0,477.0,1.0
13996,189.0,159.0,1.0
13997,178.0,116.0,1.0
13998,147.0,120.0,1.0
13999,130.0,514.0,1.0
14000,178.0,388.0,1.0
14001,222.0,287.0,1.0
14002,91.0,103.0,1.0
14003,144.0,133.0,1.0
14004,96.0,47.0,1.0
14005,26.0,128.0,1.0
14006,232.0,594.0,1.0
14007,5.0,217.0,1.0
14008,159.0,89.0,1.0
14009,36.0,113.0,1.0
14010,168.0,213.0,1.0
14011,191.0,106.0,1.0
14012,124.0,136.0,1.0
14013,43.0,133.0,1.0
14014,209.0,192.0,1.0
14015,82.0,255.0,1.0
14016,85.0,111.0,1.0
14017,136.0,384.0,1.0
14018,117.0,181.0,1.0
14019,145.0,282.0,1.0
14020,124.0,107.0,1.0
14021,74.0,284.0,1.0
14022,164.0,118.0,1.0
14023,79.0,222.0,1.0
14024,123.0,247.0,1.0
14025,130.0,9.0,1.0
14026,143.0,111.0,1.0
14027,178.0,189.0,1.0
14028,222.0,449.0,1.0
14029,229.0,204.0,1.0
14030,175.0,592.0,1.0
14031,78.0,202.0,1.0
14032,228.0,486.0,1.0
14033,197.0,430.0,1.0
14034,86.0,388.0,1.0
14035,193.0,210.0,1.0
14036,108.0,58.0,1.0
14037,84.0,465.0,1.0
14038,92.0,487.0,1.0
14039,147.0,46.0,1.0
14040,191.0,247.0,1.0
14041,11.0,289.0,1.0
14042,164.0,380.0,1.0
14043,199.0,424.0,1.0
14044,230.0,334.0,1.0
14045,53.0,124.0,1.0
14046,226.0,410.0,1.0
14047,156.0,50.0,1.0
14048,19.0,151.0,1.0
14049,82.0,518.0,1.0
14050,126.0,425.0,1.0
14051,44.0,326.0,1.0
14052,60.0,5.0,1.0
14053,71.0,417.0,1.0
14054,164.0,161.0,1.0
14055,207.0,244.0,1.0
14056,75.0,79.0,1.0
14057,74.0,62.0,1.0
14058,19.0,112.0,1.0
14059,58.0,343.0,1.0
14060,162.0,578.0,1.0
14061,178.0,429.0,1.0
14062,162.0,57.0,1.0
14063,153.0,130.0,1.0
14064,159.0,282.0,1.0
14065,52.0,204.0,1.0
14066,104.0,37.0,1.0
14067,56.0,149.0,1.0
14068,209.0,241.0,1.0
14069,180.0,70.0,1.0
14070,259.0,39.0,1.0
14071,197.0,92.0,1.0
14072,158.0,133.0,1.0
14073,138.0,201.0,1.0
14074,17.0,251.0,1.0
14075,53.0,410.0,1.0
14076,49.0,23.0,1.0
14077,10.0,303.0,1.0
14078,139.0,379.0,1.0
14079,268.0,178.0,1.0
14080,116.0,73.0,1.0
14081,242.0,236.0,1.0
14082,56.0,175.0,1.0
14083,102.0,209.0,1.0
14084,156.0,411.0,1.0
14085,155.0,59.0,1.0
14086,20.0,47.0,1.0
14087,145.0,186.0,1.0
14088,264.0,164.0,1.0
14089,230.0,135.0,1.0
14090,126.0,564.0,1.0
14091,29.0,446.0,1.0
14092,88.0,125.0,1.0
14093,205.0,10.0,1.0
14094,65.0,58.0,1.0
14095,103.0,72.0,1.0
14096,24.0,146.0,1.0
14097,162.0,70.0,1.0
14098,8.0,24.0,1.0
14099,207.0,175.0,1.0
14100,45.0,177.0,1.0
14101,51.0,519.0,1.0
14102,124.0,292.0,1.0
14103,223.0,426.0,1.0
14104,150.0,36.0,1.0
14105,51.0,103.0,1.0
14106,71.0,388.0,1.0
14107,237.0,36.0,1.0
14108,147.0,234.0,1.0
14109,56.0,326.0,1.0
14110,182.0,225.0,1.0
14111,62.0,66.0,1.0
14112,259.0,133.0,1.0
14113,91.0,263.0,1.0
14114,255.0,174.0,1.0
14115,242.0,156.0,1.0
14116,150.0,126.0,1.0
14117,242.0,69.0,1.0
14118,64.0,484.0,1.0
14119,184.0,146.0,1.0
14120,89.0,230.0,1.0
14121,247.0,349.0,1.0
14122,202.0,510.0,1.0
14123,185.0,329.0,1.0
14124,266.0,91.0,1.0
14125,248.0,204.0,1.0
14126,153.0,245.0,1.0
14127,191.0,9.0,1.0
14128,52.0,374.0,1.0
14129,58.0,130.0,1.0
14130,133.0,66.0,1.0
14131,155.0,559.0,1.0
14132,199.0,222.0,1.0
14133,84.0,53.0,1.0
14134,194.0,64.0,1.0
14135,11.0,293.0,1.0
14136,228.0,577.0,1.0
14137,144.0,277.0,1.0
14138,20.0,134.0,1.0
14139,90.0,58.0,1.0
14140,265.0,168.0,1.0
14141,149.0,81.0,1.0
14142,135.0,505.0,1.0
14143,6.0,225.0,1.0
14144,245.0,399.0,1.0
14145,145.0,358.0,1.0
14146,189.0,382.0,1.0
14147,83.0,356.0,1.0
14148,126.0,77.0,1.0
14149,87.0,208.0,1.0
14150,211.0,124.0,1.0
14151,204.0,58.0,1.0
14152,116.0,57.0,1.0
14153,136.0,240.0,1.0
14154,44.0,331.0,1.0
14155,226.0,19.0,1.0
14156,108.0,295.0,1.0
14157,89.0,223.0,1.0
14158,134.0,11.0,1.0
14159,18.0,150.0,1.0
14160,223.0,360.0,1.0
14161,187.0,190.0,1.0
14162,32.0,45.0,1.0
14163,11.0,166.0,1.0
14164,242.0,83.0,1.0
14165,129.0,146.0,1.0
14166,44.0,135.0,1.0
14167,234.0,22.0,1.0
14168,158.0,100.0,1.0
14169,17.0,386.0,1.0
14170,230.0,35.0,1.0
14171,127.0,224.0,1.0
14172,72.0,47.0,1.0
14173,21.0,124.0,1.0
14174,176.0,219.0,1.0
14175,236.0,153.0,1.0
14176,45.0,81.0,1.0
14177,108.0,99.0,1.0
14178,86.0,206.0,1.0
14179,168.0,147.0,1.0
14180,51.0,93.0,1.0
14181,87.0,130.0,1.0
14182,87.0,507.0,1.0
14183,188.0,91.0,1.0
14184,65.0,324.0,1.0
14185,180.0,287.0,1.0
14186,197.0,113.0,1.0
14187,30.0,153.0,1.0
14188,102.0,18.0,1.0
14189,191.0,52.0,1.0
14190,182.0,122.0,1.0
14191,116.0,173.0,1.0
14192,207.0,448.0,1.0
14193,71.0,114.0,1.0
14194,135.0,503.0,1.0
14195,13.0,203.0,1.0
14196,11.0,28.0,1.0
14197,218.0,32.0,1.0
14198,143.0,374.0,1.0
14199,224.0,128.0,1.0
14200,117.0,214.0,1.0
14201,242.0,230.0,1.0
14202,150.0,156.0,1.0
14203,192.0,106.0,1.0
14204,228.0,12.0,1.0
14205,193.0,40.0,1.0
14206,189.0,69.0,1.0
14207,8.0,120.0,1.0
14208,113.0,455.0,1.0
14209,201.0,379.0,1.0
14210,165.0,190.0,1.0
14211,11.0,158.0,1.0
14212,10.0,295.0,1.0
14213,105.0,184.0,1.0
14214,92.0,11.0,1.0
14215,158.0,311.0,1.0
14216,242.0,221.0,1.0
14217,1.0,60.0,1.0
14218,188.0,268.0,1.0
14219,156.0,407.0,1.0
14220,102.0,150.0,1.0
14221,81.0,117.0,1.0
14222,245.0,464.0,1.0
14223,97.0,126.0,1.0
14224,104.0,12.0,1.0
14225,182.0,11.0,1.0
14226,80.0,540.0,1.0
14227,129.0,91.0,1.0
14228,82.0,356.0,1.0
14229,126.0,511.0,1.0
14230,48.0,68.0,1.0
14231,117.0,236.0,1.0
14232,203.0,9.0,1.0
14233,108.0,204.0,1.0
14234,200.0,474.0,1.0
14235,47.0,118.0,1.0
14236,85.0,88.0,1.0
14237,147.0,74.0,1.0
14238,130.0,153.0,1.0
14239,218.0,337.0,1.0
14240,197.0,66.0,1.0
14241,127.0,35.0,1.0
14242,75.0,70.0,1.0
14243,153.0,392.0,1.0
14244,257.0,70.0,1.0
14245,225.0,87.0,1.0
14246,58.0,70.0,1.0
14247,141.0,92.0,1.0
14248,76.0,89.0,1.0
14249,248.0,215.0,1.0
14250,87.0,410.0,1.0
14251,195.0,385.0,1.0
14252,175.0,32.0,1.0
14253,81.0,185.0,1.0
14254,79.0,217.0,1.0
14255,89.0,36.0,1.0
14256,229.0,247.0,1.0
14257,17.0,62.0,1.0
14258,141.0,313.0,1.0
14259,45.0,320.0,1.0
14260,207.0,352.0,1.0
14261,242.0,213.0,1.0
14262,243.0,137.0,1.0
14263,149.0,179.0,1.0
14264,237.0,147.0,1.0
14265,141.0,311.0,1.0
14266,114.0,58.0,1.0
14267,176.0,112.0,1.0
14268,224.0,202.0,1.0
14269,177.0,120.0,1.0
14270,116.0,116.0,1.0
14271,50.0,253.0,1.0
14272,45.0,22.0,1.0
14273,49.0,189.0,1.0
14274,183.0,449.0,1.0
14275,16.0,102.0,1.0
14276,203.0,179.0,1.0
14277,196.0,379.0,1.0
14278,100.0,62.0,1.0
14279,259.0,48.0,1.0
14280,162.0,215.0,1.0
14281,259.0,190.0,1.0
14282,109.0,150.0,1.0
14283,22.0,166.0,1.0
14284,82.0,463.0,1.0
14285,186.0,483.0,1.0
14286,84.0,219.0,1.0
14287,82.0,475.0,1.0
14288,132.0,498.0,1.0
14289,117.0,12.0,1.0
14290,147.0,59.0,1.0
14291,226.0,371.0,1.0
14292,123.0,238.0,1.0
14293,180.0,327.0,1.0
14294,199.0,293.0,1.0
14295,127.0,356.0,1.0
14296,246.0,326.0,1.0
14297,154.0,38.0,1.0
14298,262.0,161.0,1.0
14299,189.0,387.0,1.0
14300,203.0,395.0,1.0
14301,208.0,12.0,1.0
14302,94.0,136.0,1.0
14303,82.0,353.0,1.0
14304,117.0,161.0,1.0
14305,147.0,153.0,1.0
14306,132.0,59.0,1.0
14307,134.0,317.0,1.0
14308,5.0,220.0,1.0
14309,263.0,116.0,1.0
14310,175.0,62.0,1.0
14311,84.0,526.0,1.0
14312,199.0,69.0,1.0
14313,144.0,399.0,1.0
14314,156.0,70.0,1.0
14315,148.0,145.0,1.0
14316,193.0,420.0,1.0
14317,123.0,420.0,1.0
14318,41.0,23.0,1.0
14319,32.0,50.0,1.0
14320,61.0,204.0,1.0
14321,147.0,102.0,1.0
14322,82.0,499.0,1.0
14323,17.0,406.0,1.0
14324,126.0,207.0,1.0
14325,96.0,388.0,1.0
14326,128.0,216.0,1.0
14327,175.0,269.0,1.0
14328,87.0,53.0,1.0
14329,153.0,398.0,1.0
14330,87.0,278.0,1.0
14331,96.0,66.0,1.0
14332,51.0,510.0,1.0
14333,56.0,24.0,1.0
14334,214.0,53.0,1.0
14335,256.0,375.0,1.0
14336,65.0,52.0,1.0
14337,248.0,20.0,1.0
14338,202.0,143.0,1.0
14339,147.0,343.0,1.0
14340,216.0,179.0,1.0
14341,218.0,590.0,1.0
14342,90.0,487.0,1.0
14343,260.0,200.0,1.0
14344,184.0,4.0,1.0
14345,162.0,567.0,1.0
14346,245.0,393.0,1.0
14347,136.0,123.0,1.0
14348,180.0,491.0,1.0
14349,153.0,232.0,1.0
14350,50.0,272.0,1.0
14351,114.0,274.0,1.0
14352,122.0,47.0,1.0
14353,74.0,385.0,1.0
14354,259.0,382.0,1.0
14355,60.0,43.0,1.0
14356,225.0,60.0,1.0
14357,218.0,66.0,1.0
14358,64.0,382.0,1.0
14359,72.0,48.0,1.0
14360,183.0,168.0,1.0
14361,248.0,433.0,1.0
14362,63.0,399.0,1.0
14363,172.0,143.0,1.0
14364,203.0,478.0,1.0
14365,238.0,214.0,1.0
14366,264.0,106.0,1.0
14367,223.0,351.0,1.0
14368,262.0,239.0,1.0
14369,249.0,110.0,1.0
14370,186.0,91.0,1.0
14371,162.0,220.0,1.0
14372,87.0,146.0,1.0
14373,129.0,12.0,1.0
14374,203.0,140.0,1.0
14375,92.0,201.0,1.0
14376,114.0,281.0,1.0
14377,185.0,400.0,1.0
14378,259.0,5.0,1.0
14379,2.0,91.0,1.0
14380,85.0,565.0,1.0
14381,210.0,95.0,1.0
14382,87.0,333.0,1.0
14383,128.0,485.0,1.0
14384,165.0,152.0,1.0
14385,136.0,57.0,1.0
14386,148.0,12.0,1.0
14387,89.0,408.0,1.0
14388,256.0,66.0,1.0
14389,168.0,414.0,1.0
14390,251.0,136.0,1.0
14391,104.0,84.0,1.0
14392,22.0,328.0,1.0
14393,259.0,100.0,1.0
14394,69.0,374.0,1.0
14395,126.0,411.0,1.0
14396,145.0,507.0,1.0
14397,5.0,216.0,1.0
14398,132.0,257.0,1.0
14399,112.0,143.0,1.0
14400,168.0,104.0,1.0
14401,185.0,279.0,1.0
14402,265.0,533.0,1.0
14403,134.0,36.0,1.0
14404,171.0,21.0,1.0
14405,165.0,44.0,1.0
14406,217.0,384.0,1.0
14407,35.0,388.0,1.0
14408,121.0,50.0,1.0
14409,74.0,521.0,1.0
14410,230.0,44.0,1.0
14411,79.0,12.0,1.0
14412,259.0,552.0,1.0
14413,95.0,242.0,1.0
14414,102.0,164.0,1.0
14415,11.0,259.0,1.0
14416,51.0,286.0,1.0
14417,87.0,126.0,1.0
14418,189.0,117.0,1.0
14419,170.0,311.0,1.0
14420,164.0,29.0,1.0
14421,18.0,45.0,1.0
14422,115.0,454.0,1.0
14423,224.0,279.0,1.0
14424,81.0,251.0,1.0
14425,156.0,103.0,1.0
14426,194.0,520.0,1.0
14427,136.0,71.0,1.0
14428,52.0,389.0,1.0
14429,205.0,484.0,1.0
14430,18.0,47.0,1.0
14431,38.0,35.0,1.0
14432,226.0,268.0,1.0
14433,176.0,126.0,1.0
14434,245.0,185.0,1.0
14435,158.0,272.0,1.0
14436,96.0,134.0,1.0
14437,107.0,124.0,1.0
14438,147.0,10.0,1.0
14439,50.0,288.0,1.0
14440,31.0,331.0,1.0
14441,185.0,338.0,1.0
14442,168.0,297.0,1.0
14443,49.0,49.0,1.0
14444,170.0,496.0,1.0
14445,29.0,161.0,1.0
14446,205.0,70.0,1.0
14447,253.0,545.0,1.0
14448,74.0,32.0,1.0
14449,149.0,111.0,1.0
14450,181.0,137.0,1.0
14451,232.0,38.0,1.0
14452,232.0,270.0,1.0
14453,84.0,254.0,1.0
14454,116.0,50.0,1.0
14455,250.0,47.0,1.0
14456,81.0,47.0,1.0
14457,49.0,12.0,1.0
14458,250.0,156.0,1.0
14459,78.0,230.0,1.0
14460,228.0,416.0,1.0
14461,223.0,114.0,1.0
14462,84.0,61.0,1.0
14463,108.0,114.0,1.0
14464,150.0,119.0,1.0
14465,11.0,300.0,1.0
14466,53.0,199.0,1.0
14467,231.0,316.0,1.0
14468,159.0,66.0,1.0
14469,104.0,151.0,1.0
14470,224.0,206.0,1.0
14471,124.0,146.0,1.0
14472,143.0,97.0,1.0
14473,49.0,125.0,1.0
14474,239.0,100.0,1.0
14475,199.0,193.0,1.0
14476,163.0,90.0,1.0
14477,239.0,266.0,1.0
14478,145.0,570.0,1.0
14479,82.0,248.0,1.0
14480,101.0,256.0,1.0
14481,31.0,238.0,1.0
14482,26.0,106.0,1.0
14483,182.0,52.0,1.0
14484,17.0,373.0,1.0
14485,76.0,420.0,1.0
14486,171.0,84.0,1.0
14487,122.0,302.0,1.0
14488,116.0,233.0,1.0
14489,69.0,190.0,1.0
14490,261.0,1.0,1.0
14491,248.0,174.0,1.0
14492,54.0,76.0,1.0
14493,127.0,91.0,1.0
14494,211.0,10.0,1.0
14495,147.0,497.0,1.0
14496,153.0,66.0,1.0
14497,234.0,348.0,1.0
14498,156.0,40.0,1.0
14499,98.0,226.0,1.0
14500,251.0,150.0,1.0
14501,51.0,104.0,1.0
14502,130.0,177.0,1.0
14503,234.0,125.0,1.0
14504,94.0,190.0,1.0
14505,136.0,145.0,1.0
14506,150.0,80.0,1.0
14507,138.0,527.0,1.0
14508,135.0,20.0,1.0
14509,160.0,5.0,1.0
14510,150.0,190.0,1.0
14511,78.0,284.0,1.0
14512,46.0,206.0,1.0
14513,222.0,226.0,1.0
14514,166.0,543.0,1.0
14515,17.0,138.0,1.0
14516,64.0,97.0,1.0
14517,217.0,320.0,1.0
14518,17.0,368.0,1.0
14519,220.0,143.0,1.0
14520,210.0,216.0,1.0
14521,242.0,371.0,1.0
14522,85.0,474.0,1.0
14523,100.0,10.0,1.0
14524,158.0,377.0,1.0
14525,168.0,455.0,1.0
14526,130.0,382.0,1.0
14527,266.0,132.0,1.0
14528,223.0,111.0,1.0
14529,183.0,76.0,1.0
14530,90.0,62.0,1.0
14531,223.0,213.0,1.0
14532,196.0,50.0,1.0
14533,138.0,375.0,1.0
14534,182.0,101.0,1.0
14535,223.0,256.0,1.0
14536,51.0,150.0,1.0
14537,1.0,80.0,1.0
14538,144.0,398.0,1.0
14539,177.0,28.0,1.0
14540,84.0,359.0,1.0
14541,226.0,43.0,1.0
14542,109.0,111.0,1.0
14543,202.0,9.0,1.0
14544,160.0,89.0,1.0
14545,38.0,40.0,1.0
14546,182.0,459.0,1.0
14547,138.0,146.0,1.0
14548,102.0,336.0,1.0
14549,129.0,93.0,1.0
14550,175.0,19.0,1.0
14551,65.0,571.0,1.0
14552,248.0,58.0,1.0
14553,129.0,586.0,1.0
14554,183.0,52.0,1.0
14555,186.0,313.0,1.0
14556,130.0,97.0,1.0
14557,123.0,407.0,1.0
14558,57.0,260.0,1.0
14559,250.0,218.0,1.0
14560,82.0,64.0,1.0
14561,147.0,299.0,1.0
14562,192.0,365.0,1.0
14563,142.0,235.0,1.0
14564,256.0,105.0,1.0
14565,130.0,259.0,1.0
14566,177.0,146.0,1.0
14567,100.0,382.0,1.0
14568,148.0,343.0,1.0
14569,180.0,226.0,1.0
14570,197.0,521.0,1.0
14571,28.0,269.0,1.0
14572,103.0,251.0,1.0
14573,81.0,293.0,1.0
14574,56.0,151.0,1.0
14575,44.0,226.0,1.0
14576,1.0,55.0,1.0
14577,86.0,373.0,1.0
14578,149.0,24.0,1.0
14579,49.0,343.0,1.0
14580,259.0,316.0,1.0
14581,81.0,5.0,1.0
14582,84.0,335.0,1.0
14583,34.0,242.0,1.0
14584,74.0,218.0,1.0
14585,78.0,59.0,1.0
14586,152.0,255.0,1.0
14587,218.0,443.0,1.0
14588,261.0,112.0,1.0
14589,228.0,497.0,1.0
14590,82.0,147.0,1.0
14591,252.0,36.0,1.0
14592,161.0,496.0,1.0
14593,44.0,178.0,1.0
14594,141.0,122.0,1.0
14595,98.0,58.0,1.0
14596,87.0,190.0,1.0
14597,191.0,345.0,1.0
14598,268.0,9.0,1.0
14599,99.0,66.0,1.0
14600,165.0,11.0,1.0
14601,113.0,399.0,1.0
14602,229.0,128.0,1.0
14603,211.0,218.0,1.0
14604,94.0,191.0,1.0
14605,182.0,256.0,1.0
14606,62.0,505.0,1.0
14607,97.0,248.0,1.0
14608,194.0,456.0,1.0
14609,51.0,132.0,1.0
14610,122.0,367.0,1.0
14611,47.0,219.0,1.0
14612,211.0,509.0,1.0
14613,143.0,467.0,1.0
14614,147.0,178.0,1.0
14615,56.0,152.0,1.0
14616,232.0,408.0,1.0
14617,104.0,141.0,1.0
14618,26.0,230.0,1.0
14619,132.0,481.0,1.0
14620,34.0,118.0,1.0
14621,102.0,359.0,1.0
14622,182.0,124.0,1.0
14623,52.0,189.0,1.0
14624,50.0,218.0,1.0
14625,205.0,156.0,1.0
14626,148.0,196.0,1.0
14627,82.0,250.0,1.0
14628,127.0,551.0,1.0
14629,82.0,423.0,1.0
14630,65.0,69.0,1.0
14631,158.0,126.0,1.0
14632,92.0,40.0,1.0
14633,121.0,348.0,1.0
14634,175.0,188.0,1.0
14635,224.0,151.0,1.0
14636,64.0,25.0,1.0
14637,249.0,11.0,1.0
14638,69.0,172.0,1.0
14639,199.0,582.0,1.0
14640,189.0,222.0,1.0
14641,90.0,63.0,1.0
14642,71.0,188.0,1.0
14643,129.0,204.0,1.0
14644,136.0,454.0,1.0
14645,200.0,208.0,1.0
14646,243.0,66.0,1.0
14647,200.0,578.0,1.0
14648,86.0,103.0,1.0
14649,218.0,204.0,1.0
14650,32.0,59.0,1.0
14651,222.0,289.0,1.0
14652,217.0,396.0,1.0
14653,156.0,241.0,1.0
14654,227.0,197.0,1.0
14655,160.0,95.0,1.0
14656,178.0,218.0,1.0
14657,29.0,233.0,1.0
14658,214.0,387.0,1.0
14659,266.0,320.0,1.0
14660,140.0,100.0,1.0
14661,82.0,239.0,1.0
14662,128.0,239.0,1.0
14663,87.0,438.0,1.0
14664,28.0,439.0,1.0
14665,129.0,588.0,1.0
14666,189.0,217.0,1.0
14667,28.0,106.0,1.0
14668,208.0,243.0,1.0
14669,143.0,274.0,1.0
14670,79.0,0.0,1.0
14671,248.0,566.0,1.0
14672,65.0,248.0,1.0
14673,158.0,282.0,1.0
14674,17.0,175.0,1.0
14675,79.0,501.0,1.0
14676,102.0,508.0,1.0
14677,264.0,349.0,1.0
14678,51.0,384.0,1.0
14679,84.0,226.0,1.0
14680,227.0,513.0,1.0
14681,51.0,516.0,1.0
14682,39.0,287.0,1.0
14683,85.0,45.0,1.0
14684,175.0,218.0,1.0
14685,218.0,561.0,1.0
14686,79.0,400.0,1.0
14687,152.0,71.0,1.0
14688,3.0,152.0,1.0
14689,50.0,97.0,1.0
14690,233.0,592.0,1.0
14691,13.0,9.0,1.0
14692,249.0,111.0,1.0
14693,208.0,66.0,1.0
14694,96.0,522.0,1.0
14695,117.0,202.0,1.0
14696,126.0,467.0,1.0
14697,163.0,33.0,1.0
14698,223.0,339.0,1.0
14699,141.0,235.0,1.0
14700,45.0,11.0,1.0
14701,264.0,157.0,1.0
14702,128.0,2.0,1.0
14703,32.0,161.0,1.0
14704,239.0,7.0,1.0
14705,56.0,256.0,1.0
14706,49.0,40.0,1.0
14707,216.0,268.0,1.0
14708,257.0,146.0,1.0
14709,45.0,400.0,1.0
14710,117.0,248.0,1.0
14711,224.0,421.0,1.0
14712,230.0,327.0,1.0
14713,9.0,271.0,1.0
14714,67.0,35.0,1.0
14715,89.0,304.0,1.0
14716,56.0,488.0,1.0
14717,81.0,335.0,1.0
14718,214.0,112.0,1.0
14719,224.0,84.0,1.0
14720,158.0,239.0,1.0
14721,10.0,157.0,1.0
14722,19.0,24.0,1.0
14723,11.0,120.0,1.0
14724,114.0,17.0,1.0
14725,162.0,411.0,1.0
14726,60.0,315.0,1.0
14727,53.0,390.0,1.0
14728,22.0,277.0,1.0
14729,56.0,421.0,1.0
14730,5.0,100.0,1.0
14731,68.0,70.0,1.0
14732,202.0,31.0,1.0
14733,254.0,472.0,0.0
14734,179.0,143.0,0.0
14735,77.0,56.0,0.0
14736,131.0,136.0,0.0
14737,11.0,515.0,0.0
14738,228.0,144.0,0.0
14739,148.0,140.0,0.0
14740,8.0,1.0,0.0
14741,189.0,376.0,0.0
14742,225.0,422.0,0.0
14743,212.0,16.0,0.0
14744,59.0,462.0,0.0
14745,39.0,86.0,0.0
14746,68.0,531.0,0.0
14747,206.0,422.0,0.0
14748,74.0,53.0,0.0
14749,26.0,61.0,0.0
14750,142.0,397.0,0.0
14751,118.0,594.0,0.0
14752,236.0,304.0,0.0
14753,180.0,159.0,0.0
14754,238.0,226.0,0.0
14755,194.0,358.0,0.0
14756,182.0,482.0,0.0
14757,39.0,90.0,0.0
14758,127.0,394.0,0.0
14759,161.0,350.0,0.0
14760,136.0,472.0,0.0
14761,186.0,326.0,0.0
14762,159.0,302.0,0.0
14763,85.0,494.0,0.0
14764,38.0,149.0,0.0
14765,88.0,43.0,0.0
14766,208.0,183.0,0.0
14767,249.0,32.0,0.0
14768,136.0,128.0,0.0
14769,267.0,2.0,0.0
14770,41.0,462.0,0.0
14771,124.0,496.0,0.0
14772,24.0,314.0,0.0
14773,38.0,52.0,0.0
14774,95.0,393.0,0.0
14775,71.0,453.0,0.0
14776,129.0,18.0,0.0
14777,17.0,525.0,0.0
14778,42.0,169.0,0.0
14779,195.0,309.0,0.0
14780,165.0,65.0,0.0
14781,235.0,457.0,0.0
14782,175.0,432.0,0.0
14783,236.0,94.0,0.0
14784,163.0,342.0,0.0
14785,27.0,282.0,0.0
14786,81.0,594.0,0.0
14787,92.0,276.0,0.0
14788,244.0,549.0,0.0
14789,3.0,310.0,0.0
14790,8.0,565.0,0.0
14791,266.0,319.0,0.0
14792,23.0,300.0,0.0
14793,55.0,260.0,0.0
14794,53.0,592.0,0.0
14795,61.0,281.0,0.0
14796,37.0,215.0,0.0
14797,209.0,252.0,0.0
14798,128.0,152.0,0.0
14799,236.0,170.0,0.0
14800,49.0,515.0,0.0
14801,54.0,413.0,0.0
14802,219.0,147.0,0.0
14803,248.0,498.0,0.0
14804,133.0,540.0,0.0
14805,85.0,133.0,0.0
14806,18.0,413.0,0.0
14807,82.0,241.0,0.0
14808,204.0,177.0,0.0
14809,240.0,498.0,0.0
14810,114.0,442.0,0.0
14811,211.0,413.0,0.0
14812,56.0,297.0,0.0
14813,26.0,314.0,0.0
14814,216.0,34.0,0.0
14815,112.0,66.0,0.0
14816,173.0,349.0,0.0
14817,137.0,40.0,0.0
14818,161.0,309.0,0.0
14819,215.0,7.0,0.0
14820,161.0,447.0,0.0
14821,267.0,512.0,0.0
14822,1.0,340.0,0.0
14823,116.0,131.0,0.0
14824,237.0,416.0,0.0
14825,37.0,581.0,0.0
14826,213.0,397.0,0.0
14827,168.0,263.0,0.0
14828,245.0,500.0,0.0
14829,9.0,113.0,0.0
14830,227.0,340.0,0.0
14831,242.0,63.0,0.0
14832,218.0,415.0,0.0
14833,55.0,283.0,0.0
14834,120.0,460.0,0.0
14835,142.0,236.0,0.0
14836,30.0,497.0,0.0
14837,149.0,355.0,0.0
14838,97.0,377.0,0.0
14839,226.0,462.0,0.0
14840,68.0,304.0,0.0
14841,120.0,30.0,0.0
14842,92.0,299.0,0.0
14843,12.0,596.0,0.0
14844,113.0,218.0,0.0
14845,248.0,134.0,0.0
14846,75.0,398.0,0.0
14847,119.0,175.0,0.0
14848,158.0,329.0,0.0
14849,154.0,187.0,0.0
14850,153.0,502.0,0.0
14851,129.0,260.0,0.0
14852,157.0,582.0,0.0
14853,3.0,543.0,0.0
14854,192.0,482.0,0.0
14855,216.0,578.0,0.0
14856,225.0,129.0,0.0
14857,177.0,526.0,0.0
14858,153.0,87.0,0.0
14859,259.0,397.0,0.0
14860,239.0,299.0,0.0
14861,50.0,455.0,0.0
14862,201.0,304.0,0.0
14863,220.0,472.0,0.0
14864,93.0,529.0,0.0
14865,118.0,494.0,0.0
14866,137.0,339.0,0.0
14867,23.0,440.0,0.0
14868,224.0,592.0,0.0
14869,150.0,296.0,0.0
14870,0.0,232.0,0.0
14871,53.0,406.0,0.0
14872,151.0,167.0,0.0
14873,225.0,136.0,0.0
14874,154.0,398.0,0.0
14875,208.0,50.0,0.0
14876,262.0,309.0,0.0
14877,189.0,212.0,0.0
14878,135.0,280.0,0.0
14879,222.0,186.0,0.0
14880,71.0,60.0,0.0
14881,142.0,596.0,0.0
14882,178.0,138.0,0.0
14883,176.0,495.0,0.0
14884,85.0,158.0,0.0
14885,131.0,265.0,0.0
14886,4.0,593.0,0.0
14887,118.0,108.0,0.0
14888,116.0,334.0,0.0
14889,19.0,537.0,0.0
14890,25.0,165.0,0.0
14891,74.0,293.0,0.0
14892,23.0,427.0,0.0
14893,119.0,565.0,0.0
14894,83.0,355.0,0.0
14895,153.0,295.0,0.0
14896,231.0,82.0,0.0
14897,183.0,368.0,0.0
14898,203.0,579.0,0.0
14899,165.0,466.0,0.0
14900,72.0,480.0,0.0
14901,53.0,76.0,0.0
14902,111.0,461.0,0.0
14903,32.0,100.0,0.0
14904,253.0,129.0,0.0
14905,217.0,188.0,0.0
14906,54.0,166.0,0.0
14907,93.0,525.0,0.0
14908,216.0,292.0,0.0
14909,103.0,200.0,0.0
14910,173.0,209.0,0.0
14911,147.0,200.0,0.0
14912,57.0,444.0,0.0
14913,81.0,169.0,0.0
14914,164.0,52.0,0.0
14915,68.0,239.0,0.0
14916,222.0,378.0,0.0
14917,148.0,84.0,0.0
14918,71.0,422.0,0.0
14919,208.0,222.0,0.0
14920,2.0,542.0,0.0
14921,89.0,132.0,0.0
14922,108.0,392.0,0.0
14923,188.0,498.0,0.0
14924,222.0,3.0,0.0
14925,202.0,463.0,0.0
14926,73.0,295.0,0.0
14927,250.0,430.0,0.0
14928,58.0,445.0,0.0
14929,148.0,403.0,0.0
14930,99.0,38.0,0.0
14931,88.0,332.0,0.0
14932,205.0,415.0,0.0
14933,215.0,97.0,0.0
14934,26.0,478.0,0.0
14935,248.0,464.0,0.0
14936,203.0,542.0,0.0
14937,46.0,358.0,0.0
14938,174.0,300.0,0.0
14939,195.0,323.0,0.0
14940,85.0,106.0,0.0
14941,206.0,449.0,0.0
14942,4.0,111.0,0.0
14943,166.0,388.0,0.0
14944,173.0,589.0,0.0
14945,261.0,166.0,0.0
14946,240.0,119.0,0.0
14947,61.0,273.0,0.0
14948,192.0,4.0,0.0
14949,120.0,230.0,0.0
14950,111.0,433.0,0.0
14951,254.0,159.0,0.0
14952,208.0,124.0,0.0
14953,106.0,17.0,0.0
14954,266.0,167.0,0.0
14955,218.0,96.0,0.0
14956,128.0,325.0,0.0
14957,265.0,129.0,0.0
14958,228.0,346.0,0.0
14959,19.0,358.0,0.0
14960,232.0,267.0,0.0
14961,187.0,516.0,0.0
14962,246.0,233.0,0.0
14963,66.0,447.0,0.0
14964,149.0,208.0,0.0
14965,109.0,371.0,0.0
14966,237.0,358.0,0.0
14967,225.0,581.0,0.0
14968,18.0,245.0,0.0
14969,23.0,271.0,0.0
14970,257.0,537.0,0.0
14971,21.0,157.0,0.0
14972,196.0,309.0,0.0
14973,71.0,238.0,0.0
14974,212.0,15.0,0.0
14975,36.0,38.0,0.0
14976,137.0,503.0,0.0
14977,183.0,101.0,0.0
14978,21.0,504.0,0.0
14979,162.0,483.0,0.0
14980,3.0,108.0,0.0
14981,241.0,459.0,0.0
14982,149.0,571.0,0.0
14983,213.0,320.0,0.0
14984,183.0,553.0,0.0
14985,192.0,454.0,0.0
14986,182.0,566.0,0.0
14987,216.0,210.0,0.0
14988,19.0,14.0,0.0
14989,259.0,24.0,0.0
14990,172.0,375.0,0.0
14991,207.0,307.0,0.0
14992,123.0,569.0,0.0
14993,176.0,344.0,0.0
14994,230.0,31.0,0.0
14995,258.0,226.0,0.0
14996,210.0,37.0,0.0
14997,216.0,155.0,0.0
14998,127.0,178.0,0.0
14999,2.0,217.0,0.0
15000,1.0,144.0,0.0
15001,95.0,181.0,0.0
15002,120.0,272.0,0.0
15003,113.0,105.0,0.0
15004,17.0,579.0,0.0
15005,34.0,318.0,0.0
15006,22.0,37.0,0.0
15007,60.0,56.0,0.0
15008,28.0,391.0,0.0
15009,8.0,364.0,0.0
15010,7.0,200.0,0.0
15011,193.0,64.0,0.0
15012,157.0,105.0,0.0
15013,239.0,512.0,0.0
15014,189.0,119.0,0.0
15015,90.0,153.0,0.0
15016,248.0,563.0,0.0
15017,225.0,435.0,0.0
15018,247.0,303.0,0.0
15019,102.0,211.0,0.0
15020,101.0,337.0,0.0
15021,181.0,431.0,0.0
15022,155.0,316.0,0.0
15023,9.0,237.0,0.0
15024,84.0,2.0,0.0
15025,146.0,261.0,0.0
15026,109.0,290.0,0.0
15027,209.0,547.0,0.0
15028,251.0,556.0,0.0
15029,25.0,207.0,0.0
15030,76.0,542.0,0.0
15031,211.0,90.0,0.0
15032,170.0,393.0,0.0
15033,138.0,184.0,0.0
15034,20.0,233.0,0.0
15035,79.0,567.0,0.0
15036,179.0,131.0,0.0
15037,207.0,129.0,0.0
15038,232.0,402.0,0.0
15039,248.0,422.0,0.0
15040,96.0,106.0,0.0
15041,8.0,456.0,0.0
15042,215.0,286.0,0.0
15043,190.0,3.0,0.0
15044,102.0,104.0,0.0
15045,80.0,147.0,0.0
15046,212.0,556.0,0.0
15047,19.0,159.0,0.0
15048,17.0,483.0,0.0
15049,218.0,166.0,0.0
15050,176.0,85.0,0.0
15051,36.0,92.0,0.0
15052,2.0,185.0,0.0
15053,39.0,141.0,0.0
15054,245.0,458.0,0.0
15055,241.0,82.0,0.0
15056,113.0,62.0,0.0
15057,222.0,33.0,0.0
15058,202.0,189.0,0.0
15059,30.0,313.0,0.0
15060,47.0,215.0,0.0
15061,118.0,183.0,0.0
15062,217.0,258.0,0.0
15063,160.0,551.0,0.0
15064,168.0,167.0,0.0
15065,268.0,466.0,0.0
15066,50.0,421.0,0.0
15067,90.0,267.0,0.0
15068,68.0,138.0,0.0
15069,79.0,97.0,0.0
15070,122.0,73.0,0.0
15071,156.0,405.0,0.0
15072,195.0,177.0,0.0
15073,193.0,43.0,0.0
15074,187.0,55.0,0.0
15075,91.0,469.0,0.0
15076,102.0,570.0,0.0
15077,237.0,303.0,0.0
15078,138.0,466.0,0.0
15079,199.0,111.0,0.0
15080,233.0,111.0,0.0
15081,95.0,79.0,0.0
15082,158.0,441.0,0.0
15083,186.0,177.0,0.0
15084,71.0,338.0,0.0
15085,231.0,294.0,0.0
15086,79.0,244.0,0.0
15087,6.0,549.0,0.0
15088,254.0,464.0,0.0
15089,218.0,274.0,0.0
15090,126.0,462.0,0.0
15091,198.0,446.0,0.0
15092,108.0,214.0,0.0
15093,100.0,309.0,0.0
15094,64.0,288.0,0.0
15095,143.0,369.0,0.0
15096,237.0,368.0,0.0
15097,242.0,477.0,0.0
15098,263.0,37.0,0.0
15099,226.0,342.0,0.0
15100,43.0,76.0,0.0
15101,139.0,477.0,0.0
15102,230.0,109.0,0.0
15103,185.0,96.0,0.0
15104,24.0,56.0,0.0
15105,23.0,142.0,0.0
15106,116.0,210.0,0.0
15107,240.0,520.0,0.0
15108,211.0,100.0,0.0
15109,235.0,302.0,0.0
15110,18.0,365.0,0.0
15111,252.0,70.0,0.0
15112,175.0,476.0,0.0
15113,225.0,525.0,0.0
15114,173.0,69.0,0.0
15115,257.0,497.0,0.0
15116,221.0,366.0,0.0
15117,227.0,64.0,0.0
15118,168.0,583.0,0.0
15119,114.0,136.0,0.0
15120,49.0,204.0,0.0
15121,23.0,528.0,0.0
15122,184.0,151.0,0.0
15123,224.0,236.0,0.0
15124,236.0,252.0,0.0
15125,225.0,115.0,0.0
15126,129.0,336.0,0.0
15127,171.0,140.0,0.0
15128,141.0,134.0,0.0
15129,206.0,147.0,0.0
15130,219.0,113.0,0.0
15131,100.0,296.0,0.0
15132,177.0,342.0,0.0
15133,119.0,505.0,0.0
15134,161.0,318.0,0.0
15135,172.0,72.0,0.0
15136,66.0,414.0,0.0
15137,96.0,82.0,0.0
15138,187.0,503.0,0.0
15139,26.0,442.0,0.0
15140,44.0,96.0,0.0
15141,268.0,534.0,0.0
15142,243.0,423.0,0.0
15143,38.0,434.0,0.0
15144,179.0,305.0,0.0
15145,260.0,180.0,0.0
15146,167.0,394.0,0.0
15147,55.0,341.0,0.0
15148,128.0,442.0,0.0
15149,233.0,100.0,0.0
15150,123.0,25.0,0.0
15151,114.0,486.0,0.0
15152,266.0,321.0,0.0
15153,127.0,556.0,0.0
15154,231.0,118.0,0.0
15155,160.0,130.0,0.0
15156,221.0,74.0,0.0
15157,46.0,94.0,0.0
15158,1.0,105.0,0.0
15159,106.0,149.0,0.0
15160,204.0,95.0,0.0
15161,187.0,313.0,0.0
15162,70.0,392.0,0.0
15163,198.0,43.0,0.0
15164,250.0,425.0,0.0
15165,112.0,78.0,0.0
15166,115.0,269.0,0.0
15167,107.0,56.0,0.0
15168,130.0,138.0,0.0
15169,71.0,221.0,0.0
15170,16.0,68.0,0.0
15171,135.0,539.0,0.0
15172,192.0,137.0,0.0
15173,111.0,210.0,0.0
15174,35.0,52.0,0.0
15175,25.0,279.0,0.0
15176,126.0,17.0,0.0
15177,204.0,79.0,0.0
15178,8.0,555.0,0.0
15179,232.0,125.0,0.0
15180,31.0,483.0,0.0
15181,40.0,510.0,0.0
15182,135.0,320.0,0.0
15183,143.0,192.0,0.0
15184,79.0,186.0,0.0
15185,25.0,457.0,0.0
15186,59.0,362.0,0.0
15187,63.0,112.0,0.0
15188,163.0,574.0,0.0
15189,19.0,393.0,0.0
15190,194.0,155.0,0.0
15191,92.0,581.0,0.0
15192,141.0,185.0,0.0
15193,97.0,338.0,0.0
15194,266.0,87.0,0.0
15195,185.0,591.0,0.0
15196,144.0,353.0,0.0
15197,131.0,111.0,0.0
15198,118.0,489.0,0.0
15199,183.0,248.0,0.0
15200,252.0,121.0,0.0
15201,191.0,267.0,0.0
15202,225.0,480.0,0.0
15203,111.0,21.0,0.0
15204,174.0,366.0,0.0
15205,130.0,376.0,0.0
15206,64.0,526.0,0.0
15207,96.0,294.0,0.0
15208,66.0,597.0,0.0
15209,227.0,472.0,0.0
15210,10.0,523.0,0.0
15211,107.0,65.0,0.0
15212,237.0,505.0,0.0
15213,236.0,238.0,0.0
15214,173.0,518.0,0.0
15215,222.0,529.0,0.0
15216,49.0,591.0,0.0
15217,162.0,106.0,0.0
15218,263.0,307.0,0.0
15219,42.0,547.0,0.0
15220,228.0,179.0,0.0
15221,161.0,372.0,0.0
15222,91.0,511.0,0.0
15223,43.0,72.0,0.0
15224,133.0,577.0,0.0
15225,139.0,594.0,0.0
15226,242.0,397.0,0.0
15227,219.0,535.0,0.0
15228,17.0,242.0,0.0
15229,15.0,159.0,0.0
15230,243.0,392.0,0.0
15231,241.0,594.0,0.0
15232,107.0,168.0,0.0
15233,74.0,313.0,0.0
15234,102.0,390.0,0.0
15235,136.0,414.0,0.0
15236,132.0,6.0,0.0
15237,221.0,171.0,0.0
15238,250.0,237.0,0.0
15239,96.0,415.0,0.0
15240,153.0,490.0,0.0
15241,150.0,40.0,0.0
15242,96.0,299.0,0.0
15243,60.0,355.0,0.0
15244,145.0,247.0,0.0
15245,209.0,250.0,0.0
15246,98.0,487.0,0.0
15247,59.0,143.0,0.0
15248,222.0,16.0,0.0
15249,112.0,370.0,0.0
15250,63.0,389.0,0.0
15251,204.0,248.0,0.0
15252,176.0,494.0,0.0
15253,201.0,578.0,0.0
15254,41.0,425.0,0.0
15255,40.0,199.0,0.0
15256,123.0,159.0,0.0
15257,69.0,589.0,0.0
15258,250.0,443.0,0.0
15259,262.0,172.0,0.0
15260,263.0,255.0,0.0
15261,256.0,148.0,0.0
15262,173.0,85.0,0.0
15263,157.0,527.0,0.0
15264,60.0,549.0,0.0
15265,255.0,308.0,0.0
15266,161.0,506.0,0.0
15267,217.0,233.0,0.0
15268,203.0,580.0,0.0
15269,245.0,163.0,0.0
15270,5.0,491.0,0.0
15271,50.0,154.0,0.0
15272,186.0,519.0,0.0
15273,151.0,584.0,0.0
15274,202.0,328.0,0.0
15275,201.0,576.0,0.0
15276,91.0,373.0,0.0
15277,40.0,50.0,0.0
15278,31.0,402.0,0.0
15279,203.0,534.0,0.0
15280,95.0,568.0,0.0
15281,85.0,393.0,0.0
15282,66.0,178.0,0.0
15283,99.0,365.0,0.0
15284,160.0,554.0,0.0
15285,260.0,78.0,0.0
15286,245.0,540.0,0.0
15287,203.0,217.0,0.0
15288,136.0,295.0,0.0
15289,18.0,25.0,0.0
15290,47.0,302.0,0.0
15291,128.0,274.0,0.0
15292,16.0,569.0,0.0
15293,172.0,538.0,0.0
15294,188.0,421.0,0.0
15295,31.0,397.0,0.0
15296,54.0,577.0,0.0
15297,14.0,225.0,0.0
15298,39.0,307.0,0.0
15299,242.0,457.0,0.0
15300,89.0,153.0,0.0
15301,9.0,346.0,0.0
15302,198.0,278.0,0.0
15303,110.0,244.0,0.0
15304,7.0,494.0,0.0
15305,240.0,552.0,0.0
15306,158.0,504.0,0.0
15307,116.0,141.0,0.0
15308,23.0,482.0,0.0
15309,176.0,423.0,0.0
15310,133.0,174.0,0.0
15311,171.0,87.0,0.0
15312,111.0,271.0,0.0
15313,81.0,509.0,0.0
15314,188.0,272.0,0.0
15315,18.0,237.0,0.0
15316,263.0,384.0,0.0
15317,64.0,527.0,0.0
15318,217.0,581.0,0.0
15319,4.0,203.0,0.0
15320,30.0,427.0,0.0
15321,197.0,244.0,0.0
15322,228.0,279.0,0.0
15323,134.0,79.0,0.0
15324,83.0,203.0,0.0
15325,41.0,112.0,0.0
15326,121.0,221.0,0.0
15327,20.0,590.0,0.0
15328,116.0,516.0,0.0
15329,46.0,486.0,0.0
15330,171.0,368.0,0.0
15331,233.0,587.0,0.0
15332,247.0,313.0,0.0
15333,120.0,283.0,0.0
15334,86.0,528.0,0.0
15335,120.0,265.0,0.0
15336,82.0,289.0,0.0
15337,113.0,433.0,0.0
15338,251.0,572.0,0.0
15339,169.0,389.0,0.0
15340,139.0,365.0,0.0
15341,43.0,480.0,0.0
15342,247.0,3.0,0.0
15343,22.0,278.0,0.0
15344,175.0,386.0,0.0
15345,211.0,346.0,0.0
15346,103.0,126.0,0.0
15347,78.0,278.0,0.0
15348,76.0,342.0,0.0
15349,11.0,505.0,0.0
15350,228.0,488.0,0.0
15351,172.0,476.0,0.0
15352,16.0,188.0,0.0
15353,215.0,242.0,0.0
15354,164.0,477.0,0.0
15355,51.0,95.0,0.0
15356,73.0,223.0,0.0
15357,165.0,25.0,0.0
15358,242.0,468.0,0.0
15359,171.0,190.0,0.0
15360,149.0,508.0,0.0
15361,17.0,262.0,0.0
15362,150.0,52.0,0.0
15363,20.0,597.0,0.0
15364,153.0,413.0,0.0
15365,101.0,25.0,0.0
15366,260.0,276.0,0.0
15367,215.0,376.0,0.0
15368,18.0,224.0,0.0
15369,116.0,591.0,0.0
15370,256.0,541.0,0.0
15371,65.0,481.0,0.0
15372,187.0,593.0,0.0
15373,194.0,265.0,0.0
15374,217.0,594.0,0.0
15375,15.0,6.0,0.0
15376,176.0,42.0,0.0
15377,23.0,97.0,0.0
15378,137.0,242.0,0.0
15379,169.0,486.0,0.0
15380,10.0,568.0,0.0
15381,18.0,246.0,0.0
15382,199.0,66.0,0.0
15383,20.0,455.0,0.0
15384,115.0,401.0,0.0
15385,164.0,473.0,0.0
15386,174.0,96.0,0.0
15387,227.0,421.0,0.0
15388,151.0,301.0,0.0
15389,21.0,384.0,0.0
15390,262.0,295.0,0.0
15391,246.0,229.0,0.0
15392,188.0,84.0,0.0
15393,79.0,131.0,0.0
15394,73.0,547.0,0.0
15395,9.0,389.0,0.0
15396,51.0,171.0,0.0
15397,39.0,76.0,0.0
15398,49.0,321.0,0.0
15399,142.0,140.0,0.0
15400,188.0,170.0,0.0
15401,198.0,557.0,0.0
15402,235.0,432.0,0.0
15403,204.0,395.0,0.0
15404,13.0,494.0,0.0
15405,92.0,38.0,0.0
15406,48.0,325.0,0.0
15407,241.0,195.0,0.0
15408,173.0,167.0,0.0
15409,143.0,500.0,0.0
15410,61.0,132.0,0.0
15411,92.0,231.0,0.0
15412,166.0,332.0,0.0
15413,104.0,323.0,0.0
15414,219.0,454.0,0.0
15415,130.0,429.0,0.0
15416,31.0,343.0,0.0
15417,26.0,102.0,0.0
15418,62.0,460.0,0.0
15419,199.0,178.0,0.0
15420,265.0,16.0,0.0
15421,74.0,107.0,0.0
15422,232.0,541.0,0.0
15423,43.0,344.0,0.0
15424,169.0,363.0,0.0
15425,126.0,322.0,0.0
15426,252.0,283.0,0.0
15427,171.0,377.0,0.0
15428,1.0,195.0,0.0
15429,153.0,447.0,0.0
15430,103.0,209.0,0.0
15431,57.0,142.0,0.0
15432,124.0,33.0,0.0
15433,58.0,325.0,0.0
15434,72.0,417.0,0.0
15435,40.0,389.0,0.0
15436,197.0,141.0,0.0
15437,80.0,16.0,0.0
15438,136.0,468.0,0.0
15439,95.0,530.0,0.0
15440,133.0,386.0,0.0
15441,171.0,56.0,0.0
15442,121.0,485.0,0.0
15443,166.0,247.0,0.0
15444,66.0,321.0,0.0
15445,143.0,416.0,0.0
15446,267.0,230.0,0.0
15447,121.0,203.0,0.0
15448,49.0,569.0,0.0
15449,190.0,516.0,0.0
15450,238.0,389.0,0.0
15451,242.0,405.0,0.0
15452,121.0,47.0,0.0
15453,3.0,494.0,0.0
15454,260.0,583.0,0.0
15455,151.0,542.0,0.0
15456,61.0,30.0,0.0
15457,34.0,497.0,0.0
15458,97.0,139.0,0.0
15459,181.0,226.0,0.0
15460,30.0,402.0,0.0
15461,117.0,121.0,0.0
15462,210.0,468.0,0.0
15463,205.0,87.0,0.0
15464,60.0,564.0,0.0
15465,8.0,138.0,0.0
15466,215.0,131.0,0.0
15467,108.0,361.0,0.0
15468,116.0,408.0,0.0
15469,99.0,248.0,0.0
15470,142.0,474.0,0.0
15471,225.0,318.0,0.0
15472,267.0,115.0,0.0
15473,42.0,275.0,0.0
15474,250.0,281.0,0.0
15475,146.0,64.0,0.0
15476,27.0,154.0,0.0
15477,164.0,278.0,0.0
15478,146.0,375.0,0.0
15479,147.0,479.0,0.0
15480,101.0,364.0,0.0
15481,54.0,290.0,0.0
15482,191.0,353.0,0.0
15483,159.0,233.0,0.0
15484,52.0,451.0,0.0
15485,153.0,269.0,0.0
15486,202.0,127.0,0.0
15487,158.0,439.0,0.0
15488,247.0,145.0,0.0
15489,95.0,452.0,0.0
15490,196.0,391.0,0.0
15491,21.0,181.0,0.0
15492,237.0,80.0,0.0
15493,238.0,144.0,0.0
15494,29.0,337.0,0.0
15495,18.0,417.0,0.0
15496,202.0,536.0,0.0
15497,68.0,318.0,0.0
15498,127.0,306.0,0.0
15499,115.0,587.0,0.0
15500,135.0,448.0,0.0
15501,125.0,83.0,0.0
15502,162.0,301.0,0.0
15503,150.0,597.0,0.0
15504,263.0,14.0,0.0
15505,142.0,81.0,0.0
15506,3.0,245.0,0.0
15507,264.0,114.0,0.0
15508,73.0,591.0,0.0
15509,66.0,378.0,0.0
15510,37.0,412.0,0.0
15511,207.0,143.0,0.0
15512,192.0,262.0,0.0
15513,54.0,420.0,0.0
15514,192.0,589.0,0.0
15515,202.0,203.0,0.0
15516,22.0,408.0,0.0
15517,148.0,593.0,0.0
15518,19.0,191.0,0.0
15519,7.0,29.0,0.0
15520,47.0,229.0,0.0
15521,239.0,216.0,0.0
15522,161.0,369.0,0.0
15523,175.0,414.0,0.0
15524,186.0,331.0,0.0
15525,156.0,244.0,0.0
15526,167.0,389.0,0.0
15527,110.0,528.0,0.0
15528,246.0,494.0,0.0
15529,250.0,495.0,0.0
15530,160.0,303.0,0.0
15531,105.0,222.0,0.0
15532,30.0,200.0,0.0
15533,263.0,476.0,0.0
15534,84.0,137.0,0.0
15535,5.0,587.0,0.0
15536,236.0,226.0,0.0
15537,76.0,261.0,0.0
15538,101.0,234.0,0.0
15539,113.0,397.0,0.0
15540,9.0,292.0,0.0
15541,77.0,530.0,0.0
15542,72.0,360.0,0.0
15543,64.0,370.0,0.0
15544,83.0,314.0,0.0
15545,14.0,412.0,0.0
15546,32.0,176.0,0.0
15547,55.0,98.0,0.0
15548,233.0,551.0,0.0
15549,224.0,482.0,0.0
15550,40.0,330.0,0.0
15551,209.0,450.0,0.0
15552,184.0,271.0,0.0
15553,239.0,290.0,0.0
15554,218.0,110.0,0.0
15555,94.0,301.0,0.0
15556,22.0,536.0,0.0
15557,134.0,468.0,0.0
15558,205.0,473.0,0.0
15559,4.0,229.0,0.0
15560,114.0,325.0,0.0
15561,202.0,568.0,0.0
15562,78.0,288.0,0.0
15563,137.0,211.0,0.0
15564,95.0,40.0,0.0
15565,247.0,429.0,0.0
15566,245.0,338.0,0.0
15567,19.0,241.0,0.0
15568,76.0,398.0,0.0
15569,92.0,87.0,0.0
15570,155.0,237.0,0.0
15571,241.0,306.0,0.0
15572,154.0,484.0,0.0
15573,109.0,147.0,0.0
15574,140.0,511.0,0.0
15575,114.0,218.0,0.0
15576,25.0,496.0,0.0
15577,267.0,136.0,0.0
15578,6.0,168.0,0.0
15579,69.0,131.0,0.0
15580,215.0,30.0,0.0
15581,108.0,560.0,0.0
15582,54.0,260.0,0.0
15583,54.0,421.0,0.0
15584,103.0,348.0,0.0
15585,106.0,219.0,0.0
15586,212.0,316.0,0.0
15587,205.0,477.0,0.0
15588,248.0,520.0,0.0
15589,113.0,140.0,0.0
15590,118.0,1.0,0.0
15591,171.0,427.0,0.0
15592,4.0,509.0,0.0
15593,127.0,449.0,0.0
15594,92.0,597.0,0.0
15595,159.0,488.0,0.0
15596,82.0,594.0,0.0
15597,227.0,121.0,0.0
15598,23.0,144.0,0.0
15599,147.0,369.0,0.0
15600,60.0,327.0,0.0
15601,268.0,221.0,0.0
15602,251.0,256.0,0.0
15603,247.0,361.0,0.0
15604,235.0,586.0,0.0
15605,14.0,448.0,0.0
15606,91.0,354.0,0.0
15607,95.0,573.0,0.0
15608,215.0,54.0,0.0
15609,143.0,141.0,0.0
15610,172.0,232.0,0.0
15611,227.0,365.0,0.0
15612,23.0,533.0,0.0
15613,182.0,109.0,0.0
15614,33.0,319.0,0.0
15615,31.0,584.0,0.0
15616,207.0,76.0,0.0
15617,44.0,177.0,0.0
15618,267.0,238.0,0.0
15619,167.0,342.0,0.0
15620,32.0,395.0,0.0
15621,39.0,385.0,0.0
15622,58.0,529.0,0.0
15623,39.0,468.0,0.0
15624,75.0,347.0,0.0
15625,130.0,145.0,0.0
15626,7.0,404.0,0.0
15627,87.0,297.0,0.0
15628,244.0,103.0,0.0
15629,115.0,184.0,0.0
15630,28.0,137.0,0.0
15631,230.0,597.0,0.0
15632,27.0,487.0,0.0
15633,179.0,449.0,0.0
15634,220.0,376.0,0.0
15635,46.0,100.0,0.0
15636,134.0,166.0,0.0
15637,36.0,477.0,0.0
15638,52.0,164.0,0.0
15639,109.0,524.0,0.0
15640,143.0,172.0,0.0
15641,24.0,87.0,0.0
15642,180.0,244.0,0.0
15643,47.0,226.0,0.0
15644,184.0,125.0,0.0
15645,59.0,405.0,0.0
15646,210.0,431.0,0.0
15647,71.0,96.0,0.0
15648,213.0,284.0,0.0
15649,199.0,345.0,0.0
15650,143.0,19.0,0.0
15651,27.0,110.0,0.0
15652,212.0,483.0,0.0
15653,137.0,173.0,0.0
15654,52.0,2.0,0.0
15655,102.0,267.0,0.0
15656,158.0,586.0,0.0
15657,9.0,140.0,0.0
15658,161.0,308.0,0.0
15659,143.0,21.0,0.0
15660,33.0,146.0,0.0
15661,195.0,97.0,0.0
15662,136.0,72.0,0.0
15663,56.0,269.0,0.0
15664,252.0,541.0,0.0
15665,133.0,179.0,0.0
15666,81.0,486.0,0.0
15667,18.0,425.0,0.0
15668,239.0,577.0,0.0
15669,214.0,222.0,0.0
15670,86.0,236.0,0.0
15671,140.0,117.0,0.0
15672,182.0,255.0,0.0
15673,74.0,370.0,0.0
15674,161.0,213.0,0.0
15675,193.0,412.0,0.0
15676,207.0,501.0,0.0
15677,177.0,558.0,0.0
15678,74.0,549.0,0.0
15679,125.0,168.0,0.0
15680,53.0,541.0,0.0
15681,180.0,181.0,0.0
15682,104.0,520.0,0.0
15683,37.0,36.0,0.0
15684,157.0,242.0,0.0
15685,164.0,38.0,0.0
15686,248.0,487.0,0.0
15687,221.0,15.0,0.0
15688,199.0,352.0,0.0
15689,21.0,519.0,0.0
15690,241.0,586.0,0.0
15691,245.0,286.0,0.0
15692,267.0,7.0,0.0
15693,184.0,408.0,0.0
15694,178.0,217.0,0.0
15695,35.0,319.0,0.0
15696,204.0,20.0,0.0
15697,75.0,136.0,0.0
15698,88.0,134.0,0.0
15699,106.0,344.0,0.0
15700,158.0,137.0,0.0
15701,56.0,450.0,0.0
15702,112.0,180.0,0.0
15703,70.0,402.0,0.0
15704,157.0,203.0,0.0
15705,75.0,383.0,0.0
15706,34.0,576.0,0.0
15707,25.0,284.0,0.0
15708,61.0,380.0,0.0
15709,170.0,340.0,0.0
15710,21.0,562.0,0.0
15711,182.0,272.0,0.0
15712,151.0,5.0,0.0
15713,141.0,591.0,0.0
15714,176.0,132.0,0.0
15715,29.0,327.0,0.0
15716,251.0,295.0,0.0
15717,3.0,196.0,0.0
15718,113.0,514.0,0.0
15719,66.0,512.0,0.0
15720,87.0,164.0,0.0
15721,50.0,552.0,0.0
15722,96.0,116.0,0.0
15723,73.0,595.0,0.0
15724,41.0,507.0,0.0
15725,15.0,428.0,0.0
15726,237.0,376.0,0.0
15727,184.0,520.0,0.0
15728,254.0,546.0,0.0
15729,31.0,273.0,0.0
15730,180.0,86.0,0.0
15731,178.0,413.0,0.0
15732,243.0,317.0,0.0
15733,159.0,255.0,0.0
15734,190.0,6.0,0.0
15735,34.0,569.0,0.0
15736,50.0,330.0,0.0
15737,176.0,450.0,0.0
15738,20.0,366.0,0.0
15739,142.0,546.0,0.0
15740,71.0,435.0,0.0
15741,15.0,245.0,0.0
15742,220.0,30.0,0.0
15743,212.0,76.0,0.0
15744,232.0,524.0,0.0
15745,168.0,343.0,0.0
15746,6.0,294.0,0.0
15747,59.0,363.0,0.0
15748,219.0,24.0,0.0
15749,125.0,179.0,0.0
15750,194.0,351.0,0.0
15751,57.0,254.0,0.0
15752,168.0,596.0,0.0
15753,137.0,547.0,0.0
15754,248.0,313.0,0.0
15755,43.0,587.0,0.0
15756,83.0,206.0,0.0
15757,66.0,557.0,0.0
15758,129.0,178.0,0.0
15759,73.0,530.0,0.0
15760,154.0,108.0,0.0
15761,67.0,190.0,0.0
15762,100.0,252.0,0.0
15763,167.0,543.0,0.0
15764,13.0,518.0,0.0
15765,135.0,141.0,0.0
15766,263.0,119.0,0.0
15767,188.0,366.0,0.0
15768,199.0,264.0,0.0
15769,237.0,344.0,0.0
15770,50.0,77.0,0.0
15771,73.0,219.0,0.0
15772,92.0,169.0,0.0
15773,251.0,520.0,0.0
15774,24.0,325.0,0.0
15775,60.0,317.0,0.0
15776,87.0,589.0,0.0
15777,17.0,27.0,0.0
15778,48.0,214.0,0.0
15779,34.0,294.0,0.0
15780,6.0,145.0,0.0
15781,122.0,459.0,0.0
15782,206.0,139.0,0.0
15783,134.0,386.0,0.0
15784,194.0,69.0,0.0
15785,70.0,545.0,0.0
15786,120.0,242.0,0.0
15787,65.0,507.0,0.0
15788,55.0,537.0,0.0
15789,129.0,225.0,0.0
15790,165.0,2.0,0.0
15791,126.0,84.0,0.0
15792,96.0,429.0,0.0
15793,18.0,344.0,0.0
15794,140.0,448.0,0.0
15795,43.0,261.0,0.0
15796,221.0,529.0,0.0
15797,27.0,36.0,0.0
15798,73.0,92.0,0.0
15799,116.0,12.0,0.0
15800,174.0,504.0,0.0
15801,244.0,479.0,0.0
15802,73.0,529.0,0.0
15803,91.0,414.0,0.0
15804,260.0,249.0,0.0
15805,193.0,6.0,0.0
15806,36.0,546.0,0.0
15807,22.0,521.0,0.0
15808,1.0,404.0,0.0
15809,179.0,595.0,0.0
15810,158.0,503.0,0.0
15811,50.0,153.0,0.0
15812,232.0,113.0,0.0
15813,18.0,271.0,0.0
15814,163.0,72.0,0.0
15815,161.0,283.0,0.0
15816,245.0,475.0,0.0
15817,37.0,186.0,0.0
15818,116.0,170.0,0.0
15819,244.0,464.0,0.0
15820,84.0,399.0,0.0
15821,122.0,387.0,0.0
15822,53.0,104.0,0.0
15823,40.0,471.0,0.0
15824,84.0,441.0,0.0
15825,231.0,220.0,0.0
15826,81.0,323.0,0.0
15827,36.0,201.0,0.0
15828,35.0,367.0,0.0
15829,43.0,580.0,0.0
15830,167.0,505.0,0.0
15831,180.0,504.0,0.0
15832,264.0,133.0,0.0
15833,1.0,584.0,0.0
15834,78.0,343.0,0.0
15835,210.0,164.0,0.0
15836,213.0,72.0,0.0
15837,199.0,524.0,0.0
15838,6.0,596.0,0.0
15839,96.0,433.0,0.0
15840,128.0,521.0,0.0
15841,201.0,490.0,0.0
15842,209.0,352.0,0.0
15843,95.0,29.0,0.0
15844,173.0,271.0,0.0
15845,95.0,328.0,0.0
15846,169.0,208.0,0.0
15847,100.0,95.0,0.0
15848,66.0,245.0,0.0
15849,203.0,188.0,0.0
15850,181.0,270.0,0.0
15851,100.0,470.0,0.0
15852,246.0,530.0,0.0
15853,115.0,482.0,0.0
15854,253.0,139.0,0.0
15855,177.0,176.0,0.0
15856,253.0,100.0,0.0
15857,52.0,215.0,0.0
15858,169.0,60.0,0.0
15859,106.0,106.0,0.0
15860,66.0,312.0,0.0
15861,97.0,476.0,0.0
15862,194.0,244.0,0.0
15863,22.0,120.0,0.0
15864,99.0,441.0,0.0
15865,199.0,171.0,0.0
15866,163.0,241.0,0.0
15867,10.0,480.0,0.0
15868,126.0,477.0,0.0
15869,236.0,29.0,0.0
15870,86.0,128.0,0.0
15871,153.0,177.0,0.0
15872,30.0,249.0,0.0
15873,56.0,35.0,0.0
15874,225.0,288.0,0.0
15875,131.0,345.0,0.0
15876,171.0,558.0,0.0
15877,246.0,593.0,0.0
15878,215.0,17.0,0.0
15879,167.0,132.0,0.0
15880,27.0,25.0,0.0
15881,137.0,445.0,0.0
15882,140.0,383.0,0.0
15883,199.0,151.0,0.0
15884,135.0,596.0,0.0
15885,66.0,463.0,0.0
15886,100.0,568.0,0.0
15887,240.0,222.0,0.0
15888,157.0,204.0,0.0
15889,245.0,424.0,0.0
15890,198.0,587.0,0.0
15891,186.0,593.0,0.0
15892,42.0,534.0,0.0
15893,265.0,564.0,0.0
15894,15.0,361.0,0.0
15895,198.0,94.0,0.0
15896,85.0,433.0,0.0
15897,109.0,137.0,0.0
15898,214.0,129.0,0.0
15899,0.0,184.0,0.0
15900,137.0,335.0,0.0
15901,119.0,47.0,0.0
15902,129.0,565.0,0.0
15903,51.0,274.0,0.0
15904,88.0,287.0,0.0
15905,238.0,242.0,0.0
15906,7.0,6.0,0.0
15907,57.0,322.0,0.0
15908,15.0,498.0,0.0
15909,112.0,205.0,0.0
15910,70.0,493.0,0.0
15911,217.0,236.0,0.0
15912,263.0,393.0,0.0
15913,48.0,445.0,0.0
15914,217.0,173.0,0.0
15915,129.0,24.0,0.0
15916,203.0,75.0,0.0
15917,112.0,33.0,0.0
15918,134.0,127.0,0.0
15919,7.0,238.0,0.0
15920,120.0,348.0,0.0
15921,55.0,279.0,0.0
15922,184.0,236.0,0.0
15923,177.0,593.0,0.0
15924,230.0,174.0,0.0
15925,232.0,187.0,0.0
15926,78.0,196.0,0.0
15927,68.0,12.0,0.0
15928,174.0,199.0,0.0
15929,25.0,364.0,0.0
15930,90.0,513.0,0.0
15931,121.0,233.0,0.0
15932,268.0,336.0,0.0
15933,226.0,61.0,0.0
15934,233.0,214.0,0.0
15935,96.0,107.0,0.0
15936,135.0,597.0,0.0
15937,231.0,42.0,0.0
15938,49.0,276.0,0.0
15939,180.0,263.0,0.0
15940,229.0,430.0,0.0
15941,192.0,83.0,0.0
15942,259.0,123.0,0.0
15943,77.0,335.0,0.0
15944,260.0,118.0,0.0
15945,103.0,585.0,0.0
15946,259.0,373.0,0.0
15947,221.0,516.0,0.0
15948,217.0,406.0,0.0
15949,78.0,239.0,0.0
15950,131.0,518.0,0.0
15951,254.0,200.0,0.0
15952,201.0,555.0,0.0
15953,240.0,478.0,0.0
15954,77.0,563.0,0.0
15955,233.0,313.0,0.0
15956,100.0,516.0,0.0
15957,22.0,333.0,0.0
15958,38.0,572.0,0.0
15959,147.0,577.0,0.0
15960,85.0,303.0,0.0
15961,162.0,85.0,0.0
15962,122.0,71.0,0.0
15963,222.0,362.0,0.0
15964,119.0,522.0,0.0
15965,110.0,510.0,0.0
15966,255.0,79.0,0.0
15967,11.0,535.0,0.0
15968,122.0,336.0,0.0
15969,15.0,471.0,0.0
15970,34.0,289.0,0.0
15971,69.0,250.0,0.0
15972,216.0,555.0,0.0
15973,263.0,322.0,0.0
15974,249.0,149.0,0.0
15975,40.0,513.0,0.0
15976,163.0,313.0,0.0
15977,83.0,338.0,0.0
15978,256.0,197.0,0.0
15979,111.0,113.0,0.0
15980,145.0,98.0,0.0
15981,140.0,180.0,0.0
15982,174.0,60.0,0.0
15983,154.0,441.0,0.0
15984,228.0,357.0,0.0
15985,116.0,299.0,0.0
15986,12.0,289.0,0.0
15987,47.0,36.0,0.0
15988,217.0,370.0,0.0
15989,209.0,242.0,0.0
15990,33.0,516.0,0.0
15991,236.0,4.0,0.0
15992,257.0,544.0,0.0
15993,216.0,475.0,0.0
15994,232.0,185.0,0.0
15995,245.0,6.0,0.0
15996,141.0,392.0,0.0
15997,118.0,269.0,0.0
15998,129.0,164.0,0.0
15999,100.0,576.0,0.0
16000,137.0,328.0,0.0
16001,188.0,343.0,0.0
16002,37.0,530.0,0.0
16003,186.0,516.0,0.0
16004,52.0,51.0,0.0
16005,97.0,545.0,0.0
16006,263.0,580.0,0.0
16007,62.0,363.0,0.0
16008,109.0,161.0,0.0
16009,52.0,321.0,0.0
16010,209.0,197.0,0.0
16011,164.0,455.0,0.0
16012,248.0,534.0,0.0
16013,17.0,9.0,0.0
16014,127.0,87.0,0.0
16015,165.0,422.0,0.0
16016,33.0,395.0,0.0
16017,198.0,18.0,0.0
16018,117.0,412.0,0.0
16019,149.0,276.0,0.0
16020,191.0,164.0,0.0
16021,177.0,401.0,0.0
16022,9.0,401.0,0.0
16023,180.0,106.0,0.0
16024,200.0,423.0,0.0
16025,78.0,564.0,0.0
16026,171.0,137.0,0.0
16027,32.0,239.0,0.0
16028,7.0,68.0,0.0
16029,52.0,444.0,0.0
16030,260.0,495.0,0.0
16031,22.0,496.0,0.0
16032,217.0,349.0,0.0
16033,186.0,7.0,0.0
16034,140.0,183.0,0.0
16035,6.0,338.0,0.0
16036,92.0,142.0,0.0
16037,215.0,108.0,0.0
16038,36.0,593.0,0.0
16039,249.0,531.0,0.0
16040,144.0,456.0,0.0
16041,228.0,436.0,0.0
16042,10.0,479.0,0.0
16043,102.0,123.0,0.0
16044,153.0,507.0,0.0
16045,86.0,404.0,0.0
16046,108.0,384.0,0.0
16047,11.0,411.0,0.0
16048,231.0,400.0,0.0
16049,105.0,48.0,0.0
16050,8.0,314.0,0.0
16051,142.0,357.0,0.0
16052,250.0,472.0,0.0
16053,7.0,114.0,0.0
16054,137.0,518.0,0.0
16055,107.0,467.0,0.0
16056,190.0,452.0,0.0
16057,23.0,303.0,0.0
16058,80.0,100.0,0.0
16059,69.0,223.0,0.0
16060,26.0,157.0,0.0
16061,209.0,31.0,0.0
16062,93.0,57.0,0.0
16063,254.0,160.0,0.0
16064,198.0,297.0,0.0
16065,12.0,80.0,0.0
16066,249.0,392.0,0.0
16067,214.0,395.0,0.0
16068,165.0,314.0,0.0
16069,50.0,262.0,0.0
16070,61.0,137.0,0.0
16071,111.0,425.0,0.0
16072,26.0,325.0,0.0
16073,87.0,301.0,0.0
16074,170.0,148.0,0.0
16075,149.0,191.0,0.0
16076,112.0,477.0,0.0
16077,38.0,456.0,0.0
16078,180.0,22.0,0.0
16079,213.0,360.0,0.0
16080,223.0,548.0,0.0
16081,3.0,388.0,0.0
16082,259.0,445.0,0.0
16083,140.0,509.0,0.0
16084,265.0,417.0,0.0
16085,249.0,306.0,0.0
16086,14.0,68.0,0.0
16087,185.0,408.0,0.0
16088,65.0,172.0,0.0
16089,112.0,272.0,0.0
16090,133.0,447.0,0.0
16091,138.0,341.0,0.0
16092,171.0,290.0,0.0
16093,67.0,251.0,0.0
16094,177.0,48.0,0.0
16095,80.0,150.0,0.0
16096,254.0,509.0,0.0
16097,210.0,360.0,0.0
16098,58.0,567.0,0.0
16099,213.0,423.0,0.0
16100,225.0,23.0,0.0
16101,18.0,218.0,0.0
16102,192.0,305.0,0.0
16103,93.0,512.0,0.0
16104,139.0,101.0,0.0
16105,192.0,202.0,0.0
16106,141.0,4.0,0.0
16107,160.0,580.0,0.0
16108,49.0,64.0,0.0
16109,149.0,84.0,0.0
16110,218.0,220.0,0.0
16111,90.0,129.0,0.0
16112,43.0,187.0,0.0
16113,107.0,69.0,0.0
16114,164.0,549.0,0.0
16115,4.0,16.0,0.0
16116,260.0,414.0,0.0
16117,263.0,317.0,0.0
16118,76.0,96.0,0.0
16119,250.0,567.0,0.0
16120,231.0,498.0,0.0
16121,177.0,395.0,0.0
16122,77.0,480.0,0.0
16123,33.0,219.0,0.0
16124,204.0,463.0,0.0
16125,233.0,191.0,0.0
16126,129.0,195.0,0.0
16127,53.0,439.0,0.0
16128,140.0,257.0,0.0
16129,209.0,190.0,0.0
16130,256.0,533.0,0.0
16131,5.0,511.0,0.0
16132,107.0,48.0,0.0
16133,28.0,538.0,0.0
16134,16.0,330.0,0.0
16135,126.0,439.0,0.0
16136,61.0,90.0,0.0
16137,197.0,539.0,0.0
16138,121.0,202.0,0.0
16139,7.0,252.0,0.0
16140,135.0,383.0,0.0
16141,183.0,547.0,0.0
16142,30.0,454.0,0.0
16143,145.0,317.0,0.0
16144,52.0,346.0,0.0
16145,146.0,253.0,0.0
16146,126.0,421.0,0.0
16147,197.0,174.0,0.0
16148,165.0,216.0,0.0
16149,58.0,256.0,0.0
16150,155.0,375.0,0.0
16151,48.0,8.0,0.0
16152,84.0,355.0,0.0
16153,137.0,9.0,0.0
16154,102.0,409.0,0.0
16155,183.0,475.0,0.0
16156,34.0,386.0,0.0
16157,55.0,330.0,0.0
16158,215.0,1.0,0.0
16159,170.0,75.0,0.0
16160,96.0,565.0,0.0
16161,33.0,122.0,0.0
16162,135.0,444.0,0.0
16163,99.0,83.0,0.0
16164,134.0,413.0,0.0
16165,197.0,223.0,0.0
16166,1.0,178.0,0.0
16167,267.0,557.0,0.0
16168,113.0,245.0,0.0
16169,144.0,482.0,0.0
16170,258.0,192.0,0.0
16171,257.0,246.0,0.0
16172,127.0,539.0,0.0
16173,133.0,331.0,0.0
16174,255.0,143.0,0.0
16175,168.0,15.0,0.0
16176,124.0,48.0,0.0
16177,255.0,291.0,0.0
16178,212.0,215.0,0.0
16179,207.0,144.0,0.0
16180,89.0,34.0,0.0
16181,211.0,558.0,0.0
16182,50.0,357.0,0.0
16183,74.0,575.0,0.0
16184,195.0,571.0,0.0
16185,138.0,334.0,0.0
16186,47.0,168.0,0.0
16187,121.0,315.0,0.0
16188,79.0,462.0,0.0
16189,80.0,337.0,0.0
16190,27.0,340.0,0.0
16191,171.0,328.0,0.0
16192,47.0,117.0,0.0
16193,89.0,188.0,0.0
16194,65.0,353.0,0.0
16195,160.0,510.0,0.0
16196,129.0,258.0,0.0
16197,254.0,12.0,0.0
16198,153.0,367.0,0.0
16199,130.0,184.0,0.0
16200,188.0,473.0,0.0
16201,244.0,69.0,0.0
16202,211.0,380.0,0.0
16203,40.0,503.0,0.0
16204,194.0,253.0,0.0
16205,191.0,53.0,0.0
16206,108.0,484.0,0.0
16207,158.0,548.0,0.0
16208,51.0,532.0,0.0
16209,1.0,481.0,0.0
16210,210.0,502.0,0.0
16211,136.0,278.0,0.0
16212,209.0,113.0,0.0
16213,263.0,593.0,0.0
16214,139.0,299.0,0.0
16215,198.0,0.0,0.0
16216,131.0,262.0,0.0
16217,201.0,574.0,0.0
16218,210.0,573.0,0.0
16219,180.0,5.0,0.0
16220,159.0,372.0,0.0
16221,98.0,180.0,0.0
16222,110.0,372.0,0.0
16223,240.0,483.0,0.0
16224,265.0,260.0,0.0
16225,118.0,349.0,0.0
16226,35.0,270.0,0.0
16227,40.0,280.0,0.0
16228,85.0,512.0,0.0
16229,207.0,449.0,0.0
16230,18.0,35.0,0.0
16231,167.0,51.0,0.0
16232,23.0,265.0,0.0
16233,96.0,155.0,0.0
16234,182.0,206.0,0.0
16235,52.0,328.0,0.0
16236,219.0,99.0,0.0
16237,92.0,595.0,0.0
16238,245.0,127.0,0.0
16239,36.0,461.0,0.0
16240,60.0,119.0,0.0
16241,144.0,329.0,0.0
16242,229.0,162.0,0.0
16243,131.0,298.0,0.0
16244,217.0,268.0,0.0
16245,43.0,530.0,0.0
16246,173.0,44.0,0.0
16247,225.0,125.0,0.0
16248,57.0,243.0,0.0
16249,210.0,21.0,0.0
16250,122.0,473.0,0.0
16251,16.0,585.0,0.0
16252,93.0,480.0,0.0
16253,66.0,469.0,0.0
16254,36.0,69.0,0.0
16255,157.0,332.0,0.0
16256,15.0,337.0,0.0
16257,135.0,121.0,0.0
16258,132.0,536.0,0.0
16259,152.0,392.0,0.0
16260,223.0,92.0,0.0
16261,195.0,376.0,0.0
16262,39.0,126.0,0.0
16263,196.0,582.0,0.0
16264,253.0,353.0,0.0
16265,266.0,316.0,0.0
16266,64.0,573.0,0.0
16267,39.0,250.0,0.0
16268,156.0,195.0,0.0
16269,114.0,383.0,0.0
16270,179.0,285.0,0.0
16271,220.0,31.0,0.0
16272,225.0,295.0,0.0
16273,76.0,328.0,0.0
16274,91.0,482.0,0.0
16275,228.0,569.0,0.0
16276,168.0,114.0,0.0
16277,235.0,468.0,0.0
16278,79.0,64.0,0.0
16279,25.0,110.0,0.0
16280,202.0,75.0,0.0
16281,2.0,286.0,0.0
16282,142.0,206.0,0.0
16283,110.0,274.0,0.0
16284,201.0,174.0,0.0
16285,183.0,375.0,0.0
16286,29.0,512.0,0.0
16287,102.0,413.0,0.0
16288,175.0,211.0,0.0
16289,78.0,43.0,0.0
16290,71.0,263.0,0.0
16291,39.0,297.0,0.0
16292,168.0,11.0,0.0
16293,206.0,347.0,0.0
16294,36.0,162.0,0.0
16295,54.0,240.0,0.0
16296,263.0,178.0,0.0
16297,184.0,305.0,0.0
16298,237.0,234.0,0.0
16299,220.0,214.0,0.0
16300,110.0,329.0,0.0
16301,164.0,550.0,0.0
16302,25.0,422.0,0.0
16303,171.0,563.0,0.0
16304,140.0,449.0,0.0
16305,5.0,449.0,0.0
16306,57.0,490.0,0.0
16307,240.0,352.0,0.0
16308,59.0,9.0,0.0
16309,160.0,63.0,0.0
16310,17.0,511.0,0.0
16311,72.0,312.0,0.0
16312,246.0,304.0,0.0
16313,80.0,326.0,0.0
16314,225.0,531.0,0.0
16315,75.0,116.0,0.0
16316,156.0,385.0,0.0
16317,85.0,357.0,0.0
16318,61.0,511.0,0.0
16319,98.0,214.0,0.0
16320,26.0,309.0,0.0
16321,192.0,37.0,0.0
16322,106.0,431.0,0.0
16323,126.0,234.0,0.0
16324,207.0,277.0,0.0
16325,20.0,581.0,0.0
16326,46.0,115.0,0.0
16327,212.0,71.0,0.0
16328,45.0,194.0,0.0
16329,63.0,326.0,0.0
16330,267.0,460.0,0.0
16331,141.0,560.0,0.0
16332,59.0,316.0,0.0
16333,10.0,461.0,0.0
16334,60.0,441.0,0.0
16335,58.0,372.0,0.0
16336,17.0,51.0,0.0
16337,23.0,50.0,0.0
16338,97.0,343.0,0.0
16339,30.0,460.0,0.0
16340,80.0,203.0,0.0
16341,93.0,292.0,0.0
16342,222.0,388.0,0.0
16343,182.0,558.0,0.0
16344,74.0,198.0,0.0
16345,134.0,305.0,0.0
16346,267.0,528.0,0.0
16347,93.0,454.0,0.0
16348,144.0,36.0,0.0
16349,154.0,451.0,0.0
16350,174.0,30.0,0.0
16351,44.0,19.0,0.0
16352,2.0,156.0,0.0
16353,123.0,268.0,0.0
16354,167.0,1.0,0.0
16355,21.0,430.0,0.0
16356,118.0,42.0,0.0
16357,267.0,84.0,0.0
16358,77.0,189.0,0.0
16359,242.0,473.0,0.0
16360,80.0,227.0,0.0
16361,15.0,501.0,0.0
16362,139.0,98.0,0.0
16363,33.0,46.0,0.0
16364,266.0,213.0,0.0
16365,7.0,531.0,0.0
16366,21.0,175.0,0.0
16367,89.0,262.0,0.0
16368,7.0,425.0,0.0
16369,39.0,196.0,0.0
16370,34.0,540.0,0.0
16371,181.0,417.0,0.0
16372,169.0,135.0,0.0
16373,90.0,580.0,0.0
16374,95.0,304.0,0.0
16375,28.0,62.0,0.0
16376,173.0,123.0,0.0
16377,124.0,202.0,0.0
16378,260.0,130.0,0.0
16379,19.0,363.0,0.0
16380,173.0,34.0,0.0
16381,44.0,190.0,0.0
16382,136.0,331.0,0.0
16383,108.0,30.0,0.0
16384,200.0,466.0,0.0
16385,46.0,457.0,0.0
16386,62.0,322.0,0.0
16387,265.0,440.0,0.0
16388,21.0,109.0,0.0
16389,164.0,478.0,0.0
16390,267.0,219.0,0.0
16391,71.0,590.0,0.0
16392,49.0,438.0,0.0
16393,19.0,428.0,0.0
16394,153.0,481.0,0.0
16395,151.0,266.0,0.0
16396,129.0,541.0,0.0
16397,117.0,377.0,0.0
16398,56.0,493.0,0.0
16399,41.0,311.0,0.0
16400,50.0,215.0,0.0
16401,18.0,510.0,0.0
16402,167.0,414.0,0.0
16403,130.0,511.0,0.0
16404,14.0,474.0,0.0
16405,57.0,232.0,0.0
16406,256.0,102.0,0.0
16407,228.0,258.0,0.0
16408,55.0,458.0,0.0
16409,121.0,521.0,0.0
16410,87.0,251.0,0.0
16411,203.0,281.0,0.0
16412,108.0,26.0,0.0
16413,25.0,13.0,0.0
16414,156.0,276.0,0.0
16415,171.0,233.0,0.0
16416,72.0,535.0,0.0
16417,80.0,12.0,0.0
16418,176.0,468.0,0.0
16419,110.0,2.0,0.0
16420,27.0,461.0,0.0
16421,218.0,101.0,0.0
16422,71.0,365.0,0.0
16423,238.0,48.0,0.0
16424,108.0,45.0,0.0
16425,81.0,32.0,0.0
16426,224.0,267.0,0.0
16427,258.0,586.0,0.0
16428,31.0,337.0,0.0
16429,107.0,154.0,0.0
16430,144.0,242.0,0.0
16431,141.0,486.0,0.0
16432,168.0,222.0,0.0
16433,201.0,31.0,0.0
16434,137.0,392.0,0.0
16435,171.0,393.0,0.0
16436,261.0,309.0,0.0
16437,85.0,568.0,0.0
16438,12.0,451.0,0.0
16439,250.0,445.0,0.0
16440,165.0,566.0,0.0
16441,200.0,271.0,0.0
16442,178.0,243.0,0.0
16443,256.0,250.0,0.0
16444,233.0,24.0,0.0
16445,202.0,356.0,0.0
16446,45.0,203.0,0.0
16447,138.0,222.0,0.0
16448,75.0,254.0,0.0
16449,181.0,141.0,0.0
16450,180.0,376.0,0.0
16451,14.0,209.0,0.0
16452,81.0,164.0,0.0
16453,219.0,549.0,0.0
16454,157.0,446.0,0.0
16455,13.0,28.0,0.0
16456,228.0,587.0,0.0
16457,56.0,112.0,0.0
16458,108.0,564.0,0.0
16459,1.0,302.0,0.0
16460,75.0,541.0,0.0
16461,136.0,435.0,0.0
16462,123.0,158.0,0.0
16463,44.0,184.0,0.0
16464,268.0,11.0,0.0
16465,100.0,247.0,0.0
16466,187.0,292.0,0.0
16467,78.0,330.0,0.0
16468,117.0,574.0,0.0
16469,192.0,537.0,0.0
16470,267.0,344.0,0.0
16471,244.0,578.0,0.0
16472,24.0,491.0,0.0
16473,201.0,461.0,0.0
16474,232.0,271.0,0.0
16475,22.0,117.0,0.0
16476,117.0,347.0,0.0
16477,202.0,194.0,0.0
16478,219.0,276.0,0.0
16479,154.0,390.0,0.0
16480,27.0,210.0,0.0
16481,101.0,395.0,0.0
16482,78.0,341.0,0.0
16483,214.0,209.0,0.0
16484,229.0,581.0,0.0
16485,69.0,292.0,0.0
16486,229.0,446.0,0.0
16487,186.0,115.0,0.0
16488,90.0,315.0,0.0
16489,120.0,341.0,0.0
16490,187.0,135.0,0.0
16491,234.0,555.0,0.0
16492,164.0,295.0,0.0
16493,91.0,367.0,0.0
16494,265.0,469.0,0.0
16495,62.0,334.0,0.0
16496,125.0,553.0,0.0
16497,8.0,448.0,0.0
16498,165.0,41.0,0.0
16499,254.0,18.0,0.0
16500,18.0,376.0,0.0
16501,134.0,173.0,0.0
16502,14.0,172.0,0.0
16503,105.0,75.0,0.0
16504,30.0,337.0,0.0
16505,56.0,594.0,0.0
16506,84.0,375.0,0.0
16507,156.0,551.0,0.0
16508,65.0,452.0,0.0
16509,196.0,213.0,0.0
16510,7.0,220.0,0.0
16511,123.0,474.0,0.0
16512,155.0,157.0,0.0
16513,195.0,87.0,0.0
16514,235.0,147.0,0.0
16515,227.0,336.0,0.0
16516,101.0,559.0,0.0
16517,30.0,143.0,0.0
16518,207.0,405.0,0.0
16519,230.0,545.0,0.0
16520,267.0,41.0,0.0
16521,80.0,255.0,0.0
16522,154.0,174.0,0.0
16523,192.0,252.0,0.0
16524,66.0,225.0,0.0
16525,128.0,551.0,0.0
16526,103.0,450.0,0.0
16527,79.0,578.0,0.0
16528,210.0,302.0,0.0
16529,265.0,92.0,0.0
16530,55.0,139.0,0.0
16531,1.0,572.0,0.0
16532,92.0,144.0,0.0
16533,7.0,211.0,0.0
16534,73.0,394.0,0.0
16535,227.0,556.0,0.0
16536,263.0,0.0,0.0
16537,13.0,381.0,0.0
16538,217.0,323.0,0.0
16539,144.0,25.0,0.0
16540,38.0,66.0,0.0
16541,173.0,261.0,0.0
16542,43.0,246.0,0.0
16543,83.0,129.0,0.0
16544,182.0,577.0,0.0
16545,12.0,577.0,0.0
16546,38.0,137.0,0.0
16547,39.0,351.0,0.0
16548,11.0,297.0,0.0
16549,84.0,557.0,0.0
16550,22.0,494.0,0.0
16551,215.0,585.0,0.0
16552,1.0,474.0,0.0
16553,60.0,330.0,0.0
16554,28.0,239.0,0.0
16555,182.0,173.0,0.0
16556,265.0,346.0,0.0
16557,73.0,397.0,0.0
16558,104.0,341.0,0.0
16559,174.0,63.0,0.0
16560,68.0,528.0,0.0
16561,101.0,292.0,0.0
16562,136.0,461.0,0.0
16563,196.0,449.0,0.0
16564,224.0,176.0,0.0
16565,150.0,324.0,0.0
16566,106.0,476.0,0.0
16567,227.0,287.0,0.0
16568,220.0,185.0,0.0
16569,258.0,581.0,0.0
16570,98.0,358.0,0.0
16571,249.0,517.0,0.0
16572,59.0,577.0,0.0
16573,243.0,404.0,0.0
16574,229.0,63.0,0.0
16575,111.0,87.0,0.0
16576,24.0,398.0,0.0
16577,37.0,139.0,0.0
16578,103.0,17.0,0.0
16579,189.0,508.0,0.0
16580,265.0,61.0,0.0
16581,117.0,284.0,0.0
16582,98.0,82.0,0.0
16583,263.0,217.0,0.0
16584,108.0,485.0,0.0
16585,234.0,325.0,0.0
16586,119.0,345.0,0.0
16587,18.0,12.0,0.0
16588,147.0,579.0,0.0
16589,37.0,301.0,0.0
16590,235.0,462.0,0.0
16591,157.0,93.0,0.0
16592,63.0,515.0,0.0
16593,62.0,91.0,0.0
16594,12.0,486.0,0.0
16595,174.0,155.0,0.0
16596,241.0,387.0,0.0
16597,263.0,490.0,0.0
16598,73.0,415.0,0.0
16599,199.0,393.0,0.0
16600,187.0,59.0,0.0
16601,220.0,568.0,0.0
16602,78.0,271.0,0.0
16603,143.0,126.0,0.0
16604,241.0,245.0,0.0
16605,216.0,339.0,0.0
16606,14.0,468.0,0.0
16607,94.0,437.0,0.0
16608,66.0,373.0,0.0
16609,223.0,262.0,0.0
16610,111.0,162.0,0.0
16611,177.0,544.0,0.0
16612,52.0,345.0,0.0
16613,241.0,541.0,0.0
16614,46.0,178.0,0.0
16615,43.0,139.0,0.0
16616,219.0,458.0,0.0
16617,224.0,327.0,0.0
16618,35.0,453.0,0.0
16619,131.0,57.0,0.0
16620,17.0,333.0,0.0
16621,231.0,41.0,0.0
16622,145.0,66.0,0.0
16623,218.0,292.0,0.0
16624,196.0,229.0,0.0
16625,4.0,153.0,0.0
16626,173.0,325.0,0.0
16627,102.0,523.0,0.0
16628,62.0,108.0,0.0
16629,160.0,282.0,0.0
16630,212.0,352.0,0.0
16631,17.0,271.0,0.0
16632,152.0,92.0,0.0
16633,47.0,442.0,0.0
16634,244.0,491.0,0.0
16635,144.0,524.0,0.0
16636,268.0,335.0,0.0
16637,111.0,579.0,0.0
16638,121.0,465.0,0.0
16639,128.0,555.0,0.0
16640,228.0,105.0,0.0
16641,119.0,408.0,0.0
16642,204.0,542.0,0.0
16643,138.0,156.0,0.0
16644,53.0,403.0,0.0
16645,75.0,262.0,0.0
16646,93.0,471.0,0.0
16647,247.0,169.0,0.0
16648,179.0,339.0,0.0
16649,177.0,520.0,0.0
16650,112.0,161.0,0.0
16651,39.0,26.0,0.0
16652,111.0,124.0,0.0
16653,102.0,339.0,0.0
16654,173.0,104.0,0.0
16655,188.0,484.0,0.0
16656,162.0,150.0,0.0
16657,193.0,471.0,0.0
16658,202.0,173.0,0.0
16659,248.0,582.0,0.0
16660,163.0,472.0,0.0
16661,211.0,529.0,0.0
16662,188.0,138.0,0.0
16663,27.0,508.0,0.0
16664,264.0,193.0,0.0
16665,75.0,353.0,0.0
16666,259.0,340.0,0.0
16667,130.0,205.0,0.0
16668,144.0,208.0,0.0
16669,90.0,484.0,0.0
16670,116.0,267.0,0.0
16671,243.0,545.0,0.0
16672,212.0,36.0,0.0
16673,28.0,302.0,0.0
16674,124.0,327.0,0.0
16675,54.0,34.0,0.0
16676,94.0,516.0,0.0
16677,200.0,398.0,0.0
16678,268.0,132.0,0.0
16679,111.0,117.0,0.0
16680,152.0,138.0,0.0
16681,191.0,370.0,0.0
16682,198.0,548.0,0.0
16683,13.0,321.0,0.0
16684,225.0,319.0,0.0
16685,233.0,69.0,0.0
16686,73.0,97.0,0.0
16687,201.0,400.0,0.0
16688,177.0,73.0,0.0
16689,110.0,357.0,0.0
16690,28.0,140.0,0.0
16691,205.0,394.0,0.0
16692,110.0,595.0,0.0
16693,168.0,246.0,0.0
16694,113.0,70.0,0.0
16695,127.0,205.0,0.0
16696,260.0,588.0,0.0
16697,21.0,35.0,0.0
16698,49.0,551.0,0.0
16699,73.0,133.0,0.0
16700,216.0,590.0,0.0
16701,31.0,408.0,0.0
16702,228.0,402.0,0.0
16703,235.0,364.0,0.0
16704,216.0,349.0,0.0
16705,260.0,488.0,0.0
16706,59.0,420.0,0.0
16707,40.0,550.0,0.0
16708,242.0,593.0,0.0
16709,61.0,370.0,0.0
16710,72.0,562.0,0.0
16711,88.0,110.0,0.0
16712,63.0,314.0,0.0
16713,40.0,18.0,0.0
16714,189.0,500.0,0.0
16715,71.0,480.0,0.0
16716,248.0,21.0,0.0
16717,59.0,154.0,0.0
16718,218.0,460.0,0.0
16719,265.0,410.0,0.0
16720,84.0,408.0,0.0
16721,79.0,35.0,0.0
16722,179.0,513.0,0.0
16723,33.0,402.0,0.0
16724,94.0,324.0,0.0
16725,65.0,341.0,0.0
16726,108.0,211.0,0.0
16727,48.0,521.0,0.0
16728,93.0,356.0,0.0
16729,110.0,59.0,0.0
16730,6.0,243.0,0.0
16731,168.0,225.0,0.0
16732,100.0,43.0,0.0
16733,180.0,428.0,0.0
16734,195.0,488.0,0.0
16735,96.0,557.0,0.0
16736,266.0,326.0,0.0
16737,26.0,526.0,0.0
16738,258.0,277.0,0.0
16739,98.0,269.0,0.0
16740,252.0,317.0,0.0
16741,184.0,263.0,0.0
16742,14.0,571.0,0.0
16743,221.0,133.0,0.0
16744,160.0,372.0,0.0
16745,51.0,285.0,0.0
16746,131.0,392.0,0.0
16747,260.0,562.0,0.0
16748,160.0,353.0,0.0
16749,184.0,591.0,0.0
16750,60.0,528.0,0.0
16751,264.0,173.0,0.0
16752,37.0,29.0,0.0
16753,121.0,197.0,0.0
16754,174.0,339.0,0.0
16755,218.0,413.0,0.0
16756,233.0,396.0,0.0
16757,3.0,511.0,0.0
16758,206.0,223.0,0.0
16759,69.0,161.0,0.0
16760,0.0,209.0,0.0
16761,166.0,242.0,0.0
16762,77.0,572.0,0.0
16763,19.0,531.0,0.0
16764,118.0,75.0,0.0
16765,235.0,181.0,0.0
16766,210.0,325.0,0.0
16767,80.0,301.0,0.0
16768,246.0,435.0,0.0
16769,244.0,138.0,0.0
16770,39.0,397.0,0.0
16771,151.0,229.0,0.0
16772,64.0,357.0,0.0
16773,219.0,143.0,0.0
16774,140.0,239.0,0.0
16775,33.0,186.0,0.0
16776,230.0,364.0,0.0
16777,194.0,574.0,0.0
16778,105.0,181.0,0.0
16779,135.0,283.0,0.0
16780,51.0,553.0,0.0
16781,266.0,210.0,0.0
16782,176.0,523.0,0.0
16783,37.0,21.0,0.0
16784,130.0,502.0,0.0
16785,142.0,50.0,0.0
16786,121.0,317.0,0.0
16787,55.0,367.0,0.0
16788,28.0,426.0,0.0
16789,232.0,523.0,0.0
16790,184.0,384.0,0.0
16791,117.0,278.0,0.0
16792,18.0,287.0,0.0
16793,255.0,186.0,0.0
16794,148.0,559.0,0.0
16795,240.0,31.0,0.0
16796,209.0,19.0,0.0
16797,32.0,256.0,0.0
16798,207.0,314.0,0.0
16799,208.0,585.0,0.0
16800,8.0,174.0,0.0
16801,181.0,301.0,0.0
16802,46.0,53.0,0.0
16803,196.0,446.0,0.0
16804,212.0,585.0,0.0
16805,206.0,395.0,0.0
16806,216.0,497.0,0.0
16807,19.0,52.0,0.0
16808,184.0,1.0,0.0
16809,95.0,562.0,0.0
16810,61.0,521.0,0.0
16811,39.0,267.0,0.0
16812,67.0,14.0,0.0
16813,123.0,542.0,0.0
16814,240.0,90.0,0.0
16815,253.0,540.0,0.0
16816,221.0,532.0,0.0
16817,157.0,526.0,0.0
16818,246.0,347.0,0.0
16819,106.0,141.0,0.0
16820,114.0,128.0,0.0
16821,258.0,410.0,0.0
16822,202.0,79.0,0.0
16823,40.0,302.0,0.0
16824,219.0,524.0,0.0
16825,197.0,404.0,0.0
16826,116.0,196.0,0.0
16827,164.0,591.0,0.0
16828,6.0,332.0,0.0
16829,137.0,271.0,0.0
16830,230.0,391.0,0.0
16831,144.0,554.0,0.0
16832,97.0,479.0,0.0
16833,72.0,573.0,0.0
16834,31.0,435.0,0.0
16835,64.0,517.0,0.0
16836,138.0,164.0,0.0
16837,163.0,133.0,0.0
16838,141.0,255.0,0.0
16839,196.0,366.0,0.0
16840,182.0,559.0,0.0
16841,181.0,120.0,0.0
16842,265.0,75.0,0.0
16843,62.0,486.0,0.0
16844,72.0,547.0,0.0
16845,69.0,402.0,0.0
16846,23.0,185.0,0.0
16847,102.0,469.0,0.0
16848,261.0,299.0,0.0
16849,165.0,515.0,0.0
16850,246.0,312.0,0.0
16851,192.0,558.0,0.0
16852,146.0,23.0,0.0
16853,169.0,136.0,0.0
16854,248.0,537.0,0.0
16855,103.0,137.0,0.0
16856,53.0,256.0,0.0
16857,12.0,414.0,0.0
16858,59.0,470.0,0.0
16859,28.0,228.0,0.0
16860,56.0,353.0,0.0
16861,41.0,126.0,0.0
16862,107.0,104.0,0.0
16863,78.0,431.0,0.0
16864,249.0,148.0,0.0
16865,263.0,402.0,0.0
16866,144.0,101.0,0.0
16867,133.0,578.0,0.0
16868,107.0,472.0,0.0
16869,215.0,263.0,0.0
16870,92.0,490.0,0.0
16871,247.0,459.0,0.0
16872,10.0,379.0,0.0
16873,91.0,290.0,0.0
16874,227.0,429.0,0.0
16875,182.0,263.0,0.0
16876,227.0,414.0,0.0
16877,173.0,515.0,0.0
16878,157.0,542.0,0.0
16879,195.0,41.0,0.0
16880,226.0,242.0,0.0
16881,234.0,329.0,0.0
16882,93.0,275.0,0.0
16883,107.0,51.0,0.0
16884,242.0,258.0,0.0
16885,166.0,15.0,0.0
16886,190.0,252.0,0.0
16887,113.0,575.0,0.0
16888,36.0,153.0,0.0
16889,58.0,511.0,0.0
16890,263.0,102.0,0.0
16891,124.0,473.0,0.0
16892,120.0,385.0,0.0
16893,91.0,299.0,0.0
16894,139.0,324.0,0.0
16895,80.0,281.0,0.0
16896,84.0,580.0,0.0
16897,189.0,462.0,0.0
16898,83.0,341.0,0.0
16899,252.0,382.0,0.0
16900,113.0,491.0,0.0
16901,179.0,211.0,0.0
16902,8.0,568.0,0.0
16903,116.0,398.0,0.0
16904,51.0,293.0,0.0
16905,216.0,337.0,0.0
16906,75.0,161.0,0.0
16907,239.0,449.0,0.0
16908,182.0,258.0,0.0
16909,121.0,416.0,0.0
16910,137.0,434.0,0.0
16911,90.0,486.0,0.0
16912,245.0,76.0,0.0
16913,12.0,523.0,0.0
16914,55.0,516.0,0.0
16915,172.0,239.0,0.0
16916,153.0,273.0,0.0
16917,70.0,237.0,0.0
16918,218.0,521.0,0.0
16919,71.0,456.0,0.0
16920,202.0,60.0,0.0
16921,19.0,86.0,0.0
16922,26.0,25.0,0.0
16923,157.0,560.0,0.0
16924,42.0,109.0,0.0
16925,168.0,245.0,0.0
16926,96.0,357.0,0.0
16927,219.0,527.0,0.0
16928,22.0,266.0,0.0
16929,266.0,39.0,0.0
16930,172.0,378.0,0.0
16931,4.0,564.0,0.0
16932,238.0,209.0,0.0
16933,232.0,421.0,0.0
16934,252.0,534.0,0.0
16935,111.0,130.0,0.0
16936,254.0,256.0,0.0
16937,68.0,31.0,0.0
16938,131.0,549.0,0.0
16939,167.0,221.0,0.0
16940,267.0,358.0,0.0
16941,76.0,4.0,0.0
16942,144.0,267.0,0.0
16943,34.0,159.0,0.0
16944,20.0,529.0,0.0
16945,230.0,29.0,0.0
16946,243.0,195.0,0.0
16947,265.0,446.0,0.0
16948,240.0,142.0,0.0
16949,244.0,588.0,0.0
16950,5.0,178.0,0.0
16951,174.0,362.0,0.0
16952,124.0,294.0,0.0
16953,209.0,428.0,0.0
16954,177.0,94.0,0.0
16955,72.0,22.0,0.0
16956,256.0,412.0,0.0
16957,200.0,443.0,0.0
16958,219.0,172.0,0.0
16959,4.0,75.0,0.0
16960,50.0,5.0,0.0
16961,56.0,571.0,0.0
16962,77.0,591.0,0.0
16963,190.0,253.0,0.0
16964,114.0,554.0,0.0
16965,122.0,359.0,0.0
16966,72.0,570.0,0.0
16967,164.0,347.0,0.0
16968,151.0,204.0,0.0
16969,167.0,489.0,0.0
16970,153.0,436.0,0.0
16971,172.0,0.0,0.0
16972,171.0,552.0,0.0
16973,145.0,468.0,0.0
16974,266.0,409.0,0.0
16975,81.0,52.0,0.0
16976,35.0,63.0,0.0
16977,67.0,191.0,0.0
16978,70.0,39.0,0.0
16979,156.0,19.0,0.0
16980,203.0,194.0,0.0
16981,93.0,181.0,0.0
16982,137.0,572.0,0.0
16983,94.0,325.0,0.0
16984,110.0,168.0,0.0
16985,144.0,145.0,0.0
16986,179.0,130.0,0.0
16987,122.0,333.0,0.0
16988,251.0,253.0,0.0
16989,260.0,167.0,0.0
16990,31.0,520.0,0.0
16991,14.0,418.0,0.0
16992,250.0,520.0,0.0
16993,72.0,510.0,0.0
16994,180.0,377.0,0.0
16995,38.0,150.0,0.0
16996,244.0,503.0,0.0
16997,31.0,232.0,0.0
16998,167.0,282.0,0.0
16999,111.0,1.0,0.0
17000,95.0,14.0,0.0
17001,19.0,422.0,0.0
17002,253.0,483.0,0.0
17003,4.0,500.0,0.0
17004,26.0,246.0,0.0
17005,127.0,409.0,0.0
17006,139.0,558.0,0.0
17007,91.0,19.0,0.0
17008,174.0,513.0,0.0
17009,166.0,487.0,0.0
17010,150.0,234.0,0.0
17011,79.0,559.0,0.0
17012,139.0,238.0,0.0
17013,205.0,433.0,0.0
17014,92.0,134.0,0.0
17015,139.0,332.0,0.0
17016,81.0,461.0,0.0
17017,170.0,297.0,0.0
17018,258.0,582.0,0.0
17019,46.0,65.0,0.0
17020,195.0,567.0,0.0
17021,161.0,521.0,0.0
17022,183.0,452.0,0.0
17023,244.0,527.0,0.0
17024,137.0,85.0,0.0
17025,69.0,465.0,0.0
17026,73.0,553.0,0.0
17027,117.0,345.0,0.0
17028,215.0,57.0,0.0
17029,18.0,135.0,0.0
17030,245.0,265.0,0.0
17031,217.0,210.0,0.0
17032,75.0,560.0,0.0
17033,212.0,455.0,0.0
17034,203.0,28.0,0.0
17035,53.0,548.0,0.0
17036,122.0,280.0,0.0
17037,246.0,72.0,0.0
17038,163.0,330.0,0.0
17039,85.0,391.0,0.0
17040,51.0,205.0,0.0
17041,268.0,238.0,0.0
17042,66.0,76.0,0.0
17043,258.0,146.0,0.0
17044,47.0,415.0,0.0
17045,16.0,594.0,0.0
17046,83.0,74.0,0.0
17047,69.0,291.0,0.0
17048,177.0,160.0,0.0
17049,216.0,344.0,0.0
17050,245.0,83.0,0.0
17051,187.0,405.0,0.0
17052,227.0,232.0,0.0
17053,170.0,549.0,0.0
17054,61.0,359.0,0.0
17055,44.0,383.0,0.0
17056,267.0,492.0,0.0
17057,173.0,446.0,0.0
17058,20.0,433.0,0.0
17059,112.0,21.0,0.0
17060,115.0,405.0,0.0
17061,132.0,160.0,0.0
17062,219.0,241.0,0.0
17063,16.0,323.0,0.0
17064,90.0,572.0,0.0
17065,159.0,386.0,0.0
17066,93.0,273.0,0.0
17067,253.0,75.0,0.0
17068,153.0,221.0,0.0
17069,63.0,243.0,0.0
17070,203.0,266.0,0.0
17071,109.0,320.0,0.0
17072,244.0,46.0,0.0
17073,27.0,217.0,0.0
17074,253.0,106.0,0.0
17075,203.0,36.0,0.0
17076,11.0,129.0,0.0
17077,43.0,338.0,0.0
17078,21.0,428.0,0.0
17079,77.0,431.0,0.0
17080,113.0,450.0,0.0
17081,105.0,364.0,0.0
17082,112.0,401.0,0.0
17083,153.0,53.0,0.0
17084,267.0,203.0,0.0
17085,50.0,19.0,0.0
17086,201.0,388.0,0.0
17087,64.0,255.0,0.0
17088,129.0,278.0,0.0
17089,234.0,574.0,0.0
17090,28.0,183.0,0.0
17091,258.0,4.0,0.0
17092,79.0,331.0,0.0
17093,107.0,234.0,0.0
17094,70.0,383.0,0.0
17095,185.0,531.0,0.0
17096,35.0,90.0,0.0
17097,157.0,545.0,0.0
17098,265.0,77.0,0.0
17099,156.0,348.0,0.0
17100,34.0,506.0,0.0
17101,153.0,520.0,0.0
17102,194.0,299.0,0.0
17103,45.0,405.0,0.0
17104,224.0,31.0,0.0
17105,239.0,208.0,0.0
17106,99.0,9.0,0.0
17107,131.0,373.0,0.0
17108,127.0,195.0,0.0
17109,151.0,439.0,0.0
17110,36.0,99.0,0.0
17111,42.0,513.0,0.0
17112,13.0,563.0,0.0
17113,208.0,167.0,0.0
17114,96.0,548.0,0.0
17115,156.0,268.0,0.0
17116,237.0,78.0,0.0
17117,88.0,352.0,0.0
17118,247.0,458.0,0.0
17119,110.0,416.0,0.0
17120,117.0,34.0,0.0
17121,128.0,269.0,0.0
17122,42.0,89.0,0.0
17123,215.0,462.0,0.0
17124,207.0,57.0,0.0
17125,181.0,3.0,0.0
17126,146.0,518.0,0.0
17127,124.0,415.0,0.0
17128,214.0,198.0,0.0
17129,259.0,46.0,0.0
17130,70.0,90.0,0.0
17131,247.0,467.0,0.0
17132,249.0,394.0,0.0
17133,260.0,39.0,0.0
17134,253.0,55.0,0.0
17135,6.0,572.0,0.0
17136,18.0,221.0,0.0
17137,220.0,25.0,0.0
17138,87.0,492.0,0.0
17139,53.0,265.0,0.0
17140,117.0,67.0,0.0
17141,8.0,378.0,0.0
17142,50.0,39.0,0.0
17143,113.0,574.0,0.0
17144,87.0,382.0,0.0
17145,197.0,122.0,0.0
17146,107.0,471.0,0.0
17147,54.0,470.0,0.0
17148,114.0,546.0,0.0
17149,33.0,302.0,0.0
17150,170.0,551.0,0.0
17151,161.0,337.0,0.0
17152,82.0,22.0,0.0
17153,196.0,194.0,0.0
17154,218.0,391.0,0.0
17155,18.0,521.0,0.0
17156,188.0,235.0,0.0
17157,85.0,243.0,0.0
17158,219.0,38.0,0.0
17159,192.0,570.0,0.0
17160,208.0,280.0,0.0
17161,126.0,282.0,0.0
17162,188.0,161.0,0.0
17163,3.0,142.0,0.0
17164,140.0,214.0,0.0
17165,175.0,359.0,0.0
17166,168.0,562.0,0.0
17167,118.0,103.0,0.0
17168,111.0,228.0,0.0
17169,93.0,382.0,0.0
17170,10.0,551.0,0.0
17171,136.0,315.0,0.0
17172,96.0,534.0,0.0
17173,151.0,279.0,0.0
17174,235.0,70.0,0.0
17175,191.0,546.0,0.0
17176,5.0,410.0,0.0
17177,12.0,378.0,0.0
17178,70.0,234.0,0.0
17179,121.0,457.0,0.0
17180,235.0,27.0,0.0
17181,117.0,144.0,0.0
17182,37.0,513.0,0.0
17183,151.0,364.0,0.0
17184,60.0,368.0,0.0
17185,175.0,341.0,0.0
17186,80.0,40.0,0.0
17187,82.0,395.0,0.0
17188,96.0,193.0,0.0
17189,108.0,344.0,0.0
17190,101.0,179.0,0.0
17191,248.0,398.0,0.0
17192,142.0,520.0,0.0
17193,110.0,434.0,0.0
17194,118.0,488.0,0.0
17195,1.0,476.0,0.0
17196,173.0,336.0,0.0
17197,71.0,343.0,0.0
17198,36.0,428.0,0.0
17199,104.0,328.0,0.0
17200,85.0,42.0,0.0
17201,233.0,123.0,0.0
17202,187.0,367.0,0.0
17203,193.0,595.0,0.0
17204,212.0,449.0,0.0
17205,230.0,282.0,0.0
17206,77.0,310.0,0.0
17207,1.0,141.0,0.0
17208,180.0,475.0,0.0
17209,142.0,297.0,0.0
17210,265.0,123.0,0.0
17211,252.0,565.0,0.0
17212,65.0,9.0,0.0
17213,161.0,472.0,0.0
17214,46.0,451.0,0.0
17215,57.0,138.0,0.0
17216,66.0,6.0,0.0
17217,106.0,571.0,0.0
17218,8.0,379.0,0.0
17219,180.0,292.0,0.0
17220,192.0,530.0,0.0
17221,39.0,295.0,0.0
17222,186.0,162.0,0.0
17223,76.0,395.0,0.0
17224,199.0,451.0,0.0
17225,207.0,351.0,0.0
17226,53.0,77.0,0.0
17227,20.0,152.0,0.0
17228,131.0,511.0,0.0
17229,176.0,482.0,0.0
17230,100.0,235.0,0.0
17231,159.0,531.0,0.0
17232,56.0,458.0,0.0
17233,112.0,46.0,0.0
17234,213.0,384.0,0.0
17235,156.0,312.0,0.0
17236,193.0,594.0,0.0
17237,222.0,129.0,0.0
17238,174.0,342.0,0.0
17239,15.0,196.0,0.0
17240,226.0,156.0,0.0
17241,32.0,230.0,0.0
17242,31.0,443.0,0.0
17243,247.0,577.0,0.0
17244,72.0,471.0,0.0
17245,209.0,169.0,0.0
17246,230.0,584.0,0.0
17247,228.0,312.0,0.0
17248,254.0,519.0,0.0
17249,59.0,260.0,0.0
17250,123.0,51.0,0.0
17251,180.0,370.0,0.0
17252,15.0,567.0,0.0
17253,160.0,28.0,0.0
17254,251.0,165.0,0.0
17255,50.0,368.0,0.0
17256,60.0,224.0,0.0
17257,180.0,73.0,0.0
17258,168.0,244.0,0.0
17259,188.0,192.0,0.0
17260,190.0,266.0,0.0
17261,27.0,352.0,0.0
17262,250.0,142.0,0.0
17263,260.0,327.0,0.0
17264,8.0,515.0,0.0
17265,35.0,472.0,0.0
17266,97.0,296.0,0.0
17267,70.0,17.0,0.0
17268,12.0,58.0,0.0
17269,111.0,512.0,0.0
17270,220.0,346.0,0.0
17271,69.0,438.0,0.0
17272,253.0,272.0,0.0
17273,255.0,403.0,0.0
17274,166.0,504.0,0.0
17275,180.0,429.0,0.0
17276,174.0,570.0,0.0
17277,69.0,219.0,0.0
17278,268.0,35.0,0.0
17279,206.0,327.0,0.0
17280,4.0,55.0,0.0
17281,158.0,333.0,0.0
17282,178.0,252.0,0.0
17283,248.0,490.0,0.0
17284,146.0,304.0,0.0
17285,69.0,188.0,0.0
17286,2.0,387.0,0.0
17287,179.0,300.0,0.0
17288,203.0,240.0,0.0
17289,39.0,30.0,0.0
17290,21.0,98.0,0.0
17291,185.0,153.0,0.0
17292,212.0,22.0,0.0
17293,92.0,341.0,0.0
17294,208.0,163.0,0.0
17295,124.0,513.0,0.0
17296,60.0,258.0,0.0
17297,202.0,299.0,0.0
17298,74.0,485.0,0.0
17299,201.0,274.0,0.0
17300,237.0,533.0,0.0
17301,181.0,8.0,0.0
17302,152.0,103.0,0.0
17303,78.0,422.0,0.0
17304,65.0,98.0,0.0
17305,172.0,347.0,0.0
17306,76.0,214.0,0.0
17307,146.0,390.0,0.0
17308,168.0,512.0,0.0
17309,77.0,150.0,0.0
17310,85.0,553.0,0.0
17311,88.0,82.0,0.0
17312,52.0,249.0,0.0
17313,245.0,580.0,0.0
17314,96.0,199.0,0.0
17315,234.0,465.0,0.0
17316,1.0,225.0,0.0
17317,73.0,399.0,0.0
17318,221.0,322.0,0.0
17319,266.0,93.0,0.0
17320,159.0,299.0,0.0
17321,26.0,304.0,0.0
17322,222.0,343.0,0.0
17323,249.0,572.0,0.0
17324,180.0,520.0,0.0
17325,144.0,161.0,0.0
17326,157.0,179.0,0.0
17327,243.0,83.0,0.0
17328,95.0,502.0,0.0
17329,173.0,230.0,0.0
17330,179.0,210.0,0.0
17331,249.0,42.0,0.0
17332,25.0,540.0,0.0
17333,88.0,335.0,0.0
17334,98.0,181.0,0.0
17335,98.0,353.0,0.0
17336,210.0,137.0,0.0
17337,257.0,30.0,0.0
17338,1.0,10.0,0.0
17339,126.0,184.0,0.0
17340,260.0,195.0,0.0
17341,257.0,207.0,0.0
17342,84.0,483.0,0.0
17343,246.0,167.0,0.0
17344,37.0,281.0,0.0
17345,170.0,76.0,0.0
17346,205.0,436.0,0.0
17347,130.0,13.0,0.0
17348,3.0,175.0,0.0
17349,79.0,120.0,0.0
17350,116.0,14.0,0.0
17351,57.0,280.0,0.0
17352,138.0,472.0,0.0
17353,220.0,547.0,0.0
17354,104.0,352.0,0.0
17355,151.0,331.0,0.0
17356,228.0,28.0,0.0
17357,127.0,513.0,0.0
17358,68.0,474.0,0.0
17359,99.0,72.0,0.0
17360,4.0,140.0,0.0
17361,78.0,213.0,0.0
17362,207.0,347.0,0.0
17363,32.0,179.0,0.0
17364,191.0,44.0,0.0
17365,200.0,351.0,0.0
17366,243.0,80.0,0.0
17367,267.0,387.0,0.0
17368,122.0,319.0,0.0
17369,13.0,587.0,0.0
17370,160.0,479.0,0.0
17371,250.0,357.0,0.0
17372,177.0,193.0,0.0
17373,204.0,364.0,0.0
17374,49.0,107.0,0.0
17375,253.0,63.0,0.0
17376,29.0,379.0,0.0
17377,261.0,510.0,0.0
17378,112.0,109.0,0.0
17379,207.0,85.0,0.0
17380,252.0,235.0,0.0
17381,18.0,289.0,0.0
17382,52.0,220.0,0.0
17383,134.0,208.0,0.0
17384,169.0,235.0,0.0
17385,254.0,308.0,0.0
17386,188.0,585.0,0.0
17387,125.0,381.0,0.0
17388,139.0,143.0,0.0
17389,251.0,445.0,0.0
17390,211.0,348.0,0.0
17391,64.0,86.0,0.0
17392,61.0,475.0,0.0
17393,152.0,416.0,0.0
17394,230.0,531.0,0.0
17395,145.0,7.0,0.0
17396,81.0,440.0,0.0
17397,20.0,63.0,0.0
17398,104.0,26.0,0.0
17399,183.0,263.0,0.0
17400,228.0,314.0,0.0
17401,62.0,99.0,0.0
17402,15.0,15.0,0.0
17403,160.0,489.0,0.0
17404,34.0,274.0,0.0
17405,1.0,260.0,0.0
17406,183.0,80.0,0.0
17407,19.0,431.0,0.0
17408,73.0,273.0,0.0
17409,103.0,238.0,0.0
17410,209.0,347.0,0.0
17411,148.0,52.0,0.0
17412,40.0,544.0,0.0
17413,226.0,404.0,0.0
17414,203.0,31.0,0.0
17415,227.0,475.0,0.0
17416,27.0,377.0,0.0
17417,5.0,29.0,0.0
17418,254.0,558.0,0.0
17419,200.0,514.0,0.0
17420,249.0,363.0,0.0
17421,41.0,455.0,0.0
17422,73.0,298.0,0.0
17423,181.0,488.0,0.0
17424,57.0,15.0,0.0
17425,199.0,505.0,0.0
17426,66.0,202.0,0.0
17427,18.0,388.0,0.0
17428,155.0,453.0,0.0
17429,150.0,325.0,0.0
17430,109.0,553.0,0.0
17431,190.0,208.0,0.0
17432,252.0,202.0,0.0
17433,260.0,189.0,0.0
17434,198.0,366.0,0.0
17435,254.0,448.0,0.0
17436,44.0,504.0,0.0
17437,253.0,35.0,0.0
17438,61.0,422.0,0.0
17439,165.0,398.0,0.0
17440,266.0,52.0,0.0
17441,232.0,216.0,0.0
17442,26.0,564.0,0.0
17443,42.0,242.0,0.0
17444,235.0,426.0,0.0
17445,31.0,529.0,0.0
17446,220.0,172.0,0.0
17447,212.0,423.0,0.0
17448,228.0,425.0,0.0
17449,47.0,494.0,0.0
17450,34.0,582.0,0.0
17451,38.0,409.0,0.0
17452,75.0,421.0,0.0
17453,251.0,83.0,0.0
17454,81.0,508.0,0.0
17455,66.0,250.0,0.0
17456,72.0,425.0,0.0
17457,16.0,78.0,0.0
17458,231.0,193.0,0.0
17459,34.0,302.0,0.0
17460,191.0,499.0,0.0
17461,236.0,437.0,0.0
17462,77.0,486.0,0.0
17463,188.0,546.0,0.0
17464,90.0,318.0,0.0
17465,46.0,263.0,0.0
17466,249.0,314.0,0.0
17467,161.0,123.0,0.0
17468,5.0,425.0,0.0
17469,20.0,241.0,0.0
17470,79.0,555.0,0.0
17471,54.0,2.0,0.0
17472,209.0,447.0,0.0
17473,14.0,215.0,0.0
17474,219.0,371.0,0.0
17475,89.0,377.0,0.0
17476,265.0,492.0,0.0
17477,244.0,144.0,0.0
17478,216.0,560.0,0.0
17479,153.0,176.0,0.0
17480,115.0,197.0,0.0
17481,242.0,134.0,0.0
17482,193.0,494.0,0.0
17483,212.0,84.0,0.0
17484,214.0,83.0,0.0
17485,6.0,429.0,0.0
17486,149.0,550.0,0.0
17487,191.0,537.0,0.0
17488,111.0,522.0,0.0
17489,67.0,62.0,0.0
17490,70.0,21.0,0.0
17491,205.0,421.0,0.0
17492,106.0,109.0,0.0
17493,32.0,410.0,0.0
17494,39.0,251.0,0.0
17495,135.0,42.0,0.0
17496,91.0,270.0,0.0
17497,211.0,439.0,0.0
17498,109.0,374.0,0.0
17499,35.0,125.0,0.0
17500,226.0,436.0,0.0
17501,193.0,73.0,0.0
17502,11.0,390.0,0.0
17503,6.0,339.0,0.0
17504,227.0,528.0,0.0
17505,171.0,346.0,0.0
17506,191.0,273.0,0.0
17507,122.0,248.0,0.0
17508,42.0,122.0,0.0
17509,103.0,550.0,0.0
17510,120.0,378.0,0.0
17511,97.0,290.0,0.0
17512,259.0,84.0,0.0
17513,71.0,264.0,0.0
17514,115.0,176.0,0.0
17515,107.0,0.0,0.0
17516,241.0,532.0,0.0
17517,224.0,289.0,0.0
17518,226.0,288.0,0.0
17519,120.0,168.0,0.0
17520,232.0,571.0,0.0
17521,188.0,318.0,0.0
17522,208.0,180.0,0.0
17523,121.0,150.0,0.0
17524,186.0,77.0,0.0
17525,237.0,460.0,0.0
17526,117.0,194.0,0.0
17527,190.0,347.0,0.0
17528,211.0,352.0,0.0
17529,200.0,277.0,0.0
17530,148.0,397.0,0.0
17531,116.0,424.0,0.0
17532,19.0,97.0,0.0
17533,125.0,397.0,0.0
17534,125.0,467.0,0.0
17535,180.0,471.0,0.0
17536,117.0,588.0,0.0
17537,251.0,518.0,0.0
17538,141.0,539.0,0.0
17539,144.0,523.0,0.0
17540,237.0,134.0,0.0
17541,25.0,298.0,0.0
17542,187.0,48.0,0.0
17543,25.0,40.0,0.0
17544,90.0,8.0,0.0
17545,83.0,522.0,0.0
17546,116.0,559.0,0.0
17547,220.0,386.0,0.0
17548,36.0,234.0,0.0
17549,26.0,469.0,0.0
17550,33.0,357.0,0.0
17551,250.0,442.0,0.0
17552,227.0,535.0,0.0
17553,210.0,541.0,0.0
17554,81.0,452.0,0.0
17555,25.0,575.0,0.0
17556,45.0,419.0,0.0
17557,37.0,564.0,0.0
17558,223.0,455.0,0.0
17559,238.0,448.0,0.0
17560,11.0,484.0,0.0
17561,193.0,317.0,0.0
17562,230.0,325.0,0.0
17563,154.0,439.0,0.0
17564,73.0,302.0,0.0
17565,40.0,110.0,0.0
17566,165.0,310.0,0.0
17567,54.0,318.0,0.0
17568,80.0,533.0,0.0
17569,55.0,387.0,0.0
17570,6.0,458.0,0.0
17571,224.0,474.0,0.0
17572,263.0,261.0,0.0
17573,203.0,567.0,0.0
17574,111.0,431.0,0.0
17575,48.0,230.0,0.0
17576,221.0,377.0,0.0
17577,8.0,589.0,0.0
17578,196.0,74.0,0.0
17579,139.0,115.0,0.0
17580,204.0,383.0,0.0
17581,148.0,55.0,0.0
17582,141.0,540.0,0.0
17583,200.0,494.0,0.0
17584,33.0,597.0,0.0
17585,218.0,342.0,0.0
17586,208.0,185.0,0.0
17587,35.0,134.0,0.0
17588,47.0,543.0,0.0
17589,124.0,351.0,0.0
17590,47.0,163.0,0.0
17591,12.0,516.0,0.0
17592,219.0,53.0,0.0
17593,246.0,122.0,0.0
17594,54.0,55.0,0.0
17595,70.0,28.0,0.0
17596,25.0,98.0,0.0
17597,171.0,78.0,0.0
17598,127.0,492.0,0.0
17599,74.0,474.0,0.0
17600,32.0,354.0,0.0
17601,230.0,106.0,0.0
17602,202.0,117.0,0.0
17603,125.0,19.0,0.0
17604,53.0,496.0,0.0
17605,166.0,317.0,0.0
17606,59.0,500.0,0.0
17607,35.0,434.0,0.0
17608,58.0,90.0,0.0
17609,80.0,218.0,0.0
17610,50.0,94.0,0.0
17611,216.0,240.0,0.0
17612,80.0,78.0,0.0
17613,236.0,310.0,0.0
17614,114.0,437.0,0.0
17615,40.0,34.0,0.0
17616,154.0,227.0,0.0
17617,158.0,226.0,0.0
17618,162.0,308.0,0.0
17619,150.0,189.0,0.0
17620,208.0,383.0,0.0
17621,132.0,567.0,0.0
17622,252.0,159.0,0.0
17623,4.0,594.0,0.0
17624,249.0,556.0,0.0
17625,60.0,8.0,0.0
17626,105.0,530.0,0.0
17627,67.0,581.0,0.0
17628,215.0,197.0,0.0
17629,213.0,112.0,0.0
17630,267.0,319.0,0.0
17631,222.0,371.0,0.0
17632,177.0,388.0,0.0
17633,52.0,458.0,0.0
17634,96.0,356.0,0.0
17635,91.0,528.0,0.0
17636,181.0,58.0,0.0
17637,32.0,380.0,0.0
17638,162.0,226.0,0.0
17639,244.0,558.0,0.0
17640,108.0,346.0,0.0
17641,23.0,81.0,0.0
17642,151.0,388.0,0.0
17643,268.0,179.0,0.0
17644,140.0,516.0,0.0
17645,110.0,462.0,0.0
17646,176.0,395.0,0.0
17647,67.0,407.0,0.0
17648,22.0,373.0,0.0
17649,62.0,383.0,0.0
17650,258.0,313.0,0.0
17651,205.0,21.0,0.0
17652,172.0,344.0,0.0
17653,133.0,523.0,0.0
17654,117.0,84.0,0.0
17655,268.0,3.0,0.0
17656,7.0,433.0,0.0
17657,59.0,81.0,0.0
17658,210.0,388.0,0.0
17659,52.0,295.0,0.0
17660,59.0,351.0,0.0
17661,125.0,243.0,0.0
17662,79.0,247.0,0.0
17663,50.0,34.0,0.0
17664,25.0,411.0,0.0
17665,85.0,86.0,0.0
17666,213.0,262.0,0.0
17667,61.0,342.0,0.0
17668,252.0,6.0,0.0
17669,231.0,514.0,0.0
17670,12.0,460.0,0.0
17671,125.0,596.0,0.0
17672,239.0,358.0,0.0
17673,76.0,88.0,0.0
17674,170.0,580.0,0.0
17675,61.0,28.0,0.0
17676,214.0,315.0,0.0
17677,8.0,8.0,0.0
17678,32.0,273.0,0.0
17679,95.0,458.0,0.0
17680,220.0,591.0,0.0
17681,15.0,298.0,0.0
17682,139.0,42.0,0.0
17683,253.0,485.0,0.0
17684,96.0,220.0,0.0
17685,138.0,10.0,0.0
17686,45.0,335.0,0.0
17687,119.0,87.0,0.0
17688,184.0,6.0,0.0
17689,123.0,264.0,0.0
17690,70.0,587.0,0.0
17691,216.0,101.0,0.0
17692,199.0,533.0,0.0
17693,94.0,155.0,0.0
17694,218.0,395.0,0.0
17695,31.0,311.0,0.0
17696,204.0,3.0,0.0
17697,36.0,121.0,0.0
17698,201.0,525.0,0.0
17699,88.0,429.0,0.0
17700,159.0,198.0,0.0
17701,54.0,264.0,0.0
17702,62.0,77.0,0.0
17703,161.0,290.0,0.0
17704,265.0,332.0,0.0
17705,205.0,492.0,0.0
17706,146.0,234.0,0.0
17707,265.0,140.0,0.0
17708,175.0,529.0,0.0
17709,151.0,103.0,0.0
17710,121.0,586.0,0.0
17711,40.0,279.0,0.0
17712,207.0,419.0,0.0
17713,29.0,176.0,0.0
17714,115.0,302.0,0.0
17715,162.0,551.0,0.0
17716,156.0,157.0,0.0
17717,203.0,148.0,0.0
17718,64.0,236.0,0.0
17719,234.0,390.0,0.0
17720,42.0,189.0,0.0
17721,153.0,40.0,0.0
17722,27.0,143.0,0.0
17723,54.0,586.0,0.0
17724,198.0,463.0,0.0
17725,212.0,444.0,0.0
17726,86.0,109.0,0.0
17727,225.0,409.0,0.0
17728,159.0,149.0,0.0
17729,151.0,389.0,0.0
17730,99.0,456.0,0.0
17731,151.0,53.0,0.0
17732,95.0,315.0,0.0
17733,132.0,568.0,0.0
17734,197.0,285.0,0.0
17735,240.0,323.0,0.0
17736,133.0,356.0,0.0
17737,266.0,33.0,0.0
17738,173.0,542.0,0.0
17739,219.0,395.0,0.0
17740,229.0,555.0,0.0
17741,153.0,300.0,0.0
17742,46.0,163.0,0.0
17743,42.0,290.0,0.0
17744,37.0,467.0,0.0
17745,6.0,202.0,0.0
17746,56.0,62.0,0.0
17747,248.0,401.0,0.0
17748,36.0,126.0,0.0
17749,149.0,585.0,0.0
17750,4.0,280.0,0.0
17751,207.0,38.0,0.0
17752,143.0,347.0,0.0
17753,72.0,90.0,0.0
17754,227.0,579.0,0.0
17755,1.0,432.0,0.0
17756,11.0,360.0,0.0
17757,139.0,262.0,0.0
17758,151.0,288.0,0.0
17759,86.0,230.0,0.0
17760,131.0,352.0,0.0
17761,84.0,549.0,0.0
17762,225.0,108.0,0.0
17763,230.0,73.0,0.0
17764,207.0,402.0,0.0
17765,64.0,122.0,0.0
17766,140.0,60.0,0.0
17767,211.0,425.0,0.0
17768,186.0,39.0,0.0
17769,13.0,40.0,0.0
17770,32.0,358.0,0.0
17771,116.0,172.0,0.0
17772,132.0,466.0,0.0
17773,100.0,383.0,0.0
17774,173.0,575.0,0.0
17775,156.0,354.0,0.0
17776,38.0,121.0,0.0
17777,69.0,588.0,0.0
17778,89.0,294.0,0.0
17779,188.0,378.0,0.0
17780,45.0,5.0,0.0
17781,85.0,596.0,0.0
17782,200.0,185.0,0.0
17783,188.0,323.0,0.0
17784,41.0,65.0,0.0
17785,53.0,274.0,0.0
17786,171.0,524.0,0.0
17787,151.0,244.0,0.0
17788,73.0,357.0,0.0
17789,98.0,361.0,0.0
17790,55.0,226.0,0.0
17791,219.0,455.0,0.0
17792,235.0,60.0,0.0
17793,219.0,105.0,0.0
17794,14.0,162.0,0.0
17795,5.0,558.0,0.0
17796,229.0,341.0,0.0
17797,191.0,238.0,0.0
17798,177.0,168.0,0.0
17799,114.0,231.0,0.0
17800,173.0,258.0,0.0
17801,139.0,590.0,0.0
17802,185.0,540.0,0.0
17803,199.0,21.0,0.0
17804,124.0,183.0,0.0
17805,32.0,561.0,0.0
17806,3.0,173.0,0.0
17807,44.0,566.0,0.0
17808,56.0,179.0,0.0
17809,131.0,166.0,0.0
17810,230.0,0.0,0.0
17811,238.0,57.0,0.0
17812,268.0,272.0,0.0
17813,36.0,273.0,0.0
17814,200.0,82.0,0.0
17815,70.0,244.0,0.0
17816,156.0,517.0,0.0
17817,255.0,331.0,0.0
17818,131.0,586.0,0.0
17819,64.0,539.0,0.0
17820,115.0,276.0,0.0
17821,24.0,221.0,0.0
17822,217.0,46.0,0.0
17823,10.0,3.0,0.0
17824,122.0,384.0,0.0
17825,120.0,554.0,0.0
17826,114.0,258.0,0.0
17827,77.0,419.0,0.0
17828,159.0,232.0,0.0
17829,200.0,232.0,0.0
17830,61.0,523.0,0.0
17831,4.0,492.0,0.0
17832,256.0,159.0,0.0
17833,2.0,274.0,0.0
17834,112.0,124.0,0.0
17835,178.0,82.0,0.0
17836,103.0,542.0,0.0
17837,93.0,294.0,0.0
17838,152.0,62.0,0.0
17839,76.0,27.0,0.0
17840,132.0,357.0,0.0
17841,6.0,40.0,0.0
17842,148.0,436.0,0.0
17843,216.0,498.0,0.0
17844,201.0,96.0,0.0
17845,5.0,283.0,0.0
17846,12.0,44.0,0.0
17847,100.0,426.0,0.0
17848,43.0,125.0,0.0
17849,73.0,459.0,0.0
17850,263.0,227.0,0.0
17851,208.0,481.0,0.0
17852,44.0,403.0,0.0
17853,62.0,54.0,0.0
17854,57.0,371.0,0.0
17855,57.0,320.0,0.0
17856,71.0,476.0,0.0
17857,255.0,56.0,0.0
17858,166.0,194.0,0.0
17859,72.0,308.0,0.0
17860,181.0,361.0,0.0
17861,265.0,259.0,0.0
17862,118.0,83.0,0.0
17863,78.0,155.0,0.0
17864,268.0,154.0,0.0
17865,75.0,528.0,0.0
17866,59.0,248.0,0.0
17867,215.0,287.0,0.0
17868,229.0,376.0,0.0
17869,186.0,586.0,0.0
17870,259.0,75.0,0.0
17871,139.0,61.0,0.0
17872,250.0,120.0,0.0
17873,7.0,414.0,0.0
17874,260.0,5.0,0.0
17875,214.0,360.0,0.0
17876,101.0,16.0,0.0
17877,95.0,201.0,0.0
17878,242.0,489.0,0.0
17879,70.0,58.0,0.0
17880,193.0,450.0,0.0
17881,4.0,54.0,0.0
17882,115.0,299.0,0.0
17883,127.0,348.0,0.0
17884,208.0,237.0,0.0
17885,80.0,366.0,0.0
17886,192.0,395.0,0.0
17887,235.0,237.0,0.0
17888,201.0,155.0,0.0
17889,107.0,462.0,0.0
17890,55.0,424.0,0.0
17891,37.0,501.0,0.0
17892,138.0,183.0,0.0
17893,167.0,372.0,0.0
17894,186.0,71.0,0.0
17895,141.0,30.0,0.0
17896,189.0,102.0,0.0
17897,135.0,305.0,0.0
17898,117.0,433.0,0.0
17899,267.0,125.0,0.0
17900,188.0,475.0,0.0
17901,194.0,201.0,0.0
17902,34.0,359.0,0.0
17903,8.0,420.0,0.0
17904,0.0,369.0,0.0
17905,191.0,103.0,0.0
17906,54.0,204.0,0.0
17907,50.0,286.0,0.0
17908,152.0,430.0,0.0
17909,34.0,560.0,0.0
17910,245.0,442.0,0.0
17911,207.0,134.0,0.0
17912,37.0,283.0,0.0
17913,50.0,271.0,0.0
17914,138.0,310.0,0.0
17915,203.0,215.0,0.0
17916,170.0,78.0,0.0
17917,104.0,570.0,0.0
17918,261.0,17.0,0.0
17919,248.0,552.0,0.0
17920,54.0,74.0,0.0
17921,77.0,496.0,0.0
17922,134.0,475.0,0.0
17923,155.0,260.0,0.0
17924,182.0,587.0,0.0
17925,147.0,0.0,0.0
17926,221.0,562.0,0.0
17927,23.0,146.0,0.0
17928,154.0,508.0,0.0
17929,162.0,354.0,0.0
17930,157.0,585.0,0.0
17931,202.0,22.0,0.0
17932,237.0,246.0,0.0
17933,214.0,238.0,0.0
17934,3.0,133.0,0.0
17935,156.0,104.0,0.0
17936,26.0,462.0,0.0
17937,231.0,202.0,0.0
17938,163.0,83.0,0.0
17939,39.0,40.0,0.0
17940,71.0,521.0,0.0
17941,93.0,414.0,0.0
17942,16.0,217.0,0.0
17943,181.0,108.0,0.0
17944,244.0,322.0,0.0
17945,48.0,6.0,0.0
17946,35.0,292.0,0.0
17947,239.0,439.0,0.0
17948,105.0,26.0,0.0
17949,258.0,252.0,0.0
17950,196.0,292.0,0.0
17951,89.0,307.0,0.0
17952,229.0,185.0,0.0
17953,19.0,59.0,0.0
17954,72.0,567.0,0.0
17955,144.0,24.0,0.0
17956,115.0,317.0,0.0
17957,149.0,295.0,0.0
17958,193.0,584.0,0.0
17959,205.0,205.0,0.0
17960,95.0,247.0,0.0
17961,110.0,470.0,0.0
17962,209.0,196.0,0.0
17963,43.0,388.0,0.0
17964,202.0,229.0,0.0
17965,4.0,36.0,0.0
17966,76.0,14.0,0.0
17967,27.0,170.0,0.0
17968,6.0,175.0,0.0
17969,179.0,116.0,0.0
17970,220.0,16.0,0.0
17971,224.0,518.0,0.0
17972,123.0,449.0,0.0
17973,247.0,151.0,0.0
17974,253.0,287.0,0.0
17975,180.0,3.0,0.0
17976,258.0,78.0,0.0
17977,24.0,574.0,0.0
17978,133.0,372.0,0.0
17979,192.0,273.0,0.0
17980,83.0,488.0,0.0
17981,21.0,361.0,0.0
17982,0.0,559.0,0.0
17983,228.0,297.0,0.0
17984,93.0,268.0,0.0
17985,93.0,217.0,0.0
17986,217.0,444.0,0.0
17987,119.0,1.0,0.0
17988,46.0,393.0,0.0
17989,185.0,415.0,0.0
17990,212.0,149.0,0.0
17991,6.0,214.0,0.0
17992,59.0,345.0,0.0
17993,19.0,573.0,0.0
17994,47.0,433.0,0.0
17995,102.0,555.0,0.0
17996,109.0,144.0,0.0
17997,90.0,101.0,0.0
17998,4.0,295.0,0.0
17999,77.0,578.0,0.0
18000,117.0,307.0,0.0
18001,236.0,559.0,0.0
18002,36.0,128.0,0.0
18003,147.0,266.0,0.0
18004,184.0,77.0,0.0
18005,7.0,224.0,0.0
18006,245.0,271.0,0.0
18007,227.0,305.0,0.0
18008,68.0,64.0,0.0
18009,55.0,110.0,0.0
18010,25.0,367.0,0.0
18011,0.0,221.0,0.0
18012,195.0,66.0,0.0
18013,146.0,7.0,0.0
18014,2.0,427.0,0.0
18015,9.0,80.0,0.0
18016,214.0,386.0,0.0
18017,265.0,109.0,0.0
18018,121.0,303.0,0.0
18019,55.0,244.0,0.0
18020,48.0,375.0,0.0
18021,127.0,345.0,0.0
18022,165.0,387.0,0.0
18023,235.0,232.0,0.0
18024,267.0,142.0,0.0
18025,47.0,154.0,0.0
18026,69.0,453.0,0.0
18027,119.0,389.0,0.0
18028,176.0,264.0,0.0
18029,2.0,197.0,0.0
18030,89.0,181.0,0.0
18031,194.0,365.0,0.0
18032,72.0,552.0,0.0
18033,97.0,492.0,0.0
18034,136.0,140.0,0.0
18035,54.0,229.0,0.0
18036,22.0,517.0,0.0
18037,154.0,291.0,0.0
18038,78.0,194.0,0.0
18039,111.0,135.0,0.0
18040,122.0,411.0,0.0
18041,156.0,568.0,0.0
18042,139.0,281.0,0.0
18043,61.0,376.0,0.0
18044,194.0,196.0,0.0
18045,221.0,297.0,0.0
18046,162.0,392.0,0.0
18047,112.0,76.0,0.0
18048,157.0,427.0,0.0
18049,136.0,85.0,0.0
18050,79.0,253.0,0.0
18051,195.0,371.0,0.0
18052,251.0,354.0,0.0
18053,110.0,541.0,0.0
18054,3.0,463.0,0.0
18055,113.0,192.0,0.0
18056,21.0,4.0,0.0
18057,120.0,284.0,0.0
18058,99.0,539.0,0.0
18059,175.0,522.0,0.0
18060,180.0,468.0,0.0
18061,59.0,525.0,0.0
18062,102.0,505.0,0.0
18063,23.0,336.0,0.0
18064,104.0,119.0,0.0
18065,112.0,206.0,0.0
18066,206.0,380.0,0.0
18067,30.0,127.0,0.0
18068,13.0,162.0,0.0
18069,53.0,115.0,0.0
18070,70.0,172.0,0.0
18071,109.0,342.0,0.0
18072,28.0,487.0,0.0
18073,50.0,161.0,0.0
18074,31.0,190.0,0.0
18075,84.0,346.0,0.0
18076,48.0,164.0,0.0
18077,119.0,553.0,0.0
18078,55.0,401.0,0.0
18079,212.0,335.0,0.0
18080,44.0,2.0,0.0
18081,57.0,542.0,0.0
18082,212.0,165.0,0.0
18083,183.0,136.0,0.0
18084,9.0,375.0,0.0
18085,223.0,82.0,0.0
18086,22.0,454.0,0.0
18087,126.0,525.0,0.0
18088,258.0,516.0,0.0
18089,167.0,181.0,0.0
18090,72.0,502.0,0.0
18091,42.0,416.0,0.0
18092,248.0,576.0,0.0
18093,123.0,127.0,0.0
18094,225.0,187.0,0.0
18095,76.0,289.0,0.0
18096,114.0,290.0,0.0
18097,171.0,100.0,0.0
18098,140.0,477.0,0.0
18099,100.0,457.0,0.0
18100,267.0,261.0,0.0
18101,226.0,168.0,0.0
18102,88.0,559.0,0.0
18103,89.0,540.0,0.0
18104,224.0,471.0,0.0
18105,29.0,193.0,0.0
18106,243.0,557.0,0.0
18107,104.0,472.0,0.0
18108,161.0,357.0,0.0
18109,259.0,254.0,0.0
18110,93.0,259.0,0.0
18111,230.0,435.0,0.0
18112,50.0,56.0,0.0
18113,63.0,565.0,0.0
18114,176.0,48.0,0.0
18115,115.0,54.0,0.0
18116,1.0,101.0,0.0
18117,209.0,506.0,0.0
18118,15.0,406.0,0.0
18119,153.0,430.0,0.0
18120,63.0,4.0,0.0
18121,261.0,499.0,0.0
18122,38.0,366.0,0.0
18123,172.0,312.0,0.0
18124,7.0,469.0,0.0
18125,33.0,104.0,0.0
18126,133.0,559.0,0.0
18127,120.0,368.0,0.0
18128,146.0,514.0,0.0
18129,188.0,547.0,0.0
18130,88.0,234.0,0.0
18131,133.0,457.0,0.0
18132,115.0,301.0,0.0
18133,219.0,592.0,0.0
18134,46.0,509.0,0.0
18135,168.0,346.0,0.0
18136,213.0,195.0,0.0
18137,188.0,275.0,0.0
18138,106.0,474.0,0.0
18139,28.0,535.0,0.0
18140,203.0,233.0,0.0
18141,77.0,454.0,0.0
18142,126.0,375.0,0.0
18143,239.0,61.0,0.0
18144,44.0,431.0,0.0
18145,236.0,275.0,0.0
18146,75.0,17.0,0.0
18147,167.0,243.0,0.0
18148,51.0,433.0,0.0
18149,106.0,184.0,0.0
18150,194.0,452.0,0.0
18151,75.0,317.0,0.0
18152,29.0,590.0,0.0
18153,235.0,105.0,0.0
18154,244.0,472.0,0.0
18155,120.0,153.0,0.0
18156,190.0,381.0,0.0
18157,111.0,285.0,0.0
18158,192.0,278.0,0.0
18159,142.0,254.0,0.0
18160,47.0,452.0,0.0
18161,164.0,528.0,0.0
18162,241.0,107.0,0.0
18163,67.0,422.0,0.0
18164,73.0,480.0,0.0
18165,73.0,577.0,0.0
18166,38.0,266.0,0.0
18167,23.0,391.0,0.0
18168,1.0,425.0,0.0
18169,64.0,215.0,0.0
18170,107.0,482.0,0.0
18171,265.0,337.0,0.0
18172,76.0,585.0,0.0
18173,132.0,267.0,0.0
18174,31.0,328.0,0.0
18175,49.0,532.0,0.0
18176,153.0,45.0,0.0
18177,77.0,113.0,0.0
18178,188.0,123.0,0.0
18179,17.0,164.0,0.0
18180,78.0,165.0,0.0
18181,6.0,363.0,0.0
18182,2.0,162.0,0.0
18183,106.0,470.0,0.0
18184,55.0,251.0,0.0
18185,229.0,585.0,0.0
18186,112.0,317.0,0.0
18187,92.0,15.0,0.0
18188,195.0,289.0,0.0
18189,194.0,430.0,0.0
18190,161.0,429.0,0.0
18191,250.0,468.0,0.0
18192,104.0,243.0,0.0
18193,220.0,482.0,0.0
18194,112.0,551.0,0.0
18195,179.0,196.0,0.0
18196,37.0,416.0,0.0
18197,100.0,38.0,0.0
18198,128.0,523.0,0.0
18199,62.0,445.0,0.0
18200,194.0,497.0,0.0
18201,17.0,486.0,0.0
18202,160.0,266.0,0.0
18203,253.0,377.0,0.0
18204,256.0,344.0,0.0
18205,43.0,98.0,0.0
18206,144.0,126.0,0.0
18207,50.0,246.0,0.0
18208,63.0,575.0,0.0
18209,40.0,47.0,0.0
18210,259.0,536.0,0.0
18211,28.0,144.0,0.0
18212,119.0,146.0,0.0
18213,120.0,260.0,0.0
18214,171.0,359.0,0.0
18215,79.0,333.0,0.0
18216,212.0,88.0,0.0
18217,136.0,479.0,0.0
18218,28.0,582.0,0.0
18219,7.0,361.0,0.0
18220,32.0,334.0,0.0
18221,54.0,463.0,0.0
18222,66.0,12.0,0.0
18223,267.0,307.0,0.0
18224,203.0,504.0,0.0
18225,172.0,263.0,0.0
18226,76.0,458.0,0.0
18227,32.0,477.0,0.0
18228,267.0,301.0,0.0
18229,126.0,115.0,0.0
18230,191.0,460.0,0.0
18231,79.0,52.0,0.0
18232,116.0,101.0,0.0
18233,268.0,560.0,0.0
18234,181.0,514.0,0.0
18235,106.0,346.0,0.0
18236,202.0,343.0,0.0
18237,137.0,458.0,0.0
18238,111.0,587.0,0.0
18239,55.0,189.0,0.0
18240,221.0,554.0,0.0
18241,142.0,489.0,0.0
18242,86.0,507.0,0.0
18243,83.0,501.0,0.0
18244,25.0,79.0,0.0
18245,154.0,450.0,0.0
18246,246.0,47.0,0.0
18247,146.0,524.0,0.0
18248,169.0,381.0,0.0
18249,6.0,551.0,0.0
18250,268.0,6.0,0.0
18251,229.0,288.0,0.0
18252,243.0,157.0,0.0
18253,25.0,157.0,0.0
18254,155.0,261.0,0.0
18255,175.0,360.0,0.0
18256,177.0,360.0,0.0
18257,8.0,519.0,0.0
18258,153.0,512.0,0.0
18259,104.0,205.0,0.0
18260,69.0,497.0,0.0
18261,113.0,461.0,0.0
18262,81.0,253.0,0.0
18263,168.0,191.0,0.0
18264,68.0,411.0,0.0
18265,132.0,314.0,0.0
18266,155.0,520.0,0.0
18267,79.0,558.0,0.0
18268,232.0,582.0,0.0
18269,224.0,410.0,0.0
18270,234.0,380.0,0.0
18271,68.0,301.0,0.0
18272,245.0,141.0,0.0
18273,255.0,225.0,0.0
18274,176.0,181.0,0.0
18275,77.0,297.0,0.0
18276,191.0,483.0,0.0
18277,47.0,115.0,0.0
18278,133.0,575.0,0.0
18279,70.0,200.0,0.0
18280,15.0,396.0,0.0
18281,58.0,29.0,0.0
18282,101.0,106.0,0.0
18283,259.0,586.0,0.0
18284,166.0,501.0,0.0
18285,206.0,343.0,0.0
18286,209.0,357.0,0.0
18287,35.0,408.0,0.0
18288,265.0,593.0,0.0
18289,93.0,555.0,0.0
18290,248.0,335.0,0.0
18291,215.0,584.0,0.0
18292,137.0,426.0,0.0
18293,232.0,319.0,0.0
18294,189.0,214.0,0.0
18295,175.0,93.0,0.0
18296,225.0,46.0,0.0
18297,194.0,57.0,0.0
18298,140.0,241.0,0.0
18299,142.0,232.0,0.0
18300,37.0,337.0,0.0
18301,1.0,344.0,0.0
18302,233.0,20.0,0.0
18303,198.0,574.0,0.0
18304,43.0,459.0,0.0
18305,95.0,486.0,0.0
18306,209.0,367.0,0.0
18307,131.0,320.0,0.0
18308,101.0,372.0,0.0
18309,175.0,101.0,0.0
18310,259.0,569.0,0.0
18311,247.0,376.0,0.0
18312,146.0,570.0,0.0
18313,232.0,528.0,0.0
18314,127.0,342.0,0.0
18315,199.0,367.0,0.0
18316,142.0,73.0,0.0
18317,48.0,133.0,0.0
18318,245.0,306.0,0.0
18319,49.0,191.0,0.0
18320,232.0,194.0,0.0
18321,88.0,396.0,0.0
18322,238.0,533.0,0.0
18323,205.0,366.0,0.0
18324,264.0,392.0,0.0
18325,160.0,499.0,0.0
18326,93.0,500.0,0.0
18327,45.0,327.0,0.0
18328,34.0,597.0,0.0
18329,233.0,235.0,0.0
18330,27.0,511.0,0.0
18331,0.0,134.0,0.0
18332,172.0,27.0,0.0
18333,166.0,481.0,0.0
18334,35.0,406.0,0.0
18335,64.0,372.0,0.0
18336,167.0,202.0,0.0
18337,123.0,582.0,0.0
18338,82.0,553.0,0.0
18339,139.0,75.0,0.0
18340,140.0,93.0,0.0
18341,263.0,360.0,0.0
18342,115.0,61.0,0.0
18343,91.0,524.0,0.0
18344,186.0,43.0,0.0
18345,139.0,440.0,0.0
18346,144.0,549.0,0.0
18347,195.0,532.0,0.0
18348,141.0,396.0,0.0
18349,102.0,250.0,0.0
18350,68.0,114.0,0.0
18351,116.0,485.0,0.0
18352,139.0,265.0,0.0
18353,156.0,383.0,0.0
18354,10.0,229.0,0.0
18355,9.0,371.0,0.0
18356,19.0,55.0,0.0
18357,171.0,77.0,0.0
18358,4.0,504.0,0.0
18359,72.0,247.0,0.0
18360,89.0,532.0,0.0
18361,268.0,70.0,0.0
18362,232.0,70.0,0.0
18363,89.0,455.0,0.0
18364,237.0,348.0,0.0
18365,96.0,443.0,0.0
18366,179.0,269.0,0.0
18367,8.0,183.0,0.0
18368,105.0,567.0,0.0
18369,266.0,530.0,0.0
18370,233.0,305.0,0.0
18371,234.0,29.0,0.0
18372,5.0,293.0,0.0
18373,160.0,424.0,0.0
18374,126.0,270.0,0.0
18375,118.0,33.0,0.0
18376,39.0,426.0,0.0
18377,206.0,547.0,0.0
18378,161.0,21.0,0.0
18379,44.0,538.0,0.0
18380,216.0,43.0,0.0
18381,109.0,262.0,0.0
18382,179.0,582.0,0.0
18383,218.0,158.0,0.0
18384,243.0,188.0,0.0
18385,106.0,418.0,0.0
18386,68.0,328.0,0.0
18387,157.0,412.0,0.0
18388,4.0,245.0,0.0
18389,112.0,306.0,0.0
18390,129.0,469.0,0.0
18391,56.0,558.0,0.0
18392,230.0,540.0,0.0
18393,37.0,43.0,0.0
18394,243.0,54.0,0.0
18395,200.0,409.0,0.0
18396,213.0,594.0,0.0
18397,98.0,39.0,0.0
18398,42.0,20.0,0.0
18399,124.0,562.0,0.0
18400,121.0,545.0,0.0
18401,104.0,88.0,0.0
18402,14.0,185.0,0.0
18403,161.0,583.0,0.0
18404,30.0,298.0,0.0
18405,222.0,536.0,0.0
18406,43.0,456.0,0.0
18407,174.0,217.0,0.0
18408,21.0,309.0,0.0
18409,46.0,241.0,0.0
18410,180.0,579.0,0.0
18411,57.0,582.0,0.0
18412,135.0,139.0,0.0
18413,170.0,486.0,0.0
18414,117.0,346.0,0.0
18415,228.0,284.0,0.0
18416,157.0,353.0,0.0
18417,32.0,104.0,0.0
18418,107.0,279.0,0.0
18419,158.0,13.0,0.0
18420,230.0,352.0,0.0
18421,163.0,22.0,0.0
18422,35.0,48.0,0.0
18423,42.0,308.0,0.0
18424,204.0,251.0,0.0
18425,14.0,296.0,0.0
18426,40.0,131.0,0.0
18427,256.0,164.0,0.0
18428,215.0,104.0,0.0
18429,135.0,545.0,0.0
18430,196.0,150.0,0.0
18431,134.0,206.0,0.0
18432,44.0,251.0,0.0
18433,229.0,450.0,0.0
18434,46.0,110.0,0.0
18435,38.0,172.0,0.0
18436,144.0,156.0,0.0
18437,29.0,416.0,0.0
18438,18.0,220.0,0.0
18439,131.0,180.0,0.0
18440,43.0,248.0,0.0
18441,118.0,592.0,0.0
18442,153.0,25.0,0.0
18443,189.0,456.0,0.0
18444,198.0,168.0,0.0
18445,12.0,219.0,0.0
18446,177.0,232.0,0.0
18447,161.0,376.0,0.0
18448,39.0,487.0,0.0
18449,127.0,144.0,0.0
18450,115.0,499.0,0.0
18451,25.0,590.0,0.0
18452,268.0,507.0,0.0
18453,213.0,225.0,0.0
18454,30.0,340.0,0.0
18455,91.0,207.0,0.0
18456,106.0,159.0,0.0
18457,79.0,453.0,0.0
18458,63.0,480.0,0.0
18459,8.0,227.0,0.0
18460,103.0,551.0,0.0
18461,143.0,242.0,0.0
18462,30.0,273.0,0.0
18463,36.0,529.0,0.0
18464,191.0,318.0,0.0
18465,220.0,481.0,0.0
18466,143.0,377.0,0.0
18467,59.0,298.0,0.0
18468,155.0,382.0,0.0
18469,186.0,256.0,0.0
18470,94.0,41.0,0.0
18471,110.0,424.0,0.0
18472,128.0,456.0,0.0
18473,52.0,270.0,0.0
18474,153.0,484.0,0.0
18475,46.0,311.0,0.0
18476,51.0,370.0,0.0
18477,50.0,518.0,0.0
18478,254.0,378.0,0.0
18479,136.0,327.0,0.0
18480,13.0,11.0,0.0
18481,125.0,428.0,0.0
18482,20.0,33.0,0.0
18483,189.0,252.0,0.0
18484,224.0,310.0,0.0
18485,184.0,54.0,0.0
18486,54.0,301.0,0.0
18487,129.0,559.0,0.0
18488,116.0,560.0,0.0
18489,257.0,458.0,0.0
18490,210.0,230.0,0.0
18491,82.0,430.0,0.0
18492,111.0,82.0,0.0
18493,35.0,477.0,0.0
18494,180.0,283.0,0.0
18495,51.0,279.0,0.0
18496,54.0,316.0,0.0
18497,77.0,251.0,0.0
18498,147.0,25.0,0.0
18499,41.0,184.0,0.0
18500,11.0,485.0,0.0
18501,42.0,306.0,0.0
18502,44.0,412.0,0.0
18503,243.0,324.0,0.0
18504,107.0,367.0,0.0
18505,159.0,591.0,0.0
18506,239.0,431.0,0.0
18507,59.0,254.0,0.0
18508,3.0,403.0,0.0
18509,148.0,71.0,0.0
18510,139.0,430.0,0.0
18511,20.0,315.0,0.0
18512,229.0,163.0,0.0
18513,30.0,128.0,0.0
18514,76.0,528.0,0.0
18515,72.0,496.0,0.0
18516,111.0,102.0,0.0
18517,4.0,519.0,0.0
18518,124.0,189.0,0.0
18519,240.0,179.0,0.0
18520,80.0,39.0,0.0
18521,90.0,363.0,0.0
18522,5.0,85.0,0.0
18523,134.0,223.0,0.0
18524,221.0,42.0,0.0
18525,138.0,538.0,0.0
18526,226.0,93.0,0.0
18527,152.0,188.0,0.0
18528,9.0,483.0,0.0
18529,215.0,544.0,0.0
18530,180.0,346.0,0.0
18531,123.0,351.0,0.0
18532,237.0,154.0,0.0
18533,114.0,215.0,0.0
18534,81.0,257.0,0.0
18535,210.0,418.0,0.0
18536,170.0,576.0,0.0
18537,154.0,26.0,0.0
18538,57.0,507.0,0.0
18539,105.0,371.0,0.0
18540,46.0,308.0,0.0
18541,159.0,431.0,0.0
18542,84.0,3.0,0.0
18543,229.0,165.0,0.0
18544,171.0,245.0,0.0
18545,152.0,135.0,0.0
18546,191.0,243.0,0.0
18547,4.0,427.0,0.0
18548,232.0,61.0,0.0
18549,150.0,432.0,0.0
18550,24.0,590.0,0.0
18551,58.0,112.0,0.0
18552,104.0,548.0,0.0
18553,60.0,121.0,0.0
18554,109.0,54.0,0.0
18555,55.0,492.0,0.0
18556,44.0,395.0,0.0
18557,88.0,93.0,0.0
18558,182.0,375.0,0.0
18559,139.0,147.0,0.0
18560,225.0,395.0,0.0
18561,49.0,539.0,0.0
18562,183.0,229.0,0.0
18563,132.0,143.0,0.0
18564,38.0,280.0,0.0
18565,249.0,1.0,0.0
18566,169.0,122.0,0.0
18567,11.0,333.0,0.0
18568,62.0,576.0,0.0
18569,234.0,568.0,0.0
18570,35.0,42.0,0.0
18571,127.0,216.0,0.0
18572,143.0,65.0,0.0
18573,206.0,433.0,0.0
18574,50.0,197.0,0.0
18575,92.0,265.0,0.0
18576,184.0,102.0,0.0
18577,255.0,242.0,0.0
18578,168.0,27.0,0.0
18579,73.0,336.0,0.0
18580,58.0,128.0,0.0
18581,174.0,487.0,0.0
18582,60.0,350.0,0.0
18583,89.0,180.0,0.0
18584,78.0,280.0,0.0
18585,171.0,470.0,0.0
18586,118.0,418.0,0.0
18587,93.0,54.0,0.0
18588,242.0,271.0,0.0
18589,82.0,110.0,0.0
18590,60.0,101.0,0.0
18591,168.0,493.0,0.0
18592,169.0,198.0,0.0
18593,74.0,483.0,0.0
18594,36.0,565.0,0.0
18595,38.0,131.0,0.0
18596,107.0,243.0,0.0
18597,14.0,431.0,0.0
18598,203.0,206.0,0.0
18599,168.0,183.0,0.0
18600,140.0,407.0,0.0
18601,202.0,435.0,0.0
18602,240.0,590.0,0.0
18603,228.0,193.0,0.0
18604,177.0,165.0,0.0
18605,217.0,360.0,0.0
18606,129.0,159.0,0.0
18607,168.0,305.0,0.0
18608,180.0,157.0,0.0
18609,259.0,47.0,0.0
18610,151.0,455.0,0.0
18611,65.0,113.0,0.0
18612,258.0,494.0,0.0
18613,179.0,57.0,0.0
18614,127.0,75.0,0.0
18615,86.0,444.0,0.0
18616,88.0,268.0,0.0
18617,263.0,407.0,0.0
18618,22.0,361.0,0.0
18619,182.0,488.0,0.0
18620,172.0,516.0,0.0
18621,66.0,197.0,0.0
18622,122.0,345.0,0.0
18623,112.0,593.0,0.0
18624,42.0,159.0,0.0
18625,38.0,213.0,0.0
18626,207.0,404.0,0.0
18627,148.0,362.0,0.0
18628,14.0,13.0,0.0
18629,11.0,415.0,0.0
18630,163.0,315.0,0.0
18631,12.0,509.0,0.0
18632,40.0,190.0,0.0
18633,220.0,382.0,0.0
18634,149.0,205.0,0.0
18635,73.0,320.0,0.0
18636,95.0,343.0,0.0
18637,128.0,587.0,0.0
18638,253.0,82.0,0.0
18639,5.0,24.0,0.0
18640,170.0,72.0,0.0
18641,256.0,563.0,0.0
18642,1.0,104.0,0.0
18643,204.0,282.0,0.0
18644,124.0,472.0,0.0
18645,109.0,426.0,0.0
18646,47.0,272.0,0.0
18647,36.0,177.0,0.0
18648,178.0,502.0,0.0
18649,186.0,441.0,0.0
18650,159.0,193.0,0.0
18651,265.0,460.0,0.0
18652,131.0,532.0,0.0
18653,92.0,444.0,0.0
18654,64.0,436.0,0.0
18655,251.0,575.0,0.0
18656,161.0,301.0,0.0
18657,114.0,441.0,0.0
18658,91.0,196.0,0.0
18659,215.0,546.0,0.0
18660,169.0,30.0,0.0
18661,230.0,481.0,0.0
18662,224.0,507.0,0.0
18663,88.0,502.0,0.0
18664,103.0,368.0,0.0
18665,209.0,487.0,0.0
18666,210.0,515.0,0.0
18667,50.0,545.0,0.0
18668,144.0,234.0,0.0
18669,176.0,62.0,0.0
18670,22.0,458.0,0.0
18671,3.0,482.0,0.0
18672,38.0,282.0,0.0
18673,37.0,203.0,0.0
18674,250.0,75.0,0.0
18675,197.0,163.0,0.0
18676,78.0,97.0,0.0
18677,103.0,277.0,0.0
18678,6.0,197.0,0.0
18679,239.0,350.0,0.0
18680,179.0,297.0,0.0
18681,191.0,312.0,0.0
18682,233.0,55.0,0.0
18683,110.0,349.0,0.0
18684,213.0,504.0,0.0
18685,55.0,9.0,0.0
18686,264.0,498.0,0.0
18687,17.0,67.0,0.0
18688,190.0,461.0,0.0
18689,149.0,149.0,0.0
18690,176.0,396.0,0.0
18691,43.0,570.0,0.0
18692,68.0,230.0,0.0
18693,210.0,560.0,0.0
18694,39.0,38.0,0.0
18695,223.0,244.0,0.0
18696,213.0,558.0,0.0
18697,254.0,514.0,0.0
18698,41.0,213.0,0.0
18699,38.0,530.0,0.0
18700,156.0,156.0,0.0
18701,43.0,146.0,0.0
18702,95.0,353.0,0.0
18703,100.0,139.0,0.0
18704,110.0,230.0,0.0
18705,74.0,351.0,0.0
18706,34.0,234.0,0.0
18707,24.0,295.0,0.0
18708,232.0,481.0,0.0
18709,26.0,261.0,0.0
18710,93.0,195.0,0.0
18711,210.0,371.0,0.0
18712,61.0,208.0,0.0
18713,116.0,360.0,0.0
18714,224.0,537.0,0.0
18715,205.0,554.0,0.0
18716,40.0,398.0,0.0
18717,92.0,375.0,0.0
18718,153.0,371.0,0.0
18719,39.0,192.0,0.0
18720,96.0,18.0,0.0
18721,67.0,78.0,0.0
18722,15.0,43.0,0.0
18723,160.0,467.0,0.0
18724,106.0,261.0,0.0
18725,38.0,518.0,0.0
18726,217.0,555.0,0.0
18727,65.0,35.0,0.0
18728,81.0,121.0,0.0
18729,97.0,352.0,0.0
18730,70.0,513.0,0.0
18731,212.0,415.0,0.0
18732,83.0,583.0,0.0
18733,153.0,96.0,0.0
18734,258.0,197.0,0.0
18735,152.0,194.0,0.0
18736,215.0,331.0,0.0
18737,156.0,99.0,0.0
18738,113.0,224.0,0.0
18739,193.0,167.0,0.0
18740,239.0,436.0,0.0
18741,197.0,424.0,0.0
18742,239.0,6.0,0.0
18743,48.0,382.0,0.0
18744,150.0,472.0,0.0
18745,179.0,323.0,0.0
18746,196.0,398.0,0.0
18747,186.0,261.0,0.0
18748,10.0,46.0,0.0
18749,209.0,274.0,0.0
18750,189.0,547.0,0.0
18751,262.0,272.0,0.0
18752,150.0,596.0,0.0
18753,53.0,359.0,0.0
18754,143.0,571.0,0.0
18755,125.0,385.0,0.0
18756,124.0,198.0,0.0
18757,217.0,138.0,0.0
18758,122.0,364.0,0.0
18759,154.0,354.0,0.0
18760,252.0,496.0,0.0
18761,19.0,231.0,0.0
18762,150.0,451.0,0.0
18763,21.0,153.0,0.0
18764,174.0,166.0,0.0
18765,89.0,107.0,0.0
18766,197.0,387.0,0.0
18767,199.0,464.0,0.0
18768,140.0,501.0,0.0
18769,101.0,215.0,0.0
18770,140.0,437.0,0.0
18771,201.0,129.0,0.0
18772,195.0,47.0,0.0
18773,92.0,90.0,0.0
18774,134.0,363.0,0.0
18775,138.0,226.0,0.0
18776,138.0,61.0,0.0
18777,170.0,305.0,0.0
18778,188.0,493.0,0.0
18779,28.0,108.0,0.0
18780,212.0,177.0,0.0
18781,249.0,54.0,0.0
18782,236.0,332.0,0.0
18783,111.0,270.0,0.0
18784,256.0,218.0,0.0
18785,205.0,461.0,0.0
18786,164.0,199.0,0.0
18787,132.0,554.0,0.0
18788,3.0,348.0,0.0
18789,26.0,15.0,0.0
18790,72.0,456.0,0.0
18791,265.0,248.0,0.0
18792,41.0,149.0,0.0
18793,40.0,569.0,0.0
18794,192.0,509.0,0.0
18795,190.0,448.0,0.0
18796,98.0,188.0,0.0
18797,33.0,346.0,0.0
18798,50.0,281.0,0.0
18799,38.0,275.0,0.0
18800,225.0,455.0,0.0
18801,110.0,52.0,0.0
18802,5.0,507.0,0.0
18803,167.0,309.0,0.0
18804,228.0,518.0,0.0
18805,88.0,513.0,0.0
18806,133.0,330.0,0.0
18807,217.0,296.0,0.0
18808,249.0,64.0,0.0
18809,69.0,510.0,0.0
18810,96.0,184.0,0.0
18811,226.0,508.0,0.0
18812,67.0,183.0,0.0
18813,267.0,57.0,0.0
18814,210.0,354.0,0.0
18815,179.0,194.0,0.0
18816,204.0,551.0,0.0
18817,118.0,580.0,0.0
18818,116.0,362.0,0.0
18819,181.0,312.0,0.0
18820,166.0,420.0,0.0
18821,7.0,76.0,0.0
18822,136.0,238.0,0.0
18823,7.0,174.0,0.0
18824,22.0,260.0,0.0
18825,234.0,573.0,0.0
18826,145.0,65.0,0.0
18827,20.0,331.0,0.0
18828,111.0,383.0,0.0
18829,70.0,316.0,0.0
18830,198.0,402.0,0.0
18831,5.0,516.0,0.0
18832,82.0,158.0,0.0
18833,3.0,355.0,0.0
18834,36.0,216.0,0.0
18835,237.0,526.0,0.0
18836,238.0,555.0,0.0
18837,221.0,473.0,0.0
18838,205.0,134.0,0.0
18839,230.0,509.0,0.0
18840,59.0,410.0,0.0
18841,244.0,281.0,0.0
18842,131.0,191.0,0.0
18843,26.0,468.0,0.0
18844,211.0,516.0,0.0
18845,39.0,559.0,0.0
18846,103.0,16.0,0.0
18847,23.0,450.0,0.0
18848,265.0,211.0,0.0
18849,237.0,466.0,0.0
18850,56.0,63.0,0.0
18851,184.0,84.0,0.0
18852,190.0,505.0,0.0
18853,248.0,165.0,0.0
18854,73.0,90.0,0.0
18855,246.0,41.0,0.0
18856,195.0,148.0,0.0
18857,4.0,228.0,0.0
18858,90.0,187.0,0.0
18859,129.0,41.0,0.0
18860,19.0,286.0,0.0
18861,153.0,482.0,0.0
18862,96.0,217.0,0.0
18863,144.0,56.0,0.0
18864,0.0,563.0,0.0
18865,171.0,502.0,0.0
18866,258.0,453.0,0.0
18867,95.0,515.0,0.0
18868,128.0,307.0,0.0
18869,37.0,104.0,0.0
18870,131.0,77.0,0.0
18871,62.0,313.0,0.0
18872,135.0,348.0,0.0
18873,181.0,241.0,0.0
18874,183.0,217.0,0.0
18875,174.0,250.0,0.0
18876,198.0,528.0,0.0
18877,137.0,520.0,0.0
18878,228.0,403.0,0.0
18879,169.0,125.0,0.0
18880,138.0,53.0,0.0
18881,248.0,307.0,0.0
18882,233.0,584.0,0.0
18883,131.0,88.0,0.0
18884,76.0,77.0,0.0
18885,143.0,494.0,0.0
18886,61.0,588.0,0.0
18887,226.0,287.0,0.0
18888,111.0,141.0,0.0
18889,148.0,455.0,0.0
18890,12.0,199.0,0.0
18891,49.0,355.0,0.0
18892,237.0,353.0,0.0
18893,64.0,396.0,0.0
18894,107.0,501.0,0.0
18895,235.0,332.0,0.0
18896,32.0,431.0,0.0
18897,233.0,125.0,0.0
18898,29.0,289.0,0.0
18899,95.0,473.0,0.0
18900,190.0,94.0,0.0
18901,24.0,329.0,0.0
18902,41.0,172.0,0.0
18903,92.0,159.0,0.0
18904,135.0,252.0,0.0
18905,121.0,552.0,0.0
18906,18.0,520.0,0.0
18907,206.0,235.0,0.0
18908,219.0,536.0,0.0
18909,6.0,436.0,0.0
18910,94.0,393.0,0.0
18911,222.0,352.0,0.0
18912,61.0,61.0,0.0
18913,118.0,145.0,0.0
18914,202.0,261.0,0.0
18915,75.0,113.0,0.0
18916,28.0,413.0,0.0
18917,155.0,162.0,0.0
18918,222.0,487.0,0.0
18919,160.0,363.0,0.0
18920,12.0,590.0,0.0
18921,61.0,453.0,0.0
18922,230.0,581.0,0.0
18923,140.0,406.0,0.0
18924,34.0,182.0,0.0
18925,146.0,347.0,0.0
18926,97.0,61.0,0.0
18927,131.0,516.0,0.0
18928,245.0,65.0,0.0
18929,63.0,104.0,0.0
18930,41.0,533.0,0.0
18931,16.0,48.0,0.0
18932,176.0,546.0,0.0
18933,160.0,323.0,0.0
18934,31.0,482.0,0.0
18935,229.0,86.0,0.0
18936,143.0,171.0,0.0
18937,188.0,392.0,0.0
18938,12.0,507.0,0.0
18939,211.0,277.0,0.0
18940,5.0,480.0,0.0
18941,190.0,335.0,0.0
18942,171.0,460.0,0.0
18943,138.0,163.0,0.0
18944,141.0,310.0,0.0
18945,80.0,141.0,0.0
18946,243.0,117.0,0.0
18947,241.0,166.0,0.0
18948,4.0,257.0,0.0
18949,122.0,588.0,0.0
18950,224.0,70.0,0.0
18951,110.0,382.0,0.0
18952,161.0,424.0,0.0
18953,203.0,399.0,0.0
18954,227.0,428.0,0.0
18955,46.0,78.0,0.0
18956,120.0,500.0,0.0
18957,122.0,16.0,0.0
18958,138.0,227.0,0.0
18959,190.0,73.0,0.0
18960,184.0,466.0,0.0
18961,110.0,143.0,0.0
18962,86.0,65.0,0.0
18963,96.0,2.0,0.0
18964,158.0,472.0,0.0
18965,215.0,430.0,0.0
18966,104.0,332.0,0.0
18967,47.0,427.0,0.0
18968,227.0,525.0,0.0
18969,90.0,555.0,0.0
18970,191.0,290.0,0.0
18971,10.0,78.0,0.0
18972,124.0,586.0,0.0
18973,9.0,548.0,0.0
18974,144.0,72.0,0.0
18975,121.0,131.0,0.0
18976,180.0,521.0,0.0
18977,158.0,340.0,0.0
18978,19.0,353.0,0.0
18979,63.0,461.0,0.0
18980,209.0,7.0,0.0
18981,18.0,26.0,0.0
18982,64.0,582.0,0.0
18983,15.0,74.0,0.0
18984,62.0,16.0,0.0
18985,96.0,364.0,0.0
18986,37.0,17.0,0.0
18987,230.0,90.0,0.0
18988,221.0,44.0,0.0
18989,67.0,450.0,0.0
18990,124.0,0.0,0.0
18991,222.0,115.0,0.0
18992,29.0,573.0,0.0
18993,11.0,429.0,0.0
18994,179.0,369.0,0.0
18995,85.0,581.0,0.0
18996,83.0,483.0,0.0
18997,217.0,47.0,0.0
18998,133.0,334.0,0.0
18999,99.0,30.0,0.0
19000,153.0,476.0,0.0
19001,268.0,145.0,0.0
19002,184.0,358.0,0.0
19003,139.0,89.0,0.0
19004,5.0,140.0,0.0
19005,155.0,128.0,0.0
19006,242.0,307.0,0.0
19007,126.0,233.0,0.0
19008,33.0,39.0,0.0
19009,111.0,384.0,0.0
19010,221.0,458.0,0.0
19011,189.0,333.0,0.0
19012,204.0,420.0,0.0
19013,8.0,221.0,0.0
19014,265.0,349.0,0.0
19015,151.0,476.0,0.0
19016,21.0,158.0,0.0
19017,92.0,534.0,0.0
19018,23.0,453.0,0.0
19019,175.0,544.0,0.0
19020,37.0,52.0,0.0
19021,163.0,552.0,0.0
19022,124.0,377.0,0.0
19023,169.0,417.0,0.0
19024,86.0,154.0,0.0
19025,138.0,582.0,0.0
19026,260.0,427.0,0.0
19027,67.0,276.0,0.0
19028,143.0,149.0,0.0
19029,221.0,348.0,0.0
19030,81.0,582.0,0.0
19031,193.0,310.0,0.0
19032,218.0,28.0,0.0
19033,163.0,457.0,0.0
19034,205.0,536.0,0.0
19035,218.0,207.0,0.0
19036,7.0,534.0,0.0
19037,207.0,573.0,0.0
19038,196.0,283.0,0.0
19039,26.0,534.0,0.0
19040,129.0,163.0,0.0
19041,256.0,95.0,0.0
19042,58.0,326.0,0.0
19043,46.0,336.0,0.0
19044,86.0,31.0,0.0
19045,8.0,180.0,0.0
19046,143.0,439.0,0.0
19047,10.0,505.0,0.0
19048,187.0,65.0,0.0
19049,116.0,404.0,0.0
19050,267.0,330.0,0.0
19051,109.0,425.0,0.0
19052,257.0,475.0,0.0
19053,31.0,158.0,0.0
19054,7.0,336.0,0.0
19055,138.0,33.0,0.0
19056,81.0,270.0,0.0
19057,41.0,469.0,0.0
19058,265.0,152.0,0.0
19059,186.0,232.0,0.0
19060,180.0,140.0,0.0
19061,268.0,85.0,0.0
19062,29.0,524.0,0.0
19063,214.0,197.0,0.0
19064,31.0,303.0,0.0
19065,155.0,29.0,0.0
19066,55.0,196.0,0.0
19067,183.0,472.0,0.0
19068,91.0,495.0,0.0
19069,118.0,141.0,0.0
19070,85.0,337.0,0.0
19071,180.0,578.0,0.0
19072,124.0,267.0,0.0
19073,4.0,189.0,0.0
19074,99.0,496.0,0.0
19075,61.0,485.0,0.0
19076,170.0,594.0,0.0
19077,8.0,543.0,0.0
19078,24.0,284.0,0.0
19079,236.0,529.0,0.0
19080,100.0,368.0,0.0
19081,109.0,134.0,0.0
19082,237.0,107.0,0.0
19083,251.0,8.0,0.0
19084,126.0,450.0,0.0
19085,138.0,558.0,0.0
19086,168.0,281.0,0.0
19087,220.0,284.0,0.0
19088,232.0,331.0,0.0
19089,172.0,220.0,0.0
19090,175.0,150.0,0.0
19091,14.0,137.0,0.0
19092,95.0,297.0,0.0
19093,77.0,543.0,0.0
19094,22.0,160.0,0.0
19095,153.0,51.0,0.0
19096,16.0,93.0,0.0
19097,192.0,501.0,0.0
19098,80.0,325.0,0.0
19099,4.0,193.0,0.0
19100,202.0,497.0,0.0
19101,164.0,256.0,0.0
19102,231.0,177.0,0.0
19103,219.0,228.0,0.0
19104,168.0,234.0,0.0
19105,120.0,249.0,0.0
19106,104.0,41.0,0.0
19107,71.0,532.0,0.0
19108,156.0,160.0,0.0
19109,81.0,0.0,0.0
19110,204.0,506.0,0.0
19111,184.0,596.0,0.0
19112,64.0,384.0,0.0
19113,75.0,343.0,0.0
19114,265.0,498.0,0.0
19115,97.0,158.0,0.0
19116,125.0,13.0,0.0
19117,57.0,527.0,0.0
19118,43.0,474.0,0.0
19119,61.0,120.0,0.0
19120,55.0,29.0,0.0
19121,171.0,376.0,0.0
19122,177.0,5.0,0.0
19123,244.0,154.0,0.0
19124,42.0,465.0,0.0
19125,159.0,297.0,0.0
19126,130.0,460.0,0.0
19127,140.0,354.0,0.0
19128,24.0,170.0,0.0
19129,224.0,249.0,0.0
19130,70.0,143.0,0.0
19131,157.0,327.0,0.0
19132,238.0,215.0,0.0
19133,229.0,415.0,0.0
19134,112.0,80.0,0.0
19135,58.0,361.0,0.0
19136,2.0,10.0,0.0
19137,205.0,555.0,0.0
19138,200.0,388.0,0.0
19139,4.0,268.0,0.0
19140,38.0,379.0,0.0
19141,139.0,574.0,0.0
19142,22.0,233.0,0.0
19143,77.0,229.0,0.0
19144,3.0,192.0,0.0
19145,185.0,83.0,0.0
19146,117.0,257.0,0.0
19147,215.0,485.0,0.0
19148,211.0,484.0,0.0
19149,13.0,544.0,0.0
19150,118.0,44.0,0.0
19151,22.0,319.0,0.0
19152,57.0,411.0,0.0
19153,46.0,138.0,0.0
19154,92.0,7.0,0.0
19155,117.0,200.0,0.0
19156,193.0,496.0,0.0
19157,26.0,505.0,0.0
19158,83.0,306.0,0.0
19159,62.0,474.0,0.0
19160,209.0,335.0,0.0
19161,202.0,412.0,0.0
19162,222.0,51.0,0.0
19163,167.0,462.0,0.0
19164,241.0,474.0,0.0
19165,77.0,205.0,0.0
19166,2.0,233.0,0.0
19167,257.0,330.0,0.0
19168,252.0,351.0,0.0
19169,236.0,274.0,0.0
19170,22.0,207.0,0.0
19171,259.0,563.0,0.0
19172,230.0,150.0,0.0
19173,38.0,335.0,0.0
19174,14.0,544.0,0.0
19175,125.0,452.0,0.0
19176,268.0,390.0,0.0
19177,64.0,317.0,0.0
19178,209.0,426.0,0.0
19179,25.0,547.0,0.0
19180,38.0,413.0,0.0
19181,50.0,430.0,0.0
19182,0.0,279.0,0.0
19183,168.0,174.0,0.0
19184,43.0,106.0,0.0
19185,239.0,107.0,0.0
19186,114.0,169.0,0.0
19187,177.0,289.0,0.0
19188,239.0,133.0,0.0
19189,100.0,186.0,0.0
19190,157.0,56.0,0.0
19191,68.0,480.0,0.0
19192,98.0,182.0,0.0
19193,91.0,437.0,0.0
19194,240.0,477.0,0.0
19195,176.0,135.0,0.0
19196,139.0,107.0,0.0
19197,163.0,435.0,0.0
19198,223.0,224.0,0.0
19199,163.0,0.0,0.0
19200,221.0,94.0,0.0
19201,3.0,529.0,0.0
19202,24.0,367.0,0.0
19203,18.0,490.0,0.0
19204,220.0,371.0,0.0
19205,170.0,229.0,0.0
19206,227.0,316.0,0.0
19207,98.0,589.0,0.0
19208,42.0,41.0,0.0
19209,167.0,218.0,0.0
19210,54.0,573.0,0.0
19211,32.0,309.0,0.0
19212,50.0,397.0,0.0
19213,186.0,591.0,0.0
19214,14.0,520.0,0.0
19215,235.0,411.0,0.0
19216,221.0,243.0,0.0
19217,174.0,477.0,0.0
19218,221.0,28.0,0.0
19219,168.0,549.0,0.0
19220,265.0,437.0,0.0
19221,14.0,139.0,0.0
19222,65.0,132.0,0.0
19223,99.0,14.0,0.0
19224,61.0,356.0,0.0
19225,234.0,431.0,0.0
19226,12.0,557.0,0.0
19227,34.0,237.0,0.0
19228,187.0,436.0,0.0
19229,196.0,475.0,0.0
19230,130.0,94.0,0.0
19231,190.0,137.0,0.0
19232,255.0,381.0,0.0
19233,59.0,534.0,0.0
19234,58.0,122.0,0.0
19235,79.0,541.0,0.0
19236,59.0,561.0,0.0
19237,212.0,82.0,0.0
19238,6.0,133.0,0.0
19239,3.0,262.0,0.0
19240,259.0,171.0,0.0
19241,135.0,0.0,0.0
19242,219.0,140.0,0.0
19243,0.0,519.0,0.0
19244,27.0,13.0,0.0
19245,171.0,419.0,0.0
19246,108.0,202.0,0.0
19247,23.0,75.0,0.0
19248,249.0,170.0,0.0
19249,24.0,376.0,0.0
19250,124.0,346.0,0.0
19251,210.0,97.0,0.0
19252,174.0,128.0,0.0
19253,114.0,42.0,0.0
19254,121.0,0.0,0.0
19255,69.0,115.0,0.0
19256,79.0,164.0,0.0
19257,50.0,586.0,0.0
19258,161.0,525.0,0.0
19259,133.0,406.0,0.0
19260,4.0,551.0,0.0
19261,201.0,544.0,0.0
19262,118.0,271.0,0.0
19263,248.0,7.0,0.0
19264,179.0,154.0,0.0
19265,261.0,149.0,0.0
19266,78.0,246.0,0.0
19267,211.0,419.0,0.0
19268,90.0,84.0,0.0
19269,58.0,425.0,0.0
19270,127.0,442.0,0.0
19271,10.0,63.0,0.0
19272,46.0,168.0,0.0
19273,203.0,590.0,0.0
19274,251.0,92.0,0.0
19275,202.0,114.0,0.0
19276,163.0,538.0,0.0
19277,231.0,311.0,0.0
19278,218.0,540.0,0.0
19279,72.0,301.0,0.0
19280,239.0,94.0,0.0
19281,100.0,464.0,0.0
19282,239.0,564.0,0.0
19283,22.0,275.0,0.0
19284,108.0,470.0,0.0
19285,89.0,567.0,0.0
19286,201.0,261.0,0.0
19287,41.0,407.0,0.0
19288,0.0,20.0,0.0
19289,109.0,454.0,0.0
19290,112.0,509.0,0.0
19291,8.0,371.0,0.0
19292,55.0,548.0,0.0
19293,93.0,409.0,0.0
19294,188.0,594.0,0.0
19295,146.0,87.0,0.0
19296,263.0,554.0,0.0
19297,161.0,471.0,0.0
19298,24.0,61.0,0.0
19299,163.0,306.0,0.0
19300,205.0,150.0,0.0
19301,240.0,43.0,0.0
19302,83.0,332.0,0.0
19303,53.0,475.0,0.0
19304,237.0,191.0,0.0
19305,92.0,153.0,0.0
19306,94.0,472.0,0.0
19307,220.0,483.0,0.0
19308,114.0,476.0,0.0
19309,228.0,96.0,0.0
19310,141.0,123.0,0.0
19311,96.0,485.0,0.0
19312,116.0,255.0,0.0
19313,129.0,189.0,0.0
19314,33.0,446.0,0.0
19315,197.0,14.0,0.0
19316,7.0,474.0,0.0
19317,250.0,192.0,0.0
19318,38.0,316.0,0.0
19319,218.0,463.0,0.0
19320,253.0,424.0,0.0
19321,157.0,208.0,0.0
19322,219.0,119.0,0.0
19323,35.0,85.0,0.0
19324,208.0,233.0,0.0
19325,211.0,427.0,0.0
19326,186.0,392.0,0.0
19327,74.0,448.0,0.0
19328,157.0,372.0,0.0
19329,194.0,482.0,0.0
19330,183.0,158.0,0.0
19331,8.0,29.0,0.0
19332,50.0,400.0,0.0
19333,170.0,264.0,0.0
19334,247.0,157.0,0.0
19335,168.0,162.0,0.0
19336,114.0,8.0,0.0
19337,229.0,360.0,0.0
19338,3.0,522.0,0.0
19339,175.0,384.0,0.0
19340,4.0,479.0,0.0
19341,30.0,87.0,0.0
19342,69.0,4.0,0.0
19343,56.0,312.0,0.0
19344,40.0,394.0,0.0
19345,65.0,335.0,0.0
19346,10.0,472.0,0.0
19347,255.0,23.0,0.0
19348,48.0,401.0,0.0
19349,160.0,296.0,0.0
19350,0.0,136.0,0.0
19351,71.0,322.0,0.0
19352,133.0,271.0,0.0
19353,203.0,299.0,0.0
19354,40.0,408.0,0.0
19355,120.0,6.0,0.0
19356,38.0,80.0,0.0
19357,5.0,447.0,0.0
19358,144.0,274.0,0.0
19359,38.0,85.0,0.0
19360,175.0,75.0,0.0
19361,217.0,531.0,0.0
19362,156.0,336.0,0.0
19363,200.0,448.0,0.0
19364,77.0,515.0,0.0
19365,246.0,1.0,0.0
19366,246.0,187.0,0.0
19367,183.0,539.0,0.0
19368,228.0,467.0,0.0
19369,268.0,431.0,0.0
19370,200.0,0.0,0.0
19371,72.0,318.0,0.0
19372,73.0,234.0,0.0
19373,19.0,526.0,0.0
19374,192.0,53.0,0.0
19375,177.0,237.0,0.0
19376,254.0,134.0,0.0
19377,3.0,213.0,0.0
19378,111.0,57.0,0.0
19379,197.0,345.0,0.0
19380,13.0,253.0,0.0
19381,216.0,472.0,0.0
19382,50.0,435.0,0.0
19383,261.0,477.0,0.0
19384,3.0,18.0,0.0
19385,121.0,72.0,0.0
19386,49.0,479.0,0.0
19387,19.0,456.0,0.0
19388,33.0,216.0,0.0
19389,40.0,515.0,0.0
19390,247.0,385.0,0.0
19391,196.0,417.0,0.0
19392,241.0,165.0,0.0
19393,192.0,120.0,0.0
19394,245.0,435.0,0.0
19395,9.0,440.0,0.0
19396,113.0,136.0,0.0
19397,100.0,190.0,0.0
19398,192.0,402.0,0.0
19399,233.0,516.0,0.0
19400,192.0,316.0,0.0
19401,240.0,137.0,0.0
19402,166.0,28.0,0.0
19403,260.0,265.0,0.0
19404,260.0,210.0,0.0
19405,109.0,477.0,0.0
19406,239.0,106.0,0.0
19407,160.0,10.0,0.0
19408,164.0,223.0,0.0
19409,4.0,118.0,0.0
19410,248.0,392.0,0.0
19411,38.0,55.0,0.0
19412,14.0,331.0,0.0
19413,161.0,505.0,0.0
19414,140.0,366.0,0.0
19415,154.0,578.0,0.0
19416,196.0,523.0,0.0
19417,53.0,308.0,0.0
19418,87.0,451.0,0.0
19419,261.0,102.0,0.0
19420,66.0,382.0,0.0
19421,162.0,416.0,0.0
19422,108.0,70.0,0.0
19423,155.0,445.0,0.0
19424,235.0,141.0,0.0
19425,169.0,355.0,0.0
19426,4.0,416.0,0.0
19427,24.0,572.0,0.0
19428,10.0,213.0,0.0
19429,265.0,269.0,0.0
19430,154.0,567.0,0.0
19431,108.0,63.0,0.0
19432,2.0,375.0,0.0
19433,98.0,141.0,0.0
19434,108.0,308.0,0.0
19435,78.0,525.0,0.0
19436,209.0,47.0,0.0
19437,70.0,325.0,0.0
19438,137.0,98.0,0.0
19439,247.0,60.0,0.0
19440,137.0,580.0,0.0
19441,119.0,430.0,0.0
19442,172.0,75.0,0.0
19443,102.0,384.0,0.0
19444,229.0,301.0,0.0
19445,236.0,509.0,0.0
19446,61.0,384.0,0.0
19447,5.0,99.0,0.0
19448,3.0,354.0,0.0
19449,21.0,150.0,0.0
19450,258.0,397.0,0.0
19451,99.0,143.0,0.0
19452,11.0,562.0,0.0
19453,261.0,414.0,0.0
19454,60.0,145.0,0.0
19455,20.0,282.0,0.0
19456,85.0,375.0,0.0
19457,214.0,422.0,0.0
19458,263.0,528.0,0.0
19459,173.0,19.0,0.0
19460,49.0,584.0,0.0
19461,133.0,408.0,0.0
19462,185.0,475.0,0.0
19463,218.0,372.0,0.0
19464,204.0,581.0,0.0
19465,112.0,268.0,0.0
19466,21.0,250.0,0.0
19467,194.0,385.0,0.0
19468,267.0,32.0,0.0
19469,214.0,336.0,0.0
19470,241.0,401.0,0.0
19471,189.0,35.0,0.0
19472,49.0,25.0,0.0
19473,61.0,487.0,0.0
19474,99.0,52.0,0.0
19475,141.0,76.0,0.0
19476,92.0,393.0,0.0
19477,85.0,525.0,0.0
19478,179.0,26.0,0.0
19479,96.0,558.0,0.0
19480,216.0,508.0,0.0
19481,6.0,468.0,0.0
19482,219.0,64.0,0.0
19483,185.0,470.0,0.0
19484,189.0,567.0,0.0
19485,147.0,582.0,0.0
19486,179.0,455.0,0.0
19487,0.0,579.0,0.0
19488,234.0,172.0,0.0
19489,116.0,551.0,0.0
19490,22.0,212.0,0.0
19491,197.0,373.0,0.0
19492,110.0,410.0,0.0
19493,233.0,242.0,0.0
19494,49.0,395.0,0.0
19495,18.0,261.0,0.0
19496,36.0,317.0,0.0
19497,143.0,507.0,0.0
19498,94.0,60.0,0.0
19499,1.0,220.0,0.0
19500,67.0,428.0,0.0
19501,35.0,474.0,0.0
19502,135.0,538.0,0.0
19503,111.0,526.0,0.0
19504,227.0,552.0,0.0
19505,158.0,577.0,0.0
19506,65.0,554.0,0.0
19507,172.0,301.0,0.0
19508,30.0,36.0,0.0
19509,250.0,549.0,0.0
19510,204.0,492.0,0.0
19511,118.0,54.0,0.0
19512,237.0,291.0,0.0
19513,239.0,341.0,0.0
19514,177.0,553.0,0.0
19515,230.0,262.0,0.0
19516,7.0,242.0,0.0
19517,92.0,89.0,0.0
19518,94.0,185.0,0.0
19519,199.0,43.0,0.0
19520,22.0,393.0,0.0
19521,57.0,487.0,0.0
19522,15.0,412.0,0.0
19523,242.0,290.0,0.0
19524,47.0,556.0,0.0
19525,247.0,425.0,0.0
19526,137.0,562.0,0.0
19527,3.0,32.0,0.0
19528,203.0,414.0,0.0
19529,78.0,453.0,0.0
19530,27.0,544.0,0.0
19531,126.0,37.0,0.0
19532,147.0,319.0,0.0
19533,163.0,554.0,0.0
19534,53.0,105.0,0.0
19535,32.0,364.0,0.0
19536,116.0,440.0,0.0
19537,116.0,309.0,0.0
19538,44.0,554.0,0.0
19539,123.0,389.0,0.0
19540,127.0,365.0,0.0
19541,261.0,180.0,0.0
19542,83.0,94.0,0.0
19543,110.0,524.0,0.0
19544,197.0,552.0,0.0
19545,195.0,209.0,0.0
19546,88.0,111.0,0.0
19547,256.0,427.0,0.0
19548,181.0,530.0,0.0
19549,60.0,163.0,0.0
19550,95.0,69.0,0.0
19551,20.0,130.0,0.0
19552,145.0,575.0,0.0
19553,26.0,459.0,0.0
19554,218.0,530.0,0.0
19555,187.0,358.0,0.0
19556,255.0,533.0,0.0
19557,196.0,517.0,0.0
19558,105.0,11.0,0.0
19559,3.0,307.0,0.0
19560,73.0,496.0,0.0
19561,31.0,256.0,0.0
19562,32.0,223.0,0.0
19563,27.0,497.0,0.0
19564,204.0,483.0,0.0
19565,170.0,122.0,0.0
19566,88.0,505.0,0.0
19567,134.0,281.0,0.0
19568,156.0,23.0,0.0
19569,124.0,213.0,0.0
19570,22.0,184.0,0.0
19571,137.0,260.0,0.0
19572,179.0,551.0,0.0
19573,89.0,405.0,0.0
19574,158.0,544.0,0.0
19575,84.0,41.0,0.0
19576,7.0,69.0,0.0
19577,35.0,371.0,0.0
19578,112.0,364.0,0.0
19579,181.0,450.0,0.0
19580,46.0,18.0,0.0
19581,185.0,363.0,0.0
19582,24.0,477.0,0.0
19583,165.0,396.0,0.0
19584,187.0,332.0,0.0
19585,29.0,114.0,0.0
19586,8.0,137.0,0.0
19587,28.0,101.0,0.0
19588,258.0,517.0,0.0
19589,64.0,73.0,0.0
19590,180.0,517.0,0.0
19591,23.0,190.0,0.0
19592,121.0,9.0,0.0
19593,191.0,17.0,0.0
19594,239.0,314.0,0.0
19595,198.0,147.0,0.0
19596,8.0,588.0,0.0
19597,134.0,495.0,0.0
19598,28.0,39.0,0.0
19599,19.0,78.0,0.0
19600,111.0,301.0,0.0
19601,196.0,551.0,0.0
19602,0.0,389.0,0.0
19603,196.0,88.0,0.0
19604,176.0,581.0,0.0
19605,175.0,138.0,0.0
19606,262.0,477.0,0.0
19607,167.0,353.0,0.0
19608,264.0,378.0,0.0
19609,148.0,389.0,0.0
19610,205.0,546.0,0.0
19611,137.0,100.0,0.0
19612,210.0,241.0,0.0
19613,259.0,543.0,0.0
19614,165.0,487.0,0.0
19615,66.0,51.0,0.0
19616,242.0,68.0,0.0
19617,246.0,588.0,0.0
19618,166.0,62.0,0.0
19619,217.0,508.0,0.0
19620,118.0,0.0,0.0
19621,238.0,58.0,0.0
19622,196.0,256.0,0.0
19623,8.0,540.0,0.0
19624,42.0,37.0,0.0
19625,97.0,577.0,0.0
19626,5.0,61.0,0.0
19627,26.0,306.0,0.0
19628,213.0,157.0,0.0
19629,50.0,259.0,0.0
19630,2.0,231.0,0.0
19631,205.0,94.0,0.0
19632,106.0,479.0,0.0
19633,161.0,425.0,0.0
19634,177.0,536.0,0.0
19635,193.0,19.0,0.0
19636,23.0,409.0,0.0
19637,231.0,9.0,0.0
19638,143.0,209.0,0.0
19639,212.0,134.0,0.0
19640,211.0,58.0,0.0
19641,91.0,156.0,0.0
19642,227.0,280.0,0.0
19643,109.0,432.0,0.0
19644,195.0,62.0,0.0
19645,164.0,392.0,0.0
19646,157.0,32.0,0.0
19647,79.0,329.0,0.0
19648,264.0,328.0,0.0
19649,77.0,95.0,0.0
19650,48.0,314.0,0.0
19651,155.0,449.0,0.0
19652,251.0,0.0,0.0
19653,135.0,159.0,0.0
19654,7.0,591.0,0.0
19655,230.0,475.0,0.0
19656,129.0,294.0,0.0
19657,104.0,397.0,0.0
19658,193.0,334.0,0.0
19659,184.0,139.0,0.0
19660,237.0,28.0,0.0
19661,160.0,42.0,0.0
19662,110.0,234.0,0.0
19663,91.0,386.0,0.0
19664,129.0,243.0,0.0
19665,33.0,174.0,0.0
19666,210.0,516.0,0.0
19667,7.0,230.0,0.0
19668,260.0,316.0,0.0
19669,79.0,30.0,0.0
19670,14.0,33.0,0.0
19671,83.0,595.0,0.0
19672,108.0,496.0,0.0
19673,197.0,433.0,0.0
19674,43.0,1.0,0.0
19675,128.0,68.0,0.0
19676,192.0,261.0,0.0
19677,185.0,199.0,0.0
19678,84.0,132.0,0.0
19679,115.0,455.0,0.0
19680,142.0,101.0,0.0
19681,200.0,235.0,0.0
19682,106.0,175.0,0.0
19683,44.0,495.0,0.0
19684,262.0,87.0,0.0
19685,212.0,26.0,0.0
19686,150.0,557.0,0.0
19687,187.0,270.0,0.0
19688,142.0,454.0,0.0
19689,157.0,547.0,0.0
19690,259.0,113.0,0.0
19691,204.0,317.0,0.0
19692,177.0,539.0,0.0
19693,39.0,259.0,0.0
19694,222.0,194.0,0.0
19695,267.0,13.0,0.0
19696,244.0,497.0,0.0
19697,160.0,286.0,0.0
19698,68.0,391.0,0.0
19699,25.0,368.0,0.0
19700,163.0,10.0,0.0
19701,55.0,62.0,0.0
19702,168.0,352.0,0.0
19703,184.0,173.0,0.0
19704,83.0,541.0,0.0
19705,223.0,489.0,0.0
19706,201.0,98.0,0.0
19707,229.0,250.0,0.0
19708,221.0,476.0,0.0
19709,128.0,541.0,0.0
19710,137.0,457.0,0.0
19711,19.0,323.0,0.0
19712,56.0,475.0,0.0
19713,135.0,337.0,0.0
19714,243.0,40.0,0.0
19715,75.0,212.0,0.0
19716,150.0,261.0,0.0
19717,41.0,262.0,0.0
19718,25.0,478.0,0.0
19719,230.0,111.0,0.0
19720,100.0,17.0,0.0
19721,175.0,266.0,0.0
19722,268.0,227.0,0.0
19723,109.0,50.0,0.0
19724,235.0,71.0,0.0
19725,40.0,264.0,0.0
19726,104.0,597.0,0.0
19727,102.0,337.0,0.0
19728,238.0,449.0,0.0
19729,93.0,124.0,0.0
19730,194.0,309.0,0.0
19731,258.0,461.0,0.0
19732,62.0,535.0,0.0
19733,93.0,438.0,0.0
19734,37.0,234.0,0.0
19735,12.0,202.0,0.0
19736,121.0,573.0,0.0
19737,154.0,41.0,0.0
19738,152.0,249.0,0.0
19739,202.0,542.0,0.0
19740,7.0,455.0,0.0
19741,159.0,515.0,0.0
19742,57.0,384.0,0.0
19743,154.0,203.0,0.0
19744,122.0,515.0,0.0
19745,45.0,82.0,0.0
19746,110.0,228.0,0.0
19747,167.0,205.0,0.0
19748,250.0,86.0,0.0
19749,118.0,484.0,0.0
19750,53.0,150.0,0.0
19751,97.0,291.0,0.0
19752,90.0,28.0,0.0
19753,92.0,425.0,0.0
19754,148.0,360.0,0.0
19755,230.0,345.0,0.0
19756,183.0,124.0,0.0
19757,200.0,239.0,0.0
19758,163.0,74.0,0.0
19759,201.0,122.0,0.0
19760,254.0,364.0,0.0
19761,174.0,45.0,0.0
19762,45.0,44.0,0.0
19763,133.0,481.0,0.0
19764,142.0,507.0,0.0
19765,202.0,458.0,0.0
19766,42.0,58.0,0.0
19767,31.0,288.0,0.0
19768,109.0,510.0,0.0
19769,149.0,574.0,0.0
19770,109.0,387.0,0.0
19771,154.0,272.0,0.0
19772,138.0,495.0,0.0
19773,116.0,125.0,0.0
19774,122.0,396.0,0.0
19775,164.0,150.0,0.0
19776,191.0,367.0,0.0
19777,159.0,354.0,0.0
19778,253.0,371.0,0.0
19779,143.0,552.0,0.0
19780,63.0,400.0,0.0
19781,77.0,30.0,0.0
19782,166.0,221.0,0.0
19783,29.0,96.0,0.0
19784,203.0,73.0,0.0
19785,153.0,230.0,0.0
19786,239.0,80.0,0.0
19787,49.0,6.0,0.0
19788,44.0,414.0,0.0
19789,53.0,409.0,0.0
19790,37.0,423.0,0.0
19791,37.0,526.0,0.0
19792,72.0,91.0,0.0
19793,91.0,481.0,0.0
19794,20.0,300.0,0.0
19795,46.0,6.0,0.0
19796,112.0,194.0,0.0
19797,246.0,176.0,0.0
19798,106.0,496.0,0.0
19799,190.0,159.0,0.0
19800,137.0,513.0,0.0
19801,14.0,503.0,0.0
19802,88.0,255.0,0.0
19803,143.0,326.0,0.0
19804,206.0,9.0,0.0
19805,187.0,537.0,0.0
19806,230.0,365.0,0.0
19807,176.0,44.0,0.0
19808,152.0,555.0,0.0
19809,179.0,68.0,0.0
19810,241.0,22.0,0.0
19811,261.0,27.0,0.0
19812,125.0,525.0,0.0
19813,17.0,330.0,0.0
19814,47.0,475.0,0.0
19815,152.0,366.0,0.0
19816,46.0,515.0,0.0
19817,126.0,424.0,0.0
19818,6.0,280.0,0.0
19819,217.0,549.0,0.0
19820,230.0,556.0,0.0
19821,212.0,220.0,0.0
19822,215.0,165.0,0.0
19823,34.0,387.0,0.0
19824,105.0,202.0,0.0
19825,244.0,511.0,0.0
19826,37.0,484.0,0.0
19827,177.0,80.0,0.0
19828,180.0,293.0,0.0
19829,253.0,146.0,0.0
19830,213.0,174.0,0.0
19831,238.0,594.0,0.0
19832,241.0,279.0,0.0
19833,200.0,562.0,0.0
19834,259.0,14.0,0.0
19835,85.0,174.0,0.0
19836,20.0,103.0,0.0
19837,212.0,236.0,0.0
19838,63.0,529.0,0.0
19839,164.0,221.0,0.0
19840,231.0,297.0,0.0
19841,136.0,478.0,0.0
19842,209.0,100.0,0.0
19843,56.0,127.0,0.0
19844,220.0,374.0,0.0
19845,239.0,393.0,0.0
19846,162.0,148.0,0.0
19847,188.0,74.0,0.0
19848,210.0,258.0,0.0
19849,178.0,266.0,0.0
19850,268.0,303.0,0.0
19851,105.0,223.0,0.0
19852,174.0,335.0,0.0
19853,93.0,400.0,0.0
19854,58.0,305.0,0.0
19855,69.0,400.0,0.0
19856,100.0,581.0,0.0
19857,72.0,104.0,0.0
19858,115.0,535.0,0.0
19859,266.0,514.0,0.0
19860,70.0,269.0,0.0
19861,22.0,590.0,0.0
19862,73.0,296.0,0.0
19863,218.0,548.0,0.0
19864,246.0,414.0,0.0
19865,25.0,292.0,0.0
19866,176.0,174.0,0.0
19867,139.0,564.0,0.0
19868,145.0,273.0,0.0
19869,55.0,3.0,0.0
19870,121.0,407.0,0.0
19871,192.0,107.0,0.0
19872,210.0,355.0,0.0
19873,38.0,325.0,0.0
19874,49.0,251.0,0.0
19875,8.0,121.0,0.0
19876,234.0,424.0,0.0
19877,74.0,462.0,0.0
19878,261.0,559.0,0.0
19879,43.0,240.0,0.0
19880,229.0,116.0,0.0
19881,84.0,148.0,0.0
19882,97.0,297.0,0.0
19883,81.0,260.0,0.0
19884,252.0,397.0,0.0
19885,103.0,557.0,0.0
19886,58.0,506.0,0.0
19887,257.0,12.0,0.0
19888,191.0,270.0,0.0
19889,79.0,232.0,0.0
19890,60.0,242.0,0.0
19891,153.0,169.0,0.0
19892,150.0,171.0,0.0
19893,29.0,99.0,0.0
19894,76.0,450.0,0.0
19895,193.0,487.0,0.0
19896,127.0,328.0,0.0
19897,196.0,9.0,0.0
19898,132.0,468.0,0.0
19899,85.0,500.0,0.0
19900,91.0,358.0,0.0
19901,180.0,438.0,0.0
19902,116.0,195.0,0.0
19903,26.0,260.0,0.0
19904,7.0,431.0,0.0
19905,61.0,229.0,0.0
19906,87.0,518.0,0.0
19907,21.0,206.0,0.0
19908,261.0,542.0,0.0
19909,20.0,17.0,0.0
19910,207.0,34.0,0.0
19911,24.0,78.0,0.0
19912,76.0,348.0,0.0
19913,85.0,298.0,0.0
19914,112.0,49.0,0.0
19915,261.0,469.0,0.0
19916,136.0,449.0,0.0
19917,180.0,337.0,0.0
19918,162.0,520.0,0.0
19919,120.0,161.0,0.0
19920,194.0,369.0,0.0
19921,171.0,413.0,0.0
19922,127.0,149.0,0.0
19923,122.0,484.0,0.0
19924,103.0,447.0,0.0
19925,59.0,547.0,0.0
19926,155.0,42.0,0.0
19927,247.0,350.0,0.0
19928,221.0,337.0,0.0
19929,166.0,88.0,0.0
19930,38.0,171.0,0.0
19931,213.0,331.0,0.0
19932,145.0,572.0,0.0
19933,36.0,138.0,0.0
19934,90.0,459.0,0.0
19935,148.0,160.0,0.0
19936,178.0,246.0,0.0
19937,179.0,577.0,0.0
19938,256.0,417.0,0.0
19939,118.0,519.0,0.0
19940,47.0,255.0,0.0
19941,108.0,183.0,0.0
19942,22.0,46.0,0.0
19943,157.0,359.0,0.0
19944,247.0,432.0,0.0
19945,37.0,411.0,0.0
19946,235.0,343.0,0.0
19947,61.0,399.0,0.0
19948,239.0,417.0,0.0
19949,241.0,547.0,0.0
19950,151.0,329.0,0.0
19951,102.0,504.0,0.0
19952,85.0,125.0,0.0
19953,156.0,113.0,0.0
19954,70.0,456.0,0.0
19955,189.0,386.0,0.0
19956,161.0,455.0,0.0
19957,1.0,217.0,0.0
19958,268.0,528.0,0.0
19959,23.0,375.0,0.0
19960,153.0,179.0,0.0
19961,51.0,594.0,0.0
19962,9.0,328.0,0.0
19963,40.0,369.0,0.0
19964,90.0,71.0,0.0
19965,149.0,193.0,0.0
19966,114.0,510.0,0.0
19967,131.0,577.0,0.0
19968,134.0,357.0,0.0
19969,243.0,274.0,0.0
19970,15.0,37.0,0.0
19971,87.0,163.0,0.0
19972,125.0,82.0,0.0
19973,47.0,568.0,0.0
19974,206.0,420.0,0.0
19975,164.0,516.0,0.0
19976,267.0,470.0,0.0
19977,73.0,451.0,0.0
19978,136.0,437.0,0.0
19979,225.0,553.0,0.0
19980,245.0,161.0,0.0
19981,228.0,573.0,0.0
19982,203.0,43.0,0.0
19983,110.0,522.0,0.0
19984,263.0,41.0,0.0
19985,69.0,487.0,0.0
19986,66.0,579.0,0.0
19987,36.0,437.0,0.0
19988,258.0,18.0,0.0
19989,7.0,264.0,0.0
19990,12.0,79.0,0.0
19991,202.0,362.0,0.0
19992,158.0,477.0,0.0
19993,119.0,239.0,0.0
19994,243.0,353.0,0.0
19995,225.0,261.0,0.0
19996,80.0,117.0,0.0
19997,39.0,135.0,0.0
19998,194.0,4.0,0.0
19999,117.0,105.0,0.0
20000,56.0,159.0,0.0
20001,181.0,233.0,0.0
20002,232.0,564.0,0.0
20003,99.0,559.0,0.0
20004,108.0,588.0,0.0
20005,125.0,288.0,0.0
20006,240.0,309.0,0.0
20007,44.0,37.0,0.0
20008,190.0,568.0,0.0
20009,12.0,122.0,0.0
20010,126.0,123.0,0.0
20011,150.0,507.0,0.0
20012,23.0,597.0,0.0
20013,205.0,396.0,0.0
20014,62.0,479.0,0.0
20015,255.0,458.0,0.0
20016,133.0,470.0,0.0
20017,116.0,538.0,0.0
20018,132.0,168.0,0.0
20019,170.0,380.0,0.0
20020,258.0,513.0,0.0
20021,235.0,62.0,0.0
20022,247.0,159.0,0.0
20023,163.0,62.0,0.0
20024,179.0,107.0,0.0
20025,172.0,488.0,0.0
20026,138.0,195.0,0.0
20027,111.0,325.0,0.0
20028,235.0,502.0,0.0
20029,215.0,261.0,0.0
20030,159.0,135.0,0.0
20031,118.0,207.0,0.0
20032,21.0,284.0,0.0
20033,14.0,34.0,0.0
20034,111.0,545.0,0.0
20035,38.0,115.0,0.0
20036,94.0,218.0,0.0
20037,48.0,138.0,0.0
20038,107.0,311.0,0.0
20039,247.0,422.0,0.0
20040,116.0,541.0,0.0
20041,2.0,364.0,0.0
20042,78.0,322.0,0.0
20043,176.0,273.0,0.0
20044,96.0,355.0,0.0
20045,41.0,6.0,0.0
20046,117.0,220.0,0.0
20047,246.0,397.0,0.0
20048,220.0,335.0,0.0
20049,184.0,377.0,0.0
20050,69.0,466.0,0.0
20051,196.0,493.0,0.0
20052,7.0,483.0,0.0
20053,62.0,531.0,0.0
20054,260.0,529.0,0.0
20055,8.0,569.0,0.0
20056,251.0,50.0,0.0
20057,148.0,587.0,0.0
20058,204.0,175.0,0.0
20059,212.0,398.0,0.0
20060,53.0,485.0,0.0
20061,70.0,228.0,0.0
20062,4.0,38.0,0.0
20063,161.0,171.0,0.0
20064,6.0,49.0,0.0
20065,253.0,419.0,0.0
20066,95.0,229.0,0.0
20067,158.0,161.0,0.0
20068,107.0,396.0,0.0
20069,78.0,250.0,0.0
20070,172.0,326.0,0.0
20071,187.0,511.0,0.0
20072,227.0,331.0,0.0
20073,39.0,318.0,0.0
20074,17.0,453.0,0.0
20075,149.0,488.0,0.0
20076,85.0,418.0,0.0
20077,198.0,42.0,0.0
20078,193.0,53.0,0.0
20079,182.0,288.0,0.0
20080,173.0,218.0,0.0
20081,182.0,552.0,0.0
20082,235.0,287.0,0.0
20083,33.0,448.0,0.0
20084,98.0,569.0,0.0
20085,221.0,431.0,0.0
20086,231.0,355.0,0.0
20087,142.0,169.0,0.0
20088,27.0,425.0,0.0
20089,190.0,521.0,0.0
20090,95.0,211.0,0.0
20091,159.0,139.0,0.0
20092,44.0,34.0,0.0
20093,236.0,300.0,0.0
20094,117.0,291.0,0.0
20095,134.0,432.0,0.0
20096,106.0,164.0,0.0
20097,243.0,394.0,0.0
20098,132.0,470.0,0.0
20099,49.0,553.0,0.0
20100,151.0,492.0,0.0
20101,129.0,432.0,0.0
20102,139.0,394.0,0.0
20103,92.0,562.0,0.0
20104,29.0,314.0,0.0
20105,96.0,438.0,0.0
20106,71.0,311.0,0.0
20107,52.0,466.0,0.0
20108,256.0,561.0,0.0
20109,101.0,537.0,0.0
20110,233.0,524.0,0.0
20111,166.0,17.0,0.0
20112,97.0,588.0,0.0
20113,198.0,530.0,0.0
20114,21.0,556.0,0.0
20115,164.0,578.0,0.0
20116,22.0,8.0,0.0
20117,199.0,65.0,0.0
20118,266.0,349.0,0.0
20119,243.0,363.0,0.0
20120,258.0,538.0,0.0
20121,209.0,384.0,0.0
20122,202.0,329.0,0.0
20123,11.0,590.0,0.0
20124,193.0,292.0,0.0
20125,225.0,316.0,0.0
20126,0.0,311.0,0.0
20127,149.0,391.0,0.0
20128,261.0,26.0,0.0
20129,261.0,567.0,0.0
20130,47.0,520.0,0.0
20131,68.0,509.0,0.0
20132,220.0,155.0,0.0
20133,212.0,500.0,0.0
20134,63.0,126.0,0.0
20135,188.0,529.0,0.0
20136,134.0,259.0,0.0
20137,88.0,213.0,0.0
20138,73.0,306.0,0.0
20139,72.0,579.0,0.0
20140,126.0,32.0,0.0
20141,37.0,119.0,0.0
20142,17.0,180.0,0.0
20143,210.0,489.0,0.0
20144,12.0,248.0,0.0
20145,250.0,256.0,0.0
20146,62.0,562.0,0.0
20147,42.0,355.0,0.0
20148,44.0,416.0,0.0
20149,165.0,241.0,0.0
20150,196.0,210.0,0.0
20151,184.0,521.0,0.0
20152,260.0,553.0,0.0
20153,153.0,386.0,0.0
20154,2.0,438.0,0.0
20155,160.0,588.0,0.0
20156,204.0,9.0,0.0
20157,37.0,505.0,0.0
20158,222.0,446.0,0.0
20159,137.0,591.0,0.0
20160,112.0,431.0,0.0
20161,98.0,90.0,0.0
20162,64.0,482.0,0.0
20163,176.0,316.0,0.0
20164,143.0,275.0,0.0
20165,233.0,548.0,0.0
20166,45.0,165.0,0.0
20167,242.0,71.0,0.0
20168,30.0,391.0,0.0
20169,24.0,209.0,0.0
20170,258.0,367.0,0.0
20171,154.0,163.0,0.0
20172,218.0,563.0,0.0
20173,258.0,151.0,0.0
20174,135.0,167.0,0.0
20175,35.0,138.0,0.0
20176,192.0,260.0,0.0
20177,7.0,452.0,0.0
20178,55.0,560.0,0.0
20179,33.0,253.0,0.0
20180,247.0,67.0,0.0
20181,149.0,529.0,0.0
20182,221.0,342.0,0.0
20183,79.0,306.0,0.0
20184,109.0,406.0,0.0
20185,124.0,30.0,0.0
20186,246.0,55.0,0.0
20187,232.0,561.0,0.0
20188,198.0,556.0,0.0
20189,100.0,532.0,0.0
20190,253.0,11.0,0.0
20191,59.0,54.0,0.0
20192,166.0,526.0,0.0
20193,225.0,494.0,0.0
20194,114.0,395.0,0.0
20195,263.0,488.0,0.0
20196,0.0,155.0,0.0
20197,1.0,320.0,0.0
20198,250.0,101.0,0.0
20199,219.0,9.0,0.0
20200,78.0,486.0,0.0
20201,235.0,152.0,0.0
20202,137.0,122.0,0.0
20203,128.0,571.0,0.0
20204,197.0,169.0,0.0
20205,146.0,15.0,0.0
20206,205.0,185.0,0.0
20207,66.0,91.0,0.0
20208,102.0,166.0,0.0
20209,60.0,96.0,0.0
20210,39.0,47.0,0.0
20211,27.0,63.0,0.0
20212,28.0,294.0,0.0
20213,66.0,482.0,0.0
20214,85.0,6.0,0.0
20215,86.0,214.0,0.0
20216,112.0,522.0,0.0
20217,236.0,500.0,0.0
20218,127.0,155.0,0.0
20219,73.0,277.0,0.0
20220,6.0,116.0,0.0
20221,42.0,452.0,0.0
20222,59.0,384.0,0.0
20223,101.0,498.0,0.0
20224,111.0,18.0,0.0
20225,162.0,275.0,0.0
20226,251.0,121.0,0.0
20227,91.0,332.0,0.0
20228,179.0,445.0,0.0
20229,73.0,391.0,0.0
20230,268.0,301.0,0.0
20231,109.0,113.0,0.0
20232,26.0,546.0,0.0
20233,46.0,506.0,0.0
20234,84.0,21.0,0.0
20235,17.0,201.0,0.0
20236,15.0,144.0,0.0
20237,188.0,418.0,0.0
20238,111.0,561.0,0.0
20239,161.0,435.0,0.0
20240,27.0,373.0,0.0
20241,175.0,136.0,0.0
20242,75.0,235.0,0.0
20243,58.0,477.0,0.0
20244,193.0,34.0,0.0
20245,172.0,150.0,0.0
20246,141.0,585.0,0.0
20247,121.0,330.0,0.0
20248,58.0,557.0,0.0
20249,54.0,232.0,0.0
20250,194.0,561.0,0.0
20251,1.0,219.0,0.0
20252,216.0,338.0,0.0
20253,95.0,500.0,0.0
20254,249.0,390.0,0.0
20255,190.0,234.0,0.0
20256,224.0,549.0,0.0
20257,235.0,400.0,0.0
20258,1.0,440.0,0.0
20259,40.0,329.0,0.0
20260,48.0,108.0,0.0
20261,243.0,398.0,0.0
20262,51.0,447.0,0.0
20263,164.0,402.0,0.0
20264,165.0,517.0,0.0
20265,97.0,346.0,0.0
20266,0.0,447.0,0.0
20267,60.0,345.0,0.0
20268,265.0,399.0,0.0
20269,95.0,36.0,0.0
20270,157.0,0.0,0.0
20271,100.0,283.0,0.0
20272,263.0,335.0,0.0
20273,258.0,177.0,0.0
20274,42.0,115.0,0.0
20275,147.0,253.0,0.0
20276,237.0,343.0,0.0
20277,247.0,593.0,0.0
20278,52.0,176.0,0.0
20279,232.0,548.0,0.0
20280,177.0,345.0,0.0
20281,229.0,130.0,0.0
20282,9.0,118.0,0.0
20283,68.0,514.0,0.0
20284,143.0,166.0,0.0
20285,194.0,375.0,0.0
20286,84.0,155.0,0.0
20287,29.0,565.0,0.0
20288,153.0,506.0,0.0
20289,92.0,278.0,0.0
20290,155.0,493.0,0.0
20291,225.0,414.0,0.0
20292,202.0,406.0,0.0
20293,264.0,371.0,0.0
20294,42.0,82.0,0.0
20295,258.0,479.0,0.0
20296,169.0,385.0,0.0
20297,198.0,362.0,0.0
20298,165.0,418.0,0.0
20299,151.0,69.0,0.0
20300,76.0,543.0,0.0
20301,247.0,285.0,0.0
20302,167.0,388.0,0.0
20303,182.0,556.0,0.0
20304,191.0,405.0,0.0
20305,166.0,384.0,0.0
20306,104.0,574.0,0.0
20307,16.0,545.0,0.0
20308,163.0,525.0,0.0
20309,166.0,587.0,0.0
20310,19.0,525.0,0.0
20311,12.0,52.0,0.0
20312,259.0,582.0,0.0
20313,152.0,140.0,0.0
20314,67.0,588.0,0.0
20315,170.0,284.0,0.0
20316,5.0,485.0,0.0
20317,149.0,560.0,0.0
20318,237.0,35.0,0.0
20319,196.0,57.0,0.0
20320,218.0,329.0,0.0
20321,229.0,87.0,0.0
20322,65.0,439.0,0.0
20323,234.0,406.0,0.0
20324,266.0,30.0,0.0
20325,267.0,214.0,0.0
20326,206.0,58.0,0.0
20327,35.0,366.0,0.0
20328,93.0,339.0,0.0
20329,222.0,18.0,0.0
20330,164.0,320.0,0.0
20331,44.0,162.0,0.0
20332,153.0,172.0,0.0
20333,34.0,211.0,0.0
20334,44.0,580.0,0.0
20335,248.0,378.0,0.0
20336,187.0,58.0,0.0
20337,158.0,84.0,0.0
20338,111.0,256.0,0.0
20339,165.0,360.0,0.0
20340,174.0,153.0,0.0
20341,171.0,291.0,0.0
20342,171.0,40.0,0.0
20343,64.0,460.0,0.0
20344,36.0,224.0,0.0
20345,0.0,571.0,0.0
20346,171.0,52.0,0.0
20347,117.0,55.0,0.0
20348,12.0,167.0,0.0
20349,123.0,537.0,0.0
20350,13.0,567.0,0.0
20351,65.0,582.0,0.0
20352,254.0,296.0,0.0
20353,11.0,94.0,0.0
20354,139.0,257.0,0.0
20355,220.0,343.0,0.0
20356,194.0,290.0,0.0
20357,251.0,537.0,0.0
20358,208.0,203.0,0.0
20359,137.0,102.0,0.0
20360,171.0,263.0,0.0
20361,111.0,524.0,0.0
20362,121.0,112.0,0.0
20363,167.0,500.0,0.0
20364,101.0,40.0,0.0
20365,185.0,10.0,0.0
20366,83.0,185.0,0.0
20367,53.0,178.0,0.0
20368,5.0,468.0,0.0
20369,83.0,308.0,0.0
20370,5.0,296.0,0.0
20371,233.0,238.0,0.0
20372,33.0,591.0,0.0
20373,144.0,86.0,0.0
20374,240.0,5.0,0.0
20375,17.0,499.0,0.0
20376,225.0,379.0,0.0
20377,114.0,30.0,0.0
20378,266.0,71.0,0.0
20379,98.0,202.0,0.0
20380,93.0,371.0,0.0
20381,75.0,476.0,0.0
20382,59.0,202.0,0.0
20383,234.0,185.0,0.0
20384,219.0,76.0,0.0
20385,113.0,277.0,0.0
20386,200.0,165.0,0.0
20387,268.0,434.0,0.0
20388,264.0,234.0,0.0
20389,224.0,168.0,0.0
20390,117.0,429.0,0.0
20391,175.0,143.0,0.0
20392,266.0,273.0,0.0
20393,103.0,304.0,0.0
20394,28.0,398.0,0.0
20395,210.0,68.0,0.0
20396,95.0,583.0,0.0
20397,210.0,167.0,0.0
20398,102.0,557.0,0.0
20399,85.0,36.0,0.0
20400,113.0,462.0,0.0
20401,175.0,349.0,0.0
20402,236.0,0.0,0.0
20403,104.0,95.0,0.0
20404,128.0,302.0,0.0
20405,147.0,105.0,0.0
20406,162.0,24.0,0.0
20407,124.0,456.0,0.0
20408,61.0,82.0,0.0
20409,119.0,135.0,0.0
20410,140.0,4.0,0.0
20411,160.0,29.0,0.0
20412,245.0,502.0,0.0
20413,181.0,313.0,0.0
20414,14.0,325.0,0.0
20415,151.0,199.0,0.0
20416,50.0,40.0,0.0
20417,62.0,32.0,0.0
20418,189.0,234.0,0.0
20419,124.0,314.0,0.0
20420,65.0,462.0,0.0
20421,180.0,479.0,0.0
20422,266.0,180.0,0.0
20423,130.0,197.0,0.0
20424,119.0,406.0,0.0
20425,129.0,250.0,0.0
20426,241.0,378.0,0.0
20427,55.0,49.0,0.0
20428,118.0,352.0,0.0
20429,142.0,515.0,0.0
20430,57.0,242.0,0.0
20431,4.0,470.0,0.0
20432,142.0,240.0,0.0
20433,172.0,212.0,0.0
20434,235.0,163.0,0.0
20435,78.0,283.0,0.0
20436,252.0,42.0,0.0
20437,79.0,86.0,0.0
20438,172.0,408.0,0.0
20439,175.0,65.0,0.0
20440,137.0,400.0,0.0
20441,233.0,248.0,0.0
20442,33.0,421.0,0.0
20443,60.0,118.0,0.0
20444,55.0,577.0,0.0
20445,197.0,323.0,0.0
20446,100.0,462.0,0.0
20447,132.0,40.0,0.0
20448,170.0,525.0,0.0
20449,195.0,416.0,0.0
20450,233.0,250.0,0.0
20451,116.0,421.0,0.0
20452,115.0,394.0,0.0
20453,21.0,113.0,0.0
20454,135.0,559.0,0.0
20455,134.0,355.0,0.0
20456,7.0,321.0,0.0
20457,196.0,399.0,0.0
20458,64.0,308.0,0.0
20459,153.0,201.0,0.0
20460,23.0,307.0,0.0
20461,201.0,139.0,0.0
20462,105.0,156.0,0.0
20463,64.0,90.0,0.0
20464,177.0,260.0,0.0
20465,112.0,176.0,0.0
20466,204.0,29.0,0.0
20467,214.0,530.0,0.0
20468,123.0,232.0,0.0
20469,31.0,516.0,0.0
20470,32.0,224.0,0.0
20471,260.0,320.0,0.0
20472,123.0,468.0,0.0
20473,45.0,210.0,0.0
20474,100.0,333.0,0.0
20475,247.0,229.0,0.0
20476,44.0,549.0,0.0
20477,229.0,23.0,0.0
20478,10.0,66.0,0.0
20479,8.0,530.0,0.0
20480,246.0,213.0,0.0
20481,21.0,221.0,0.0
20482,206.0,378.0,0.0
20483,26.0,139.0,0.0
20484,177.0,15.0,0.0
20485,182.0,448.0,0.0
20486,50.0,551.0,0.0
20487,192.0,235.0,0.0
20488,51.0,309.0,0.0
20489,116.0,142.0,0.0
20490,137.0,86.0,0.0
20491,232.0,391.0,0.0
20492,239.0,438.0,0.0
20493,40.0,123.0,0.0
20494,165.0,585.0,0.0
20495,262.0,336.0,0.0
20496,48.0,354.0,0.0
20497,155.0,136.0,0.0
20498,151.0,456.0,0.0
20499,86.0,240.0,0.0
20500,245.0,536.0,0.0
20501,174.0,168.0,0.0
20502,245.0,157.0,0.0
20503,114.0,55.0,0.0
20504,145.0,548.0,0.0
20505,210.0,366.0,0.0
20506,53.0,284.0,0.0
20507,50.0,14.0,0.0
20508,88.0,56.0,0.0
20509,215.0,215.0,0.0
20510,101.0,208.0,0.0
20511,7.0,548.0,0.0
20512,241.0,305.0,0.0
20513,194.0,542.0,0.0
20514,127.0,196.0,0.0
20515,140.0,207.0,0.0
20516,48.0,497.0,0.0
20517,170.0,157.0,0.0
20518,90.0,563.0,0.0
20519,212.0,558.0,0.0
20520,143.0,80.0,0.0
20521,129.0,548.0,0.0
20522,211.0,494.0,0.0
20523,142.0,575.0,0.0
20524,158.0,392.0,0.0
20525,172.0,83.0,0.0
20526,145.0,21.0,0.0
20527,201.0,306.0,0.0
20528,44.0,198.0,0.0
20529,138.0,332.0,0.0
20530,261.0,240.0,0.0
20531,188.0,495.0,0.0
20532,24.0,499.0,0.0
20533,227.0,34.0,0.0
20534,74.0,217.0,0.0
20535,34.0,413.0,0.0
20536,146.0,547.0,0.0
20537,79.0,99.0,0.0
20538,43.0,583.0,0.0
20539,146.0,163.0,0.0
20540,56.0,42.0,0.0
20541,113.0,125.0,0.0
20542,24.0,555.0,0.0
20543,46.0,71.0,0.0
20544,242.0,478.0,0.0
20545,151.0,76.0,0.0
20546,8.0,273.0,0.0
20547,59.0,169.0,0.0
20548,135.0,421.0,0.0
20549,85.0,559.0,0.0
20550,214.0,225.0,0.0
20551,23.0,503.0,0.0
20552,261.0,18.0,0.0
20553,205.0,128.0,0.0
20554,169.0,65.0,0.0
20555,187.0,305.0,0.0
20556,256.0,434.0,0.0
20557,90.0,152.0,0.0
20558,75.0,373.0,0.0
20559,102.0,584.0,0.0
20560,31.0,441.0,0.0
20561,53.0,573.0,0.0
20562,56.0,316.0,0.0
20563,252.0,141.0,0.0
20564,229.0,512.0,0.0
20565,9.0,562.0,0.0
20566,54.0,280.0,0.0
20567,140.0,113.0,0.0
20568,263.0,18.0,0.0
20569,51.0,298.0,0.0
20570,20.0,396.0,0.0
20571,236.0,192.0,0.0
20572,113.0,540.0,0.0
20573,173.0,438.0,0.0
20574,250.0,71.0,0.0
20575,193.0,402.0,0.0
20576,195.0,450.0,0.0
20577,12.0,258.0,0.0
20578,194.0,218.0,0.0
20579,20.0,52.0,0.0
20580,103.0,442.0,0.0
20581,136.0,53.0,0.0
20582,16.0,590.0,0.0
20583,19.0,590.0,0.0
20584,139.0,56.0,0.0
20585,199.0,233.0,0.0
20586,36.0,290.0,0.0
20587,207.0,574.0,0.0
20588,83.0,191.0,0.0
20589,258.0,209.0,0.0
20590,244.0,179.0,0.0
20591,228.0,479.0,0.0
20592,86.0,324.0,0.0
20593,119.0,45.0,0.0
20594,71.0,482.0,0.0
20595,115.0,129.0,0.0
20596,229.0,24.0,0.0
20597,258.0,530.0,0.0
20598,113.0,11.0,0.0
20599,175.0,411.0,0.0
20600,33.0,269.0,0.0
20601,118.0,575.0,0.0
20602,261.0,72.0,0.0
20603,228.0,583.0,0.0
20604,46.0,112.0,0.0
20605,46.0,89.0,0.0
20606,215.0,114.0,0.0
20607,38.0,148.0,0.0
20608,195.0,368.0,0.0
20609,267.0,413.0,0.0
20610,33.0,339.0,0.0
20611,54.0,39.0,0.0
20612,120.0,345.0,0.0
20613,69.0,395.0,0.0
20614,257.0,383.0,0.0
20615,68.0,419.0,0.0
20616,68.0,14.0,0.0
20617,47.0,134.0,0.0
20618,36.0,31.0,0.0
20619,247.0,309.0,0.0
20620,187.0,408.0,0.0
20621,80.0,291.0,0.0
20622,38.0,65.0,0.0
20623,177.0,336.0,0.0
20624,105.0,320.0,0.0
20625,261.0,595.0,0.0
20626,201.0,535.0,0.0
20627,131.0,173.0,0.0
20628,217.0,205.0,0.0
20629,234.0,363.0,0.0
20630,41.0,193.0,0.0
20631,236.0,346.0,0.0
20632,221.0,539.0,0.0
20633,75.0,195.0,0.0
20634,185.0,548.0,0.0
20635,242.0,20.0,0.0
20636,184.0,45.0,0.0
20637,39.0,46.0,0.0
20638,119.0,564.0,0.0
20639,262.0,408.0,0.0
20640,170.0,277.0,0.0
20641,145.0,63.0,0.0
20642,259.0,282.0,0.0
20643,12.0,92.0,0.0
20644,232.0,428.0,0.0
20645,161.0,83.0,0.0
20646,167.0,60.0,0.0
20647,203.0,501.0,0.0
20648,245.0,344.0,0.0
20649,173.0,233.0,0.0
20650,198.0,573.0,0.0
20651,57.0,201.0,0.0
20652,134.0,325.0,0.0
20653,63.0,131.0,0.0
20654,268.0,330.0,0.0
20655,220.0,84.0,0.0
20656,95.0,272.0,0.0
20657,188.0,335.0,0.0
20658,235.0,223.0,0.0
20659,255.0,330.0,0.0
20660,125.0,432.0,0.0
20661,179.0,380.0,0.0
20662,166.0,93.0,0.0
20663,163.0,357.0,0.0
20664,158.0,301.0,0.0
20665,238.0,137.0,0.0
20666,34.0,435.0,0.0
20667,210.0,556.0,0.0
20668,169.0,405.0,0.0
20669,106.0,340.0,0.0
20670,163.0,240.0,0.0
20671,22.0,463.0,0.0
20672,179.0,186.0,0.0
20673,213.0,376.0,0.0
20674,215.0,23.0,0.0
20675,31.0,195.0,0.0
20676,98.0,510.0,0.0
20677,93.0,318.0,0.0
20678,192.0,574.0,0.0
20679,251.0,392.0,0.0
20680,29.0,168.0,0.0
20681,133.0,42.0,0.0
20682,33.0,34.0,0.0
20683,263.0,204.0,0.0
20684,166.0,375.0,0.0
20685,186.0,210.0,0.0
20686,121.0,69.0,0.0
20687,255.0,528.0,0.0
20688,242.0,351.0,0.0
20689,158.0,283.0,0.0
20690,196.0,274.0,0.0
20691,180.0,307.0,0.0
20692,44.0,389.0,0.0
20693,233.0,517.0,0.0
20694,6.0,421.0,0.0
20695,256.0,139.0,0.0
20696,183.0,322.0,0.0
20697,236.0,476.0,0.0
20698,110.0,18.0,0.0
20699,70.0,326.0,0.0
20700,152.0,142.0,0.0
20701,129.0,149.0,0.0
20702,57.0,404.0,0.0
20703,179.0,65.0,0.0
20704,210.0,67.0,0.0
20705,125.0,210.0,0.0
20706,86.0,460.0,0.0
20707,25.0,375.0,0.0
20708,18.0,227.0,0.0
20709,74.0,420.0,0.0
20710,16.0,475.0,0.0
20711,141.0,179.0,0.0
20712,210.0,112.0,0.0
20713,43.0,186.0,0.0
20714,117.0,524.0,0.0
20715,251.0,277.0,0.0
20716,96.0,198.0,0.0
20717,223.0,469.0,0.0
20718,7.0,430.0,0.0
20719,170.0,87.0,0.0
20720,264.0,319.0,0.0
20721,54.0,212.0,0.0
20722,36.0,382.0,0.0
20723,150.0,200.0,0.0
20724,142.0,214.0,0.0
20725,43.0,455.0,0.0
20726,46.0,423.0,0.0
20727,161.0,172.0,0.0
20728,267.0,506.0,0.0
20729,118.0,47.0,0.0
20730,141.0,56.0,0.0
20731,189.0,552.0,0.0
20732,181.0,524.0,0.0
20733,142.0,573.0,0.0
20734,132.0,315.0,0.0
20735,60.0,331.0,0.0
20736,237.0,457.0,0.0
20737,74.0,544.0,0.0
20738,216.0,254.0,0.0
20739,205.0,49.0,0.0
20740,133.0,528.0,0.0
20741,58.0,85.0,0.0
20742,49.0,418.0,0.0
20743,260.0,201.0,0.0
20744,20.0,530.0,0.0
20745,237.0,345.0,0.0
20746,261.0,500.0,0.0
20747,209.0,418.0,0.0
20748,77.0,9.0,0.0
20749,117.0,132.0,0.0
20750,95.0,225.0,0.0
20751,154.0,137.0,0.0
20752,244.0,139.0,0.0
20753,141.0,429.0,0.0
20754,108.0,355.0,0.0
20755,97.0,413.0,0.0
20756,157.0,479.0,0.0
20757,196.0,42.0,0.0
20758,115.0,536.0,0.0
20759,241.0,44.0,0.0
20760,34.0,592.0,0.0
20761,44.0,8.0,0.0
20762,266.0,486.0,0.0
20763,88.0,387.0,0.0
20764,157.0,441.0,0.0
20765,74.0,419.0,0.0
20766,192.0,88.0,0.0
20767,92.0,468.0,0.0
20768,227.0,486.0,0.0
20769,64.0,406.0,0.0
20770,253.0,160.0,0.0
20771,180.0,529.0,0.0
20772,241.0,587.0,0.0
20773,203.0,445.0,0.0
20774,213.0,430.0,0.0
20775,97.0,9.0,0.0
20776,21.0,340.0,0.0
20777,91.0,494.0,0.0
20778,158.0,82.0,0.0
20779,228.0,360.0,0.0
20780,149.0,204.0,0.0
20781,76.0,7.0,0.0
20782,3.0,580.0,0.0
20783,219.0,427.0,0.0
20784,19.0,213.0,0.0
20785,184.0,88.0,0.0
20786,43.0,265.0,0.0
20787,201.0,53.0,0.0
20788,189.0,471.0,0.0
20789,28.0,368.0,0.0
20790,182.0,90.0,0.0
20791,106.0,314.0,0.0
20792,30.0,472.0,0.0
20793,244.0,372.0,0.0
20794,114.0,580.0,0.0
20795,252.0,321.0,0.0
20796,171.0,466.0,0.0
20797,123.0,62.0,0.0
20798,40.0,386.0,0.0
20799,87.0,346.0,0.0
20800,141.0,395.0,0.0
20801,185.0,139.0,0.0
20802,201.0,437.0,0.0
20803,111.0,475.0,0.0
20804,37.0,418.0,0.0
20805,109.0,446.0,0.0
20806,113.0,108.0,0.0
20807,252.0,171.0,0.0
20808,98.0,516.0,0.0
20809,179.0,152.0,0.0
20810,237.0,419.0,0.0
20811,159.0,267.0,0.0
20812,54.0,259.0,0.0
20813,27.0,131.0,0.0
20814,242.0,412.0,0.0
20815,143.0,492.0,0.0
20816,17.0,569.0,0.0
20817,175.0,488.0,0.0
20818,128.0,346.0,0.0
20819,117.0,357.0,0.0
20820,163.0,534.0,0.0
20821,222.0,332.0,0.0
20822,40.0,382.0,0.0
20823,40.0,416.0,0.0
20824,220.0,580.0,0.0
20825,85.0,342.0,0.0
20826,182.0,151.0,0.0
20827,252.0,111.0,0.0
20828,21.0,21.0,0.0
20829,86.0,570.0,0.0
20830,20.0,272.0,0.0
20831,204.0,553.0,0.0
20832,186.0,370.0,0.0
20833,84.0,347.0,0.0
20834,202.0,366.0,0.0
20835,251.0,581.0,0.0
20836,242.0,418.0,0.0
20837,130.0,447.0,0.0
20838,112.0,11.0,0.0
20839,226.0,464.0,0.0
20840,53.0,549.0,0.0
20841,242.0,580.0,0.0
20842,202.0,237.0,0.0
20843,232.0,133.0,0.0
20844,184.0,277.0,0.0
20845,118.0,562.0,0.0
20846,134.0,531.0,0.0
20847,236.0,392.0,0.0
20848,252.0,435.0,0.0
20849,44.0,524.0,0.0
20850,258.0,271.0,0.0
20851,202.0,37.0,0.0
20852,111.0,292.0,0.0
20853,212.0,171.0,0.0
20854,76.0,530.0,0.0
20855,206.0,396.0,0.0
20856,229.0,572.0,0.0
20857,22.0,416.0,0.0
20858,144.0,354.0,0.0
20859,8.0,534.0,0.0
20860,33.0,359.0,0.0
20861,34.0,524.0,0.0
20862,1.0,112.0,0.0
20863,25.0,70.0,0.0
20864,30.0,212.0,0.0
20865,38.0,372.0,0.0
20866,268.0,28.0,0.0
20867,90.0,468.0,0.0
20868,152.0,456.0,0.0
20869,50.0,472.0,0.0
20870,232.0,228.0,0.0
20871,59.0,194.0,0.0
20872,68.0,557.0,0.0
20873,92.0,324.0,0.0
20874,23.0,117.0,0.0
20875,167.0,287.0,0.0
20876,234.0,492.0,0.0
20877,0.0,425.0,0.0
20878,220.0,154.0,0.0
20879,247.0,35.0,0.0
20880,7.0,333.0,0.0
20881,167.0,409.0,0.0
20882,178.0,342.0,0.0
20883,222.0,461.0,0.0
20884,77.0,369.0,0.0
20885,187.0,580.0,0.0
20886,62.0,265.0,0.0
20887,27.0,435.0,0.0
20888,268.0,163.0,0.0
20889,252.0,476.0,0.0
20890,109.0,71.0,0.0
20891,193.0,107.0,0.0
20892,76.0,54.0,0.0
20893,74.0,577.0,0.0
20894,263.0,519.0,0.0
20895,88.0,494.0,0.0
20896,67.0,225.0,0.0
20897,161.0,185.0,0.0
20898,184.0,133.0,0.0
20899,218.0,197.0,0.0
20900,252.0,477.0,0.0
20901,79.0,195.0,0.0
20902,58.0,246.0,0.0
20903,130.0,585.0,0.0
20904,168.0,67.0,0.0
20905,194.0,514.0,0.0
20906,127.0,221.0,0.0
20907,184.0,387.0,0.0
20908,35.0,446.0,0.0
20909,231.0,353.0,0.0
20910,231.0,275.0,0.0
20911,197.0,201.0,0.0
20912,213.0,507.0,0.0
20913,119.0,96.0,0.0
20914,202.0,264.0,0.0
20915,110.0,484.0,0.0
20916,80.0,120.0,0.0
20917,197.0,408.0,0.0
20918,121.0,593.0,0.0
20919,138.0,247.0,0.0
20920,249.0,389.0,0.0
20921,87.0,225.0,0.0
20922,1.0,237.0,0.0
20923,235.0,444.0,0.0
20924,211.0,45.0,0.0
20925,244.0,579.0,0.0
20926,151.0,370.0,0.0
20927,108.0,97.0,0.0
20928,61.0,574.0,0.0
20929,36.0,147.0,0.0
20930,201.0,55.0,0.0
20931,68.0,69.0,0.0
20932,137.0,276.0,0.0
20933,75.0,291.0,0.0
20934,194.0,347.0,0.0
20935,100.0,497.0,0.0
20936,131.0,423.0,0.0
20937,207.0,16.0,0.0
20938,145.0,467.0,0.0
20939,196.0,212.0,0.0
20940,14.0,506.0,0.0
20941,237.0,142.0,0.0
20942,9.0,353.0,0.0
20943,103.0,524.0,0.0
20944,12.0,494.0,0.0
20945,198.0,454.0,0.0
20946,169.0,169.0,0.0
20947,122.0,552.0,0.0
20948,15.0,33.0,0.0
20949,23.0,324.0,0.0
20950,54.0,338.0,0.0
20951,103.0,562.0,0.0
20952,62.0,55.0,0.0
20953,140.0,568.0,0.0
20954,118.0,68.0,0.0
20955,13.0,130.0,0.0
20956,88.0,203.0,0.0
20957,40.0,385.0,0.0
20958,266.0,183.0,0.0
20959,238.0,342.0,0.0
20960,265.0,290.0,0.0
20961,106.0,231.0,0.0
20962,144.0,366.0,0.0
20963,252.0,160.0,0.0
20964,251.0,424.0,0.0
20965,118.0,247.0,0.0
20966,1.0,551.0,0.0
20967,179.0,443.0,0.0
20968,225.0,157.0,0.0
20969,71.0,395.0,0.0
20970,26.0,338.0,0.0
20971,21.0,40.0,0.0
20972,124.0,499.0,0.0
20973,190.0,308.0,0.0
20974,50.0,309.0,0.0
20975,21.0,86.0,0.0
20976,11.0,453.0,0.0
20977,15.0,206.0,0.0
20978,120.0,251.0,0.0
20979,155.0,205.0,0.0
20980,178.0,235.0,0.0
20981,252.0,205.0,0.0
20982,240.0,257.0,0.0
20983,17.0,144.0,0.0
20984,227.0,381.0,0.0
20985,19.0,452.0,0.0
20986,201.0,325.0,0.0
20987,63.0,245.0,0.0
20988,7.0,256.0,0.0
20989,203.0,512.0,0.0
20990,49.0,517.0,0.0
20991,157.0,433.0,0.0
20992,206.0,56.0,0.0
20993,230.0,466.0,0.0
20994,110.0,64.0,0.0
20995,114.0,562.0,0.0
20996,239.0,356.0,0.0
20997,255.0,250.0,0.0
20998,201.0,348.0,0.0
20999,121.0,440.0,0.0
21000,78.0,372.0,0.0
21001,6.0,368.0,0.0
21002,78.0,439.0,0.0
21003,168.0,135.0,0.0
21004,197.0,300.0,0.0
21005,232.0,550.0,0.0
21006,223.0,128.0,0.0
21007,216.0,591.0,0.0
21008,25.0,322.0,0.0
21009,132.0,16.0,0.0
21010,76.0,64.0,0.0
21011,42.0,485.0,0.0
21012,261.0,2.0,0.0
21013,201.0,90.0,0.0
21014,156.0,2.0,0.0
21015,267.0,323.0,0.0
21016,161.0,264.0,0.0
21017,181.0,455.0,0.0
21018,174.0,108.0,0.0
21019,107.0,584.0,0.0
21020,115.0,285.0,0.0
21021,96.0,377.0,0.0
21022,156.0,110.0,0.0
21023,6.0,585.0,0.0
21024,199.0,291.0,0.0
21025,137.0,541.0,0.0
21026,152.0,281.0,0.0
21027,10.0,135.0,0.0
21028,30.0,304.0,0.0
21029,14.0,350.0,0.0
21030,57.0,539.0,0.0
21031,0.0,176.0,0.0
21032,242.0,579.0,0.0
21033,23.0,209.0,0.0
21034,122.0,451.0,0.0
21035,200.0,566.0,0.0
21036,235.0,467.0,0.0
21037,149.0,183.0,0.0
21038,103.0,49.0,0.0
21039,77.0,152.0,0.0
21040,180.0,188.0,0.0
21041,119.0,342.0,0.0
21042,186.0,57.0,0.0
21043,34.0,317.0,0.0
21044,73.0,272.0,0.0
21045,216.0,83.0,0.0
21046,38.0,157.0,0.0
21047,19.0,415.0,0.0
21048,112.0,77.0,0.0
21049,206.0,207.0,0.0
21050,48.0,120.0,0.0
21051,67.0,83.0,0.0
21052,67.0,531.0,0.0
21053,247.0,125.0,0.0
21054,112.0,490.0,0.0
21055,125.0,122.0,0.0
21056,128.0,361.0,0.0
21057,121.0,321.0,0.0
21058,16.0,325.0,0.0
21059,25.0,425.0,0.0
21060,248.0,567.0,0.0
21061,250.0,299.0,0.0
21062,98.0,139.0,0.0
21063,105.0,73.0,0.0
21064,66.0,55.0,0.0
21065,112.0,508.0,0.0
21066,71.0,465.0,0.0
21067,167.0,224.0,0.0
21068,138.0,496.0,0.0
21069,105.0,519.0,0.0
21070,243.0,566.0,0.0
21071,163.0,419.0,0.0
21072,90.0,106.0,0.0
21073,185.0,211.0,0.0
21074,10.0,56.0,0.0
21075,138.0,397.0,0.0
21076,38.0,83.0,0.0
21077,259.0,453.0,0.0
21078,119.0,289.0,0.0
21079,186.0,333.0,0.0
21080,22.0,376.0,0.0
21081,22.0,330.0,0.0
21082,87.0,520.0,0.0
21083,170.0,258.0,0.0
21084,218.0,522.0,0.0
21085,177.0,67.0,0.0
21086,152.0,448.0,0.0
21087,189.0,259.0,0.0
21088,12.0,100.0,0.0
21089,63.0,162.0,0.0
21090,0.0,549.0,0.0
21091,15.0,342.0,0.0
21092,15.0,469.0,0.0
21093,187.0,70.0,0.0
21094,131.0,116.0,0.0
21095,72.0,179.0,0.0
21096,197.0,97.0,0.0
21097,26.0,323.0,0.0
21098,172.0,171.0,0.0
21099,49.0,273.0,0.0
21100,156.0,375.0,0.0
21101,221.0,160.0,0.0
21102,101.0,248.0,0.0
21103,231.0,535.0,0.0
21104,225.0,334.0,0.0
21105,141.0,420.0,0.0
21106,19.0,564.0,0.0
21107,31.0,409.0,0.0
21108,68.0,188.0,0.0
21109,224.0,217.0,0.0
21110,78.0,553.0,0.0
21111,74.0,465.0,0.0
21112,124.0,427.0,0.0
21113,87.0,578.0,0.0
21114,178.0,115.0,0.0
21115,64.0,430.0,0.0
21116,195.0,294.0,0.0
21117,253.0,528.0,0.0
21118,258.0,159.0,0.0
21119,27.0,248.0,0.0
21120,29.0,546.0,0.0
21121,55.0,280.0,0.0
21122,117.0,397.0,0.0
21123,190.0,336.0,0.0
21124,43.0,411.0,0.0
21125,97.0,465.0,0.0
21126,209.0,355.0,0.0
21127,215.0,454.0,0.0
21128,7.0,163.0,0.0
21129,24.0,132.0,0.0
21130,165.0,255.0,0.0
21131,124.0,541.0,0.0
21132,57.0,206.0,0.0
21133,83.0,384.0,0.0
21134,212.0,450.0,0.0
21135,127.0,402.0,0.0
21136,245.0,162.0,0.0
21137,117.0,276.0,0.0
21138,84.0,235.0,0.0
21139,241.0,262.0,0.0
21140,140.0,377.0,0.0
21141,4.0,439.0,0.0
21142,232.0,365.0,0.0
21143,66.0,573.0,0.0
21144,34.0,236.0,0.0
21145,69.0,128.0,0.0
21146,136.0,493.0,0.0
21147,181.0,564.0,0.0
21148,8.0,100.0,0.0
21149,238.0,246.0,0.0
21150,206.0,497.0,0.0
21151,94.0,443.0,0.0
21152,179.0,479.0,0.0
21153,57.0,29.0,0.0
21154,70.0,321.0,0.0
21155,137.0,175.0,0.0
21156,45.0,209.0,0.0
21157,233.0,195.0,0.0
21158,88.0,380.0,0.0
21159,2.0,371.0,0.0
21160,207.0,343.0,0.0
21161,221.0,291.0,0.0
21162,201.0,353.0,0.0
21163,266.0,352.0,0.0
21164,88.0,106.0,0.0
21165,85.0,508.0,0.0
21166,264.0,501.0,0.0
21167,13.0,478.0,0.0
21168,31.0,132.0,0.0
21169,248.0,91.0,0.0
21170,155.0,482.0,0.0
21171,227.0,207.0,0.0
21172,101.0,50.0,0.0
21173,31.0,71.0,0.0
21174,82.0,164.0,0.0
21175,172.0,231.0,0.0
21176,115.0,115.0,0.0
21177,151.0,263.0,0.0
21178,20.0,257.0,0.0
21179,124.0,297.0,0.0
21180,134.0,4.0,0.0
21181,8.0,303.0,0.0
21182,164.0,500.0,0.0
21183,268.0,587.0,0.0
21184,185.0,474.0,0.0
21185,227.0,471.0,0.0
21186,161.0,547.0,0.0
21187,196.0,269.0,0.0
21188,212.0,182.0,0.0
21189,101.0,11.0,0.0
21190,194.0,455.0,0.0
21191,256.0,321.0,0.0
21192,160.0,124.0,0.0
21193,211.0,261.0,0.0
21194,1.0,125.0,0.0
21195,183.0,474.0,0.0
21196,257.0,179.0,0.0
21197,39.0,120.0,0.0
21198,22.0,369.0,0.0
21199,18.0,395.0,0.0
21200,49.0,182.0,0.0
21201,96.0,471.0,0.0
21202,134.0,379.0,0.0
21203,196.0,110.0,0.0
21204,121.0,425.0,0.0
21205,125.0,574.0,0.0
21206,26.0,370.0,0.0
21207,74.0,232.0,0.0
21208,131.0,480.0,0.0
21209,228.0,463.0,0.0
21210,13.0,221.0,0.0
21211,4.0,77.0,0.0
21212,218.0,458.0,0.0
21213,217.0,263.0,0.0
21214,132.0,566.0,0.0
21215,90.0,242.0,0.0
21216,113.0,226.0,0.0
21217,13.0,345.0,0.0
21218,23.0,5.0,0.0
21219,61.0,300.0,0.0
21220,60.0,374.0,0.0
21221,241.0,271.0,0.0
21222,28.0,190.0,0.0
21223,118.0,344.0,0.0
21224,179.0,74.0,0.0
21225,40.0,1.0,0.0
21226,3.0,512.0,0.0
21227,34.0,357.0,0.0
21228,213.0,82.0,0.0
21229,175.0,555.0,0.0
21230,268.0,483.0,0.0
21231,205.0,521.0,0.0
21232,202.0,238.0,0.0
21233,208.0,531.0,0.0
21234,39.0,337.0,0.0
21235,14.0,420.0,0.0
21236,2.0,31.0,0.0
21237,137.0,109.0,0.0
21238,31.0,98.0,0.0
21239,91.0,201.0,0.0
21240,84.0,413.0,0.0
21241,99.0,421.0,0.0
21242,45.0,24.0,0.0
21243,151.0,109.0,0.0
21244,5.0,467.0,0.0
21245,147.0,168.0,0.0
21246,192.0,371.0,0.0
21247,196.0,481.0,0.0
21248,50.0,583.0,0.0
21249,182.0,519.0,0.0
21250,164.0,254.0,0.0
21251,165.0,244.0,0.0
21252,167.0,98.0,0.0
21253,207.0,139.0,0.0
21254,164.0,530.0,0.0
21255,120.0,350.0,0.0
21256,11.0,365.0,0.0
21257,179.0,83.0,0.0
21258,158.0,276.0,0.0
21259,234.0,308.0,0.0
21260,115.0,20.0,0.0
21261,56.0,472.0,0.0
21262,203.0,23.0,0.0
21263,176.0,192.0,0.0
21264,138.0,494.0,0.0
21265,198.0,92.0,0.0
21266,264.0,530.0,0.0
21267,193.0,200.0,0.0
21268,143.0,521.0,0.0
21269,142.0,545.0,0.0
21270,216.0,19.0,0.0
21271,188.0,28.0,0.0
21272,108.0,451.0,0.0
21273,192.0,458.0,0.0
21274,111.0,180.0,0.0
21275,256.0,200.0,0.0
21276,48.0,465.0,0.0
21277,174.0,112.0,0.0
21278,139.0,80.0,0.0
21279,115.0,250.0,0.0
21280,45.0,279.0,0.0
21281,148.0,346.0,0.0
21282,151.0,99.0,0.0
21283,9.0,16.0,0.0
21284,188.0,523.0,0.0
21285,75.0,56.0,0.0
21286,25.0,311.0,0.0
21287,93.0,404.0,0.0
21288,117.0,61.0,0.0
21289,179.0,404.0,0.0
21290,47.0,18.0,0.0
21291,24.0,147.0,0.0
21292,234.0,377.0,0.0
21293,207.0,349.0,0.0
21294,205.0,264.0,0.0
21295,213.0,161.0,0.0
21296,113.0,197.0,0.0
21297,41.0,53.0,0.0
21298,242.0,379.0,0.0
21299,64.0,359.0,0.0
21300,74.0,76.0,0.0
21301,268.0,46.0,0.0
21302,159.0,263.0,0.0
21303,66.0,435.0,0.0
21304,221.0,477.0,0.0
21305,148.0,240.0,0.0
21306,15.0,70.0,0.0
21307,219.0,409.0,0.0
21308,211.0,288.0,0.0
21309,218.0,34.0,0.0
21310,197.0,374.0,0.0
21311,239.0,190.0,0.0
21312,6.0,456.0,0.0
21313,93.0,397.0,0.0
21314,231.0,65.0,0.0
21315,72.0,231.0,0.0
21316,204.0,384.0,0.0
21317,62.0,154.0,0.0
21318,62.0,594.0,0.0
21319,74.0,345.0,0.0
21320,59.0,57.0,0.0
21321,57.0,496.0,0.0
21322,224.0,351.0,0.0
21323,211.0,322.0,0.0
21324,29.0,556.0,0.0
21325,162.0,210.0,0.0
21326,172.0,409.0,0.0
21327,245.0,421.0,0.0
21328,42.0,307.0,0.0
21329,244.0,469.0,0.0
21330,227.0,590.0,0.0
21331,17.0,299.0,0.0
21332,88.0,129.0,0.0
21333,240.0,567.0,0.0
21334,235.0,238.0,0.0
21335,108.0,273.0,0.0
21336,81.0,489.0,0.0
21337,114.0,351.0,0.0
21338,250.0,167.0,0.0
21339,140.0,260.0,0.0
21340,103.0,411.0,0.0
21341,106.0,419.0,0.0
21342,205.0,24.0,0.0
21343,25.0,91.0,0.0
21344,72.0,174.0,0.0
21345,51.0,420.0,0.0
21346,19.0,430.0,0.0
21347,103.0,183.0,0.0
21348,8.0,172.0,0.0
21349,75.0,387.0,0.0
21350,15.0,415.0,0.0
21351,79.0,198.0,0.0
21352,247.0,108.0,0.0
21353,41.0,406.0,0.0
21354,127.0,31.0,0.0
21355,74.0,442.0,0.0
21356,243.0,283.0,0.0
21357,62.0,101.0,0.0
21358,234.0,204.0,0.0
21359,152.0,403.0,0.0
21360,267.0,445.0,0.0
21361,121.0,110.0,0.0
21362,35.0,24.0,0.0
21363,210.0,200.0,0.0
21364,12.0,539.0,0.0
21365,95.0,97.0,0.0
21366,18.0,124.0,0.0
21367,3.0,120.0,0.0
21368,114.0,255.0,0.0
21369,174.0,488.0,0.0
21370,92.0,206.0,0.0
21371,241.0,355.0,0.0
21372,148.0,141.0,0.0
21373,161.0,201.0,0.0
21374,183.0,210.0,0.0
21375,174.0,102.0,0.0
21376,179.0,496.0,0.0
21377,215.0,65.0,0.0
21378,224.0,425.0,0.0
21379,81.0,246.0,0.0
21380,192.0,90.0,0.0
21381,70.0,165.0,0.0
21382,112.0,256.0,0.0
21383,3.0,56.0,0.0
21384,265.0,424.0,0.0
21385,96.0,30.0,0.0
21386,12.0,30.0,0.0
21387,4.0,21.0,0.0
21388,80.0,431.0,0.0
21389,218.0,102.0,0.0
21390,253.0,186.0,0.0
21391,268.0,340.0,0.0
21392,115.0,290.0,0.0
21393,259.0,260.0,0.0
21394,70.0,523.0,0.0
21395,115.0,243.0,0.0
21396,267.0,503.0,0.0
21397,81.0,568.0,0.0
21398,169.0,534.0,0.0
21399,30.0,183.0,0.0
21400,268.0,358.0,0.0
21401,24.0,190.0,0.0
21402,258.0,122.0,0.0
21403,6.0,413.0,0.0
21404,159.0,463.0,0.0
21405,158.0,365.0,0.0
21406,106.0,225.0,0.0
21407,33.0,165.0,0.0
21408,98.0,339.0,0.0
21409,100.0,471.0,0.0
21410,190.0,417.0,0.0
21411,147.0,468.0,0.0
21412,10.0,432.0,0.0
21413,143.0,505.0,0.0
21414,137.0,411.0,0.0
21415,167.0,109.0,0.0
21416,59.0,199.0,0.0
21417,171.0,278.0,0.0
21418,101.0,17.0,0.0
21419,186.0,127.0,0.0
21420,168.0,233.0,0.0
21421,104.0,305.0,0.0
21422,168.0,264.0,0.0
21423,70.0,111.0,0.0
21424,184.0,26.0,0.0
21425,75.0,504.0,0.0
21426,183.0,206.0,0.0
21427,93.0,403.0,0.0
21428,83.0,421.0,0.0
21429,21.0,383.0,0.0
21430,198.0,79.0,0.0
21431,128.0,560.0,0.0
21432,139.0,18.0,0.0
21433,40.0,120.0,0.0
21434,117.0,549.0,0.0
21435,124.0,491.0,0.0
21436,137.0,365.0,0.0
21437,220.0,460.0,0.0
21438,204.0,84.0,0.0
21439,153.0,246.0,0.0
21440,212.0,340.0,0.0
21441,120.0,539.0,0.0
21442,59.0,59.0,0.0
21443,44.0,500.0,0.0
21444,203.0,584.0,0.0
21445,54.0,47.0,0.0
21446,19.0,64.0,0.0
21447,176.0,392.0,0.0
21448,139.0,255.0,0.0
21449,146.0,462.0,0.0
21450,47.0,147.0,0.0
21451,207.0,140.0,0.0
21452,229.0,536.0,0.0
21453,167.0,363.0,0.0
21454,10.0,478.0,0.0
21455,261.0,467.0,0.0
21456,174.0,117.0,0.0
21457,136.0,124.0,0.0
21458,245.0,370.0,0.0
21459,228.0,37.0,0.0
21460,104.0,216.0,0.0
21461,11.0,437.0,0.0
21462,228.0,293.0,0.0
21463,155.0,419.0,0.0
21464,186.0,431.0,0.0
21465,229.0,411.0,0.0
21466,54.0,383.0,0.0
21467,26.0,376.0,0.0
21468,253.0,543.0,0.0
21469,245.0,13.0,0.0
21470,192.0,304.0,0.0
21471,261.0,448.0,0.0
21472,214.0,488.0,0.0
21473,259.0,72.0,0.0
21474,152.0,575.0,0.0
21475,118.0,552.0,0.0
21476,152.0,544.0,0.0
21477,100.0,373.0,0.0
21478,217.0,422.0,0.0
21479,131.0,266.0,0.0
21480,265.0,459.0,0.0
21481,234.0,440.0,0.0
21482,85.0,561.0,0.0
21483,137.0,493.0,0.0
21484,18.0,65.0,0.0
21485,232.0,310.0,0.0
21486,5.0,445.0,0.0
21487,177.0,498.0,0.0
21488,201.0,404.0,0.0
21489,253.0,562.0,0.0
21490,241.0,308.0,0.0
21491,163.0,406.0,0.0
21492,161.0,589.0,0.0
21493,61.0,258.0,0.0
21494,209.0,94.0,0.0
21495,90.0,358.0,0.0
21496,150.0,482.0,0.0
21497,222.0,528.0,0.0
21498,249.0,40.0,0.0
21499,8.0,340.0,0.0
21500,262.0,373.0,0.0
21501,251.0,552.0,0.0
21502,196.0,514.0,0.0
21503,109.0,272.0,0.0
21504,179.0,355.0,0.0
21505,101.0,438.0,0.0
21506,80.0,575.0,0.0
21507,130.0,189.0,0.0
21508,101.0,506.0,0.0
21509,234.0,361.0,0.0
21510,18.0,167.0,0.0
21511,106.0,574.0,0.0
21512,245.0,323.0,0.0
21513,22.0,537.0,0.0
21514,203.0,392.0,0.0
21515,123.0,469.0,0.0
21516,255.0,157.0,0.0
21517,225.0,329.0,0.0
21518,205.0,133.0,0.0
21519,127.0,182.0,0.0
21520,152.0,511.0,0.0
21521,42.0,352.0,0.0
21522,106.0,206.0,0.0
21523,75.0,151.0,0.0
21524,66.0,449.0,0.0
21525,92.0,322.0,0.0
21526,194.0,479.0,0.0
21527,41.0,313.0,0.0
21528,11.0,75.0,0.0
21529,186.0,19.0,0.0
21530,229.0,53.0,0.0
21531,8.0,427.0,0.0
21532,137.0,379.0,0.0
21533,136.0,406.0,0.0
21534,118.0,361.0,0.0
21535,18.0,49.0,0.0
21536,134.0,57.0,0.0
21537,1.0,458.0,0.0
21538,29.0,381.0,0.0
21539,122.0,429.0,0.0
21540,145.0,198.0,0.0
21541,171.0,239.0,0.0
21542,214.0,535.0,0.0
21543,115.0,186.0,0.0
21544,186.0,363.0,0.0
21545,158.0,387.0,0.0
21546,37.0,559.0,0.0
21547,16.0,456.0,0.0
21548,260.0,67.0,0.0
21549,98.0,542.0,0.0
21550,160.0,568.0,0.0
21551,157.0,37.0,0.0
21552,8.0,25.0,0.0
21553,175.0,392.0,0.0
21554,200.0,98.0,0.0
21555,124.0,392.0,0.0
21556,78.0,513.0,0.0
21557,0.0,54.0,0.0
21558,5.0,180.0,0.0
21559,63.0,241.0,0.0
21560,263.0,2.0,0.0
21561,267.0,150.0,0.0
21562,20.0,382.0,0.0
21563,206.0,193.0,0.0
21564,132.0,421.0,0.0
21565,97.0,469.0,0.0
21566,50.0,180.0,0.0
21567,151.0,528.0,0.0
21568,12.0,348.0,0.0
21569,46.0,150.0,0.0
21570,125.0,541.0,0.0
21571,196.0,253.0,0.0
21572,87.0,403.0,0.0
21573,186.0,217.0,0.0
21574,20.0,412.0,0.0
21575,42.0,580.0,0.0
21576,58.0,262.0,0.0
21577,184.0,80.0,0.0
21578,65.0,184.0,0.0
21579,226.0,113.0,0.0
21580,231.0,327.0,0.0
21581,129.0,181.0,0.0
21582,93.0,384.0,0.0
21583,26.0,390.0,0.0
21584,33.0,95.0,0.0
21585,154.0,90.0,0.0
21586,108.0,373.0,0.0
21587,247.0,264.0,0.0
21588,136.0,491.0,0.0
21589,168.0,478.0,0.0
21590,170.0,399.0,0.0
21591,57.0,416.0,0.0
21592,106.0,298.0,0.0
21593,31.0,334.0,0.0
21594,53.0,327.0,0.0
21595,154.0,81.0,0.0
21596,201.0,188.0,0.0
21597,239.0,291.0,0.0
21598,47.0,150.0,0.0
21599,92.0,564.0,0.0
21600,118.0,487.0,0.0
21601,150.0,301.0,0.0
21602,268.0,165.0,0.0
21603,135.0,105.0,0.0
21604,115.0,494.0,0.0
21605,210.0,569.0,0.0
21606,37.0,148.0,0.0
21607,38.0,302.0,0.0
21608,203.0,302.0,0.0
21609,258.0,536.0,0.0
21610,179.0,58.0,0.0
21611,170.0,314.0,0.0
21612,32.0,478.0,0.0
21613,207.0,442.0,0.0
21614,119.0,486.0,0.0
21615,180.0,2.0,0.0
21616,2.0,318.0,0.0
21617,268.0,404.0,0.0
21618,172.0,16.0,0.0
21619,249.0,415.0,0.0
21620,227.0,180.0,0.0
21621,212.0,448.0,0.0
21622,136.0,149.0,0.0
21623,95.0,451.0,0.0
21624,206.0,394.0,0.0
21625,98.0,175.0,0.0
21626,7.0,512.0,0.0
21627,110.0,539.0,0.0
21628,180.0,275.0,0.0
21629,245.0,433.0,0.0
21630,24.0,205.0,0.0
21631,209.0,110.0,0.0
21632,19.0,144.0,0.0
21633,93.0,545.0,0.0
21634,177.0,324.0,0.0
21635,36.0,343.0,0.0
21636,121.0,46.0,0.0
21637,157.0,108.0,0.0
21638,78.0,531.0,0.0
21639,39.0,564.0,0.0
21640,206.0,76.0,0.0
21641,204.0,327.0,0.0
21642,107.0,432.0,0.0
21643,87.0,117.0,0.0
21644,139.0,187.0,0.0
21645,242.0,426.0,0.0
21646,268.0,255.0,0.0
21647,206.0,384.0,0.0
21648,162.0,179.0,0.0
21649,198.0,55.0,0.0
21650,190.0,433.0,0.0
21651,66.0,362.0,0.0
21652,233.0,544.0,0.0
21653,76.0,487.0,0.0
21654,202.0,402.0,0.0
21655,189.0,574.0,0.0
21656,92.0,447.0,0.0
21657,227.0,82.0,0.0
21658,233.0,15.0,0.0
21659,154.0,311.0,0.0
21660,77.0,404.0,0.0
21661,231.0,131.0,0.0
21662,36.0,208.0,0.0
21663,4.0,464.0,0.0
21664,257.0,432.0,0.0
21665,227.0,451.0,0.0
21666,237.0,85.0,0.0
21667,42.0,483.0,0.0
21668,154.0,352.0,0.0
21669,162.0,160.0,0.0
21670,31.0,138.0,0.0
21671,262.0,150.0,0.0
21672,246.0,61.0,0.0
21673,116.0,414.0,0.0
21674,29.0,372.0,0.0
21675,118.0,150.0,0.0
21676,176.0,493.0,0.0
21677,137.0,334.0,0.0
21678,165.0,516.0,0.0
21679,178.0,281.0,0.0
21680,24.0,288.0,0.0
21681,265.0,380.0,0.0
21682,220.0,517.0,0.0
21683,159.0,467.0,0.0
21684,216.0,402.0,0.0
21685,192.0,1.0,0.0
21686,187.0,9.0,0.0
21687,63.0,361.0,0.0
21688,163.0,81.0,0.0
21689,202.0,391.0,0.0
21690,231.0,204.0,0.0
21691,114.0,184.0,0.0
21692,62.0,306.0,0.0
21693,262.0,93.0,0.0
21694,164.0,174.0,0.0
21695,13.0,259.0,0.0
21696,114.0,307.0,0.0
21697,0.0,52.0,0.0
21698,167.0,184.0,0.0
21699,247.0,6.0,0.0
21700,47.0,222.0,0.0
21701,212.0,324.0,0.0
21702,50.0,338.0,0.0
21703,83.0,99.0,0.0
21704,73.0,462.0,0.0
21705,81.0,533.0,0.0
21706,56.0,110.0,0.0
21707,2.0,365.0,0.0
21708,41.0,208.0,0.0
21709,59.0,489.0,0.0
21710,31.0,84.0,0.0
21711,33.0,437.0,0.0
21712,171.0,191.0,0.0
21713,115.0,183.0,0.0
21714,27.0,379.0,0.0
21715,166.0,306.0,0.0
21716,66.0,166.0,0.0
21717,7.0,138.0,0.0
21718,9.0,525.0,0.0
21719,27.0,67.0,0.0
21720,224.0,373.0,0.0
21721,118.0,392.0,0.0
21722,107.0,470.0,0.0
21723,69.0,329.0,0.0
21724,264.0,268.0,0.0
21725,168.0,210.0,0.0
21726,83.0,28.0,0.0
21727,99.0,584.0,0.0
21728,3.0,547.0,0.0
21729,82.0,325.0,0.0
21730,120.0,111.0,0.0
21731,187.0,281.0,0.0
21732,137.0,239.0,0.0
21733,211.0,351.0,0.0
21734,230.0,204.0,0.0
21735,19.0,472.0,0.0
21736,187.0,226.0,0.0
21737,208.0,512.0,0.0
21738,204.0,477.0,0.0
21739,234.0,288.0,0.0
21740,226.0,581.0,0.0
21741,119.0,244.0,0.0
21742,136.0,56.0,0.0
21743,72.0,176.0,0.0
21744,56.0,119.0,0.0
21745,46.0,463.0,0.0
21746,35.0,349.0,0.0
21747,198.0,505.0,0.0
21748,236.0,224.0,0.0
21749,230.0,397.0,0.0
21750,128.0,585.0,0.0
21751,29.0,539.0,0.0
21752,142.0,253.0,0.0
21753,60.0,319.0,0.0
21754,181.0,558.0,0.0
21755,45.0,225.0,0.0
21756,206.0,463.0,0.0
21757,124.0,227.0,0.0
21758,251.0,471.0,0.0
21759,110.0,125.0,0.0
21760,142.0,218.0,0.0
21761,59.0,304.0,0.0
21762,100.0,277.0,0.0
21763,43.0,426.0,0.0
21764,185.0,289.0,0.0
21765,246.0,143.0,0.0
21766,182.0,350.0,0.0
21767,127.0,574.0,0.0
21768,112.0,189.0,0.0
21769,206.0,338.0,0.0
21770,48.0,131.0,0.0
21771,38.0,248.0,0.0
21772,154.0,57.0,0.0
21773,222.0,229.0,0.0
21774,23.0,247.0,0.0
21775,237.0,104.0,0.0
21776,162.0,280.0,0.0
21777,161.0,11.0,0.0
21778,90.0,184.0,0.0
21779,85.0,386.0,0.0
21780,200.0,190.0,0.0
21781,139.0,83.0,0.0
21782,62.0,291.0,0.0
21783,235.0,199.0,0.0
21784,66.0,234.0,0.0
21785,63.0,344.0,0.0
21786,62.0,570.0,0.0
21787,186.0,283.0,0.0
21788,34.0,262.0,0.0
21789,77.0,286.0,0.0
21790,14.0,546.0,0.0
21791,62.0,64.0,0.0
21792,45.0,55.0,0.0
21793,48.0,267.0,0.0
21794,29.0,535.0,0.0
21795,180.0,453.0,0.0
21796,226.0,178.0,0.0
21797,148.0,121.0,0.0
21798,256.0,317.0,0.0
21799,21.0,451.0,0.0
21800,43.0,341.0,0.0
21801,7.0,463.0,0.0
21802,176.0,217.0,0.0
21803,158.0,469.0,0.0
21804,245.0,345.0,0.0
21805,1.0,585.0,0.0
21806,32.0,404.0,0.0
21807,43.0,485.0,0.0
21808,103.0,80.0,0.0
21809,264.0,335.0,0.0
21810,251.0,427.0,0.0
21811,68.0,442.0,0.0
21812,253.0,521.0,0.0
21813,185.0,2.0,0.0
21814,234.0,597.0,0.0
21815,145.0,27.0,0.0
21816,22.0,585.0,0.0
21817,141.0,326.0,0.0
21818,164.0,265.0,0.0
21819,208.0,316.0,0.0
21820,34.0,488.0,0.0
21821,173.0,309.0,0.0
21822,3.0,195.0,0.0
21823,0.0,204.0,0.0
21824,154.0,51.0,0.0
21825,206.0,135.0,0.0
21826,225.0,337.0,0.0
21827,198.0,117.0,0.0
21828,74.0,22.0,0.0
21829,24.0,139.0,0.0
21830,234.0,487.0,0.0
21831,225.0,450.0,0.0
21832,174.0,133.0,0.0
21833,47.0,324.0,0.0
21834,207.0,185.0,0.0
21835,196.0,414.0,0.0
21836,165.0,484.0,0.0
21837,54.0,57.0,0.0
21838,113.0,208.0,0.0
21839,159.0,336.0,0.0
21840,225.0,431.0,0.0
21841,3.0,48.0,0.0
21842,68.0,534.0,0.0
21843,202.0,502.0,0.0
21844,220.0,420.0,0.0
21845,108.0,185.0,0.0
21846,97.0,274.0,0.0
21847,192.0,245.0,0.0
21848,205.0,418.0,0.0
21849,203.0,528.0,0.0
21850,35.0,94.0,0.0
21851,176.0,576.0,0.0
21852,114.0,353.0,0.0
21853,193.0,124.0,0.0
21854,13.0,303.0,0.0
21855,154.0,424.0,0.0
21856,95.0,338.0,0.0
21857,64.0,240.0,0.0
21858,158.0,475.0,0.0
21859,226.0,513.0,0.0
21860,28.0,170.0,0.0
21861,62.0,234.0,0.0
21862,3.0,131.0,0.0
21863,238.0,492.0,0.0
21864,145.0,161.0,0.0
21865,17.0,361.0,0.0
21866,41.0,320.0,0.0
21867,61.0,268.0,0.0
21868,106.0,249.0,0.0
21869,110.0,387.0,0.0
21870,230.0,357.0,0.0
21871,169.0,421.0,0.0
21872,110.0,572.0,0.0
21873,88.0,568.0,0.0
21874,116.0,568.0,0.0
21875,264.0,489.0,0.0
21876,46.0,383.0,0.0
21877,200.0,509.0,0.0
21878,40.0,160.0,0.0
21879,166.0,513.0,0.0
21880,240.0,17.0,0.0
21881,125.0,213.0,0.0
21882,139.0,384.0,0.0
21883,5.0,328.0,0.0
21884,154.0,284.0,0.0
21885,176.0,577.0,0.0
21886,177.0,180.0,0.0
21887,13.0,580.0,0.0
21888,26.0,51.0,0.0
21889,212.0,506.0,0.0
21890,136.0,82.0,0.0
21891,50.0,499.0,0.0
21892,252.0,472.0,0.0
21893,6.0,246.0,0.0
21894,91.0,125.0,0.0
21895,268.0,326.0,0.0
21896,29.0,163.0,0.0
21897,85.0,547.0,0.0
21898,25.0,130.0,0.0
21899,264.0,129.0,0.0
21900,121.0,124.0,0.0
21901,231.0,595.0,0.0
21902,16.0,164.0,0.0
21903,40.0,204.0,0.0
21904,54.0,153.0,0.0
21905,51.0,303.0,0.0
21906,190.0,350.0,0.0
21907,1.0,318.0,0.0
21908,88.0,210.0,0.0
21909,157.0,96.0,0.0
21910,252.0,167.0,0.0
21911,126.0,24.0,0.0
21912,160.0,561.0,0.0
21913,98.0,350.0,0.0
21914,128.0,30.0,0.0
21915,68.0,486.0,0.0
21916,86.0,164.0,0.0
21917,238.0,31.0,0.0
21918,17.0,463.0,0.0
21919,250.0,129.0,0.0
21920,0.0,46.0,0.0
21921,258.0,124.0,0.0
21922,7.0,229.0,0.0
21923,43.0,96.0,0.0
21924,107.0,15.0,0.0
21925,54.0,298.0,0.0
21926,164.0,222.0,0.0
21927,121.0,310.0,0.0
21928,88.0,554.0,0.0
21929,2.0,568.0,0.0
21930,243.0,444.0,0.0
21931,69.0,478.0,0.0
21932,114.0,573.0,0.0
21933,141.0,558.0,0.0
21934,88.0,112.0,0.0
21935,191.0,84.0,0.0
21936,147.0,101.0,0.0
21937,85.0,217.0,0.0
21938,225.0,24.0,0.0
21939,243.0,275.0,0.0
21940,45.0,246.0,0.0
21941,45.0,228.0,0.0
21942,216.0,541.0,0.0
21943,71.0,172.0,0.0
21944,95.0,67.0,0.0
21945,166.0,294.0,0.0
21946,231.0,375.0,0.0
21947,220.0,248.0,0.0
21948,216.0,45.0,0.0
21949,186.0,328.0,0.0
21950,197.0,342.0,0.0
21951,99.0,551.0,0.0
21952,187.0,167.0,0.0
21953,266.0,583.0,0.0
21954,3.0,88.0,0.0
21955,251.0,454.0,0.0
21956,88.0,39.0,0.0
21957,188.0,326.0,0.0
21958,171.0,471.0,0.0
21959,261.0,459.0,0.0
21960,36.0,287.0,0.0
21961,61.0,39.0,0.0
21962,176.0,453.0,0.0
21963,26.0,259.0,0.0
21964,205.0,472.0,0.0
21965,51.0,550.0,0.0
21966,236.0,130.0,0.0
21967,225.0,588.0,0.0
21968,30.0,78.0,0.0
21969,2.0,179.0,0.0
21970,32.0,552.0,0.0
21971,101.0,397.0,0.0
21972,14.0,560.0,0.0
21973,65.0,487.0,0.0
21974,72.0,577.0,0.0
21975,105.0,488.0,0.0
21976,114.0,221.0,0.0
21977,29.0,265.0,0.0
21978,255.0,86.0,0.0
21979,233.0,337.0,0.0
21980,268.0,341.0,0.0
21981,96.0,370.0,0.0
21982,24.0,30.0,0.0
21983,193.0,539.0,0.0
21984,174.0,325.0,0.0
21985,19.0,324.0,0.0
21986,210.0,248.0,0.0
21987,234.0,331.0,0.0
21988,174.0,187.0,0.0
21989,215.0,414.0,0.0
21990,136.0,407.0,0.0
21991,183.0,336.0,0.0
21992,117.0,387.0,0.0
21993,262.0,92.0,0.0
21994,211.0,433.0,0.0
21995,159.0,55.0,0.0
21996,90.0,246.0,0.0
21997,243.0,271.0,0.0
21998,46.0,407.0,0.0
21999,109.0,152.0,0.0
22000,112.0,585.0,0.0
22001,8.0,429.0,0.0
22002,78.0,485.0,0.0
22003,166.0,533.0,0.0
22004,63.0,85.0,0.0
22005,8.0,16.0,0.0
22006,30.0,69.0,0.0
22007,56.0,574.0,0.0
22008,55.0,335.0,0.0
22009,70.0,13.0,0.0
22010,27.0,137.0,0.0
22011,8.0,377.0,0.0
22012,90.0,522.0,0.0
22013,87.0,460.0,0.0
22014,5.0,387.0,0.0
22015,2.0,539.0,0.0
22016,111.0,222.0,0.0
22017,27.0,289.0,0.0
22018,246.0,526.0,0.0
22019,206.0,232.0,0.0
22020,78.0,62.0,0.0
22021,59.0,165.0,0.0
22022,55.0,515.0,0.0
22023,234.0,561.0,0.0
22024,97.0,175.0,0.0
22025,193.0,447.0,0.0
22026,145.0,86.0,0.0
22027,11.0,541.0,0.0
22028,160.0,72.0,0.0
22029,248.0,376.0,0.0
22030,213.0,151.0,0.0
22031,168.0,317.0,0.0
22032,101.0,437.0,0.0
22033,251.0,198.0,0.0
22034,241.0,347.0,0.0
22035,8.0,292.0,0.0
22036,152.0,168.0,0.0
22037,2.0,224.0,0.0
22038,123.0,109.0,0.0
22039,15.0,31.0,0.0
22040,59.0,463.0,0.0
22041,251.0,148.0,0.0
22042,213.0,240.0,0.0
22043,109.0,501.0,0.0
22044,248.0,310.0,0.0
22045,26.0,35.0,0.0
22046,196.0,19.0,0.0
22047,88.0,17.0,0.0
22048,102.0,290.0,0.0
22049,246.0,211.0,0.0
22050,83.0,309.0,0.0
22051,124.0,100.0,0.0
22052,213.0,96.0,0.0
22053,208.0,176.0,0.0
22054,4.0,142.0,0.0
22055,248.0,232.0,0.0
22056,111.0,265.0,0.0
22057,9.0,15.0,0.0
22058,245.0,70.0,0.0
22059,179.0,301.0,0.0
22060,47.0,148.0,0.0
22061,66.0,73.0,0.0
22062,50.0,584.0,0.0
22063,53.0,56.0,0.0
22064,95.0,200.0,0.0
22065,156.0,415.0,0.0
22066,68.0,171.0,0.0
22067,176.0,193.0,0.0
22068,95.0,436.0,0.0
22069,239.0,581.0,0.0
22070,156.0,573.0,0.0
22071,3.0,193.0,0.0
22072,101.0,412.0,0.0
22073,149.0,53.0,0.0
22074,176.0,527.0,0.0
22075,257.0,95.0,0.0
22076,235.0,148.0,0.0
22077,100.0,414.0,0.0
22078,31.0,271.0,0.0
22079,59.0,210.0,0.0
22080,197.0,593.0,0.0
22081,56.0,192.0,0.0
22082,168.0,375.0,0.0
22083,10.0,493.0,0.0
22084,254.0,132.0,0.0
22085,223.0,148.0,0.0
22086,112.0,293.0,0.0
22087,76.0,448.0,0.0
22088,262.0,443.0,0.0
22089,263.0,196.0,0.0
22090,152.0,121.0,0.0
22091,69.0,47.0,0.0
22092,216.0,521.0,0.0
22093,105.0,187.0,0.0
22094,206.0,87.0,0.0
22095,35.0,86.0,0.0
22096,262.0,251.0,0.0
22097,254.0,292.0,0.0
22098,247.0,587.0,0.0
22099,140.0,487.0,0.0
22100,228.0,306.0,0.0
22101,71.0,94.0,0.0
22102,217.0,395.0,0.0
22103,60.0,307.0,0.0
22104,205.0,183.0,0.0
22105,202.0,585.0,0.0
22106,94.0,288.0,0.0
22107,268.0,596.0,0.0
22108,201.0,18.0,0.0
22109,212.0,259.0,0.0
22110,210.0,322.0,0.0
22111,161.0,124.0,0.0
22112,3.0,214.0,0.0
22113,209.0,410.0,0.0
22114,179.0,373.0,0.0
22115,170.0,587.0,0.0
22116,232.0,186.0,0.0
22117,118.0,239.0,0.0
22118,208.0,520.0,0.0
22119,171.0,392.0,0.0
22120,237.0,406.0,0.0
22121,134.0,293.0,0.0
22122,207.0,26.0,0.0
22123,66.0,439.0,0.0
22124,267.0,382.0,0.0
22125,138.0,217.0,0.0
22126,120.0,47.0,0.0
22127,104.0,473.0,0.0
22128,128.0,223.0,0.0
22129,52.0,135.0,0.0
22130,178.0,106.0,0.0
22131,98.0,463.0,0.0
22132,195.0,572.0,0.0
22133,89.0,594.0,0.0
22134,88.0,184.0,0.0
22135,59.0,140.0,0.0
22136,95.0,76.0,0.0
22137,248.0,305.0,0.0
22138,215.0,545.0,0.0
22139,3.0,382.0,0.0
22140,176.0,480.0,0.0
22141,170.0,432.0,0.0
22142,67.0,52.0,0.0
22143,43.0,591.0,0.0
22144,21.0,193.0,0.0
22145,55.0,51.0,0.0
22146,130.0,506.0,0.0
22147,258.0,56.0,0.0
22148,220.0,521.0,0.0
22149,185.0,220.0,0.0
22150,231.0,100.0,0.0
22151,73.0,571.0,0.0
22152,79.0,216.0,0.0
22153,187.0,72.0,0.0
22154,267.0,373.0,0.0
22155,33.0,508.0,0.0
22156,108.0,596.0,0.0
22157,20.0,360.0,0.0
22158,230.0,165.0,0.0
22159,192.0,95.0,0.0
22160,103.0,407.0,0.0
22161,165.0,159.0,0.0
22162,120.0,167.0,0.0
22163,173.0,546.0,0.0
22164,93.0,427.0,0.0
22165,250.0,198.0,0.0
22166,18.0,303.0,0.0
22167,191.0,395.0,0.0
22168,174.0,9.0,0.0
22169,21.0,577.0,0.0
22170,123.0,101.0,0.0
22171,115.0,218.0,0.0
22172,20.0,219.0,0.0
22173,148.0,473.0,0.0
22174,104.0,132.0,0.0
22175,44.0,456.0,0.0
22176,253.0,345.0,0.0
22177,113.0,396.0,0.0
22178,91.0,412.0,0.0
22179,2.0,505.0,0.0
22180,23.0,341.0,0.0
22181,49.0,79.0,0.0
22182,62.0,583.0,0.0
22183,131.0,299.0,0.0
22184,109.0,439.0,0.0
22185,67.0,228.0,0.0
22186,199.0,394.0,0.0
22187,215.0,84.0,0.0
22188,258.0,429.0,0.0
22189,163.0,573.0,0.0
22190,229.0,578.0,0.0
22191,40.0,407.0,0.0
22192,35.0,264.0,0.0
22193,47.0,71.0,0.0
22194,264.0,451.0,0.0
22195,240.0,500.0,0.0
22196,70.0,139.0,0.0
22197,12.0,352.0,0.0
22198,200.0,519.0,0.0
22199,211.0,170.0,0.0
22200,12.0,328.0,0.0
22201,177.0,283.0,0.0
22202,45.0,32.0,0.0
22203,225.0,423.0,0.0
22204,72.0,596.0,0.0
22205,132.0,144.0,0.0
22206,2.0,13.0,0.0
22207,209.0,531.0,0.0
22208,154.0,468.0,0.0
22209,45.0,387.0,0.0
22210,229.0,190.0,0.0
22211,162.0,108.0,0.0
22212,215.0,99.0,0.0
22213,203.0,520.0,0.0
22214,232.0,316.0,0.0
22215,131.0,555.0,0.0
22216,150.0,344.0,0.0
22217,37.0,329.0,0.0
22218,29.0,227.0,0.0
22219,158.0,502.0,0.0
22220,31.0,390.0,0.0
22221,190.0,585.0,0.0
22222,37.0,211.0,0.0
22223,21.0,356.0,0.0
22224,263.0,567.0,0.0
22225,201.0,24.0,0.0
22226,174.0,158.0,0.0
22227,127.0,557.0,0.0
22228,96.0,456.0,0.0
22229,29.0,358.0,0.0
22230,241.0,466.0,0.0
22231,247.0,29.0,0.0
22232,251.0,122.0,0.0
22233,207.0,579.0,0.0
22234,230.0,394.0,0.0
22235,134.0,576.0,0.0
22236,85.0,207.0,0.0
22237,138.0,17.0,0.0
22238,185.0,497.0,0.0
22239,248.0,358.0,0.0
22240,118.0,452.0,0.0
22241,107.0,374.0,0.0
22242,238.0,185.0,0.0
22243,227.0,211.0,0.0
22244,128.0,181.0,0.0
22245,132.0,404.0,0.0
22246,268.0,20.0,0.0
22247,42.0,572.0,0.0
22248,23.0,73.0,0.0
22249,12.0,580.0,0.0
22250,265.0,220.0,0.0
22251,13.0,576.0,0.0
22252,129.0,11.0,0.0
22253,82.0,308.0,0.0
22254,62.0,483.0,0.0
22255,63.0,264.0,0.0
22256,180.0,296.0,0.0
22257,107.0,393.0,0.0
22258,145.0,517.0,0.0
22259,123.0,488.0,0.0
22260,137.0,358.0,0.0
22261,149.0,588.0,0.0
22262,250.0,171.0,0.0
22263,200.0,163.0,0.0
22264,99.0,110.0,0.0
22265,230.0,368.0,0.0
22266,119.0,127.0,0.0
22267,93.0,476.0,0.0
22268,94.0,395.0,0.0
22269,105.0,442.0,0.0
22270,227.0,359.0,0.0
22271,19.0,343.0,0.0
22272,261.0,171.0,0.0
22273,255.0,202.0,0.0
22274,239.0,325.0,0.0
22275,210.0,433.0,0.0
22276,57.0,103.0,0.0
22277,188.0,226.0,0.0
22278,12.0,366.0,0.0
22279,257.0,256.0,0.0
22280,216.0,409.0,0.0
22281,97.0,510.0,0.0
22282,22.0,145.0,0.0
22283,255.0,190.0,0.0
22284,64.0,142.0,0.0
22285,167.0,538.0,0.0
22286,118.0,467.0,0.0
22287,226.0,394.0,0.0
22288,8.0,322.0,0.0
22289,68.0,214.0,0.0
22290,201.0,256.0,0.0
22291,221.0,343.0,0.0
22292,212.0,273.0,0.0
22293,23.0,309.0,0.0
22294,219.0,352.0,0.0
22295,90.0,593.0,0.0
22296,153.0,285.0,0.0
22297,81.0,485.0,0.0
22298,140.0,497.0,0.0
22299,29.0,224.0,0.0
22300,1.0,589.0,0.0
22301,235.0,440.0,0.0
22302,25.0,568.0,0.0
22303,112.0,96.0,0.0
22304,129.0,392.0,0.0
22305,111.0,465.0,0.0
22306,209.0,121.0,0.0
22307,65.0,79.0,0.0
22308,19.0,219.0,0.0
22309,127.0,3.0,0.0
22310,69.0,396.0,0.0
22311,214.0,151.0,0.0
22312,201.0,175.0,0.0
22313,12.0,373.0,0.0
22314,14.0,214.0,0.0
22315,149.0,268.0,0.0
22316,168.0,365.0,0.0
22317,245.0,569.0,0.0
22318,145.0,257.0,0.0
22319,53.0,257.0,0.0
22320,37.0,192.0,0.0
22321,225.0,98.0,0.0
22322,118.0,597.0,0.0
22323,152.0,47.0,0.0
22324,7.0,536.0,0.0
22325,190.0,368.0,0.0
22326,8.0,498.0,0.0
22327,28.0,386.0,0.0
22328,258.0,319.0,0.0
22329,246.0,454.0,0.0
22330,70.0,388.0,0.0
22331,249.0,199.0,0.0
22332,119.0,550.0,0.0
22333,265.0,386.0,0.0
22334,168.0,328.0,0.0
22335,248.0,568.0,0.0
22336,228.0,327.0,0.0
22337,145.0,596.0,0.0
22338,73.0,402.0,0.0
22339,112.0,273.0,0.0
22340,76.0,2.0,0.0
22341,167.0,198.0,0.0
22342,118.0,30.0,0.0
22343,253.0,173.0,0.0
22344,150.0,538.0,0.0
22345,216.0,545.0,0.0
22346,125.0,334.0,0.0
22347,259.0,210.0,0.0
22348,64.0,587.0,0.0
22349,101.0,227.0,0.0
22350,216.0,160.0,0.0
22351,143.0,349.0,0.0
22352,45.0,289.0,0.0
22353,40.0,445.0,0.0
22354,177.0,91.0,0.0
22355,49.0,208.0,0.0
22356,219.0,237.0,0.0
22357,83.0,454.0,0.0
22358,243.0,335.0,0.0
22359,98.0,566.0,0.0
22360,103.0,376.0,0.0
22361,154.0,408.0,0.0
22362,44.0,575.0,0.0
22363,44.0,330.0,0.0
22364,79.0,443.0,0.0
22365,225.0,564.0,0.0
22366,47.0,40.0,0.0
22367,37.0,134.0,0.0
22368,124.0,534.0,0.0
22369,96.0,413.0,0.0
22370,46.0,592.0,0.0
22371,159.0,237.0,0.0
22372,100.0,439.0,0.0
22373,78.0,456.0,0.0
22374,144.0,263.0,0.0
22375,81.0,43.0,0.0
22376,8.0,331.0,0.0
22377,36.0,68.0,0.0
22378,111.0,177.0,0.0
22379,246.0,286.0,0.0
22380,140.0,298.0,0.0
22381,193.0,165.0,0.0
22382,197.0,173.0,0.0
22383,263.0,48.0,0.0
22384,257.0,479.0,0.0
22385,224.0,593.0,0.0
22386,54.0,196.0,0.0
22387,152.0,129.0,0.0
22388,218.0,461.0,0.0
22389,22.0,571.0,0.0
22390,260.0,436.0,0.0
22391,217.0,565.0,0.0
22392,152.0,588.0,0.0
22393,20.0,139.0,0.0
22394,3.0,532.0,0.0
22395,138.0,148.0,0.0
22396,12.0,144.0,0.0
22397,35.0,51.0,0.0
22398,230.0,104.0,0.0
22399,247.0,431.0,0.0
22400,235.0,443.0,0.0
22401,114.0,80.0,0.0
22402,88.0,574.0,0.0
22403,102.0,84.0,0.0
22404,174.0,574.0,0.0
22405,37.0,26.0,0.0
22406,264.0,505.0,0.0
22407,211.0,142.0,0.0
22408,25.0,114.0,0.0
22409,126.0,134.0,0.0
22410,143.0,501.0,0.0
22411,137.0,404.0,0.0
22412,235.0,305.0,0.0
22413,83.0,229.0,0.0
22414,121.0,245.0,0.0
22415,106.0,218.0,0.0
22416,91.0,346.0,0.0
22417,257.0,336.0,0.0
22418,238.0,328.0,0.0
22419,121.0,68.0,0.0
22420,165.0,15.0,0.0
22421,103.0,25.0,0.0
22422,54.0,484.0,0.0
22423,235.0,322.0,0.0
22424,124.0,311.0,0.0
22425,86.0,106.0,0.0
22426,153.0,442.0,0.0
22427,13.0,465.0,0.0
22428,195.0,377.0,0.0
22429,29.0,526.0,0.0
22430,195.0,475.0,0.0
22431,215.0,569.0,0.0
22432,210.0,534.0,0.0
22433,217.0,507.0,0.0
22434,192.0,302.0,0.0
22435,78.0,561.0,0.0
22436,103.0,199.0,0.0
22437,258.0,567.0,0.0
22438,121.0,451.0,0.0
22439,118.0,4.0,0.0
22440,137.0,512.0,0.0
22441,13.0,301.0,0.0
22442,143.0,578.0,0.0
22443,185.0,259.0,0.0
22444,118.0,337.0,0.0
22445,67.0,92.0,0.0
22446,21.0,306.0,0.0
22447,86.0,589.0,0.0
22448,211.0,217.0,0.0
22449,192.0,381.0,0.0
22450,263.0,493.0,0.0
22451,3.0,466.0,0.0
22452,237.0,121.0,0.0
22453,253.0,51.0,0.0
22454,247.0,438.0,0.0
22455,224.0,177.0,0.0
22456,189.0,173.0,0.0
22457,80.0,551.0,0.0
22458,123.0,262.0,0.0
22459,264.0,296.0,0.0
22460,29.0,106.0,0.0
22461,145.0,256.0,0.0
22462,122.0,596.0,0.0
22463,260.0,298.0,0.0
22464,43.0,377.0,0.0
22465,154.0,530.0,0.0
22466,50.0,365.0,0.0
22467,148.0,234.0,0.0
22468,120.0,212.0,0.0
22469,221.0,151.0,0.0
22470,209.0,332.0,0.0
22471,200.0,523.0,0.0
22472,237.0,59.0,0.0
22473,54.0,515.0,0.0
22474,168.0,318.0,0.0
22475,155.0,60.0,0.0
22476,15.0,525.0,0.0
22477,173.0,395.0,0.0
22478,113.0,426.0,0.0
22479,76.0,467.0,0.0
22480,215.0,3.0,0.0
22481,131.0,139.0,0.0
22482,64.0,163.0,0.0
22483,34.0,97.0,0.0
22484,251.0,417.0,0.0
22485,125.0,12.0,0.0
22486,195.0,75.0,0.0
22487,60.0,1.0,0.0
22488,164.0,461.0,0.0
22489,188.0,222.0,0.0
22490,244.0,285.0,0.0
22491,170.0,436.0,0.0
22492,228.0,530.0,0.0
22493,107.0,533.0,0.0
22494,208.0,596.0,0.0
22495,93.0,488.0,0.0
22496,160.0,528.0,0.0
22497,204.0,64.0,0.0
22498,103.0,161.0,0.0
22499,211.0,347.0,0.0
22500,88.0,65.0,0.0
22501,142.0,293.0,0.0
22502,246.0,71.0,0.0
22503,162.0,516.0,0.0
22504,51.0,250.0,0.0
22505,4.0,120.0,0.0
22506,137.0,130.0,0.0
22507,142.0,584.0,0.0
22508,103.0,212.0,0.0
22509,32.0,565.0,0.0
22510,240.0,0.0,0.0
22511,204.0,240.0,0.0
22512,65.0,44.0,0.0
22513,187.0,560.0,0.0
22514,113.0,525.0,0.0
22515,247.0,489.0,0.0
22516,244.0,330.0,0.0
22517,247.0,155.0,0.0
22518,161.0,151.0,0.0
22519,169.0,509.0,0.0
22520,243.0,162.0,0.0
22521,53.0,361.0,0.0
22522,236.0,467.0,0.0
22523,162.0,492.0,0.0
22524,15.0,252.0,0.0
22525,195.0,421.0,0.0
22526,241.0,127.0,0.0
22527,263.0,154.0,0.0
22528,100.0,4.0,0.0
22529,62.0,180.0,0.0
22530,196.0,347.0,0.0
22531,251.0,75.0,0.0
22532,58.0,310.0,0.0
22533,138.0,2.0,0.0
22534,108.0,57.0,0.0
22535,249.0,524.0,0.0
22536,116.0,493.0,0.0
22537,59.0,125.0,0.0
22538,84.0,515.0,0.0
22539,25.0,586.0,0.0
22540,33.0,453.0,0.0
22541,124.0,512.0,0.0
22542,137.0,564.0,0.0
22543,62.0,466.0,0.0
22544,125.0,369.0,0.0
22545,59.0,206.0,0.0
22546,118.0,510.0,0.0
22547,36.0,65.0,0.0
22548,15.0,338.0,0.0
22549,157.0,346.0,0.0
22550,39.0,105.0,0.0
22551,169.0,553.0,0.0
22552,73.0,448.0,0.0
22553,194.0,380.0,0.0
22554,87.0,512.0,0.0
22555,37.0,4.0,0.0
22556,26.0,83.0,0.0
22557,234.0,346.0,0.0
22558,144.0,211.0,0.0
22559,222.0,214.0,0.0
22560,112.0,209.0,0.0
22561,68.0,226.0,0.0
22562,125.0,129.0,0.0
22563,7.0,561.0,0.0
22564,170.0,291.0,0.0
22565,197.0,432.0,0.0
22566,33.0,229.0,0.0
22567,171.0,576.0,0.0
22568,112.0,495.0,0.0
22569,69.0,535.0,0.0
22570,217.0,420.0,0.0
22571,42.0,584.0,0.0
22572,105.0,221.0,0.0
22573,238.0,347.0,0.0
22574,155.0,234.0,0.0
22575,74.0,538.0,0.0
22576,247.0,566.0,0.0
22577,159.0,183.0,0.0
22578,30.0,275.0,0.0
22579,34.0,233.0,0.0
22580,124.0,82.0,0.0
22581,97.0,165.0,0.0
22582,124.0,278.0,0.0
22583,76.0,293.0,0.0
22584,29.0,20.0,0.0
22585,254.0,386.0,0.0
22586,53.0,83.0,0.0
22587,157.0,580.0,0.0
22588,31.0,165.0,0.0
22589,217.0,365.0,0.0
22590,226.0,358.0,0.0
22591,233.0,190.0,0.0
22592,15.0,306.0,0.0
22593,92.0,539.0,0.0
22594,126.0,169.0,0.0
22595,10.0,199.0,0.0
22596,264.0,107.0,0.0
22597,27.0,531.0,0.0
22598,196.0,273.0,0.0
22599,115.0,336.0,0.0
22600,174.0,461.0,0.0
22601,71.0,209.0,0.0
22602,39.0,73.0,0.0
22603,104.0,440.0,0.0
22604,168.0,33.0,0.0
22605,18.0,5.0,0.0
22606,203.0,511.0,0.0
22607,138.0,97.0,0.0
22608,94.0,285.0,0.0
22609,38.0,180.0,0.0
22610,235.0,497.0,0.0
22611,137.0,413.0,0.0
22612,221.0,161.0,0.0
22613,8.0,402.0,0.0
22614,232.0,570.0,0.0
22615,26.0,126.0,0.0
22616,171.0,430.0,0.0
22617,238.0,382.0,0.0
22618,60.0,469.0,0.0
22619,6.0,188.0,0.0
22620,141.0,29.0,0.0
22621,244.0,117.0,0.0
22622,121.0,116.0,0.0
22623,84.0,117.0,0.0
22624,126.0,318.0,0.0
22625,18.0,329.0,0.0
22626,218.0,354.0,0.0
22627,47.0,484.0,0.0
22628,105.0,76.0,0.0
22629,74.0,306.0,0.0
22630,256.0,597.0,0.0
22631,215.0,315.0,0.0
22632,268.0,187.0,0.0
22633,11.0,219.0,0.0
22634,207.0,156.0,0.0
22635,169.0,218.0,0.0
22636,159.0,421.0,0.0
22637,208.0,92.0,0.0
22638,159.0,377.0,0.0
22639,22.0,405.0,0.0
22640,105.0,414.0,0.0
22641,39.0,245.0,0.0
22642,134.0,310.0,0.0
22643,81.0,247.0,0.0
22644,100.0,268.0,0.0
22645,18.0,582.0,0.0
22646,234.0,459.0,0.0
22647,127.0,2.0,0.0
22648,220.0,317.0,0.0
22649,114.0,399.0,0.0
22650,110.0,285.0,0.0
22651,81.0,101.0,0.0
22652,69.0,96.0,0.0
22653,132.0,387.0,0.0
22654,22.0,411.0,0.0
22655,50.0,439.0,0.0
22656,119.0,585.0,0.0
22657,4.0,438.0,0.0
22658,45.0,292.0,0.0
22659,6.0,369.0,0.0
22660,80.0,88.0,0.0
22661,78.0,95.0,0.0
22662,52.0,155.0,0.0
22663,139.0,184.0,0.0
22664,231.0,491.0,0.0
22665,17.0,528.0,0.0
22666,196.0,220.0,0.0
22667,77.0,191.0,0.0
22668,252.0,2.0,0.0
22669,101.0,508.0,0.0
22670,92.0,250.0,0.0
22671,10.0,453.0,0.0
22672,211.0,98.0,0.0
22673,188.0,103.0,0.0
22674,218.0,542.0,0.0
22675,207.0,0.0,0.0
22676,21.0,212.0,0.0
22677,85.0,339.0,0.0
22678,91.0,569.0,0.0
22679,6.0,253.0,0.0
22680,50.0,377.0,0.0
22681,222.0,191.0,0.0
22682,163.0,80.0,0.0
22683,0.0,582.0,0.0
22684,205.0,574.0,0.0
22685,214.0,439.0,0.0
22686,249.0,219.0,0.0
22687,29.0,523.0,0.0
22688,189.0,548.0,0.0
22689,254.0,548.0,0.0
22690,221.0,71.0,0.0
22691,120.0,320.0,0.0
22692,177.0,266.0,0.0
22693,132.0,266.0,0.0
22694,241.0,560.0,0.0
22695,29.0,217.0,0.0
22696,78.0,582.0,0.0
22697,39.0,166.0,0.0
22698,225.0,279.0,0.0
22699,6.0,576.0,0.0
22700,148.0,483.0,0.0
22701,105.0,417.0,0.0
22702,58.0,225.0,0.0
22703,256.0,579.0,0.0
22704,40.0,161.0,0.0
22705,216.0,450.0,0.0
22706,265.0,377.0,0.0
22707,129.0,350.0,0.0
22708,45.0,512.0,0.0
22709,38.0,498.0,0.0
22710,259.0,273.0,0.0
22711,78.0,447.0,0.0
22712,91.0,85.0,0.0
22713,10.0,5.0,0.0
22714,125.0,345.0,0.0
22715,106.0,328.0,0.0
22716,164.0,157.0,0.0
22717,24.0,112.0,0.0
22718,188.0,520.0,0.0
22719,237.0,225.0,0.0
22720,113.0,322.0,0.0
22721,179.0,49.0,0.0
22722,9.0,538.0,0.0
22723,182.0,476.0,0.0
22724,77.0,188.0,0.0
22725,72.0,161.0,0.0
22726,74.0,416.0,0.0
22727,247.0,532.0,0.0
22728,113.0,499.0,0.0
22729,237.0,421.0,0.0
22730,41.0,526.0,0.0
22731,38.0,376.0,0.0
22732,263.0,526.0,0.0
22733,175.0,342.0,0.0
22734,238.0,593.0,0.0
22735,111.0,13.0,0.0
22736,116.0,340.0,0.0
22737,66.0,575.0,0.0
22738,13.0,525.0,0.0
22739,93.0,551.0,0.0
22740,248.0,396.0,0.0
22741,126.0,352.0,0.0
22742,233.0,33.0,0.0
22743,86.0,50.0,0.0
22744,133.0,456.0,0.0
22745,131.0,138.0,0.0
22746,203.0,222.0,0.0
22747,169.0,410.0,0.0
22748,118.0,123.0,0.0
22749,140.0,34.0,0.0
22750,166.0,75.0,0.0
22751,265.0,148.0,0.0
22752,51.0,46.0,0.0
22753,82.0,349.0,0.0
22754,210.0,523.0,0.0
22755,47.0,256.0,0.0
22756,186.0,468.0,0.0
22757,41.0,341.0,0.0
22758,97.0,240.0,0.0
22759,249.0,116.0,0.0
22760,16.0,339.0,0.0
22761,190.0,269.0,0.0
22762,47.0,203.0,0.0
22763,191.0,456.0,0.0
22764,155.0,451.0,0.0
22765,128.0,478.0,0.0
22766,10.0,1.0,0.0
22767,40.0,495.0,0.0
22768,171.0,259.0,0.0
22769,182.0,190.0,0.0
22770,17.0,303.0,0.0
22771,14.0,537.0,0.0
22772,39.0,543.0,0.0
22773,265.0,359.0,0.0
22774,122.0,589.0,0.0
22775,13.0,211.0,0.0
22776,215.0,171.0,0.0
22777,232.0,307.0,0.0
22778,33.0,180.0,0.0
22779,149.0,93.0,0.0
22780,79.0,412.0,0.0
22781,131.0,594.0,0.0
22782,167.0,141.0,0.0
22783,15.0,8.0,0.0
22784,155.0,57.0,0.0
22785,267.0,4.0,0.0
22786,1.0,208.0,0.0
22787,192.0,111.0,0.0
22788,257.0,346.0,0.0
22789,0.0,322.0,0.0
22790,216.0,153.0,0.0
22791,215.0,234.0,0.0
22792,133.0,232.0,0.0
22793,261.0,185.0,0.0
22794,18.0,340.0,0.0
22795,248.0,419.0,0.0
22796,196.0,474.0,0.0
22797,32.0,155.0,0.0
22798,132.0,37.0,0.0
22799,47.0,469.0,0.0
22800,48.0,584.0,0.0
22801,137.0,132.0,0.0
22802,241.0,248.0,0.0
22803,225.0,140.0,0.0
22804,264.0,231.0,0.0
22805,230.0,461.0,0.0
22806,220.0,477.0,0.0
22807,176.0,369.0,0.0
22808,203.0,48.0,0.0
22809,217.0,239.0,0.0
22810,17.0,58.0,0.0
22811,99.0,450.0,0.0
22812,90.0,537.0,0.0
22813,26.0,162.0,0.0
22814,19.0,245.0,0.0
22815,205.0,590.0,0.0
22816,49.0,516.0,0.0
22817,238.0,495.0,0.0
22818,35.0,519.0,0.0
22819,195.0,23.0,0.0
22820,268.0,95.0,0.0
22821,103.0,94.0,0.0
22822,212.0,495.0,0.0
22823,215.0,212.0,0.0
22824,53.0,269.0,0.0
22825,26.0,257.0,0.0
22826,119.0,243.0,0.0
22827,128.0,388.0,0.0
22828,132.0,345.0,0.0
22829,114.0,163.0,0.0
22830,13.0,503.0,0.0
22831,184.0,412.0,0.0
22832,205.0,23.0,0.0
22833,237.0,557.0,0.0
22834,77.0,444.0,0.0
22835,168.0,471.0,0.0
22836,113.0,99.0,0.0
22837,210.0,303.0,0.0
22838,180.0,248.0,0.0
22839,161.0,310.0,0.0
22840,127.0,113.0,0.0
22841,35.0,544.0,0.0
22842,213.0,518.0,0.0
22843,137.0,484.0,0.0
22844,44.0,394.0,0.0
22845,139.0,244.0,0.0
22846,78.0,222.0,0.0
22847,15.0,200.0,0.0
22848,113.0,174.0,0.0
22849,21.0,511.0,0.0
22850,64.0,281.0,0.0
22851,99.0,226.0,0.0
22852,149.0,586.0,0.0
22853,82.0,359.0,0.0
22854,23.0,141.0,0.0
22855,267.0,332.0,0.0
22856,167.0,22.0,0.0
22857,108.0,236.0,0.0
22858,229.0,528.0,0.0
22859,41.0,546.0,0.0
22860,232.0,26.0,0.0
22861,149.0,153.0,0.0
22862,16.0,407.0,0.0
22863,159.0,159.0,0.0
22864,61.0,167.0,0.0
22865,127.0,566.0,0.0
22866,126.0,182.0,0.0
22867,253.0,302.0,0.0
22868,235.0,347.0,0.0
22869,116.0,179.0,0.0
22870,13.0,545.0,0.0
22871,249.0,130.0,0.0
22872,68.0,220.0,0.0
22873,40.0,208.0,0.0
22874,153.0,143.0,0.0
22875,22.0,456.0,0.0
22876,145.0,43.0,0.0
22877,268.0,115.0,0.0
22878,71.0,212.0,0.0
22879,108.0,478.0,0.0
22880,216.0,288.0,0.0
22881,212.0,546.0,0.0
22882,240.0,58.0,0.0
22883,137.0,496.0,0.0
22884,226.0,110.0,0.0
22885,63.0,120.0,0.0
22886,186.0,364.0,0.0
22887,135.0,274.0,0.0
22888,255.0,265.0,0.0
22889,224.0,278.0,0.0
22890,86.0,361.0,0.0
22891,237.0,119.0,0.0
22892,6.0,54.0,0.0
22893,50.0,548.0,0.0
22894,122.0,335.0,0.0
22895,182.0,212.0,0.0
22896,183.0,176.0,0.0
22897,193.0,533.0,0.0
22898,63.0,23.0,0.0
22899,87.0,587.0,0.0
22900,46.0,369.0,0.0
22901,215.0,404.0,0.0
22902,111.0,273.0,0.0
22903,252.0,96.0,0.0
22904,34.0,571.0,0.0
22905,156.0,316.0,0.0
22906,244.0,374.0,0.0
22907,101.0,495.0,0.0
22908,16.0,40.0,0.0
22909,38.0,382.0,0.0
22910,154.0,16.0,0.0
22911,79.0,102.0,0.0
22912,163.0,398.0,0.0
22913,161.0,432.0,0.0
22914,260.0,344.0,0.0
22915,214.0,87.0,0.0
22916,155.0,66.0,0.0
22917,59.0,277.0,0.0
22918,116.0,388.0,0.0
22919,246.0,589.0,0.0
22920,79.0,581.0,0.0
22921,125.0,314.0,0.0
22922,169.0,225.0,0.0
22923,125.0,536.0,0.0
22924,135.0,64.0,0.0
22925,235.0,84.0,0.0
22926,109.0,559.0,0.0
22927,136.0,577.0,0.0
22928,113.0,155.0,0.0
22929,158.0,73.0,0.0
22930,84.0,370.0,0.0
22931,80.0,112.0,0.0
22932,99.0,64.0,0.0
22933,263.0,504.0,0.0
22934,240.0,283.0,0.0
22935,52.0,105.0,0.0
22936,115.0,16.0,0.0
22937,192.0,194.0,0.0
22938,156.0,101.0,0.0
22939,40.0,40.0,0.0
22940,125.0,24.0,0.0
22941,86.0,457.0,0.0
22942,137.0,169.0,0.0
22943,198.0,317.0,0.0
22944,218.0,189.0,0.0
22945,142.0,369.0,0.0
22946,109.0,229.0,0.0
22947,30.0,537.0,0.0
22948,205.0,214.0,0.0
22949,116.0,122.0,0.0
22950,262.0,574.0,0.0
22951,65.0,463.0,0.0
22952,248.0,208.0,0.0
22953,106.0,475.0,0.0
22954,45.0,553.0,0.0
22955,124.0,360.0,0.0
22956,23.0,455.0,0.0
22957,185.0,73.0,0.0
22958,201.0,258.0,0.0
22959,134.0,491.0,0.0
22960,235.0,393.0,0.0
22961,229.0,493.0,0.0
22962,211.0,24.0,0.0
22963,264.0,586.0,0.0
22964,160.0,140.0,0.0
22965,65.0,29.0,0.0
22966,166.0,429.0,0.0
22967,178.0,411.0,0.0
22968,152.0,475.0,0.0
22969,111.0,340.0,0.0
22970,24.0,185.0,0.0
22971,241.0,281.0,0.0
22972,50.0,513.0,0.0
22973,37.0,44.0,0.0
22974,177.0,210.0,0.0
22975,210.0,245.0,0.0
22976,151.0,462.0,0.0
22977,10.0,274.0,0.0
22978,138.0,76.0,0.0
22979,7.0,147.0,0.0
22980,239.0,42.0,0.0
22981,54.0,398.0,0.0
22982,6.0,394.0,0.0
22983,0.0,501.0,0.0
22984,242.0,98.0,0.0
22985,216.0,77.0,0.0
22986,202.0,42.0,0.0
22987,104.0,345.0,0.0
22988,219.0,335.0,0.0
22989,195.0,466.0,0.0
22990,221.0,456.0,0.0
22991,59.0,101.0,0.0
22992,257.0,72.0,0.0
22993,180.0,562.0,0.0
22994,174.0,236.0,0.0
22995,111.0,571.0,0.0
22996,190.0,338.0,0.0
22997,228.0,91.0,0.0
22998,146.0,525.0,0.0
22999,224.0,216.0,0.0
23000,136.0,39.0,0.0
23001,5.0,540.0,0.0
23002,218.0,316.0,0.0
23003,253.0,367.0,0.0
23004,122.0,394.0,0.0
23005,104.0,409.0,0.0
23006,24.0,480.0,0.0
23007,219.0,87.0,0.0
23008,91.0,48.0,0.0
23009,42.0,562.0,0.0
23010,260.0,391.0,0.0
23011,15.0,199.0,0.0
23012,34.0,59.0,0.0
23013,41.0,283.0,0.0
23014,265.0,480.0,0.0
23015,112.0,23.0,0.0
23016,126.0,488.0,0.0
23017,191.0,551.0,0.0
23018,205.0,285.0,0.0
23019,55.0,16.0,0.0
23020,146.0,289.0,0.0
23021,80.0,405.0,0.0
23022,46.0,283.0,0.0
23023,64.0,422.0,0.0
23024,93.0,406.0,0.0
23025,116.0,589.0,0.0
23026,2.0,184.0,0.0
23027,74.0,40.0,0.0
23028,6.0,497.0,0.0
23029,110.0,356.0,0.0
23030,258.0,343.0,0.0
23031,4.0,320.0,0.0
23032,36.0,320.0,0.0
23033,123.0,17.0,0.0
23034,139.0,513.0,0.0
23035,77.0,13.0,0.0
23036,246.0,205.0,0.0
23037,213.0,410.0,0.0
23038,2.0,429.0,0.0
23039,200.0,145.0,0.0
23040,212.0,93.0,0.0
23041,43.0,574.0,0.0
23042,96.0,99.0,0.0
23043,232.0,87.0,0.0
23044,138.0,447.0,0.0
23045,58.0,116.0,0.0
23046,158.0,60.0,0.0
23047,21.0,197.0,0.0
23048,21.0,510.0,0.0
23049,188.0,119.0,0.0
23050,121.0,304.0,0.0
23051,40.0,296.0,0.0
23052,68.0,163.0,0.0
23053,232.0,417.0,0.0
23054,53.0,260.0,0.0
23055,30.0,354.0,0.0
23056,93.0,383.0,0.0
23057,197.0,509.0,0.0
23058,192.0,401.0,0.0
23059,255.0,25.0,0.0
23060,128.0,140.0,0.0
23061,130.0,227.0,0.0
23062,224.0,463.0,0.0
23063,266.0,253.0,0.0
23064,163.0,269.0,0.0
23065,144.0,197.0,0.0
23066,70.0,536.0,0.0
23067,111.0,558.0,0.0
23068,165.0,3.0,0.0
23069,205.0,547.0,0.0
23070,255.0,71.0,0.0
23071,10.0,532.0,0.0
23072,227.0,276.0,0.0
23073,61.0,160.0,0.0
23074,256.0,406.0,0.0
23075,4.0,265.0,0.0
23076,36.0,8.0,0.0
23077,33.0,158.0,0.0
23078,136.0,135.0,0.0
23079,141.0,546.0,0.0
23080,40.0,239.0,0.0
23081,93.0,138.0,0.0
23082,190.0,15.0,0.0
23083,181.0,145.0,0.0
23084,242.0,315.0,0.0
23085,11.0,91.0,0.0
23086,230.0,291.0,0.0
23087,153.0,439.0,0.0
23088,123.0,443.0,0.0
23089,191.0,69.0,0.0
23090,71.0,41.0,0.0
23091,155.0,178.0,0.0
23092,223.0,388.0,0.0
23093,98.0,274.0,0.0
23094,227.0,173.0,0.0
23095,137.0,108.0,0.0
23096,255.0,421.0,0.0
23097,267.0,263.0,0.0
23098,50.0,44.0,0.0
23099,29.0,369.0,0.0
23100,27.0,504.0,0.0
23101,201.0,231.0,0.0
23102,123.0,63.0,0.0
23103,240.0,544.0,0.0
23104,107.0,244.0,0.0
23105,260.0,294.0,0.0
23106,131.0,218.0,0.0
23107,259.0,102.0,0.0
23108,100.0,338.0,0.0
23109,56.0,70.0,0.0
23110,262.0,455.0,0.0
23111,228.0,199.0,0.0
23112,121.0,561.0,0.0
23113,267.0,174.0,0.0
23114,227.0,546.0,0.0
23115,28.0,298.0,0.0
23116,34.0,473.0,0.0
23117,162.0,445.0,0.0
23118,72.0,407.0,0.0
23119,222.0,549.0,0.0
23120,184.0,87.0,0.0
23121,176.0,415.0,0.0
23122,62.0,5.0,0.0
23123,41.0,244.0,0.0
23124,172.0,153.0,0.0
23125,34.0,505.0,0.0
23126,121.0,390.0,0.0
23127,238.0,360.0,0.0
23128,19.0,164.0,0.0
23129,58.0,531.0,0.0
23130,144.0,305.0,0.0
23131,93.0,543.0,0.0
23132,233.0,434.0,0.0
23133,67.0,429.0,0.0
23134,54.0,472.0,0.0
23135,258.0,95.0,0.0
23136,166.0,349.0,0.0
23137,188.0,182.0,0.0
23138,87.0,255.0,0.0
23139,245.0,373.0,0.0
23140,138.0,391.0,0.0
23141,124.0,466.0,0.0
23142,92.0,161.0,0.0
23143,245.0,200.0,0.0
23144,238.0,530.0,0.0
23145,254.0,461.0,0.0
23146,110.0,389.0,0.0
23147,83.0,46.0,0.0
23148,251.0,58.0,0.0
23149,131.0,417.0,0.0
23150,253.0,32.0,0.0
23151,15.0,436.0,0.0
23152,225.0,449.0,0.0
23153,215.0,375.0,0.0
23154,99.0,41.0,0.0
23155,170.0,221.0,0.0
23156,166.0,301.0,0.0
23157,253.0,529.0,0.0
23158,103.0,405.0,0.0
23159,149.0,338.0,0.0
23160,61.0,109.0,0.0
23161,193.0,116.0,0.0
23162,98.0,105.0,0.0
23163,44.0,590.0,0.0
23164,202.0,441.0,0.0
23165,178.0,224.0,0.0
23166,213.0,371.0,0.0
23167,18.0,177.0,0.0
23168,82.0,157.0,0.0
23169,21.0,441.0,0.0
23170,54.0,67.0,0.0
23171,119.0,469.0,0.0
23172,110.0,495.0,0.0
23173,199.0,476.0,0.0
23174,63.0,252.0,0.0
23175,35.0,41.0,0.0
23176,231.0,381.0,0.0
23177,133.0,561.0,0.0
23178,199.0,534.0,0.0
23179,155.0,216.0,0.0
23180,88.0,27.0,0.0
23181,241.0,163.0,0.0
23182,3.0,309.0,0.0
23183,182.0,415.0,0.0
23184,93.0,80.0,0.0
23185,120.0,290.0,0.0
23186,161.0,125.0,0.0
23187,166.0,352.0,0.0
23188,78.0,452.0,0.0
23189,153.0,210.0,0.0
23190,214.0,478.0,0.0
23191,204.0,389.0,0.0
23192,59.0,479.0,0.0
23193,203.0,58.0,0.0
23194,50.0,146.0,0.0
23195,157.0,354.0,0.0
23196,69.0,247.0,0.0
23197,159.0,316.0,0.0
23198,160.0,516.0,0.0
23199,66.0,459.0,0.0
23200,100.0,42.0,0.0
23201,84.0,459.0,0.0
23202,70.0,222.0,0.0
23203,7.0,100.0,0.0
23204,50.0,80.0,0.0
23205,233.0,91.0,0.0
23206,134.0,572.0,0.0
23207,200.0,312.0,0.0
23208,89.0,354.0,0.0
23209,136.0,423.0,0.0
23210,153.0,18.0,0.0
23211,242.0,296.0,0.0
23212,18.0,584.0,0.0
23213,261.0,517.0,0.0
23214,214.0,380.0,0.0
23215,175.0,265.0,0.0
23216,101.0,593.0,0.0
23217,201.0,143.0,0.0
23218,0.0,242.0,0.0
23219,243.0,364.0,0.0
23220,62.0,296.0,0.0
23221,9.0,547.0,0.0
23222,236.0,265.0,0.0
23223,118.0,296.0,0.0
23224,268.0,124.0,0.0
23225,173.0,401.0,0.0
23226,134.0,42.0,0.0
23227,54.0,60.0,0.0
23228,154.0,336.0,0.0
23229,90.0,180.0,0.0
23230,86.0,579.0,0.0
23231,250.0,585.0,0.0
23232,252.0,504.0,0.0
23233,205.0,459.0,0.0
23234,153.0,408.0,0.0
23235,253.0,317.0,0.0
23236,148.0,116.0,0.0
23237,23.0,104.0,0.0
23238,257.0,143.0,0.0
23239,236.0,277.0,0.0
23240,146.0,409.0,0.0
23241,5.0,303.0,0.0
23242,61.0,51.0,0.0
23243,80.0,55.0,0.0
23244,46.0,447.0,0.0
23245,229.0,429.0,0.0
23246,106.0,71.0,0.0
23247,177.0,227.0,0.0
23248,25.0,338.0,0.0
23249,228.0,5.0,0.0
23250,146.0,227.0,0.0
23251,262.0,30.0,0.0
23252,70.0,295.0,0.0
23253,9.0,592.0,0.0
23254,136.0,444.0,0.0
23255,159.0,178.0,0.0
23256,262.0,54.0,0.0
23257,72.0,504.0,0.0
23258,18.0,477.0,0.0
23259,183.0,297.0,0.0
23260,182.0,18.0,0.0
23261,55.0,457.0,0.0
23262,92.0,571.0,0.0
23263,219.0,154.0,0.0
23264,62.0,360.0,0.0
23265,175.0,13.0,0.0
23266,154.0,191.0,0.0
23267,179.0,405.0,0.0
23268,124.0,109.0,0.0
23269,224.0,586.0,0.0
23270,122.0,423.0,0.0
23271,266.0,111.0,0.0
23272,204.0,409.0,0.0
23273,153.0,13.0,0.0
23274,82.0,167.0,0.0
23275,117.0,115.0,0.0
23276,74.0,453.0,0.0
23277,9.0,563.0,0.0
23278,79.0,560.0,0.0
23279,239.0,425.0,0.0
23280,32.0,377.0,0.0
23281,241.0,494.0,0.0
23282,26.0,59.0,0.0
23283,64.0,200.0,0.0
23284,103.0,150.0,0.0
23285,170.0,271.0,0.0
23286,164.0,65.0,0.0
23287,25.0,28.0,0.0
23288,220.0,318.0,0.0
23289,172.0,540.0,0.0
23290,192.0,258.0,0.0
23291,28.0,414.0,0.0
23292,187.0,493.0,0.0
23293,176.0,442.0,0.0
23294,199.0,347.0,0.0
23295,262.0,404.0,0.0
23296,158.0,353.0,0.0
23297,225.0,402.0,0.0
23298,253.0,203.0,0.0
23299,26.0,294.0,0.0
23300,26.0,283.0,0.0
23301,225.0,357.0,0.0
23302,178.0,33.0,0.0
23303,241.0,369.0,0.0
23304,39.0,319.0,0.0
23305,124.0,253.0,0.0
23306,193.0,460.0,0.0
23307,227.0,233.0,0.0
23308,17.0,517.0,0.0
23309,163.0,163.0,0.0
23310,79.0,514.0,0.0
23311,70.0,477.0,0.0
23312,89.0,580.0,0.0
23313,120.0,473.0,0.0
23314,260.0,390.0,0.0
23315,166.0,81.0,0.0
23316,262.0,571.0,0.0
23317,86.0,278.0,0.0
23318,178.0,258.0,0.0
23319,246.0,390.0,0.0
23320,239.0,72.0,0.0
23321,217.0,465.0,0.0
23322,133.0,269.0,0.0
23323,76.0,421.0,0.0
23324,232.0,281.0,0.0
23325,237.0,179.0,0.0
23326,47.0,99.0,0.0
23327,71.0,43.0,0.0
23328,171.0,17.0,0.0
23329,42.0,336.0,0.0
23330,92.0,244.0,0.0
23331,191.0,20.0,0.0
23332,209.0,115.0,0.0
23333,139.0,290.0,0.0
23334,103.0,66.0,0.0
23335,169.0,271.0,0.0
23336,104.0,114.0,0.0
23337,143.0,42.0,0.0
23338,59.0,536.0,0.0
23339,69.0,17.0,0.0
23340,111.0,382.0,0.0
23341,260.0,57.0,0.0
23342,36.0,395.0,0.0
23343,110.0,540.0,0.0
23344,122.0,212.0,0.0
23345,62.0,104.0,0.0
23346,208.0,516.0,0.0
23347,221.0,77.0,0.0
23348,19.0,575.0,0.0
23349,179.0,469.0,0.0
23350,21.0,255.0,0.0
23351,19.0,312.0,0.0
23352,184.0,188.0,0.0
23353,232.0,393.0,0.0
23354,91.0,573.0,0.0
23355,239.0,17.0,0.0
23356,41.0,93.0,0.0
23357,3.0,396.0,0.0
23358,0.0,555.0,0.0
23359,177.0,158.0,0.0
23360,211.0,134.0,0.0
23361,128.0,576.0,0.0
23362,18.0,119.0,0.0
23363,106.0,395.0,0.0
23364,244.0,75.0,0.0
23365,218.0,486.0,0.0
23366,50.0,165.0,0.0
23367,80.0,385.0,0.0
23368,132.0,397.0,0.0
23369,32.0,383.0,0.0
23370,132.0,73.0,0.0
23371,239.0,526.0,0.0
23372,140.0,400.0,0.0
23373,6.0,541.0,0.0
23374,163.0,184.0,0.0
23375,6.0,218.0,0.0
23376,190.0,574.0,0.0
23377,111.0,69.0,0.0
23378,151.0,332.0,0.0
23379,86.0,25.0,0.0
23380,3.0,569.0,0.0
23381,138.0,504.0,0.0
23382,34.0,129.0,0.0
23383,98.0,366.0,0.0
23384,1.0,114.0,0.0
23385,234.0,446.0,0.0
23386,32.0,408.0,0.0
23387,200.0,345.0,0.0
23388,180.0,375.0,0.0
23389,132.0,101.0,0.0
23390,237.0,167.0,0.0
23391,9.0,286.0,0.0
23392,163.0,343.0,0.0
23393,147.0,149.0,0.0
23394,41.0,479.0,0.0
23395,114.0,304.0,0.0
23396,50.0,579.0,0.0
23397,249.0,362.0,0.0
23398,116.0,306.0,0.0
23399,93.0,453.0,0.0
23400,137.0,587.0,0.0
23401,66.0,294.0,0.0
23402,85.0,476.0,0.0
23403,228.0,490.0,0.0
23404,190.0,528.0,0.0
23405,96.0,518.0,0.0
23406,93.0,379.0,0.0
23407,2.0,559.0,0.0
23408,138.0,418.0,0.0
23409,266.0,371.0,0.0
23410,27.0,195.0,0.0
23411,213.0,534.0,0.0
23412,133.0,216.0,0.0
23413,199.0,149.0,0.0
23414,112.0,160.0,0.0
23415,85.0,209.0,0.0
23416,260.0,585.0,0.0
23417,9.0,192.0,0.0
23418,32.0,495.0,0.0
23419,247.0,374.0,0.0
23420,182.0,336.0,0.0
23421,88.0,175.0,0.0
23422,234.0,137.0,0.0
23423,191.0,100.0,0.0
23424,32.0,573.0,0.0
23425,127.0,280.0,0.0
23426,195.0,180.0,0.0
23427,88.0,400.0,0.0
23428,48.0,362.0,0.0
23429,109.0,25.0,0.0
23430,72.0,315.0,0.0
23431,10.0,161.0,0.0
23432,19.0,563.0,0.0
23433,119.0,531.0,0.0
23434,160.0,585.0,0.0
23435,133.0,566.0,0.0
23436,137.0,80.0,0.0
23437,234.0,266.0,0.0
23438,157.0,593.0,0.0
23439,246.0,74.0,0.0
23440,231.0,579.0,0.0
23441,18.0,349.0,0.0
23442,50.0,207.0,0.0
23443,124.0,36.0,0.0
23444,137.0,422.0,0.0
23445,103.0,395.0,0.0
23446,202.0,438.0,0.0
23447,4.0,572.0,0.0
23448,6.0,554.0,0.0
23449,56.0,557.0,0.0
23450,88.0,371.0,0.0
23451,146.0,441.0,0.0
23452,190.0,292.0,0.0
23453,206.0,544.0,0.0
23454,190.0,295.0,0.0
23455,42.0,251.0,0.0
23456,76.0,69.0,0.0
23457,189.0,410.0,0.0
23458,221.0,210.0,0.0
23459,46.0,304.0,0.0
23460,251.0,109.0,0.0
23461,259.0,56.0,0.0
23462,264.0,64.0,0.0
23463,157.0,7.0,0.0
23464,14.0,354.0,0.0
23465,65.0,432.0,0.0
23466,42.0,357.0,0.0
23467,63.0,517.0,0.0
23468,146.0,171.0,0.0
23469,144.0,171.0,0.0
23470,192.0,373.0,0.0
23471,207.0,231.0,0.0
23472,212.0,198.0,0.0
23473,48.0,191.0,0.0
23474,154.0,346.0,0.0
23475,187.0,426.0,0.0
23476,95.0,226.0,0.0
23477,94.0,258.0,0.0
23478,184.0,234.0,0.0
23479,36.0,551.0,0.0
23480,103.0,189.0,0.0
23481,184.0,431.0,0.0
23482,212.0,210.0,0.0
23483,190.0,278.0,0.0
23484,251.0,321.0,0.0
23485,56.0,211.0,0.0
23486,245.0,382.0,0.0
23487,116.0,313.0,0.0
23488,192.0,161.0,0.0
23489,252.0,466.0,0.0
23490,224.0,324.0,0.0
23491,110.0,335.0,0.0
23492,224.0,18.0,0.0
23493,14.0,319.0,0.0
23494,194.0,495.0,0.0
23495,147.0,444.0,0.0
23496,192.0,288.0,0.0
23497,154.0,8.0,0.0
23498,199.0,371.0,0.0
23499,8.0,232.0,0.0
23500,155.0,14.0,0.0
23501,134.0,184.0,0.0
23502,164.0,203.0,0.0
23503,180.0,394.0,0.0
23504,241.0,74.0,0.0
23505,136.0,560.0,0.0
23506,235.0,396.0,0.0
23507,45.0,478.0,0.0
23508,30.0,10.0,0.0
23509,14.0,150.0,0.0
23510,14.0,159.0,0.0
23511,90.0,382.0,0.0
23512,31.0,269.0,0.0
23513,135.0,445.0,0.0
23514,100.0,318.0,0.0
23515,56.0,397.0,0.0
23516,202.0,421.0,0.0
23517,20.0,506.0,0.0
23518,129.0,301.0,0.0
23519,91.0,185.0,0.0
23520,113.0,544.0,0.0
23521,20.0,371.0,0.0
23522,111.0,104.0,0.0
23523,213.0,461.0,0.0
23524,205.0,237.0,0.0
23525,67.0,198.0,0.0
23526,266.0,270.0,0.0
23527,100.0,530.0,0.0
23528,82.0,112.0,0.0
23529,109.0,220.0,0.0
23530,92.0,293.0,0.0
23531,101.0,378.0,0.0
23532,265.0,324.0,0.0
23533,251.0,194.0,0.0
23534,46.0,13.0,0.0
23535,13.0,163.0,0.0
23536,25.0,376.0,0.0
23537,1.0,348.0,0.0
23538,30.0,583.0,0.0
23539,263.0,417.0,0.0
23540,23.0,457.0,0.0
23541,54.0,412.0,0.0
23542,119.0,208.0,0.0
23543,62.0,348.0,0.0
23544,241.0,382.0,0.0
23545,110.0,174.0,0.0
23546,244.0,485.0,0.0
23547,143.0,353.0,0.0
23548,148.0,459.0,0.0
23549,125.0,478.0,0.0
23550,27.0,22.0,0.0
23551,134.0,204.0,0.0
23552,157.0,591.0,0.0
23553,28.0,111.0,0.0
23554,214.0,582.0,0.0
23555,91.0,384.0,0.0
23556,181.0,288.0,0.0
23557,14.0,102.0,0.0
23558,27.0,252.0,0.0
23559,25.0,26.0,0.0
23560,69.0,590.0,0.0
23561,242.0,575.0,0.0
23562,137.0,582.0,0.0
23563,267.0,315.0,0.0
23564,60.0,245.0,0.0
23565,12.0,11.0,0.0
23566,9.0,78.0,0.0
23567,66.0,441.0,0.0
23568,57.0,495.0,0.0
23569,198.0,580.0,0.0
23570,207.0,142.0,0.0
23571,193.0,323.0,0.0
23572,39.0,432.0,0.0
23573,25.0,316.0,0.0
23574,158.0,249.0,0.0
23575,188.0,385.0,0.0
23576,108.0,334.0,0.0
23577,166.0,470.0,0.0
23578,190.0,142.0,0.0
23579,218.0,554.0,0.0
23580,132.0,212.0,0.0
23581,82.0,265.0,0.0
23582,195.0,569.0,0.0
23583,196.0,394.0,0.0
23584,247.0,579.0,0.0
23585,80.0,542.0,0.0
23586,175.0,43.0,0.0
23587,63.0,225.0,0.0
23588,268.0,211.0,0.0
23589,89.0,537.0,0.0
23590,207.0,110.0,0.0
23591,194.0,107.0,0.0
23592,179.0,381.0,0.0
23593,87.0,529.0,0.0
23594,30.0,142.0,0.0
23595,53.0,146.0,0.0
23596,33.0,424.0,0.0
23597,152.0,504.0,0.0
23598,97.0,269.0,0.0
23599,183.0,414.0,0.0
23600,247.0,152.0,0.0
23601,103.0,88.0,0.0
23602,5.0,530.0,0.0
23603,225.0,154.0,0.0
23604,71.0,67.0,0.0
23605,129.0,319.0,0.0
23606,266.0,172.0,0.0
23607,120.0,402.0,0.0
23608,166.0,212.0,0.0
23609,199.0,230.0,0.0
23610,34.0,452.0,0.0
23611,111.0,246.0,0.0
23612,259.0,19.0,0.0
23613,57.0,235.0,0.0
23614,134.0,536.0,0.0
23615,84.0,497.0,0.0
23616,9.0,130.0,0.0
23617,54.0,266.0,0.0
23618,264.0,474.0,0.0
23619,0.0,65.0,0.0
23620,29.0,578.0,0.0
23621,179.0,71.0,0.0
23622,74.0,495.0,0.0
23623,90.0,505.0,0.0
23624,107.0,359.0,0.0
23625,93.0,357.0,0.0
23626,138.0,560.0,0.0
23627,194.0,192.0,0.0
23628,20.0,326.0,0.0
23629,29.0,82.0,0.0
23630,14.0,268.0,0.0
23631,179.0,384.0,0.0
23632,260.0,240.0,0.0
23633,13.0,457.0,0.0
23634,207.0,9.0,0.0
23635,117.0,268.0,0.0
23636,250.0,345.0,0.0
23637,124.0,215.0,0.0
23638,170.0,103.0,0.0
23639,36.0,484.0,0.0
23640,27.0,370.0,0.0
23641,103.0,558.0,0.0
23642,55.0,474.0,0.0
23643,86.0,237.0,0.0
23644,180.0,265.0,0.0
23645,67.0,353.0,0.0
23646,61.0,70.0,0.0
23647,227.0,422.0,0.0
23648,7.0,179.0,0.0
23649,112.0,538.0,0.0
23650,98.0,220.0,0.0
23651,10.0,584.0,0.0
23652,199.0,141.0,0.0
23653,118.0,134.0,0.0
23654,165.0,588.0,0.0
23655,223.0,485.0,0.0
23656,111.0,149.0,0.0
23657,229.0,3.0,0.0
23658,23.0,399.0,0.0
23659,196.0,257.0,0.0
23660,264.0,87.0,0.0
23661,25.0,473.0,0.0
23662,79.0,401.0,0.0
23663,84.0,49.0,0.0
23664,260.0,399.0,0.0
23665,126.0,583.0,0.0
23666,51.0,80.0,0.0
23667,185.0,545.0,0.0
23668,121.0,532.0,0.0
23669,181.0,460.0,0.0
23670,115.0,485.0,0.0
23671,175.0,154.0,0.0
23672,224.0,276.0,0.0
23673,7.0,514.0,0.0
23674,173.0,138.0,0.0
23675,82.0,339.0,0.0
23676,145.0,278.0,0.0
23677,181.0,5.0,0.0
23678,27.0,125.0,0.0
23679,105.0,527.0,0.0
23680,185.0,450.0,0.0
23681,206.0,283.0,0.0
23682,230.0,233.0,0.0
23683,140.0,429.0,0.0
23684,197.0,574.0,0.0
23685,127.0,51.0,0.0
23686,177.0,285.0,0.0
23687,88.0,139.0,0.0
23688,203.0,404.0,0.0
23689,237.0,437.0,0.0
23690,13.0,589.0,0.0
23691,45.0,12.0,0.0
23692,255.0,517.0,0.0
23693,89.0,98.0,0.0
23694,257.0,201.0,0.0
23695,158.0,142.0,0.0
23696,142.0,479.0,0.0
23697,35.0,246.0,0.0
23698,232.0,511.0,0.0
23699,213.0,237.0,0.0
23700,12.0,268.0,0.0
23701,205.0,222.0,0.0
23702,88.0,481.0,0.0
23703,69.0,272.0,0.0
23704,94.0,43.0,0.0
23705,262.0,453.0,0.0
23706,28.0,219.0,0.0
23707,131.0,95.0,0.0
23708,12.0,595.0,0.0
23709,79.0,324.0,0.0
23710,156.0,577.0,0.0
23711,164.0,312.0,0.0
23712,101.0,185.0,0.0
23713,125.0,209.0,0.0
23714,1.0,345.0,0.0
23715,90.0,324.0,0.0
23716,240.0,243.0,0.0
23717,240.0,428.0,0.0
23718,16.0,148.0,0.0
23719,202.0,292.0,0.0
23720,22.0,9.0,0.0
23721,221.0,176.0,0.0
23722,78.0,170.0,0.0
23723,236.0,64.0,0.0
23724,242.0,30.0,0.0
23725,29.0,238.0,0.0
23726,105.0,229.0,0.0
23727,11.0,486.0,0.0
23728,134.0,327.0,0.0
23729,0.0,458.0,0.0
23730,70.0,29.0,0.0
23731,115.0,357.0,0.0
23732,102.0,255.0,0.0
23733,194.0,483.0,0.0
23734,207.0,253.0,0.0
23735,144.0,550.0,0.0
23736,174.0,211.0,0.0
23737,72.0,15.0,0.0
23738,40.0,395.0,0.0
23739,245.0,504.0,0.0
23740,88.0,297.0,0.0
23741,120.0,298.0,0.0
23742,174.0,183.0,0.0
23743,171.0,415.0,0.0
23744,73.0,486.0,0.0
23745,173.0,150.0,0.0
23746,125.0,449.0,0.0
23747,239.0,154.0,0.0
23748,209.0,368.0,0.0
23749,119.0,269.0,0.0
23750,36.0,164.0,0.0
23751,39.0,504.0,0.0
23752,146.0,286.0,0.0
23753,156.0,342.0,0.0
23754,9.0,110.0,0.0
23755,132.0,558.0,0.0
23756,143.0,474.0,0.0
23757,198.0,379.0,0.0
23758,5.0,87.0,0.0
23759,28.0,318.0,0.0
23760,86.0,475.0,0.0
23761,166.0,479.0,0.0
23762,250.0,188.0,0.0
23763,247.0,259.0,0.0
23764,138.0,400.0,0.0
23765,107.0,32.0,0.0
23766,217.0,338.0,0.0
23767,230.0,355.0,0.0
23768,141.0,14.0,0.0
23769,263.0,394.0,0.0
23770,251.0,139.0,0.0
23771,98.0,445.0,0.0
23772,76.0,547.0,0.0
23773,5.0,78.0,0.0
23774,55.0,584.0,0.0
23775,92.0,435.0,0.0
23776,1.0,0.0,0.0
23777,173.0,149.0,0.0
23778,127.0,338.0,0.0
23779,209.0,154.0,0.0
23780,99.0,401.0,0.0
23781,169.0,501.0,0.0
23782,59.0,187.0,0.0
23783,218.0,91.0,0.0
23784,156.0,15.0,0.0
23785,47.0,165.0,0.0
23786,47.0,531.0,0.0
23787,67.0,278.0,0.0
23788,71.0,20.0,0.0
23789,57.0,436.0,0.0
23790,191.0,336.0,0.0
23791,159.0,343.0,0.0
23792,65.0,94.0,0.0
23793,121.0,94.0,0.0
23794,189.0,96.0,0.0
23795,24.0,595.0,0.0
23796,102.0,350.0,0.0
23797,164.0,476.0,0.0
23798,187.0,525.0,0.0
23799,10.0,0.0,0.0
23800,14.0,528.0,0.0
23801,56.0,13.0,0.0
23802,85.0,451.0,0.0
23803,225.0,575.0,0.0
23804,248.0,586.0,0.0
23805,188.0,428.0,0.0
23806,232.0,163.0,0.0
23807,99.0,368.0,0.0
23808,262.0,140.0,0.0
23809,156.0,167.0,0.0
23810,65.0,23.0,0.0
23811,83.0,553.0,0.0
23812,258.0,585.0,0.0
23813,29.0,457.0,0.0
23814,81.0,124.0,0.0
23815,53.0,273.0,0.0
23816,224.0,345.0,0.0
23817,91.0,544.0,0.0
23818,81.0,414.0,0.0
23819,137.0,362.0,0.0
23820,82.0,197.0,0.0
23821,1.0,157.0,0.0
23822,217.0,297.0,0.0
23823,205.0,279.0,0.0
23824,21.0,578.0,0.0
23825,217.0,512.0,0.0
23826,234.0,174.0,0.0
23827,90.0,249.0,0.0
23828,64.0,499.0,0.0
23829,153.0,105.0,0.0
23830,52.0,161.0,0.0
23831,157.0,532.0,0.0
23832,80.0,320.0,0.0
23833,97.0,468.0,0.0
23834,163.0,249.0,0.0
23835,61.0,299.0,0.0
23836,254.0,41.0,0.0
23837,125.0,252.0,0.0
23838,122.0,238.0,0.0
23839,187.0,184.0,0.0
23840,75.0,294.0,0.0
23841,229.0,21.0,0.0
23842,84.0,231.0,0.0
23843,184.0,153.0,0.0
23844,223.0,37.0,0.0
23845,106.0,411.0,0.0
23846,213.0,314.0,0.0
23847,138.0,371.0,0.0
23848,212.0,434.0,0.0
23849,23.0,91.0,0.0
23850,198.0,348.0,0.0
23851,52.0,192.0,0.0
23852,209.0,62.0,0.0
23853,19.0,156.0,0.0
23854,47.0,453.0,0.0
23855,8.0,507.0,0.0
23856,96.0,503.0,0.0
23857,214.0,63.0,0.0
23858,231.0,267.0,0.0
23859,212.0,280.0,0.0
23860,23.0,525.0,0.0
23861,173.0,293.0,0.0
23862,64.0,164.0,0.0
23863,233.0,407.0,0.0
23864,69.0,335.0,0.0
23865,96.0,250.0,0.0
23866,18.0,131.0,0.0
23867,199.0,480.0,0.0
23868,64.0,536.0,0.0
23869,236.0,387.0,0.0
23870,77.0,88.0,0.0
23871,85.0,19.0,0.0
23872,268.0,153.0,0.0
23873,202.0,450.0,0.0
23874,258.0,184.0,0.0
23875,187.0,243.0,0.0
23876,174.0,16.0,0.0
23877,23.0,337.0,0.0
23878,213.0,560.0,0.0
23879,245.0,342.0,0.0
23880,94.0,449.0,0.0
23881,137.0,389.0,0.0
23882,44.0,114.0,0.0
23883,28.0,89.0,0.0
23884,159.0,76.0,0.0
23885,120.0,280.0,0.0
23886,40.0,393.0,0.0
23887,30.0,346.0,0.0
23888,226.0,409.0,0.0
23889,113.0,410.0,0.0
23890,242.0,450.0,0.0
23891,233.0,525.0,0.0
23892,31.0,585.0,0.0
23893,20.0,185.0,0.0
23894,265.0,325.0,0.0
23895,254.0,526.0,0.0
23896,99.0,61.0,0.0
23897,41.0,236.0,0.0
23898,68.0,488.0,0.0
23899,11.0,181.0,0.0
23900,29.0,486.0,0.0
23901,190.0,474.0,0.0
23902,40.0,345.0,0.0
23903,52.0,462.0,0.0
23904,19.0,138.0,0.0
23905,93.0,489.0,0.0
23906,77.0,283.0,0.0
23907,165.0,139.0,0.0
23908,116.0,153.0,0.0
23909,3.0,416.0,0.0
23910,256.0,494.0,0.0
23911,185.0,290.0,0.0
23912,209.0,473.0,0.0
23913,4.0,188.0,0.0
23914,247.0,256.0,0.0
23915,24.0,494.0,0.0
23916,24.0,559.0,0.0
23917,60.0,521.0,0.0
23918,250.0,248.0,0.0
23919,242.0,21.0,0.0
23920,145.0,534.0,0.0
23921,247.0,274.0,0.0
23922,126.0,482.0,0.0
23923,147.0,336.0,0.0
23924,177.0,329.0,0.0
23925,157.0,555.0,0.0
23926,266.0,551.0,0.0
23927,267.0,401.0,0.0
23928,171.0,511.0,0.0
23929,200.0,435.0,0.0
23930,254.0,562.0,0.0
23931,105.0,9.0,0.0
23932,47.0,374.0,0.0
23933,111.0,523.0,0.0
23934,161.0,209.0,0.0
23935,130.0,398.0,0.0
23936,215.0,40.0,0.0
23937,235.0,429.0,0.0
23938,18.0,313.0,0.0
23939,133.0,122.0,0.0
23940,43.0,52.0,0.0
23941,115.0,500.0,0.0
23942,10.0,283.0,0.0
23943,72.0,129.0,0.0
23944,38.0,420.0,0.0
23945,256.0,6.0,0.0
23946,14.0,257.0,0.0
23947,184.0,53.0,0.0
23948,241.0,389.0,0.0
23949,116.0,354.0,0.0
23950,59.0,475.0,0.0
23951,125.0,531.0,0.0
23952,223.0,350.0,0.0
23953,176.0,253.0,0.0
23954,268.0,204.0,0.0
23955,102.0,571.0,0.0
23956,45.0,519.0,0.0
23957,17.0,104.0,0.0
23958,115.0,362.0,0.0
23959,158.0,530.0,0.0
23960,7.0,243.0,0.0
23961,197.0,553.0,0.0
23962,260.0,192.0,0.0
23963,151.0,594.0,0.0
23964,172.0,403.0,0.0
23965,90.0,12.0,0.0
23966,17.0,198.0,0.0
23967,156.0,72.0,0.0
23968,240.0,533.0,0.0
23969,223.0,333.0,0.0
23970,52.0,482.0,0.0
23971,30.0,429.0,0.0
23972,195.0,539.0,0.0
23973,232.0,166.0,0.0
23974,84.0,43.0,0.0
23975,104.0,521.0,0.0
23976,81.0,129.0,0.0
23977,70.0,94.0,0.0
23978,173.0,409.0,0.0
23979,124.0,249.0,0.0
23980,144.0,235.0,0.0
23981,219.0,100.0,0.0
23982,163.0,423.0,0.0
23983,164.0,552.0,0.0
23984,76.0,510.0,0.0
23985,129.0,495.0,0.0
23986,208.0,152.0,0.0
23987,84.0,458.0,0.0
23988,77.0,127.0,0.0
23989,200.0,178.0,0.0
23990,198.0,361.0,0.0
23991,157.0,223.0,0.0
23992,78.0,175.0,0.0
23993,54.0,137.0,0.0
23994,18.0,403.0,0.0
23995,221.0,50.0,0.0
23996,22.0,208.0,0.0
23997,249.0,567.0,0.0
23998,252.0,269.0,0.0
23999,9.0,248.0,0.0
24000,11.0,200.0,0.0
24001,48.0,282.0,0.0
24002,233.0,169.0,0.0
24003,69.0,46.0,0.0
24004,238.0,532.0,0.0
24005,187.0,99.0,0.0
24006,251.0,220.0,0.0
24007,80.0,422.0,0.0
24008,195.0,283.0,0.0
24009,211.0,431.0,0.0
24010,254.0,460.0,0.0
24011,45.0,486.0,0.0
24012,93.0,389.0,0.0
24013,70.0,114.0,0.0
24014,259.0,236.0,0.0
24015,20.0,78.0,0.0
24016,77.0,250.0,0.0
24017,222.0,211.0,0.0
24018,255.0,569.0,0.0
24019,49.0,435.0,0.0
24020,43.0,548.0,0.0
24021,198.0,161.0,0.0
24022,215.0,578.0,0.0
24023,91.0,526.0,0.0
24024,35.0,381.0,0.0
24025,140.0,394.0,0.0
24026,38.0,237.0,0.0
24027,82.0,561.0,0.0
24028,182.0,226.0,0.0
24029,263.0,585.0,0.0
24030,15.0,312.0,0.0
24031,114.0,456.0,0.0
24032,141.0,251.0,0.0
24033,247.0,356.0,0.0
24034,24.0,368.0,0.0
24035,93.0,107.0,0.0
24036,6.0,340.0,0.0
24037,132.0,564.0,0.0
24038,17.0,163.0,0.0
24039,214.0,86.0,0.0
24040,219.0,539.0,0.0
24041,98.0,512.0,0.0
24042,192.0,306.0,0.0
24043,229.0,119.0,0.0
24044,61.0,515.0,0.0
24045,121.0,594.0,0.0
24046,266.0,487.0,0.0
24047,31.0,245.0,0.0
24048,85.0,477.0,0.0
24049,121.0,275.0,0.0
24050,185.0,323.0,0.0
24051,54.0,172.0,0.0
24052,85.0,579.0,0.0
24053,224.0,359.0,0.0
24054,86.0,487.0,0.0
24055,62.0,42.0,0.0
24056,106.0,482.0,0.0
24057,24.0,446.0,0.0
24058,27.0,272.0,0.0
24059,239.0,401.0,0.0
24060,183.0,53.0,0.0
24061,221.0,314.0,0.0
24062,49.0,491.0,0.0
24063,185.0,410.0,0.0
24064,48.0,456.0,0.0
24065,121.0,494.0,0.0
24066,77.0,18.0,0.0
24067,48.0,535.0,0.0
24068,11.0,302.0,0.0
24069,77.0,347.0,0.0
24070,163.0,235.0,0.0
24071,61.0,424.0,0.0
24072,223.0,133.0,0.0
24073,124.0,178.0,0.0
24074,262.0,255.0,0.0
24075,122.0,488.0,0.0
24076,180.0,10.0,0.0
24077,152.0,279.0,0.0
24078,219.0,262.0,0.0
24079,15.0,72.0,0.0
24080,233.0,58.0,0.0
24081,13.0,242.0,0.0
24082,109.0,299.0,0.0
24083,171.0,540.0,0.0
24084,13.0,104.0,0.0
24085,199.0,461.0,0.0
24086,152.0,538.0,0.0
24087,194.0,261.0,0.0
24088,105.0,505.0,0.0
24089,163.0,257.0,0.0
24090,95.0,442.0,0.0
24091,5.0,559.0,0.0
24092,55.0,406.0,0.0
24093,210.0,103.0,0.0
24094,29.0,333.0,0.0
24095,23.0,365.0,0.0
24096,110.0,388.0,0.0
24097,133.0,438.0,0.0
24098,108.0,131.0,0.0
24099,16.0,395.0,0.0
24100,252.0,146.0,0.0
24101,104.0,25.0,0.0
24102,7.0,479.0,0.0
24103,28.0,537.0,0.0
24104,54.0,476.0,0.0
24105,98.0,331.0,0.0
24106,116.0,504.0,0.0
24107,139.0,433.0,0.0
24108,251.0,300.0,0.0
24109,155.0,496.0,0.0
24110,233.0,449.0,0.0
24111,175.0,237.0,0.0
24112,267.0,133.0,0.0
24113,170.0,165.0,0.0
24114,64.0,399.0,0.0
24115,87.0,580.0,0.0
24116,59.0,546.0,0.0
24117,171.0,152.0,0.0
24118,164.0,371.0,0.0
24119,127.0,180.0,0.0
24120,99.0,134.0,0.0
24121,13.0,0.0,0.0
24122,30.0,198.0,0.0
24123,57.0,401.0,0.0
24124,250.0,311.0,0.0
24125,98.0,504.0,0.0
24126,179.0,343.0,0.0
24127,22.0,587.0,0.0
24128,35.0,261.0,0.0
24129,111.0,154.0,0.0
24130,108.0,243.0,0.0
24131,76.0,41.0,0.0
24132,151.0,42.0,0.0
24133,34.0,544.0,0.0
24134,127.0,127.0,0.0
24135,101.0,273.0,0.0
24136,211.0,158.0,0.0
24137,86.0,61.0,0.0
24138,237.0,69.0,0.0
24139,267.0,527.0,0.0
24140,76.0,169.0,0.0
24141,120.0,484.0,0.0
24142,95.0,265.0,0.0
24143,213.0,588.0,0.0
24144,23.0,248.0,0.0
24145,127.0,97.0,0.0
24146,182.0,0.0,0.0
24147,200.0,597.0,0.0
24148,74.0,142.0,0.0
24149,230.0,88.0,0.0
24150,121.0,556.0,0.0
24151,89.0,270.0,0.0
24152,73.0,237.0,0.0
24153,241.0,258.0,0.0
24154,238.0,502.0,0.0
24155,54.0,431.0,0.0
24156,22.0,327.0,0.0
24157,1.0,314.0,0.0
24158,79.0,511.0,0.0
24159,85.0,454.0,0.0
24160,126.0,29.0,0.0
24161,64.0,588.0,0.0
24162,166.0,58.0,0.0
24163,85.0,124.0,0.0
24164,255.0,241.0,0.0
24165,171.0,72.0,0.0
24166,246.0,118.0,0.0
24167,30.0,580.0,0.0
24168,193.0,490.0,0.0
24169,40.0,447.0,0.0
24170,38.0,559.0,0.0
24171,108.0,64.0,0.0
24172,114.0,168.0,0.0
24173,76.0,174.0,0.0
24174,160.0,403.0,0.0
24175,198.0,487.0,0.0
24176,125.0,294.0,0.0
24177,252.0,219.0,0.0
24178,93.0,84.0,0.0
24179,198.0,484.0,0.0
24180,234.0,319.0,0.0
24181,19.0,545.0,0.0
24182,133.0,296.0,0.0
24183,104.0,236.0,0.0
24184,45.0,536.0,0.0
24185,256.0,258.0,0.0
24186,186.0,496.0,0.0
24187,113.0,111.0,0.0
24188,241.0,544.0,0.0
24189,24.0,142.0,0.0
24190,209.0,592.0,0.0
24191,206.0,71.0,0.0
24192,186.0,112.0,0.0
24193,255.0,198.0,0.0
24194,192.0,464.0,0.0
24195,24.0,588.0,0.0
24196,78.0,559.0,0.0
24197,217.0,401.0,0.0
24198,29.0,310.0,0.0
24199,118.0,591.0,0.0
24200,59.0,375.0,0.0
24201,101.0,305.0,0.0
24202,254.0,338.0,0.0
24203,120.0,37.0,0.0
24204,232.0,444.0,0.0
24205,239.0,483.0,0.0
24206,97.0,544.0,0.0
24207,87.0,332.0,0.0
24208,175.0,518.0,0.0
24209,203.0,273.0,0.0
24210,46.0,520.0,0.0
24211,31.0,546.0,0.0
24212,38.0,506.0,0.0
24213,2.0,299.0,0.0
24214,160.0,265.0,0.0
24215,259.0,358.0,0.0
24216,37.0,123.0,0.0
24217,79.0,70.0,0.0
24218,106.0,301.0,0.0
24219,257.0,162.0,0.0
24220,36.0,362.0,0.0
24221,219.0,28.0,0.0
24222,89.0,263.0,0.0
24223,56.0,142.0,0.0
24224,142.0,476.0,0.0
24225,150.0,37.0,0.0
24226,101.0,526.0,0.0
24227,189.0,215.0,0.0
24228,222.0,110.0,0.0
24229,158.0,326.0,0.0
24230,235.0,280.0,0.0
24231,85.0,384.0,0.0
24232,247.0,288.0,0.0
24233,157.0,549.0,0.0
24234,228.0,1.0,0.0
24235,212.0,302.0,0.0
24236,202.0,38.0,0.0
24237,174.0,246.0,0.0
24238,148.0,449.0,0.0
24239,141.0,216.0,0.0
24240,62.0,2.0,0.0
24241,219.0,364.0,0.0
24242,76.0,559.0,0.0
24243,118.0,385.0,0.0
24244,140.0,583.0,0.0
24245,128.0,506.0,0.0
24246,246.0,191.0,0.0
24247,243.0,384.0,0.0
24248,5.0,306.0,0.0
24249,58.0,155.0,0.0
24250,199.0,368.0,0.0
24251,236.0,209.0,0.0
24252,178.0,277.0,0.0
24253,192.0,151.0,0.0
24254,96.0,19.0,0.0
24255,84.0,450.0,0.0
24256,127.0,137.0,0.0
24257,243.0,334.0,0.0
24258,108.0,537.0,0.0
24259,245.0,300.0,0.0
24260,87.0,139.0,0.0
24261,6.0,135.0,0.0
24262,56.0,305.0,0.0
24263,44.0,497.0,0.0
24264,220.0,324.0,0.0
24265,84.0,380.0,0.0
24266,58.0,255.0,0.0
24267,194.0,368.0,0.0
24268,40.0,188.0,0.0
24269,198.0,280.0,0.0
24270,68.0,175.0,0.0
24271,190.0,440.0,0.0
24272,124.0,124.0,0.0
24273,261.0,29.0,0.0
24274,7.0,482.0,0.0
24275,184.0,551.0,0.0
24276,264.0,465.0,0.0
24277,246.0,62.0,0.0
24278,263.0,499.0,0.0
24279,15.0,395.0,0.0
24280,15.0,289.0,0.0
24281,181.0,208.0,0.0
24282,195.0,574.0,0.0
24283,187.0,177.0,0.0
24284,53.0,201.0,0.0
24285,172.0,425.0,0.0
24286,266.0,203.0,0.0
24287,15.0,580.0,0.0
24288,225.0,547.0,0.0
24289,44.0,593.0,0.0
24290,167.0,209.0,0.0
24291,227.0,172.0,0.0
24292,263.0,319.0,0.0
24293,246.0,23.0,0.0
24294,214.0,328.0,0.0
24295,150.0,368.0,0.0
24296,240.0,62.0,0.0
24297,120.0,413.0,0.0
24298,159.0,25.0,0.0
24299,4.0,113.0,0.0
24300,135.0,126.0,0.0
24301,143.0,543.0,0.0
24302,179.0,188.0,0.0
24303,174.0,275.0,0.0
24304,150.0,67.0,0.0
24305,68.0,502.0,0.0
24306,95.0,422.0,0.0
24307,146.0,107.0,0.0
24308,103.0,425.0,0.0
24309,24.0,563.0,0.0
24310,115.0,188.0,0.0
24311,110.0,452.0,0.0
24312,4.0,429.0,0.0
24313,208.0,508.0,0.0
24314,72.0,583.0,0.0
24315,7.0,491.0,0.0
24316,160.0,572.0,0.0
24317,68.0,511.0,0.0
24318,252.0,31.0,0.0
24319,215.0,388.0,0.0
24320,194.0,285.0,0.0
24321,261.0,74.0,0.0
24322,161.0,596.0,0.0
24323,4.0,73.0,0.0
24324,80.0,532.0,0.0
24325,198.0,539.0,0.0
24326,179.0,561.0,0.0
24327,17.0,125.0,0.0
24328,231.0,596.0,0.0
24329,72.0,444.0,0.0
24330,221.0,80.0,0.0
24331,24.0,72.0,0.0
24332,246.0,565.0,0.0
24333,48.0,226.0,0.0
24334,85.0,347.0,0.0
24335,257.0,406.0,0.0
24336,185.0,510.0,0.0
24337,234.0,157.0,0.0
24338,160.0,202.0,0.0
24339,114.0,365.0,0.0
24340,216.0,32.0,0.0
24341,190.0,271.0,0.0
24342,63.0,541.0,0.0
24343,155.0,534.0,0.0
24344,67.0,383.0,0.0
24345,71.0,211.0,0.0
24346,205.0,551.0,0.0
24347,238.0,35.0,0.0
24348,44.0,513.0,0.0
24349,111.0,442.0,0.0
24350,236.0,449.0,0.0
24351,146.0,284.0,0.0
24352,21.0,34.0,0.0
24353,167.0,338.0,0.0
24354,197.0,298.0,0.0
24355,193.0,144.0,0.0
24356,229.0,593.0,0.0
24357,43.0,547.0,0.0
24358,25.0,323.0,0.0
24359,235.0,69.0,0.0
24360,133.0,286.0,0.0
24361,200.0,573.0,0.0
24362,94.0,459.0,0.0
24363,237.0,553.0,0.0
24364,112.0,558.0,0.0
24365,112.0,337.0,0.0
24366,34.0,180.0,0.0
24367,142.0,456.0,0.0
24368,202.0,71.0,0.0
24369,23.0,535.0,0.0
24370,104.0,240.0,0.0
24371,9.0,537.0,0.0
24372,111.0,400.0,0.0
24373,223.0,328.0,0.0
24374,216.0,413.0,0.0
24375,100.0,326.0,0.0
24376,257.0,337.0,0.0
24377,143.0,108.0,0.0
24378,76.0,271.0,0.0
24379,142.0,342.0,0.0
24380,261.0,384.0,0.0
24381,244.0,98.0,0.0
24382,133.0,597.0,0.0
24383,133.0,210.0,0.0
24384,95.0,51.0,0.0
24385,123.0,201.0,0.0
24386,30.0,43.0,0.0
24387,125.0,20.0,0.0
24388,98.0,205.0,0.0
24389,50.0,427.0,0.0
24390,29.0,516.0,0.0
24391,166.0,404.0,0.0
24392,8.0,528.0,0.0
24393,261.0,278.0,0.0
24394,165.0,102.0,0.0
24395,60.0,309.0,0.0
24396,34.0,188.0,0.0
24397,223.0,514.0,0.0
24398,96.0,86.0,0.0
24399,203.0,71.0,0.0
24400,268.0,400.0,0.0
24401,32.0,521.0,0.0
24402,244.0,35.0,0.0
24403,194.0,408.0,0.0
24404,74.0,563.0,0.0
24405,66.0,350.0,0.0
24406,73.0,307.0,0.0
24407,234.0,229.0,0.0
24408,139.0,459.0,0.0
24409,208.0,594.0,0.0
24410,198.0,457.0,0.0
24411,55.0,574.0,0.0
24412,34.0,336.0,0.0
24413,255.0,433.0,0.0
24414,260.0,540.0,0.0
24415,58.0,321.0,0.0
24416,170.0,80.0,0.0
24417,130.0,552.0,0.0
24418,262.0,145.0,0.0
24419,142.0,250.0,0.0
24420,49.0,390.0,0.0
24421,101.0,528.0,0.0
24422,68.0,552.0,0.0
24423,95.0,78.0,0.0
24424,251.0,142.0,0.0
24425,264.0,523.0,0.0
24426,103.0,521.0,0.0
24427,49.0,519.0,0.0
24428,240.0,189.0,0.0
24429,29.0,74.0,0.0
24430,70.0,283.0,0.0
24431,207.0,506.0,0.0
24432,264.0,32.0,0.0
24433,66.0,395.0,0.0
24434,107.0,414.0,0.0
24435,249.0,16.0,0.0
24436,185.0,109.0,0.0
24437,61.0,374.0,0.0
24438,64.0,8.0,0.0
24439,3.0,260.0,0.0
24440,159.0,136.0,0.0
24441,1.0,393.0,0.0
24442,74.0,271.0,0.0
24443,161.0,49.0,0.0
24444,0.0,368.0,0.0
24445,147.0,519.0,0.0
24446,108.0,256.0,0.0
24447,120.0,333.0,0.0
24448,207.0,288.0,0.0
24449,33.0,389.0,0.0
24450,125.0,142.0,0.0
24451,184.0,121.0,0.0
24452,222.0,457.0,0.0
24453,144.0,135.0,0.0
24454,65.0,174.0,0.0
24455,226.0,387.0,0.0
24456,49.0,433.0,0.0
24457,39.0,304.0,0.0
24458,128.0,480.0,0.0
24459,42.0,574.0,0.0
24460,75.0,422.0,0.0
24461,12.0,53.0,0.0
24462,107.0,271.0,0.0
24463,30.0,524.0,0.0
24464,222.0,582.0,0.0
24465,21.0,407.0,0.0
24466,135.0,499.0,0.0
24467,60.0,485.0,0.0
24468,30.0,145.0,0.0
24469,148.0,246.0,0.0
24470,204.0,575.0,0.0
24471,243.0,254.0,0.0
24472,219.0,137.0,0.0
24473,134.0,303.0,0.0
24474,172.0,207.0,0.0
24475,61.0,364.0,0.0
24476,88.0,569.0,0.0
24477,249.0,388.0,0.0
24478,116.0,244.0,0.0
24479,230.0,206.0,0.0
24480,234.0,327.0,0.0
24481,75.0,355.0,0.0
24482,175.0,588.0,0.0
24483,255.0,465.0,0.0
24484,155.0,309.0,0.0
24485,2.0,486.0,0.0
24486,252.0,338.0,0.0
24487,94.0,152.0,0.0
24488,133.0,440.0,0.0
24489,94.0,595.0,0.0
24490,214.0,78.0,0.0
24491,207.0,364.0,0.0
24492,172.0,505.0,0.0
24493,42.0,248.0,0.0
24494,250.0,181.0,0.0
24495,120.0,246.0,0.0
24496,172.0,65.0,0.0
24497,19.0,8.0,0.0
24498,85.0,15.0,0.0
24499,243.0,109.0,0.0
24500,91.0,372.0,0.0
24501,173.0,430.0,0.0
24502,73.0,326.0,0.0
24503,266.0,575.0,0.0
24504,188.0,541.0,0.0
24505,55.0,213.0,0.0
24506,61.0,129.0,0.0
24507,188.0,143.0,0.0
24508,109.0,139.0,0.0
24509,173.0,194.0,0.0
24510,120.0,532.0,0.0
24511,15.0,149.0,0.0
24512,76.0,8.0,0.0
24513,41.0,580.0,0.0
24514,190.0,579.0,0.0
24515,86.0,284.0,0.0
24516,56.0,178.0,0.0
24517,171.0,375.0,0.0
24518,231.0,395.0,0.0
24519,211.0,424.0,0.0
24520,109.0,125.0,0.0
24521,170.0,312.0,0.0
24522,121.0,569.0,0.0
24523,109.0,368.0,0.0
24524,188.0,322.0,0.0
24525,93.0,131.0,0.0
24526,77.0,400.0,0.0
24527,215.0,229.0,0.0
24528,94.0,194.0,0.0
24529,161.0,289.0,0.0
24530,246.0,270.0,0.0
24531,257.0,465.0,0.0
24532,136.0,401.0,0.0
24533,83.0,9.0,0.0
24534,186.0,527.0,0.0
24535,133.0,316.0,0.0
24536,9.0,253.0,0.0
24537,106.0,98.0,0.0
24538,240.0,76.0,0.0
24539,237.0,153.0,0.0
24540,232.0,328.0,0.0
24541,247.0,404.0,0.0
24542,83.0,23.0,0.0
24543,240.0,397.0,0.0
24544,100.0,367.0,0.0
24545,212.0,529.0,0.0
24546,161.0,31.0,0.0
24547,133.0,217.0,0.0
24548,47.0,131.0,0.0
24549,181.0,326.0,0.0
24550,100.0,435.0,0.0
24551,171.0,509.0,0.0
24552,113.0,394.0,0.0
24553,139.0,549.0,0.0
24554,59.0,27.0,0.0
24555,230.0,28.0,0.0
24556,117.0,363.0,0.0
24557,36.0,429.0,0.0
24558,239.0,435.0,0.0
24559,180.0,230.0,0.0
24560,3.0,300.0,0.0
24561,182.0,516.0,0.0
24562,57.0,44.0,0.0
24563,59.0,528.0,0.0
24564,247.0,119.0,0.0
24565,131.0,324.0,0.0
24566,121.0,278.0,0.0
24567,143.0,516.0,0.0
24568,141.0,513.0,0.0
24569,190.0,519.0,0.0
24570,228.0,420.0,0.0
24571,137.0,204.0,0.0
24572,256.0,370.0,0.0
24573,88.0,452.0,0.0
24574,178.0,285.0,0.0
24575,263.0,125.0,0.0
24576,196.0,31.0,0.0
24577,35.0,2.0,0.0
24578,166.0,139.0,0.0
24579,27.0,29.0,0.0
24580,199.0,415.0,0.0
24581,111.0,168.0,0.0
24582,111.0,268.0,0.0
24583,94.0,456.0,0.0
24584,159.0,546.0,0.0
24585,76.0,103.0,0.0
24586,162.0,359.0,0.0
24587,230.0,320.0,0.0
24588,52.0,267.0,0.0
24589,12.0,489.0,0.0
24590,68.0,325.0,0.0
24591,51.0,88.0,0.0
24592,170.0,170.0,0.0
24593,160.0,574.0,0.0
24594,79.0,525.0,0.0
24595,227.0,247.0,0.0
24596,83.0,141.0,0.0
24597,219.0,430.0,0.0
24598,90.0,309.0,0.0
24599,211.0,409.0,0.0
24600,235.0,427.0,0.0
24601,0.0,505.0,0.0
24602,164.0,49.0,0.0
24603,224.0,23.0,0.0
24604,9.0,217.0,0.0
24605,170.0,260.0,0.0
24606,97.0,197.0,0.0
24607,5.0,112.0,0.0
24608,21.0,537.0,0.0
24609,77.0,477.0,0.0
24610,71.0,512.0,0.0
24611,263.0,213.0,0.0
24612,251.0,5.0,0.0
24613,222.0,471.0,0.0
24614,124.0,399.0,0.0
24615,119.0,128.0,0.0
24616,57.0,141.0,0.0
24617,113.0,89.0,0.0
24618,5.0,309.0,0.0
24619,54.0,233.0,0.0
24620,253.0,387.0,0.0
24621,8.0,166.0,0.0
24622,5.0,66.0,0.0
24623,212.0,10.0,0.0
24624,91.0,138.0,0.0
24625,229.0,399.0,0.0
24626,249.0,322.0,0.0
24627,99.0,231.0,0.0
24628,7.0,267.0,0.0
24629,204.0,269.0,0.0
24630,28.0,544.0,0.0
24631,89.0,297.0,0.0
24632,191.0,356.0,0.0
24633,154.0,36.0,0.0
24634,49.0,256.0,0.0
24635,33.0,559.0,0.0
24636,136.0,119.0,0.0
24637,258.0,182.0,0.0
24638,87.0,509.0,0.0
24639,67.0,509.0,0.0
24640,130.0,326.0,0.0
24641,110.0,40.0,0.0
24642,199.0,318.0,0.0
24643,111.0,307.0,0.0
24644,8.0,176.0,0.0
24645,47.0,281.0,0.0
24646,4.0,352.0,0.0
24647,184.0,170.0,0.0
24648,71.0,433.0,0.0
24649,125.0,155.0,0.0
24650,121.0,208.0,0.0
24651,132.0,385.0,0.0
24652,69.0,433.0,0.0
24653,96.0,172.0,0.0
24654,13.0,445.0,0.0
24655,168.0,130.0,0.0
24656,135.0,131.0,0.0
24657,45.0,339.0,0.0
24658,244.0,346.0,0.0
24659,261.0,503.0,0.0
24660,138.0,587.0,0.0
24661,14.0,502.0,0.0
24662,138.0,548.0,0.0
24663,119.0,101.0,0.0
24664,174.0,352.0,0.0
24665,258.0,308.0,0.0
24666,206.0,24.0,0.0
24667,46.0,310.0,0.0
24668,22.0,562.0,0.0
24669,251.0,131.0,0.0
24670,210.0,109.0,0.0
24671,58.0,188.0,0.0
24672,128.0,219.0,0.0
24673,89.0,427.0,0.0
24674,255.0,364.0,0.0
24675,219.0,200.0,0.0
24676,25.0,19.0,0.0
24677,63.0,453.0,0.0
24678,9.0,374.0,0.0
24679,25.0,497.0,0.0
24680,80.0,330.0,0.0
24681,267.0,579.0,0.0
24682,16.0,3.0,0.0
24683,8.0,393.0,0.0
24684,143.0,193.0,0.0
24685,23.0,368.0,0.0
24686,101.0,570.0,0.0
24687,133.0,52.0,0.0
24688,254.0,581.0,0.0
24689,226.0,12.0,0.0
24690,164.0,325.0,0.0
24691,167.0,38.0,0.0
24692,22.0,499.0,0.0
24693,93.0,164.0,0.0
24694,125.0,540.0,0.0
24695,17.0,97.0,0.0
24696,226.0,305.0,0.0
24697,215.0,439.0,0.0
24698,69.0,197.0,0.0
24699,187.0,556.0,0.0
24700,128.0,5.0,0.0
24701,85.0,389.0,0.0
24702,264.0,154.0,0.0
24703,263.0,59.0,0.0
24704,80.0,480.0,0.0
24705,97.0,206.0,0.0
24706,102.0,208.0,0.0
24707,182.0,71.0,0.0
24708,59.0,584.0,0.0
24709,188.0,570.0,0.0
24710,251.0,596.0,0.0
24711,253.0,344.0,0.0
24712,119.0,440.0,0.0
24713,57.0,348.0,0.0
24714,42.0,544.0,0.0
24715,266.0,436.0,0.0
24716,9.0,345.0,0.0
24717,268.0,175.0,0.0
24718,36.0,233.0,0.0
24719,75.0,20.0,0.0
24720,135.0,495.0,0.0
24721,144.0,155.0,0.0
24722,155.0,352.0,0.0
24723,46.0,391.0,0.0
24724,62.0,456.0,0.0
24725,60.0,477.0,0.0
24726,28.0,84.0,0.0
24727,230.0,552.0,0.0
24728,237.0,341.0,0.0
24729,197.0,514.0,0.0
24730,195.0,501.0,0.0
24731,17.0,246.0,0.0
24732,212.0,577.0,0.0
24733,150.0,305.0,0.0
24734,136.0,508.0,0.0
24735,146.0,183.0,0.0
24736,61.0,153.0,0.0
24737,253.0,423.0,0.0
24738,151.0,18.0,0.0
24739,195.0,353.0,0.0
24740,259.0,51.0,0.0
24741,162.0,182.0,0.0
24742,36.0,588.0,0.0
24743,254.0,29.0,0.0
24744,173.0,46.0,0.0
24745,46.0,12.0,0.0
24746,176.0,41.0,0.0
24747,117.0,51.0,0.0
24748,148.0,98.0,0.0
24749,87.0,353.0,0.0
24750,240.0,165.0,0.0
24751,63.0,316.0,0.0
24752,133.0,562.0,0.0
24753,38.0,453.0,0.0
24754,245.0,243.0,0.0
24755,43.0,73.0,0.0
24756,218.0,291.0,0.0
24757,97.0,6.0,0.0
24758,7.0,351.0,0.0
24759,110.0,337.0,0.0
24760,65.0,55.0,0.0
24761,176.0,81.0,0.0
24762,268.0,518.0,0.0
24763,86.0,80.0,0.0
24764,211.0,35.0,0.0
24765,80.0,552.0,0.0
24766,76.0,305.0,0.0
24767,44.0,206.0,0.0
24768,223.0,595.0,0.0
24769,236.0,57.0,0.0
24770,40.0,20.0,0.0
24771,87.0,514.0,0.0
24772,88.0,292.0,0.0
24773,75.0,86.0,0.0
24774,70.0,548.0,0.0
24775,190.0,115.0,0.0
24776,177.0,569.0,0.0
24777,260.0,129.0,0.0
24778,194.0,271.0,0.0
24779,243.0,52.0,0.0
24780,237.0,212.0,0.0
24781,98.0,225.0,0.0
24782,11.0,235.0,0.0
24783,165.0,202.0,0.0
24784,160.0,218.0,0.0
24785,162.0,268.0,0.0
24786,138.0,406.0,0.0
24787,196.0,2.0,0.0
24788,186.0,417.0,0.0
24789,245.0,379.0,0.0
24790,255.0,232.0,0.0
24791,189.0,473.0,0.0
24792,132.0,360.0,0.0
24793,26.0,344.0,0.0
24794,34.0,354.0,0.0
24795,236.0,52.0,0.0
24796,149.0,314.0,0.0
24797,216.0,299.0,0.0
24798,108.0,597.0,0.0
24799,167.0,563.0,0.0
24800,245.0,283.0,0.0
24801,47.0,318.0,0.0
24802,254.0,120.0,0.0
24803,241.0,65.0,0.0
24804,169.0,96.0,0.0
24805,119.0,258.0,0.0
24806,246.0,186.0,0.0
24807,237.0,66.0,0.0
24808,218.0,493.0,0.0
24809,130.0,520.0,0.0
24810,58.0,459.0,0.0
24811,195.0,258.0,0.0
24812,122.0,431.0,0.0
24813,157.0,74.0,0.0
24814,119.0,454.0,0.0
24815,225.0,521.0,0.0
24816,261.0,413.0,0.0
24817,224.0,365.0,0.0
24818,237.0,452.0,0.0
24819,254.0,549.0,0.0
24820,0.0,207.0,0.0
24821,0.0,280.0,0.0
24822,67.0,358.0,0.0
24823,85.0,495.0,0.0
24824,39.0,341.0,0.0
24825,163.0,558.0,0.0
24826,255.0,321.0,0.0
24827,81.0,355.0,0.0
24828,105.0,173.0,0.0
24829,37.0,420.0,0.0
24830,75.0,465.0,0.0
24831,201.0,499.0,0.0
24832,262.0,367.0,0.0
24833,71.0,569.0,0.0
24834,26.0,419.0,0.0
24835,118.0,67.0,0.0
24836,199.0,278.0,0.0
24837,197.0,291.0,0.0
24838,13.0,189.0,0.0
24839,228.0,174.0,0.0
24840,91.0,289.0,0.0
24841,178.0,567.0,0.0
24842,47.0,159.0,0.0
24843,153.0,196.0,0.0
24844,160.0,366.0,0.0
24845,31.0,278.0,0.0
24846,80.0,524.0,0.0
24847,7.0,112.0,0.0
24848,7.0,221.0,0.0
24849,48.0,588.0,0.0
24850,116.0,342.0,0.0
24851,234.0,108.0,0.0
24852,72.0,187.0,0.0
24853,143.0,461.0,0.0
24854,97.0,286.0,0.0
24855,136.0,340.0,0.0
24856,196.0,85.0,0.0
24857,39.0,344.0,0.0
24858,157.0,263.0,0.0
24859,200.0,13.0,0.0
24860,143.0,560.0,0.0
24861,19.0,212.0,0.0
24862,29.0,414.0,0.0
24863,221.0,319.0,0.0
24864,77.0,318.0,0.0
24865,207.0,455.0,0.0
24866,13.0,199.0,0.0
24867,156.0,86.0,0.0
24868,210.0,587.0,0.0
24869,181.0,480.0,0.0
24870,128.0,306.0,0.0
24871,11.0,130.0,0.0
24872,77.0,73.0,0.0
24873,267.0,336.0,0.0
24874,53.0,449.0,0.0
24875,199.0,458.0,0.0
24876,12.0,51.0,0.0
24877,208.0,381.0,0.0
24878,12.0,420.0,0.0
24879,263.0,134.0,0.0
24880,222.0,101.0,0.0
24881,17.0,18.0,0.0
24882,24.0,401.0,0.0
24883,42.0,174.0,0.0
24884,202.0,387.0,0.0
24885,35.0,47.0,0.0
24886,73.0,106.0,0.0
24887,33.0,119.0,0.0
24888,195.0,297.0,0.0
24889,149.0,88.0,0.0
24890,18.0,20.0,0.0
24891,10.0,541.0,0.0
24892,0.0,154.0,0.0
24893,113.0,541.0,0.0
24894,77.0,140.0,0.0
24895,171.0,281.0,0.0
24896,193.0,422.0,0.0
24897,134.0,101.0,0.0
24898,186.0,258.0,0.0
24899,123.0,473.0,0.0
24900,102.0,194.0,0.0
24901,246.0,149.0,0.0
24902,184.0,543.0,0.0
24903,38.0,74.0,0.0
24904,76.0,171.0,0.0
24905,170.0,181.0,0.0
24906,47.0,9.0,0.0
24907,217.0,458.0,0.0
24908,225.0,293.0,0.0
24909,72.0,42.0,0.0
24910,201.0,73.0,0.0
24911,237.0,239.0,0.0
24912,262.0,61.0,0.0
24913,23.0,417.0,0.0
24914,248.0,542.0,0.0
24915,235.0,442.0,0.0
24916,209.0,57.0,0.0
24917,179.0,491.0,0.0
24918,261.0,195.0,0.0
24919,42.0,384.0,0.0
24920,165.0,492.0,0.0
24921,250.0,408.0,0.0
24922,237.0,3.0,0.0
24923,148.0,319.0,0.0
24924,263.0,378.0,0.0
24925,92.0,155.0,0.0
24926,2.0,417.0,0.0
24927,144.0,209.0,0.0
24928,126.0,173.0,0.0
24929,122.0,124.0,0.0
24930,85.0,404.0,0.0
24931,219.0,437.0,0.0
24932,5.0,254.0,0.0
24933,120.0,416.0,0.0
24934,48.0,530.0,0.0
24935,249.0,271.0,0.0
24936,268.0,403.0,0.0
24937,210.0,73.0,0.0
24938,120.0,114.0,0.0
24939,66.0,247.0,0.0
24940,230.0,167.0,0.0
24941,257.0,212.0,0.0
24942,154.0,180.0,0.0
24943,141.0,594.0,0.0
24944,205.0,29.0,0.0
24945,6.0,6.0,0.0
24946,126.0,518.0,0.0
24947,183.0,359.0,0.0
24948,211.0,198.0,0.0
24949,47.0,575.0,0.0
24950,150.0,518.0,0.0
24951,243.0,71.0,0.0
24952,28.0,555.0,0.0
24953,250.0,504.0,0.0
24954,266.0,225.0,0.0
24955,81.0,451.0,0.0
24956,257.0,177.0,0.0
24957,158.0,549.0,0.0
24958,159.0,355.0,0.0
24959,41.0,572.0,0.0
24960,186.0,154.0,0.0
24961,80.0,588.0,0.0
24962,98.0,588.0,0.0
24963,200.0,26.0,0.0
24964,224.0,495.0,0.0
24965,52.0,548.0,0.0
24966,257.0,204.0,0.0
24967,49.0,141.0,0.0
24968,191.0,500.0,0.0
24969,18.0,202.0,0.0
24970,178.0,255.0,0.0
24971,188.0,152.0,0.0
24972,80.0,130.0,0.0
24973,195.0,61.0,0.0
24974,90.0,34.0,0.0
24975,100.0,115.0,0.0
24976,204.0,310.0,0.0
24977,109.0,162.0,0.0
24978,91.0,553.0,0.0
24979,186.0,401.0,0.0
24980,238.0,518.0,0.0
24981,140.0,421.0,0.0
24982,68.0,503.0,0.0
24983,228.0,21.0,0.0
24984,235.0,159.0,0.0
24985,243.0,480.0,0.0
24986,139.0,401.0,0.0
24987,171.0,297.0,0.0
24988,104.0,261.0,0.0
24989,236.0,85.0,0.0
24990,229.0,523.0,0.0
24991,206.0,84.0,0.0
24992,183.0,353.0,0.0
24993,128.0,173.0,0.0
24994,49.0,109.0,0.0
24995,202.0,317.0,0.0
24996,99.0,588.0,0.0
24997,222.0,25.0,0.0
24998,186.0,79.0,0.0
24999,122.0,344.0,0.0
25000,106.0,7.0,0.0
25001,251.0,228.0,0.0
25002,90.0,240.0,0.0
25003,163.0,95.0,0.0
25004,198.0,150.0,0.0
25005,173.0,310.0,0.0
25006,21.0,389.0,0.0
25007,138.0,574.0,0.0
25008,225.0,184.0,0.0
25009,184.0,69.0,0.0
25010,256.0,585.0,0.0
25011,86.0,276.0,0.0
25012,211.0,449.0,0.0
25013,170.0,448.0,0.0
25014,91.0,63.0,0.0
25015,153.0,320.0,0.0
25016,22.0,193.0,0.0
25017,89.0,536.0,0.0
25018,35.0,405.0,0.0
25019,153.0,78.0,0.0
25020,262.0,570.0,0.0
25021,197.0,209.0,0.0
25022,93.0,9.0,0.0
25023,244.0,407.0,0.0
25024,77.0,422.0,0.0
25025,54.0,174.0,0.0
25026,24.0,240.0,0.0
25027,143.0,566.0,0.0
25028,109.0,431.0,0.0
25029,67.0,481.0,0.0
25030,144.0,551.0,0.0
25031,179.0,6.0,0.0
25032,184.0,29.0,0.0
25033,210.0,490.0,0.0
25034,192.0,84.0,0.0
25035,90.0,46.0,0.0
25036,226.0,582.0,0.0
25037,177.0,223.0,0.0
25038,221.0,520.0,0.0
25039,203.0,429.0,0.0
25040,263.0,314.0,0.0
25041,123.0,507.0,0.0
25042,101.0,93.0,0.0
25043,52.0,40.0,0.0
25044,129.0,138.0,0.0
25045,120.0,407.0,0.0
25046,216.0,62.0,0.0
25047,238.0,484.0,0.0
25048,81.0,540.0,0.0
25049,221.0,20.0,0.0
25050,222.0,350.0,0.0
25051,107.0,338.0,0.0
25052,120.0,558.0,0.0
25053,260.0,238.0,0.0
25054,171.0,66.0,0.0
25055,26.0,488.0,0.0
25056,120.0,289.0,0.0
25057,70.0,413.0,0.0
25058,95.0,355.0,0.0
25059,231.0,492.0,0.0
25060,40.0,366.0,0.0
25061,246.0,218.0,0.0
25062,237.0,88.0,0.0
25063,213.0,406.0,0.0
25064,250.0,80.0,0.0
25065,63.0,437.0,0.0
25066,80.0,526.0,0.0
25067,34.0,512.0,0.0
25068,239.0,407.0,0.0
25069,6.0,589.0,0.0
25070,134.0,493.0,0.0
25071,193.0,505.0,0.0
25072,198.0,469.0,0.0
25073,68.0,222.0,0.0
25074,84.0,545.0,0.0
25075,97.0,56.0,0.0
25076,119.0,199.0,0.0
25077,15.0,393.0,0.0
25078,25.0,421.0,0.0
25079,235.0,523.0,0.0
25080,68.0,123.0,0.0
25081,244.0,381.0,0.0
25082,43.0,285.0,0.0
25083,213.0,211.0,0.0
25084,64.0,591.0,0.0
25085,82.0,552.0,0.0
25086,16.0,8.0,0.0
25087,86.0,530.0,0.0
25088,105.0,162.0,0.0
25089,214.0,353.0,0.0
25090,250.0,65.0,0.0
25091,199.0,329.0,0.0
25092,133.0,527.0,0.0
25093,194.0,229.0,0.0
25094,66.0,415.0,0.0
25095,140.0,531.0,0.0
25096,186.0,555.0,0.0
25097,25.0,208.0,0.0
25098,106.0,472.0,0.0
25099,152.0,359.0,0.0
25100,211.0,389.0,0.0
25101,240.0,13.0,0.0
25102,173.0,170.0,0.0
25103,193.0,526.0,0.0
25104,240.0,211.0,0.0
25105,196.0,165.0,0.0
25106,250.0,240.0,0.0
25107,79.0,441.0,0.0
25108,235.0,51.0,0.0
25109,267.0,183.0,0.0
25110,250.0,221.0,0.0
25111,41.0,363.0,0.0
25112,66.0,287.0,0.0
25113,53.0,555.0,0.0
25114,213.0,506.0,0.0
25115,181.0,4.0,0.0
25116,91.0,530.0,0.0
25117,100.0,305.0,0.0
25118,206.0,31.0,0.0
25119,267.0,22.0,0.0
25120,131.0,294.0,0.0
25121,258.0,340.0,0.0
25122,212.0,565.0,0.0
25123,251.0,353.0,0.0
25124,233.0,364.0,0.0
25125,75.0,404.0,0.0
25126,138.0,458.0,0.0
25127,23.0,219.0,0.0
25128,25.0,433.0,0.0
25129,160.0,394.0,0.0
25130,54.0,214.0,0.0
25131,9.0,588.0,0.0
25132,106.0,288.0,0.0
25133,104.0,375.0,0.0
25134,246.0,321.0,0.0
25135,53.0,3.0,0.0
25136,194.0,264.0,0.0
25137,97.0,428.0,0.0
25138,26.0,532.0,0.0
25139,40.0,179.0,0.0
25140,218.0,44.0,0.0
25141,96.0,335.0,0.0
25142,121.0,396.0,0.0
25143,97.0,519.0,0.0
25144,5.0,428.0,0.0
25145,258.0,7.0,0.0
25146,187.0,21.0,0.0
25147,191.0,212.0,0.0
25148,255.0,133.0,0.0
25149,95.0,476.0,0.0
25150,121.0,242.0,0.0
25151,101.0,174.0,0.0
25152,133.0,105.0,0.0
25153,84.0,517.0,0.0
25154,110.0,550.0,0.0
25155,137.0,355.0,0.0
25156,246.0,38.0,0.0
25157,10.0,554.0,0.0
25158,19.0,466.0,0.0
25159,220.0,322.0,0.0
25160,266.0,82.0,0.0
25161,13.0,292.0,0.0
25162,171.0,214.0,0.0
25163,180.0,266.0,0.0
25164,84.0,527.0,0.0
25165,25.0,122.0,0.0
25166,190.0,564.0,0.0
25167,248.0,546.0,0.0
25168,0.0,95.0,0.0
25169,185.0,356.0,0.0
25170,75.0,303.0,0.0
25171,242.0,508.0,0.0
25172,162.0,197.0,0.0
25173,127.0,193.0,0.0
25174,265.0,559.0,0.0
25175,139.0,585.0,0.0
25176,170.0,502.0,0.0
25177,147.0,243.0,0.0
25178,61.0,546.0,0.0
25179,254.0,261.0,0.0
25180,266.0,467.0,0.0
25181,145.0,165.0,0.0
25182,267.0,170.0,0.0
25183,212.0,499.0,0.0
25184,227.0,561.0,0.0
25185,170.0,563.0,0.0
25186,143.0,491.0,0.0
25187,250.0,13.0,0.0
25188,231.0,582.0,0.0
25189,172.0,117.0,0.0
25190,14.0,561.0,0.0
25191,31.0,7.0,0.0
25192,72.0,489.0,0.0
25193,222.0,420.0,0.0
25194,4.0,356.0,0.0
25195,38.0,496.0,0.0
25196,48.0,203.0,0.0
25197,138.0,86.0,0.0
25198,204.0,556.0,0.0
25199,246.0,456.0,0.0
25200,182.0,565.0,0.0
25201,212.0,409.0,0.0
25202,111.0,297.0,0.0
25203,253.0,262.0,0.0
25204,168.0,443.0,0.0
25205,216.0,131.0,0.0
25206,133.0,142.0,0.0
25207,15.0,591.0,0.0
25208,58.0,356.0,0.0
25209,35.0,77.0,0.0
25210,208.0,515.0,0.0
25211,2.0,234.0,0.0
25212,217.0,18.0,0.0
25213,226.0,197.0,0.0
25214,110.0,547.0,0.0
25215,255.0,61.0,0.0
25216,206.0,333.0,0.0
25217,12.0,261.0,0.0
25218,192.0,485.0,0.0
25219,240.0,93.0,0.0
25220,187.0,379.0,0.0
25221,259.0,425.0,0.0
25222,242.0,435.0,0.0
25223,201.0,361.0,0.0
25224,174.0,583.0,0.0
25225,217.0,88.0,0.0
25226,171.0,209.0,0.0
25227,7.0,500.0,0.0
25228,88.0,293.0,0.0
25229,201.0,117.0,0.0
25230,50.0,528.0,0.0
25231,71.0,597.0,0.0
25232,134.0,211.0,0.0
25233,172.0,471.0,0.0
25234,82.0,184.0,0.0
25235,134.0,134.0,0.0
25236,205.0,559.0,0.0
25237,71.0,40.0,0.0
25238,110.0,344.0,0.0
25239,257.0,510.0,0.0
25240,250.0,37.0,0.0
25241,144.0,590.0,0.0
25242,253.0,118.0,0.0
25243,189.0,276.0,0.0
25244,186.0,317.0,0.0
25245,153.0,4.0,0.0
25246,177.0,200.0,0.0
25247,161.0,333.0,0.0
25248,161.0,18.0,0.0
25249,31.0,548.0,0.0
25250,25.0,213.0,0.0
25251,33.0,278.0,0.0
25252,134.0,74.0,0.0
25253,45.0,102.0,0.0
25254,86.0,500.0,0.0
25255,129.0,428.0,0.0
25256,23.0,550.0,0.0
25257,253.0,257.0,0.0
25258,161.0,82.0,0.0
25259,135.0,574.0,0.0
25260,29.0,429.0,0.0
25261,92.0,552.0,0.0
25262,80.0,68.0,0.0
25263,188.0,581.0,0.0
25264,158.0,9.0,0.0
25265,40.0,439.0,0.0
25266,201.0,534.0,0.0
25267,259.0,515.0,0.0
25268,88.0,323.0,0.0
25269,64.0,541.0,0.0
25270,124.0,190.0,0.0
25271,103.0,422.0,0.0
25272,74.0,54.0,0.0
25273,160.0,120.0,0.0
25274,62.0,563.0,0.0
25275,101.0,287.0,0.0
25276,50.0,582.0,0.0
25277,100.0,154.0,0.0
25278,226.0,152.0,0.0
25279,212.0,386.0,0.0
25280,235.0,496.0,0.0
25281,187.0,1.0,0.0
25282,44.0,165.0,0.0
25283,235.0,450.0,0.0
25284,147.0,315.0,0.0
25285,228.0,123.0,0.0
25286,163.0,258.0,0.0
25287,67.0,322.0,0.0
25288,7.0,557.0,0.0
25289,256.0,461.0,0.0
25290,251.0,255.0,0.0
25291,101.0,6.0,0.0
25292,35.0,360.0,0.0
25293,184.0,293.0,0.0
25294,150.0,283.0,0.0
25295,86.0,299.0,0.0
25296,129.0,389.0,0.0
25297,14.0,294.0,0.0
25298,28.0,500.0,0.0
25299,121.0,141.0,0.0
25300,105.0,330.0,0.0
25301,35.0,369.0,0.0
25302,173.0,65.0,0.0
25303,83.0,391.0,0.0
25304,171.0,189.0,0.0
25305,44.0,415.0,0.0
25306,130.0,258.0,0.0
25307,195.0,427.0,0.0
25308,163.0,568.0,0.0
25309,25.0,466.0,0.0
25310,176.0,269.0,0.0
25311,162.0,410.0,0.0
25312,131.0,372.0,0.0
25313,7.0,501.0,0.0
25314,231.0,192.0,0.0
25315,4.0,108.0,0.0
25316,180.0,297.0,0.0
25317,154.0,500.0,0.0
25318,38.0,508.0,0.0
25319,174.0,182.0,0.0
25320,197.0,538.0,0.0
25321,44.0,112.0,0.0
25322,231.0,511.0,0.0
25323,184.0,442.0,0.0
25324,137.0,243.0,0.0
25325,146.0,79.0,0.0
25326,171.0,10.0,0.0
25327,23.0,189.0,0.0
25328,55.0,126.0,0.0
25329,143.0,264.0,0.0
25330,64.0,468.0,0.0
25331,149.0,323.0,0.0
25332,68.0,1.0,0.0
25333,239.0,487.0,0.0
25334,251.0,433.0,0.0
25335,200.0,324.0,0.0
25336,57.0,62.0,0.0
25337,13.0,2.0,0.0
25338,83.0,473.0,0.0
25339,142.0,432.0,0.0
25340,186.0,158.0,0.0
25341,235.0,521.0,0.0
25342,138.0,154.0,0.0
25343,104.0,30.0,0.0
25344,167.0,119.0,0.0
25345,159.0,132.0,0.0
25346,259.0,187.0,0.0
25347,11.0,301.0,0.0
25348,155.0,141.0,0.0
25349,21.0,128.0,0.0
25350,130.0,490.0,0.0
25351,62.0,97.0,0.0
25352,74.0,334.0,0.0
25353,230.0,593.0,0.0
25354,200.0,30.0,0.0
25355,39.0,87.0,0.0
25356,64.0,48.0,0.0
25357,184.0,449.0,0.0
25358,143.0,123.0,0.0
25359,192.0,14.0,0.0
25360,161.0,477.0,0.0
25361,20.0,450.0,0.0
25362,153.0,165.0,0.0
25363,7.0,210.0,0.0
25364,60.0,199.0,0.0
25365,100.0,399.0,0.0
25366,253.0,81.0,0.0
25367,212.0,270.0,0.0
25368,19.0,70.0,0.0
25369,120.0,517.0,0.0
25370,36.0,81.0,0.0
25371,2.0,569.0,0.0
25372,235.0,206.0,0.0
25373,61.0,63.0,0.0
25374,30.0,53.0,0.0
25375,197.0,406.0,0.0
25376,33.0,173.0,0.0
25377,137.0,49.0,0.0
25378,228.0,513.0,0.0
25379,210.0,185.0,0.0
25380,1.0,145.0,0.0
25381,1.0,215.0,0.0
25382,122.0,167.0,0.0
25383,48.0,167.0,0.0
25384,121.0,404.0,0.0
25385,227.0,404.0,0.0
25386,212.0,446.0,0.0
25387,20.0,403.0,0.0
25388,198.0,174.0,0.0
25389,162.0,566.0,0.0
25390,47.0,512.0,0.0
25391,86.0,174.0,0.0
25392,254.0,222.0,0.0
25393,143.0,128.0,0.0
25394,85.0,227.0,0.0
25395,92.0,589.0,0.0
25396,246.0,329.0,0.0
25397,8.0,118.0,0.0
25398,126.0,255.0,0.0
25399,23.0,329.0,0.0
25400,229.0,75.0,0.0
25401,192.0,198.0,0.0
25402,161.0,176.0,0.0
25403,2.0,70.0,0.0
25404,1.0,414.0,0.0
25405,170.0,363.0,0.0
25406,236.0,431.0,0.0
25407,183.0,180.0,0.0
25408,40.0,378.0,0.0
25409,225.0,407.0,0.0
25410,8.0,350.0,0.0
25411,209.0,6.0,0.0
25412,226.0,345.0,0.0
25413,127.0,269.0,0.0
25414,91.0,168.0,0.0
25415,215.0,549.0,0.0
25416,139.0,70.0,0.0
25417,179.0,255.0,0.0
25418,190.0,74.0,0.0
25419,155.0,374.0,0.0
25420,248.0,403.0,0.0
25421,235.0,351.0,0.0
25422,221.0,262.0,0.0
25423,93.0,220.0,0.0
25424,244.0,442.0,0.0
25425,124.0,239.0,0.0
25426,163.0,401.0,0.0
25427,72.0,245.0,0.0
25428,113.0,251.0,0.0
25429,190.0,248.0,0.0
25430,18.0,308.0,0.0
25431,190.0,362.0,0.0
25432,14.0,61.0,0.0
25433,128.0,188.0,0.0
25434,190.0,66.0,0.0
25435,141.0,511.0,0.0
25436,38.0,332.0,0.0
25437,57.0,218.0,0.0
25438,119.0,43.0,0.0
25439,76.0,135.0,0.0
25440,45.0,110.0,0.0
25441,157.0,58.0,0.0
25442,93.0,561.0,0.0
25443,220.0,439.0,0.0
25444,256.0,383.0,0.0
25445,189.0,363.0,0.0
25446,231.0,451.0,0.0
25447,50.0,166.0,0.0
25448,55.0,112.0,0.0
25449,251.0,143.0,0.0
25450,214.0,314.0,0.0
25451,219.0,504.0,0.0
25452,4.0,166.0,0.0
25453,186.0,582.0,0.0
25454,263.0,71.0,0.0
25455,49.0,215.0,0.0
25456,198.0,190.0,0.0
25457,243.0,471.0,0.0
25458,81.0,597.0,0.0
25459,224.0,538.0,0.0
25460,227.0,29.0,0.0
25461,133.0,478.0,0.0
25462,61.0,296.0,0.0
25463,14.0,98.0,0.0
25464,53.0,40.0,0.0
25465,0.0,76.0,0.0
25466,231.0,125.0,0.0
25467,155.0,155.0,0.0
25468,66.0,549.0,0.0
25469,38.0,227.0,0.0
25470,203.0,283.0,0.0
25471,124.0,244.0,0.0
25472,42.0,349.0,0.0
25473,1.0,407.0,0.0
25474,194.0,200.0,0.0
25475,26.0,421.0,0.0
25476,252.0,376.0,0.0
25477,124.0,310.0,0.0
25478,160.0,305.0,0.0
25479,252.0,356.0,0.0
25480,30.0,48.0,0.0
25481,210.0,359.0,0.0
25482,95.0,195.0,0.0
25483,247.0,443.0,0.0
25484,182.0,493.0,0.0
25485,32.0,445.0,0.0
25486,240.0,259.0,0.0
25487,239.0,239.0,0.0
25488,3.0,490.0,0.0
25489,22.0,104.0,0.0
25490,218.0,310.0,0.0
25491,144.0,15.0,0.0
25492,252.0,572.0,0.0
25493,9.0,135.0,0.0
25494,6.0,173.0,0.0
25495,199.0,375.0,0.0
25496,23.0,157.0,0.0
25497,261.0,122.0,0.0
25498,112.0,123.0,0.0
25499,110.0,378.0,0.0
25500,42.0,88.0,0.0
25501,140.0,563.0,0.0
25502,195.0,18.0,0.0
25503,204.0,423.0,0.0
25504,78.0,480.0,0.0
25505,46.0,494.0,0.0
25506,140.0,453.0,0.0
25507,244.0,231.0,0.0
25508,126.0,470.0,0.0
25509,211.0,367.0,0.0
25510,137.0,519.0,0.0
25511,80.0,415.0,0.0
25512,26.0,255.0,0.0
25513,124.0,432.0,0.0
25514,222.0,306.0,0.0
25515,93.0,393.0,0.0
25516,206.0,148.0,0.0
25517,184.0,472.0,0.0
25518,229.0,11.0,0.0
25519,211.0,77.0,0.0
25520,121.0,228.0,0.0
25521,73.0,342.0,0.0
25522,23.0,340.0,0.0
25523,268.0,251.0,0.0
25524,167.0,315.0,0.0
25525,28.0,200.0,0.0
25526,232.0,321.0,0.0
25527,115.0,264.0,0.0
25528,20.0,6.0,0.0
25529,154.0,339.0,0.0
25530,172.0,177.0,0.0
25531,40.0,222.0,0.0
25532,238.0,257.0,0.0
25533,192.0,528.0,0.0
25534,24.0,310.0,0.0
25535,6.0,120.0,0.0
25536,78.0,110.0,0.0
25537,98.0,471.0,0.0
25538,41.0,484.0,0.0
25539,211.0,282.0,0.0
25540,90.0,279.0,0.0
25541,72.0,68.0,0.0
25542,46.0,8.0,0.0
25543,122.0,511.0,0.0
25544,229.0,369.0,0.0
25545,136.0,530.0,0.0
25546,180.0,363.0,0.0
25547,131.0,308.0,0.0
25548,189.0,453.0,0.0
25549,59.0,436.0,0.0
25550,66.0,276.0,0.0
25551,71.0,28.0,0.0
25552,66.0,227.0,0.0
25553,153.0,339.0,0.0
25554,198.0,78.0,0.0
25555,33.0,447.0,0.0
25556,185.0,21.0,0.0
25557,149.0,327.0,0.0
25558,198.0,140.0,0.0
25559,112.0,129.0,0.0
25560,18.0,549.0,0.0
25561,80.0,134.0,0.0
25562,7.0,352.0,0.0
25563,142.0,197.0,0.0
25564,237.0,131.0,0.0
25565,38.0,15.0,0.0
25566,105.0,328.0,0.0
25567,204.0,377.0,0.0
25568,74.0,332.0,0.0
25569,89.0,53.0,0.0
25570,192.0,187.0,0.0
25571,180.0,200.0,0.0
25572,216.0,284.0,0.0
25573,141.0,375.0,0.0
25574,56.0,494.0,0.0
25575,153.0,478.0,0.0
25576,148.0,497.0,0.0
25577,154.0,393.0,0.0
25578,177.0,101.0,0.0
25579,265.0,434.0,0.0
25580,150.0,66.0,0.0
25581,140.0,471.0,0.0
25582,88.0,437.0,0.0
25583,50.0,52.0,0.0
25584,27.0,486.0,0.0
25585,245.0,570.0,0.0
25586,134.0,190.0,0.0
25587,72.0,295.0,0.0
25588,181.0,537.0,0.0
25589,80.0,22.0,0.0
25590,82.0,547.0,0.0
25591,135.0,481.0,0.0
25592,77.0,429.0,0.0
25593,28.0,485.0,0.0
25594,110.0,439.0,0.0
25595,126.0,60.0,0.0
25596,267.0,354.0,0.0
25597,180.0,541.0,0.0
25598,235.0,13.0,0.0
25599,11.0,525.0,0.0
25600,163.0,262.0,0.0
25601,82.0,534.0,0.0
25602,206.0,152.0,0.0
25603,135.0,365.0,0.0
25604,92.0,492.0,0.0
25605,92.0,537.0,0.0
25606,19.0,79.0,0.0
25607,113.0,344.0,0.0
25608,249.0,169.0,0.0
25609,195.0,551.0,0.0
25610,160.0,313.0,0.0
25611,213.0,547.0,0.0
25612,13.0,353.0,0.0
25613,56.0,299.0,0.0
25614,40.0,458.0,0.0
25615,78.0,227.0,0.0
25616,40.0,560.0,0.0
25617,41.0,565.0,0.0
25618,117.0,254.0,0.0
25619,203.0,83.0,0.0
25620,129.0,483.0,0.0
25621,122.0,23.0,0.0
25622,48.0,590.0,0.0
25623,104.0,170.0,0.0
25624,118.0,426.0,0.0
25625,72.0,350.0,0.0
25626,149.0,434.0,0.0
25627,263.0,187.0,0.0
25628,4.0,2.0,0.0
25629,110.0,232.0,0.0
25630,190.0,469.0,0.0
25631,83.0,32.0,0.0
25632,243.0,263.0,0.0
25633,191.0,474.0,0.0
25634,113.0,334.0,0.0
25635,139.0,259.0,0.0
25636,182.0,152.0,0.0
25637,27.0,79.0,0.0
25638,14.0,47.0,0.0
25639,247.0,373.0,0.0
25640,32.0,164.0,0.0
25641,21.0,557.0,0.0
25642,187.0,168.0,0.0
25643,2.0,335.0,0.0
25644,106.0,89.0,0.0
25645,183.0,161.0,0.0
25646,42.0,104.0,0.0
25647,63.0,442.0,0.0
25648,199.0,246.0,0.0
25649,225.0,197.0,0.0
25650,89.0,527.0,0.0
25651,22.0,232.0,0.0
25652,99.0,196.0,0.0
25653,93.0,20.0,0.0
25654,56.0,595.0,0.0
25655,83.0,80.0,0.0
25656,225.0,176.0,0.0
25657,6.0,345.0,0.0
25658,45.0,300.0,0.0
25659,163.0,403.0,0.0
25660,110.0,340.0,0.0
25661,119.0,560.0,0.0
25662,128.0,533.0,0.0
25663,188.0,506.0,0.0
25664,80.0,131.0,0.0
25665,113.0,273.0,0.0
25666,80.0,4.0,0.0
25667,142.0,111.0,0.0
25668,105.0,564.0,0.0
25669,42.0,420.0,0.0
25670,141.0,46.0,0.0
25671,263.0,336.0,0.0
25672,71.0,168.0,0.0
25673,138.0,314.0,0.0
25674,110.0,34.0,0.0
25675,62.0,415.0,0.0
25676,253.0,223.0,0.0
25677,68.0,140.0,0.0
25678,134.0,51.0,0.0
25679,236.0,404.0,0.0
25680,72.0,551.0,0.0
25681,176.0,413.0,0.0
25682,77.0,570.0,0.0
25683,96.0,63.0,0.0
25684,98.0,574.0,0.0
25685,24.0,535.0,0.0
25686,163.0,575.0,0.0
25687,192.0,263.0,0.0
25688,184.0,249.0,0.0
25689,109.0,377.0,0.0
25690,204.0,136.0,0.0
25691,163.0,158.0,0.0
25692,88.0,243.0,0.0
25693,89.0,41.0,0.0
25694,267.0,223.0,0.0
25695,144.0,421.0,0.0
25696,56.0,375.0,0.0
25697,135.0,475.0,0.0
25698,132.0,366.0,0.0
25699,155.0,429.0,0.0
25700,80.0,223.0,0.0
25701,144.0,545.0,0.0
25702,50.0,580.0,0.0
25703,18.0,137.0,0.0
25704,216.0,100.0,0.0
25705,41.0,422.0,0.0
25706,55.0,483.0,0.0
25707,137.0,185.0,0.0
25708,118.0,533.0,0.0
25709,201.0,275.0,0.0
25710,233.0,347.0,0.0
25711,62.0,352.0,0.0
25712,110.0,312.0,0.0
25713,99.0,591.0,0.0
25714,28.0,188.0,0.0
25715,241.0,332.0,0.0
25716,144.0,253.0,0.0
25717,260.0,297.0,0.0
25718,88.0,450.0,0.0
25719,217.0,29.0,0.0
25720,122.0,587.0,0.0
25721,228.0,371.0,0.0
25722,266.0,346.0,0.0
25723,4.0,186.0,0.0
25724,38.0,273.0,0.0
25725,17.0,183.0,0.0
25726,95.0,88.0,0.0
25727,188.0,221.0,0.0
25728,263.0,164.0,0.0
25729,100.0,108.0,0.0
25730,229.0,463.0,0.0
25731,173.0,528.0,0.0
25732,204.0,498.0,0.0
25733,124.0,18.0,0.0
25734,227.0,595.0,0.0
25735,187.0,280.0,0.0
25736,120.0,214.0,0.0
25737,145.0,389.0,0.0
25738,249.0,17.0,0.0
25739,119.0,425.0,0.0
25740,134.0,229.0,0.0
25741,248.0,550.0,0.0
25742,198.0,223.0,0.0
25743,231.0,443.0,0.0
25744,238.0,269.0,0.0
25745,222.0,258.0,0.0
25746,23.0,268.0,0.0
25747,156.0,488.0,0.0
25748,204.0,111.0,0.0
25749,227.0,461.0,0.0
25750,77.0,108.0,0.0
25751,106.0,412.0,0.0
25752,233.0,527.0,0.0
25753,79.0,275.0,0.0
25754,57.0,241.0,0.0
25755,13.0,181.0,0.0
25756,31.0,550.0,0.0
25757,67.0,381.0,0.0
25758,136.0,452.0,0.0
25759,186.0,411.0,0.0
25760,41.0,61.0,0.0
25761,151.0,530.0,0.0
25762,77.0,574.0,0.0
25763,122.0,174.0,0.0
25764,260.0,279.0,0.0
25765,250.0,486.0,0.0
25766,30.0,331.0,0.0
25767,198.0,176.0,0.0
25768,229.0,484.0,0.0
25769,237.0,15.0,0.0
25770,78.0,463.0,0.0
25771,240.0,128.0,0.0
25772,68.0,469.0,0.0
25773,77.0,109.0,0.0
25774,216.0,544.0,0.0
25775,193.0,193.0,0.0
25776,139.0,501.0,0.0
25777,223.0,242.0,0.0
25778,209.0,158.0,0.0
25779,252.0,416.0,0.0
25780,251.0,365.0,0.0
25781,213.0,325.0,0.0
25782,43.0,586.0,0.0
25783,221.0,36.0,0.0
25784,186.0,523.0,0.0
25785,46.0,204.0,0.0
25786,19.0,116.0,0.0
25787,38.0,256.0,0.0
25788,199.0,58.0,0.0
25789,145.0,511.0,0.0
25790,266.0,577.0,0.0
25791,107.0,500.0,0.0
25792,59.0,328.0,0.0
25793,15.0,503.0,0.0
25794,249.0,355.0,0.0
25795,194.0,594.0,0.0
25796,149.0,396.0,0.0
25797,195.0,418.0,0.0
25798,104.0,535.0,0.0
25799,84.0,529.0,0.0
25800,105.0,189.0,0.0
25801,112.0,519.0,0.0
25802,86.0,552.0,0.0
25803,60.0,2.0,0.0
25804,19.0,234.0,0.0
25805,210.0,310.0,0.0
25806,246.0,440.0,0.0
25807,86.0,244.0,0.0
25808,215.0,527.0,0.0
25809,54.0,406.0,0.0
25810,180.0,176.0,0.0
25811,37.0,265.0,0.0
25812,235.0,182.0,0.0
25813,139.0,26.0,0.0
25814,61.0,408.0,0.0
25815,164.0,108.0,0.0
25816,218.0,33.0,0.0
25817,197.0,99.0,0.0
25818,141.0,543.0,0.0
25819,168.0,511.0,0.0
25820,52.0,240.0,0.0
25821,71.0,203.0,0.0
25822,52.0,542.0,0.0
25823,106.0,75.0,0.0
25824,92.0,176.0,0.0
25825,88.0,436.0,0.0
25826,72.0,114.0,0.0
25827,3.0,102.0,0.0
25828,256.0,535.0,0.0
25829,200.0,131.0,0.0
25830,119.0,475.0,0.0
25831,96.0,183.0,0.0
25832,144.0,151.0,0.0
25833,184.0,467.0,0.0
25834,29.0,341.0,0.0
25835,155.0,41.0,0.0
25836,264.0,538.0,0.0
25837,158.0,523.0,0.0
25838,140.0,203.0,0.0
25839,9.0,186.0,0.0
25840,105.0,595.0,0.0
25841,220.0,298.0,0.0
25842,78.0,176.0,0.0
25843,26.0,233.0,0.0
25844,243.0,477.0,0.0
25845,44.0,561.0,0.0
25846,2.0,160.0,0.0
25847,72.0,16.0,0.0
25848,45.0,532.0,0.0
25849,100.0,393.0,0.0
25850,110.0,323.0,0.0
25851,228.0,533.0,0.0
25852,60.0,520.0,0.0
25853,74.0,274.0,0.0
25854,182.0,465.0,0.0
25855,23.0,358.0,0.0
25856,113.0,380.0,0.0
25857,207.0,284.0,0.0
25858,230.0,148.0,0.0
25859,74.0,567.0,0.0
25860,225.0,538.0,0.0
25861,204.0,301.0,0.0
25862,6.0,485.0,0.0
25863,29.0,549.0,0.0
25864,99.0,469.0,0.0
25865,58.0,100.0,0.0
25866,195.0,72.0,0.0
25867,118.0,341.0,0.0
25868,181.0,261.0,0.0
25869,157.0,272.0,0.0
25870,30.0,582.0,0.0
25871,2.0,517.0,0.0
25872,253.0,252.0,0.0
25873,121.0,299.0,0.0
25874,55.0,111.0,0.0
25875,99.0,139.0,0.0
25876,45.0,403.0,0.0
25877,75.0,384.0,0.0
25878,240.0,484.0,0.0
25879,148.0,221.0,0.0
25880,212.0,77.0,0.0
25881,217.0,369.0,0.0
25882,156.0,564.0,0.0
25883,93.0,149.0,0.0
25884,60.0,570.0,0.0
25885,67.0,13.0,0.0
25886,235.0,490.0,0.0
25887,124.0,132.0,0.0
25888,135.0,254.0,0.0
25889,218.0,104.0,0.0
25890,19.0,41.0,0.0
25891,251.0,211.0,0.0
25892,33.0,412.0,0.0
25893,223.0,383.0,0.0
25894,233.0,41.0,0.0
25895,225.0,331.0,0.0
25896,226.0,389.0,0.0
25897,30.0,502.0,0.0
25898,263.0,497.0,0.0
25899,225.0,303.0,0.0
25900,209.0,464.0,0.0
25901,72.0,357.0,0.0
25902,213.0,312.0,0.0
25903,183.0,152.0,0.0
25904,195.0,445.0,0.0
25905,253.0,180.0,0.0
25906,243.0,244.0,0.0
25907,7.0,507.0,0.0
25908,152.0,287.0,0.0
25909,102.0,378.0,0.0
25910,203.0,86.0,0.0
25911,57.0,204.0,0.0
25912,89.0,285.0,0.0
25913,16.0,292.0,0.0
25914,20.0,311.0,0.0
25915,107.0,541.0,0.0
25916,176.0,298.0,0.0
25917,173.0,156.0,0.0
25918,233.0,432.0,0.0
25919,161.0,373.0,0.0
25920,191.0,397.0,0.0
25921,22.0,20.0,0.0
25922,242.0,350.0,0.0
25923,60.0,517.0,0.0
25924,266.0,440.0,0.0
25925,234.0,194.0,0.0
25926,74.0,268.0,0.0
25927,217.0,140.0,0.0
25928,256.0,498.0,0.0
25929,113.0,404.0,0.0
25930,266.0,9.0,0.0
25931,177.0,138.0,0.0
25932,74.0,373.0,0.0
25933,54.0,381.0,0.0
25934,67.0,451.0,0.0
25935,267.0,314.0,0.0
25936,40.0,82.0,0.0
25937,26.0,324.0,0.0
25938,161.0,223.0,0.0
25939,258.0,57.0,0.0
25940,118.0,87.0,0.0
25941,186.0,414.0,0.0
25942,47.0,8.0,0.0
25943,2.0,267.0,0.0
25944,103.0,591.0,0.0
25945,245.0,120.0,0.0
25946,219.0,546.0,0.0
25947,137.0,259.0,0.0
25948,97.0,44.0,0.0
25949,165.0,491.0,0.0
25950,160.0,167.0,0.0
25951,157.0,248.0,0.0
25952,117.0,488.0,0.0
25953,61.0,188.0,0.0
25954,245.0,579.0,0.0
25955,28.0,420.0,0.0
25956,47.0,86.0,0.0
25957,6.0,532.0,0.0
25958,226.0,555.0,0.0
25959,249.0,100.0,0.0
25960,65.0,295.0,0.0
25961,13.0,393.0,0.0
25962,34.0,390.0,0.0
25963,124.0,428.0,0.0
25964,186.0,517.0,0.0
25965,158.0,490.0,0.0
25966,119.0,31.0,0.0
25967,41.0,494.0,0.0
25968,176.0,162.0,0.0
25969,110.0,251.0,0.0
25970,155.0,195.0,0.0
25971,118.0,301.0,0.0
25972,130.0,137.0,0.0
25973,162.0,86.0,0.0
25974,0.0,415.0,0.0
25975,75.0,482.0,0.0
25976,198.0,228.0,0.0
25977,195.0,326.0,0.0
25978,260.0,563.0,0.0
25979,177.0,524.0,0.0
25980,2.0,497.0,0.0
25981,224.0,413.0,0.0
25982,219.0,254.0,0.0
25983,143.0,129.0,0.0
25984,86.0,319.0,0.0
25985,236.0,270.0,0.0
25986,224.0,490.0,0.0
25987,227.0,142.0,0.0
25988,248.0,288.0,0.0
25989,161.0,0.0,0.0
25990,22.0,165.0,0.0
25991,268.0,421.0,0.0
25992,65.0,181.0,0.0
25993,159.0,262.0,0.0
25994,82.0,531.0,0.0
25995,0.0,380.0,0.0
25996,247.0,221.0,0.0
25997,116.0,192.0,0.0
25998,131.0,595.0,0.0
25999,225.0,322.0,0.0
26000,238.0,505.0,0.0
26001,204.0,51.0,0.0
26002,231.0,253.0,0.0
26003,62.0,230.0,0.0
26004,65.0,312.0,0.0
26005,5.0,352.0,0.0
26006,65.0,74.0,0.0
26007,54.0,597.0,0.0
26008,102.0,179.0,0.0
26009,189.0,72.0,0.0
26010,50.0,394.0,0.0
26011,211.0,141.0,0.0
26012,119.0,22.0,0.0
26013,199.0,150.0,0.0
26014,91.0,116.0,0.0
26015,208.0,493.0,0.0
26016,143.0,96.0,0.0
26017,120.0,236.0,0.0
26018,114.0,531.0,0.0
26019,99.0,136.0,0.0
26020,176.0,124.0,0.0
26021,63.0,244.0,0.0
26022,83.0,223.0,0.0
26023,214.0,7.0,0.0
26024,250.0,562.0,0.0
26025,73.0,137.0,0.0
26026,212.0,57.0,0.0
26027,123.0,560.0,0.0
26028,128.0,84.0,0.0
26029,155.0,321.0,0.0
26030,11.0,115.0,0.0
26031,167.0,180.0,0.0
26032,70.0,563.0,0.0
26033,144.0,584.0,0.0
26034,146.0,477.0,0.0
26035,236.0,520.0,0.0
26036,31.0,301.0,0.0
26037,225.0,537.0,0.0
26038,151.0,486.0,0.0
26039,127.0,432.0,0.0
26040,118.0,131.0,0.0
26041,205.0,438.0,0.0
26042,117.0,313.0,0.0
26043,25.0,594.0,0.0
26044,168.0,589.0,0.0
26045,228.0,532.0,0.0
26046,253.0,513.0,0.0
26047,133.0,109.0,0.0
26048,13.0,99.0,0.0
26049,169.0,523.0,0.0
26050,88.0,126.0,0.0
26051,205.0,303.0,0.0
26052,134.0,174.0,0.0
26053,253.0,127.0,0.0
26054,97.0,86.0,0.0
26055,95.0,188.0,0.0
26056,20.0,339.0,0.0
26057,232.0,559.0,0.0
26058,91.0,283.0,0.0
26059,182.0,386.0,0.0
26060,238.0,184.0,0.0
26061,252.0,103.0,0.0
26062,64.0,571.0,0.0
26063,152.0,373.0,0.0
26064,232.0,473.0,0.0
26065,123.0,550.0,0.0
26066,123.0,500.0,0.0
26067,267.0,70.0,0.0
26068,170.0,25.0,0.0
26069,73.0,422.0,0.0
26070,93.0,576.0,0.0
26071,85.0,173.0,0.0
26072,249.0,246.0,0.0
26073,206.0,561.0,0.0
26074,42.0,98.0,0.0
26075,155.0,108.0,0.0
26076,110.0,531.0,0.0
26077,35.0,354.0,0.0
26078,155.0,90.0,0.0
26079,140.0,426.0,0.0
26080,85.0,267.0,0.0
26081,252.0,285.0,0.0
26082,41.0,170.0,0.0
26083,163.0,40.0,0.0
26084,67.0,403.0,0.0
26085,131.0,329.0,0.0
26086,135.0,312.0,0.0
26087,154.0,494.0,0.0
26088,158.0,0.0,0.0
26089,152.0,239.0,0.0
26090,238.0,271.0,0.0
26091,89.0,444.0,0.0
26092,254.0,384.0,0.0
26093,134.0,521.0,0.0
26094,133.0,145.0,0.0
26095,70.0,303.0,0.0
26096,157.0,290.0,0.0
26097,227.0,554.0,0.0
26098,155.0,37.0,0.0
26099,101.0,103.0,0.0
26100,72.0,379.0,0.0
26101,60.0,179.0,0.0
26102,214.0,318.0,0.0
26103,261.0,440.0,0.0
26104,118.0,451.0,0.0
26105,52.0,475.0,0.0
26106,1.0,293.0,0.0
26107,206.0,565.0,0.0
26108,40.0,446.0,0.0
26109,110.0,429.0,0.0
26110,24.0,292.0,0.0
26111,187.0,62.0,0.0
26112,248.0,377.0,0.0
26113,154.0,350.0,0.0
26114,41.0,196.0,0.0
26115,240.0,261.0,0.0
26116,29.0,447.0,0.0
26117,50.0,526.0,0.0
26118,79.0,495.0,0.0
26119,22.0,435.0,0.0
26120,161.0,249.0,0.0
26121,234.0,505.0,0.0
26122,110.0,121.0,0.0
26123,35.0,279.0,0.0
26124,151.0,155.0,0.0
26125,230.0,293.0,0.0
26126,14.0,80.0,0.0
26127,236.0,531.0,0.0
26128,50.0,337.0,0.0
26129,133.0,475.0,0.0
26130,192.0,335.0,0.0
26131,27.0,457.0,0.0
26132,133.0,364.0,0.0
26133,175.0,278.0,0.0
26134,40.0,169.0,0.0
26135,227.0,167.0,0.0
26136,142.0,494.0,0.0
26137,267.0,560.0,0.0
26138,101.0,460.0,0.0
26139,256.0,573.0,0.0
26140,138.0,584.0,0.0
26141,7.0,244.0,0.0
26142,178.0,552.0,0.0
26143,6.0,10.0,0.0
26144,164.0,409.0,0.0
26145,146.0,148.0,0.0
26146,256.0,276.0,0.0
26147,166.0,246.0,0.0
26148,258.0,172.0,0.0
26149,257.0,577.0,0.0
26150,250.0,56.0,0.0
26151,262.0,405.0,0.0
26152,80.0,403.0,0.0
26153,23.0,177.0,0.0
26154,138.0,388.0,0.0
26155,234.0,347.0,0.0
26156,88.0,360.0,0.0
26157,63.0,366.0,0.0
26158,247.0,338.0,0.0
26159,78.0,514.0,0.0
26160,8.0,186.0,0.0
26161,42.0,460.0,0.0
26162,192.0,370.0,0.0
26163,9.0,329.0,0.0
26164,101.0,167.0,0.0
26165,50.0,319.0,0.0
26166,5.0,92.0,0.0
26167,37.0,555.0,0.0
26168,184.0,383.0,0.0
26169,261.0,212.0,0.0
26170,47.0,14.0,0.0
26171,123.0,595.0,0.0
26172,184.0,185.0,0.0
26173,210.0,244.0,0.0
26174,19.0,1.0,0.0
26175,65.0,521.0,0.0
26176,198.0,312.0,0.0
26177,71.0,384.0,0.0
26178,246.0,372.0,0.0
26179,86.0,120.0,0.0
26180,143.0,173.0,0.0
26181,108.0,443.0,0.0
26182,102.0,156.0,0.0
26183,218.0,557.0,0.0
26184,30.0,6.0,0.0
26185,145.0,142.0,0.0
26186,162.0,183.0,0.0
26187,127.0,341.0,0.0
26188,190.0,532.0,0.0
26189,196.0,361.0,0.0
26190,134.0,73.0,0.0
26191,8.0,552.0,0.0
26192,180.0,353.0,0.0
26193,199.0,490.0,0.0
26194,146.0,413.0,0.0
26195,146.0,86.0,0.0
26196,163.0,309.0,0.0
26197,232.0,552.0,0.0
26198,246.0,408.0,0.0
26199,66.0,422.0,0.0
26200,142.0,368.0,0.0
26201,243.0,374.0,0.0
26202,142.0,431.0,0.0
26203,233.0,468.0,0.0
26204,255.0,425.0,0.0
26205,42.0,448.0,0.0
26206,130.0,42.0,0.0
26207,183.0,578.0,0.0
26208,245.0,294.0,0.0
26209,4.0,467.0,0.0
26210,156.0,67.0,0.0
26211,31.0,203.0,0.0
26212,161.0,571.0,0.0
26213,22.0,511.0,0.0
26214,120.0,431.0,0.0
26215,68.0,312.0,0.0
26216,224.0,318.0,0.0
26217,216.0,435.0,0.0
26218,140.0,362.0,0.0
26219,108.0,577.0,0.0
26220,13.0,415.0,0.0
26221,90.0,579.0,0.0
26222,205.0,352.0,0.0
26223,262.0,185.0,0.0
26224,222.0,581.0,0.0
26225,133.0,93.0,0.0
26226,259.0,136.0,0.0
26227,38.0,487.0,0.0
26228,67.0,56.0,0.0
26229,25.0,324.0,0.0
26230,99.0,338.0,0.0
26231,31.0,172.0,0.0
26232,72.0,125.0,0.0
26233,227.0,406.0,0.0
26234,169.0,481.0,0.0
26235,142.0,21.0,0.0
26236,221.0,112.0,0.0
26237,201.0,518.0,0.0
26238,176.0,325.0,0.0
26239,18.0,316.0,0.0
26240,7.0,578.0,0.0
26241,97.0,257.0,0.0
26242,266.0,166.0,0.0
26243,108.0,471.0,0.0
26244,124.0,301.0,0.0
26245,186.0,140.0,0.0
26246,193.0,572.0,0.0
26247,134.0,266.0,0.0
26248,108.0,155.0,0.0
26249,249.0,187.0,0.0
26250,241.0,591.0,0.0
26251,12.0,335.0,0.0
26252,112.0,83.0,0.0
26253,88.0,155.0,0.0
26254,134.0,76.0,0.0
26255,220.0,247.0,0.0
26256,27.0,65.0,0.0
26257,152.0,112.0,0.0
26258,97.0,27.0,0.0
26259,221.0,115.0,0.0
26260,211.0,63.0,0.0
26261,137.0,101.0,0.0
26262,60.0,347.0,0.0
26263,173.0,424.0,0.0
26264,246.0,575.0,0.0
26265,152.0,149.0,0.0
26266,195.0,34.0,0.0
26267,173.0,301.0,0.0
26268,84.0,578.0,0.0
26269,37.0,308.0,0.0
26270,66.0,337.0,0.0
26271,214.0,37.0,0.0
26272,235.0,587.0,0.0
26273,251.0,117.0,0.0
26274,185.0,589.0,0.0
26275,29.0,350.0,0.0
26276,16.0,568.0,0.0
26277,8.0,313.0,0.0
26278,238.0,309.0,0.0
26279,22.0,334.0,0.0
26280,249.0,304.0,0.0
26281,102.0,331.0,0.0
26282,13.0,66.0,0.0
26283,172.0,342.0,0.0
26284,12.0,150.0,0.0
26285,178.0,314.0,0.0
26286,85.0,437.0,0.0
26287,143.0,215.0,0.0
26288,221.0,565.0,0.0
26289,200.0,124.0,0.0
26290,0.0,195.0,0.0
26291,149.0,237.0,0.0
26292,260.0,541.0,0.0
26293,198.0,474.0,0.0
26294,121.0,358.0,0.0
26295,209.0,46.0,0.0
26296,125.0,533.0,0.0
26297,68.0,278.0,0.0
26298,218.0,432.0,0.0
26299,27.0,7.0,0.0
26300,30.0,233.0,0.0
26301,250.0,159.0,0.0
26302,194.0,150.0,0.0
26303,182.0,171.0,0.0
26304,149.0,582.0,0.0
26305,126.0,36.0,0.0
26306,32.0,457.0,0.0
26307,183.0,577.0,0.0
26308,77.0,501.0,0.0
26309,243.0,506.0,0.0
26310,222.0,20.0,0.0
26311,262.0,14.0,0.0
26312,219.0,303.0,0.0
26313,51.0,65.0,0.0
26314,110.0,249.0,0.0
26315,35.0,306.0,0.0
26316,161.0,73.0,0.0
26317,111.0,393.0,0.0
26318,222.0,49.0,0.0
26319,199.0,276.0,0.0
26320,5.0,343.0,0.0
26321,204.0,261.0,0.0
26322,42.0,434.0,0.0
26323,169.0,287.0,0.0
26324,19.0,51.0,0.0
26325,184.0,16.0,0.0
26326,59.0,318.0,0.0
26327,78.0,9.0,0.0
26328,109.0,70.0,0.0
26329,57.0,568.0,0.0
26330,133.0,520.0,0.0
26331,221.0,593.0,0.0
26332,222.0,112.0,0.0
26333,240.0,81.0,0.0
26334,87.0,327.0,0.0
26335,78.0,442.0,0.0
26336,10.0,471.0,0.0
26337,106.0,435.0,0.0
26338,4.0,381.0,0.0
26339,52.0,276.0,0.0
26340,196.0,211.0,0.0
26341,18.0,104.0,0.0
26342,112.0,251.0,0.0
26343,30.0,492.0,0.0
26344,119.0,488.0,0.0
26345,85.0,483.0,0.0
26346,95.0,449.0,0.0
26347,242.0,461.0,0.0
26348,117.0,344.0,0.0
26349,95.0,43.0,0.0
26350,110.0,223.0,0.0
26351,268.0,236.0,0.0
26352,113.0,526.0,0.0
26353,259.0,230.0,0.0
26354,266.0,292.0,0.0
26355,75.0,275.0,0.0
26356,221.0,286.0,0.0
26357,153.0,318.0,0.0
26358,59.0,77.0,0.0
26359,235.0,327.0,0.0
26360,192.0,434.0,0.0
26361,44.0,169.0,0.0
26362,187.0,544.0,0.0
26363,263.0,434.0,0.0
26364,151.0,504.0,0.0
26365,115.0,370.0,0.0
26366,164.0,381.0,0.0
26367,150.0,207.0,0.0
26368,68.0,408.0,0.0
26369,1.0,559.0,0.0
26370,19.0,77.0,0.0
26371,186.0,542.0,0.0
26372,194.0,449.0,0.0
26373,204.0,265.0,0.0
26374,85.0,141.0,0.0
26375,236.0,187.0,0.0
26376,75.0,126.0,0.0
26377,225.0,323.0,0.0
26378,202.0,49.0,0.0
26379,255.0,24.0,0.0
26380,205.0,348.0,0.0
26381,190.0,356.0,0.0
26382,109.0,542.0,0.0
26383,183.0,254.0,0.0
26384,239.0,134.0,0.0
26385,83.0,199.0,0.0
26386,62.0,311.0,0.0
26387,61.0,236.0,0.0
26388,129.0,359.0,0.0
26389,246.0,580.0,0.0
26390,252.0,187.0,0.0
26391,57.0,433.0,0.0
26392,201.0,511.0,0.0
26393,84.0,482.0,0.0
26394,79.0,43.0,0.0
26395,123.0,29.0,0.0
26396,89.0,25.0,0.0
26397,87.0,315.0,0.0
26398,29.0,113.0,0.0
26399,15.0,209.0,0.0
26400,203.0,84.0,0.0
26401,113.0,96.0,0.0
26402,109.0,494.0,0.0
26403,9.0,365.0,0.0
26404,157.0,504.0,0.0
26405,213.0,243.0,0.0
26406,106.0,290.0,0.0
26407,150.0,146.0,0.0
26408,204.0,226.0,0.0
26409,182.0,14.0,0.0
26410,101.0,583.0,0.0
26411,217.0,109.0,0.0
26412,29.0,433.0,0.0
26413,159.0,342.0,0.0
26414,191.0,497.0,0.0
26415,161.0,560.0,0.0
26416,195.0,570.0,0.0
26417,232.0,455.0,0.0
26418,152.0,469.0,0.0
26419,201.0,476.0,0.0
26420,232.0,284.0,0.0
26421,142.0,510.0,0.0
26422,50.0,195.0,0.0
26423,99.0,519.0,0.0
26424,242.0,527.0,0.0
26425,203.0,216.0,0.0
26426,143.0,95.0,0.0
26427,48.0,20.0,0.0
26428,72.0,436.0,0.0
26429,99.0,263.0,0.0
26430,170.0,138.0,0.0
26431,41.0,307.0,0.0
26432,241.0,506.0,0.0
26433,3.0,554.0,0.0
26434,128.0,460.0,0.0
26435,190.0,113.0,0.0
26436,197.0,152.0,0.0
26437,150.0,278.0,0.0
26438,138.0,165.0,0.0
26439,25.0,465.0,0.0
26440,8.0,159.0,0.0
26441,136.0,572.0,0.0
26442,251.0,205.0,0.0
26443,139.0,78.0,0.0
26444,77.0,360.0,0.0
26445,65.0,233.0,0.0
26446,234.0,463.0,0.0
26447,15.0,73.0,0.0
26448,44.0,273.0,0.0
26449,77.0,440.0,0.0
26450,68.0,491.0,0.0
26451,143.0,568.0,0.0
26452,140.0,156.0,0.0
26453,20.0,542.0,0.0
26454,165.0,443.0,0.0
26455,22.0,577.0,0.0
26456,106.0,527.0,0.0
26457,13.0,572.0,0.0
26458,65.0,428.0,0.0
26459,251.0,565.0,0.0
26460,62.0,283.0,0.0
26461,147.0,445.0,0.0
26462,110.0,48.0,0.0
26463,25.0,137.0,0.0
26464,222.0,13.0,0.0
26465,143.0,442.0,0.0
26466,249.0,286.0,0.0
26467,65.0,178.0,0.0
26468,22.0,191.0,0.0
26469,167.0,3.0,0.0
26470,234.0,189.0,0.0
26471,191.0,490.0,0.0
26472,167.0,303.0,0.0
26473,189.0,199.0,0.0
26474,42.0,274.0,0.0
26475,134.0,286.0,0.0
26476,207.0,523.0,0.0
26477,96.0,569.0,0.0
26478,69.0,74.0,0.0
26479,213.0,1.0,0.0
26480,123.0,557.0,0.0
26481,34.0,65.0,0.0
26482,249.0,67.0,0.0
26483,7.0,505.0,0.0
26484,37.0,542.0,0.0
26485,258.0,366.0,0.0
26486,1.0,269.0,0.0
26487,11.0,338.0,0.0
26488,31.0,19.0,0.0
26489,94.0,42.0,0.0
26490,242.0,237.0,0.0
26491,263.0,388.0,0.0
26492,75.0,391.0,0.0
26493,246.0,146.0,0.0
26494,91.0,108.0,0.0
26495,157.0,556.0,0.0
26496,259.0,246.0,0.0
26497,35.0,263.0,0.0
26498,220.0,221.0,0.0
26499,61.0,244.0,0.0
26500,139.0,212.0,0.0
26501,137.0,556.0,0.0
26502,209.0,239.0,0.0
26503,62.0,385.0,0.0
26504,116.0,201.0,0.0
26505,156.0,499.0,0.0
26506,12.0,89.0,0.0
26507,131.0,491.0,0.0
26508,217.0,262.0,0.0
26509,221.0,1.0,0.0
26510,161.0,206.0,0.0
26511,234.0,300.0,0.0
26512,211.0,511.0,0.0
26513,59.0,239.0,0.0
26514,19.0,28.0,0.0
26515,168.0,199.0,0.0
26516,134.0,383.0,0.0
26517,247.0,580.0,0.0
26518,20.0,46.0,0.0
26519,200.0,99.0,0.0
26520,26.0,67.0,0.0
26521,75.0,189.0,0.0
26522,14.0,166.0,0.0
26523,79.0,113.0,0.0
26524,261.0,304.0,0.0
26525,134.0,95.0,0.0
26526,237.0,381.0,0.0
26527,219.0,490.0,0.0
26528,38.0,339.0,0.0
26529,210.0,290.0,0.0
26530,145.0,34.0,0.0
26531,148.0,166.0,0.0
26532,23.0,463.0,0.0
26533,237.0,511.0,0.0
26534,247.0,554.0,0.0
26535,209.0,151.0,0.0
26536,238.0,439.0,0.0
26537,133.0,114.0,0.0
26538,163.0,367.0,0.0
26539,75.0,408.0,0.0
26540,56.0,404.0,0.0
26541,267.0,37.0,0.0
26542,212.0,458.0,0.0
26543,240.0,98.0,0.0
26544,0.0,480.0,0.0
26545,151.0,401.0,0.0
26546,254.0,507.0,0.0
26547,16.0,442.0,0.0
26548,240.0,280.0,0.0
26549,31.0,564.0,0.0
26550,204.0,184.0,0.0
26551,256.0,452.0,0.0
26552,216.0,37.0,0.0
26553,86.0,548.0,0.0
26554,71.0,297.0,0.0
26555,28.0,213.0,0.0
26556,25.0,436.0,0.0
26557,170.0,183.0,0.0
26558,220.0,565.0,0.0
26559,193.0,550.0,0.0
26560,63.0,265.0,0.0
26561,105.0,443.0,0.0
26562,66.0,355.0,0.0
26563,250.0,76.0,0.0
26564,214.0,220.0,0.0
26565,256.0,437.0,0.0
26566,215.0,506.0,0.0
26567,185.0,63.0,0.0
26568,145.0,201.0,0.0
26569,254.0,73.0,0.0
26570,134.0,181.0,0.0
26571,72.0,151.0,0.0
26572,98.0,246.0,0.0
26573,15.0,441.0,0.0
26574,209.0,152.0,0.0
26575,65.0,450.0,0.0
26576,157.0,595.0,0.0
26577,229.0,15.0,0.0
26578,220.0,421.0,0.0
26579,256.0,512.0,0.0
26580,18.0,467.0,0.0
26581,9.0,513.0,0.0
26582,166.0,597.0,0.0
26583,174.0,224.0,0.0
26584,222.0,406.0,0.0
26585,41.0,190.0,0.0
26586,139.0,567.0,0.0
26587,256.0,43.0,0.0
26588,0.0,274.0,0.0
26589,135.0,291.0,0.0
26590,157.0,160.0,0.0
26591,110.0,472.0,0.0
26592,238.0,287.0,0.0
26593,47.0,83.0,0.0
26594,154.0,184.0,0.0
26595,228.0,269.0,0.0
26596,65.0,526.0,0.0
26597,145.0,33.0,0.0
26598,243.0,310.0,0.0
26599,166.0,66.0,0.0
26600,42.0,478.0,0.0
26601,29.0,557.0,0.0
26602,70.0,444.0,0.0
26603,212.0,147.0,0.0
26604,128.0,542.0,0.0
26605,47.0,51.0,0.0
26606,181.0,535.0,0.0
26607,208.0,261.0,0.0
26608,8.0,158.0,0.0
26609,202.0,193.0,0.0
26610,99.0,293.0,0.0
26611,118.0,544.0,0.0
26612,138.0,277.0,0.0
26613,88.0,167.0,0.0
26614,230.0,568.0,0.0
26615,0.0,558.0,0.0
26616,29.0,123.0,0.0
26617,197.0,197.0,0.0
26618,203.0,549.0,0.0
26619,66.0,326.0,0.0
26620,237.0,320.0,0.0
26621,84.0,436.0,0.0
26622,138.0,74.0,0.0
26623,254.0,392.0,0.0
26624,213.0,310.0,0.0
26625,104.0,402.0,0.0
26626,75.0,480.0,0.0
26627,182.0,487.0,0.0
26628,22.0,61.0,0.0
26629,3.0,65.0,0.0
26630,52.0,269.0,0.0
26631,216.0,406.0,0.0
26632,130.0,78.0,0.0
26633,239.0,289.0,0.0
26634,43.0,379.0,0.0
26635,151.0,440.0,0.0
26636,241.0,486.0,0.0
26637,256.0,285.0,0.0
26638,16.0,320.0,0.0
26639,200.0,57.0,0.0
26640,241.0,558.0,0.0
26641,27.0,564.0,0.0
26642,211.0,375.0,0.0
26643,4.0,592.0,0.0
26644,2.0,210.0,0.0
26645,129.0,198.0,0.0
26646,141.0,270.0,0.0
26647,53.0,344.0,0.0
26648,103.0,67.0,0.0
26649,42.0,44.0,0.0
26650,41.0,52.0,0.0
26651,187.0,285.0,0.0
26652,230.0,554.0,0.0
26653,200.0,495.0,0.0
26654,3.0,46.0,0.0
26655,1.0,364.0,0.0
26656,177.0,27.0,0.0
26657,39.0,143.0,0.0
26658,185.0,14.0,0.0
26659,174.0,90.0,0.0
26660,184.0,589.0,0.0
26661,72.0,458.0,0.0
26662,14.0,575.0,0.0
26663,129.0,345.0,0.0
26664,20.0,138.0,0.0
26665,177.0,577.0,0.0
26666,107.0,74.0,0.0
26667,47.0,319.0,0.0
26668,255.0,452.0,0.0
26669,217.0,163.0,0.0
26670,213.0,61.0,0.0
26671,131.0,131.0,0.0
26672,142.0,360.0,0.0
26673,195.0,105.0,0.0
26674,237.0,298.0,0.0
26675,205.0,583.0,0.0
26676,80.0,483.0,0.0
26677,192.0,465.0,0.0
26678,187.0,278.0,0.0
26679,34.0,344.0,0.0
26680,213.0,172.0,0.0
26681,103.0,190.0,0.0
26682,127.0,428.0,0.0
26683,156.0,166.0,0.0
26684,107.0,559.0,0.0
26685,240.0,33.0,0.0
26686,14.0,356.0,0.0
26687,7.0,131.0,0.0
26688,28.0,314.0,0.0
26689,250.0,555.0,0.0
26690,79.0,248.0,0.0
26691,181.0,534.0,0.0
26692,258.0,43.0,0.0
26693,146.0,398.0,0.0
26694,157.0,501.0,0.0
26695,193.0,488.0,0.0
26696,81.0,346.0,0.0
26697,96.0,154.0,0.0
26698,259.0,553.0,0.0
26699,213.0,254.0,0.0
26700,103.0,130.0,0.0
26701,193.0,534.0,0.0
26702,42.0,538.0,0.0
26703,265.0,366.0,0.0
26704,241.0,411.0,0.0
26705,145.0,225.0,0.0
26706,217.0,177.0,0.0
26707,246.0,68.0,0.0
26708,155.0,278.0,0.0
26709,120.0,119.0,0.0
26710,194.0,263.0,0.0
26711,213.0,86.0,0.0
26712,66.0,83.0,0.0
26713,185.0,44.0,0.0
26714,98.0,549.0,0.0
26715,221.0,124.0,0.0
26716,130.0,473.0,0.0
26717,244.0,233.0,0.0
26718,197.0,455.0,0.0
26719,215.0,78.0,0.0
26720,64.0,268.0,0.0
26721,1.0,231.0,0.0
26722,119.0,132.0,0.0
26723,65.0,459.0,0.0
26724,53.0,297.0,0.0
26725,40.0,61.0,0.0
26726,253.0,356.0,0.0
26727,65.0,531.0,0.0
26728,57.0,129.0,0.0
26729,59.0,595.0,0.0
26730,170.0,19.0,0.0
26731,14.0,65.0,0.0
26732,217.0,101.0,0.0
26733,142.0,181.0,0.0
26734,57.0,428.0,0.0
26735,71.0,432.0,0.0
26736,153.0,573.0,0.0
26737,145.0,562.0,0.0
26738,51.0,401.0,0.0
26739,9.0,449.0,0.0
26740,8.0,403.0,0.0
26741,30.0,181.0,0.0
26742,131.0,318.0,0.0
26743,33.0,577.0,0.0
26744,193.0,114.0,0.0
26745,251.0,264.0,0.0
26746,206.0,428.0,0.0
26747,249.0,2.0,0.0
26748,124.0,121.0,0.0
26749,198.0,170.0,0.0
26750,251.0,180.0,0.0
26751,2.0,164.0,0.0
26752,112.0,587.0,0.0
26753,10.0,558.0,0.0
26754,27.0,404.0,0.0
26755,16.0,92.0,0.0
26756,103.0,39.0,0.0
26757,232.0,536.0,0.0
26758,206.0,194.0,0.0
26759,235.0,11.0,0.0
26760,60.0,69.0,0.0
26761,183.0,371.0,0.0
26762,103.0,301.0,0.0
26763,76.0,203.0,0.0
26764,204.0,121.0,0.0
26765,210.0,581.0,0.0
26766,10.0,464.0,0.0
26767,44.0,211.0,0.0
26768,216.0,516.0,0.0
26769,152.0,425.0,0.0
26770,163.0,332.0,0.0
26771,151.0,426.0,0.0
26772,84.0,297.0,0.0
26773,7.0,329.0,0.0
26774,14.0,85.0,0.0
26775,154.0,87.0,0.0
26776,248.0,169.0,0.0
26777,71.0,313.0,0.0
26778,27.0,439.0,0.0
26779,33.0,580.0,0.0
26780,86.0,525.0,0.0
26781,165.0,72.0,0.0
26782,147.0,409.0,0.0
26783,150.0,426.0,0.0
26784,78.0,264.0,0.0
26785,173.0,529.0,0.0
26786,235.0,112.0,0.0
26787,150.0,522.0,0.0
26788,55.0,462.0,0.0
26789,44.0,519.0,0.0
26790,202.0,306.0,0.0
26791,175.0,79.0,0.0
26792,99.0,302.0,0.0
26793,54.0,144.0,0.0
26794,23.0,173.0,0.0
26795,179.0,283.0,0.0
26796,98.0,264.0,0.0
26797,231.0,307.0,0.0
26798,184.0,585.0,0.0
26799,140.0,42.0,0.0
26800,191.0,359.0,0.0
26801,157.0,520.0,0.0
26802,250.0,118.0,0.0
26803,101.0,370.0,0.0
26804,174.0,219.0,0.0
26805,68.0,202.0,0.0
26806,101.0,314.0,0.0
26807,135.0,226.0,0.0
26808,122.0,277.0,0.0
26809,210.0,407.0,0.0
26810,62.0,446.0,0.0
26811,126.0,480.0,0.0
26812,262.0,359.0,0.0
26813,254.0,284.0,0.0
26814,14.0,338.0,0.0
26815,176.0,307.0,0.0
26816,1.0,580.0,0.0
26817,124.0,321.0,0.0
26818,4.0,389.0,0.0
26819,219.0,515.0,0.0
26820,77.0,306.0,0.0
26821,103.0,462.0,0.0
26822,160.0,194.0,0.0
26823,109.0,302.0,0.0
26824,95.0,340.0,0.0
26825,134.0,121.0,0.0
26826,250.0,428.0,0.0
26827,243.0,116.0,0.0
26828,251.0,146.0,0.0
26829,45.0,432.0,0.0
26830,88.0,472.0,0.0
26831,105.0,53.0,0.0
26832,121.0,187.0,0.0
26833,86.0,581.0,0.0
26834,257.0,5.0,0.0
26835,111.0,516.0,0.0
26836,72.0,122.0,0.0
26837,17.0,162.0,0.0
26838,77.0,204.0,0.0
26839,1.0,495.0,0.0
26840,74.0,387.0,0.0
26841,103.0,65.0,0.0
26842,235.0,509.0,0.0
26843,48.0,25.0,0.0
26844,222.0,160.0,0.0
26845,38.0,259.0,0.0
26846,80.0,240.0,0.0
26847,164.0,346.0,0.0
26848,14.0,355.0,0.0
26849,114.0,300.0,0.0
26850,160.0,49.0,0.0
26851,42.0,199.0,0.0
26852,74.0,237.0,0.0
26853,3.0,477.0,0.0
26854,152.0,253.0,0.0
26855,166.0,414.0,0.0
26856,162.0,127.0,0.0
26857,209.0,75.0,0.0
26858,251.0,307.0,0.0
26859,146.0,500.0,0.0
26860,213.0,99.0,0.0
26861,225.0,172.0,0.0
26862,40.0,437.0,0.0
26863,101.0,189.0,0.0
26864,184.0,561.0,0.0
26865,137.0,233.0,0.0
26866,112.0,222.0,0.0
26867,200.0,382.0,0.0
26868,169.0,215.0,0.0
26869,223.0,270.0,0.0
26870,61.0,108.0,0.0
26871,218.0,404.0,0.0
26872,120.0,483.0,0.0
26873,84.0,273.0,0.0
26874,60.0,32.0,0.0
26875,122.0,479.0,0.0
26876,37.0,597.0,0.0
26877,204.0,438.0,0.0
26878,32.0,213.0,0.0
26879,80.0,478.0,0.0
26880,117.0,553.0,0.0
26881,17.0,168.0,0.0
26882,29.0,87.0,0.0
26883,125.0,418.0,0.0
26884,204.0,335.0,0.0
26885,28.0,205.0,0.0
26886,3.0,357.0,0.0
26887,222.0,134.0,0.0
26888,61.0,219.0,0.0
26889,225.0,260.0,0.0
26890,156.0,387.0,0.0
26891,204.0,0.0,0.0
26892,92.0,554.0,0.0
26893,231.0,417.0,0.0
26894,5.0,474.0,0.0
26895,62.0,481.0,0.0
26896,61.0,367.0,0.0
26897,228.0,433.0,0.0
26898,253.0,566.0,0.0
26899,208.0,76.0,0.0
26900,40.0,260.0,0.0
26901,252.0,236.0,0.0
26902,170.0,450.0,0.0
26903,120.0,547.0,0.0
26904,45.0,272.0,0.0
26905,109.0,333.0,0.0
26906,167.0,425.0,0.0
26907,128.0,151.0,0.0
26908,173.0,277.0,0.0
26909,25.0,214.0,0.0
26910,40.0,238.0,0.0
26911,97.0,344.0,0.0
26912,16.0,177.0,0.0
26913,130.0,535.0,0.0
26914,215.0,410.0,0.0
26915,103.0,153.0,0.0
26916,149.0,502.0,0.0
26917,18.0,503.0,0.0
26918,245.0,427.0,0.0
26919,55.0,418.0,0.0
26920,236.0,567.0,0.0
26921,181.0,285.0,0.0
26922,74.0,487.0,0.0
26923,162.0,189.0,0.0
26924,268.0,294.0,0.0
26925,19.0,316.0,0.0
26926,187.0,372.0,0.0
26927,259.0,400.0,0.0
26928,77.0,155.0,0.0
26929,113.0,381.0,0.0
26930,88.0,372.0,0.0
26931,71.0,45.0,0.0
26932,2.0,290.0,0.0
26933,5.0,578.0,0.0
26934,258.0,175.0,0.0
26935,164.0,580.0,0.0
26936,195.0,562.0,0.0
26937,121.0,176.0,0.0
26938,87.0,239.0,0.0
26939,203.0,417.0,0.0
26940,199.0,197.0,0.0
26941,47.0,391.0,0.0
26942,162.0,493.0,0.0
26943,96.0,537.0,0.0
26944,128.0,559.0,0.0
26945,170.0,223.0,0.0
26946,95.0,131.0,0.0
26947,93.0,324.0,0.0
26948,220.0,258.0,0.0
26949,150.0,583.0,0.0
26950,215.0,427.0,0.0
26951,77.0,71.0,0.0
26952,60.0,89.0,0.0
26953,162.0,42.0,0.0
26954,158.0,517.0,0.0
26955,67.0,108.0,0.0
26956,11.0,593.0,0.0
26957,144.0,516.0,0.0
26958,241.0,374.0,0.0
26959,21.0,315.0,0.0
26960,115.0,502.0,0.0
26961,232.0,514.0,0.0
26962,253.0,169.0,0.0
26963,17.0,105.0,0.0
26964,127.0,577.0,0.0
26965,95.0,571.0,0.0
26966,88.0,419.0,0.0
26967,162.0,232.0,0.0
26968,156.0,251.0,0.0
26969,162.0,430.0,0.0
26970,218.0,188.0,0.0
26971,83.0,415.0,0.0
26972,33.0,308.0,0.0
26973,25.0,138.0,0.0
26974,18.0,232.0,0.0
26975,73.0,516.0,0.0
26976,7.0,237.0,0.0
26977,96.0,61.0,0.0
26978,172.0,235.0,0.0
26979,239.0,306.0,0.0
26980,25.0,513.0,0.0
26981,29.0,29.0,0.0
26982,150.0,461.0,0.0
26983,172.0,105.0,0.0
26984,262.0,374.0,0.0
26985,196.0,86.0,0.0
26986,222.0,329.0,0.0
26987,155.0,416.0,0.0
26988,52.0,344.0,0.0
26989,133.0,212.0,0.0
26990,148.0,78.0,0.0
26991,25.0,337.0,0.0
26992,194.0,49.0,0.0
26993,66.0,522.0,0.0
26994,108.0,362.0,0.0
26995,170.0,430.0,0.0
26996,46.0,16.0,0.0
26997,177.0,529.0,0.0
26998,13.0,307.0,0.0
26999,31.0,184.0,0.0
27000,154.0,517.0,0.0
27001,35.0,266.0,0.0
27002,185.0,138.0,0.0
27003,168.0,592.0,0.0
27004,175.0,460.0,0.0
27005,162.0,151.0,0.0
27006,95.0,282.0,0.0
27007,198.0,569.0,0.0
27008,163.0,179.0,0.0
27009,30.0,7.0,0.0
27010,65.0,543.0,0.0
27011,87.0,450.0,0.0
27012,233.0,303.0,0.0
27013,177.0,221.0,0.0
27014,146.0,4.0,0.0
27015,186.0,270.0,0.0
27016,23.0,578.0,0.0
27017,98.0,178.0,0.0
27018,128.0,340.0,0.0
27019,266.0,290.0,0.0
27020,51.0,563.0,0.0
27021,96.0,351.0,0.0
27022,152.0,513.0,0.0
27023,121.0,291.0,0.0
27024,225.0,224.0,0.0
27025,103.0,481.0,0.0
27026,98.0,594.0,0.0
27027,191.0,465.0,0.0
27028,219.0,48.0,0.0
27029,91.0,378.0,0.0
27030,74.0,170.0,0.0
27031,124.0,539.0,0.0
27032,179.0,91.0,0.0
27033,144.0,182.0,0.0
27034,27.0,134.0,0.0
27035,226.0,157.0,0.0
27036,95.0,551.0,0.0
27037,62.0,425.0,0.0
27038,24.0,394.0,0.0
27039,254.0,54.0,0.0
27040,232.0,28.0,0.0
27041,63.0,87.0,0.0
27042,234.0,421.0,0.0
27043,241.0,458.0,0.0
27044,250.0,328.0,0.0
27045,176.0,488.0,0.0
27046,116.0,389.0,0.0
27047,47.0,350.0,0.0
27048,154.0,211.0,0.0
27049,56.0,287.0,0.0
27050,49.0,549.0,0.0
27051,1.0,394.0,0.0
27052,92.0,466.0,0.0
27053,264.0,478.0,0.0
27054,232.0,526.0,0.0
27055,55.0,352.0,0.0
27056,176.0,342.0,0.0
27057,96.0,353.0,0.0
27058,204.0,27.0,0.0
27059,195.0,491.0,0.0
27060,10.0,142.0,0.0
27061,167.0,493.0,0.0
27062,56.0,118.0,0.0
27063,201.0,36.0,0.0
27064,109.0,301.0,0.0
27065,227.0,13.0,0.0
27066,100.0,269.0,0.0
27067,167.0,531.0,0.0
27068,247.0,250.0,0.0
27069,12.0,406.0,0.0
27070,75.0,165.0,0.0
27071,250.0,544.0,0.0
27072,41.0,316.0,0.0
27073,214.0,108.0,0.0
27074,173.0,297.0,0.0
27075,219.0,81.0,0.0
27076,85.0,417.0,0.0
27077,111.0,530.0,0.0
27078,247.0,91.0,0.0
27079,135.0,165.0,0.0
27080,89.0,72.0,0.0
27081,168.0,236.0,0.0
27082,36.0,499.0,0.0
27083,51.0,452.0,0.0
27084,50.0,81.0,0.0
27085,19.0,581.0,0.0
27086,134.0,242.0,0.0
27087,119.0,491.0,0.0
27088,217.0,11.0,0.0
27089,253.0,579.0,0.0
27090,55.0,148.0,0.0
27091,131.0,230.0,0.0
27092,47.0,546.0,0.0
27093,103.0,111.0,0.0
27094,158.0,528.0,0.0
27095,216.0,454.0,0.0
27096,40.0,454.0,0.0
27097,124.0,504.0,0.0
27098,174.0,508.0,0.0
27099,262.0,301.0,0.0
27100,248.0,188.0,0.0
27101,209.0,294.0,0.0
27102,86.0,2.0,0.0
27103,173.0,466.0,0.0
27104,237.0,588.0,0.0
27105,14.0,123.0,0.0
27106,6.0,424.0,0.0
27107,230.0,516.0,0.0
27108,143.0,535.0,0.0
27109,168.0,461.0,0.0
27110,102.0,438.0,0.0
27111,228.0,61.0,0.0
27112,176.0,341.0,0.0
27113,142.0,555.0,0.0
27114,95.0,371.0,0.0
27115,253.0,289.0,0.0
27116,106.0,400.0,0.0
27117,149.0,596.0,0.0
27118,9.0,484.0,0.0
27119,83.0,150.0,0.0
27120,69.0,101.0,0.0
27121,42.0,431.0,0.0
27122,164.0,98.0,0.0
27123,53.0,466.0,0.0
27124,154.0,127.0,0.0
27125,144.0,224.0,0.0
27126,211.0,187.0,0.0
27127,259.0,419.0,0.0
27128,43.0,427.0,0.0
27129,199.0,112.0,0.0
27130,220.0,75.0,0.0
27131,34.0,485.0,0.0
27132,217.0,70.0,0.0
27133,251.0,447.0,0.0
27134,69.0,553.0,0.0
27135,67.0,393.0,0.0
27136,140.0,590.0,0.0
27137,214.0,158.0,0.0
27138,62.0,487.0,0.0
27139,179.0,96.0,0.0
27140,110.0,293.0,0.0
27141,180.0,20.0,0.0
27142,106.0,88.0,0.0
27143,68.0,55.0,0.0
27144,27.0,384.0,0.0
27145,173.0,531.0,0.0
27146,85.0,458.0,0.0
27147,76.0,444.0,0.0
27148,88.0,327.0,0.0
27149,253.0,314.0,0.0
27150,49.0,290.0,0.0
27151,47.0,114.0,0.0
27152,109.0,441.0,0.0
27153,42.0,581.0,0.0
27154,214.0,153.0,0.0
27155,33.0,150.0,0.0
27156,234.0,239.0,0.0
27157,42.0,93.0,0.0
27158,34.0,209.0,0.0
27159,204.0,242.0,0.0
27160,64.0,152.0,0.0
27161,181.0,95.0,0.0
27162,194.0,505.0,0.0
27163,156.0,445.0,0.0
27164,114.0,190.0,0.0
27165,205.0,223.0,0.0
27166,80.0,269.0,0.0
27167,251.0,344.0,0.0
27168,3.0,333.0,0.0
27169,14.0,384.0,0.0
27170,24.0,543.0,0.0
27171,229.0,257.0,0.0
27172,241.0,514.0,0.0
27173,253.0,211.0,0.0
27174,2.0,329.0,0.0
27175,166.0,517.0,0.0
27176,182.0,249.0,0.0
27177,54.0,85.0,0.0
27178,69.0,204.0,0.0
27179,4.0,433.0,0.0
27180,187.0,500.0,0.0
27181,52.0,288.0,0.0
27182,68.0,294.0,0.0
27183,120.0,302.0,0.0
27184,21.0,405.0,0.0
27185,136.0,217.0,0.0
27186,56.0,293.0,0.0
27187,161.0,329.0,0.0
27188,37.0,210.0,0.0
27189,206.0,356.0,0.0
27190,190.0,143.0,0.0
27191,16.0,139.0,0.0
27192,153.0,103.0,0.0
27193,200.0,530.0,0.0
27194,223.0,424.0,0.0
27195,32.0,6.0,0.0
27196,98.0,101.0,0.0
27197,260.0,503.0,0.0
27198,132.0,193.0,0.0
27199,137.0,405.0,0.0
27200,3.0,148.0,0.0
27201,107.0,358.0,0.0
27202,211.0,467.0,0.0
27203,37.0,398.0,0.0
27204,38.0,284.0,0.0
27205,211.0,480.0,0.0
27206,119.0,202.0,0.0
27207,21.0,597.0,0.0
27208,207.0,529.0,0.0
27209,36.0,327.0,0.0
27210,256.0,106.0,0.0
27211,160.0,141.0,0.0
27212,65.0,329.0,0.0
27213,63.0,372.0,0.0
27214,80.0,527.0,0.0
27215,115.0,125.0,0.0
27216,190.0,504.0,0.0
27217,217.0,490.0,0.0
27218,161.0,228.0,0.0
27219,40.0,387.0,0.0
27220,242.0,210.0,0.0
27221,255.0,183.0,0.0
27222,166.0,36.0,0.0
27223,105.0,362.0,0.0
27224,11.0,320.0,0.0
27225,162.0,23.0,0.0
27226,115.0,280.0,0.0
27227,15.0,95.0,0.0
27228,128.0,78.0,0.0
27229,96.0,358.0,0.0
27230,176.0,232.0,0.0
27231,117.0,151.0,0.0
27232,140.0,43.0,0.0
27233,263.0,208.0,0.0
27234,154.0,189.0,0.0
27235,48.0,421.0,0.0
27236,185.0,560.0,0.0
27237,107.0,306.0,0.0
27238,16.0,446.0,0.0
27239,48.0,72.0,0.0
27240,81.0,328.0,0.0
27241,258.0,224.0,0.0
27242,229.0,254.0,0.0
27243,88.0,460.0,0.0
27244,76.0,428.0,0.0
27245,38.0,315.0,0.0
27246,12.0,423.0,0.0
27247,66.0,335.0,0.0
27248,268.0,98.0,0.0
27249,254.0,450.0,0.0
27250,238.0,550.0,0.0
27251,228.0,292.0,0.0
27252,7.0,454.0,0.0
27253,136.0,544.0,0.0
27254,85.0,263.0,0.0
27255,181.0,529.0,0.0
27256,39.0,29.0,0.0
27257,139.0,220.0,0.0
27258,36.0,27.0,0.0
27259,259.0,86.0,0.0
27260,219.0,348.0,0.0
27261,123.0,359.0,0.0
27262,7.0,32.0,0.0
27263,213.0,420.0,0.0
27264,185.0,532.0,0.0
27265,29.0,215.0,0.0
27266,47.0,177.0,0.0
27267,145.0,236.0,0.0
27268,168.0,542.0,0.0
27269,260.0,32.0,0.0
27270,87.0,361.0,0.0
27271,88.0,364.0,0.0
27272,26.0,329.0,0.0
27273,115.0,101.0,0.0
27274,144.0,403.0,0.0
27275,131.0,427.0,0.0
27276,131.0,250.0,0.0
27277,163.0,130.0,0.0
27278,129.0,90.0,0.0
27279,88.0,520.0,0.0
27280,169.0,192.0,0.0
27281,213.0,535.0,0.0
27282,248.0,480.0,0.0
27283,120.0,160.0,0.0
27284,189.0,529.0,0.0
27285,249.0,265.0,0.0
27286,138.0,288.0,0.0
27287,18.0,536.0,0.0
27288,205.0,531.0,0.0
27289,254.0,218.0,0.0
27290,143.0,403.0,0.0
27291,42.0,442.0,0.0
27292,14.0,403.0,0.0
27293,98.0,496.0,0.0
27294,20.0,222.0,0.0
27295,252.0,434.0,0.0
27296,147.0,411.0,0.0
27297,99.0,309.0,0.0
27298,48.0,596.0,0.0
27299,99.0,400.0,0.0
27300,110.0,89.0,0.0
27301,254.0,52.0,0.0
27302,50.0,124.0,0.0
27303,179.0,408.0,0.0
27304,240.0,507.0,0.0
27305,112.0,425.0,0.0
27306,111.0,28.0,0.0
27307,116.0,329.0,0.0
27308,233.0,350.0,0.0
27309,233.0,211.0,0.0
27310,225.0,6.0,0.0
27311,43.0,365.0,0.0
27312,200.0,108.0,0.0
27313,232.0,477.0,0.0
27314,140.0,462.0,0.0
27315,211.0,300.0,0.0
27316,144.0,14.0,0.0
27317,124.0,254.0,0.0
27318,54.0,224.0,0.0
27319,12.0,114.0,0.0
27320,19.0,254.0,0.0
27321,135.0,285.0,0.0
27322,231.0,558.0,0.0
27323,97.0,317.0,0.0
27324,88.0,305.0,0.0
27325,91.0,493.0,0.0
27326,20.0,154.0,0.0
27327,91.0,582.0,0.0
27328,184.0,517.0,0.0
27329,201.0,566.0,0.0
27330,144.0,458.0,0.0
27331,140.0,290.0,0.0
27332,263.0,507.0,0.0
27333,169.0,392.0,0.0
27334,181.0,76.0,0.0
27335,213.0,87.0,0.0
27336,141.0,479.0,0.0
27337,152.0,115.0,0.0
27338,168.0,157.0,0.0
27339,246.0,3.0,0.0
27340,216.0,3.0,0.0
27341,240.0,504.0,0.0
27342,112.0,552.0,0.0
27343,0.0,490.0,0.0
27344,212.0,420.0,0.0
27345,103.0,379.0,0.0
27346,36.0,236.0,0.0
27347,15.0,121.0,0.0
27348,23.0,544.0,0.0
27349,254.0,93.0,0.0
27350,12.0,479.0,0.0
27351,117.0,323.0,0.0
27352,169.0,394.0,0.0
27353,45.0,53.0,0.0
27354,246.0,115.0,0.0
27355,171.0,267.0,0.0
27356,9.0,316.0,0.0
27357,79.0,182.0,0.0
27358,189.0,454.0,0.0
27359,224.0,296.0,0.0
27360,110.0,494.0,0.0
27361,84.0,68.0,0.0
27362,227.0,132.0,0.0
27363,80.0,341.0,0.0
27364,112.0,181.0,0.0
27365,1.0,96.0,0.0
27366,211.0,363.0,0.0
27367,124.0,447.0,0.0
27368,56.0,7.0,0.0
27369,15.0,357.0,0.0
27370,102.0,454.0,0.0
27371,196.0,25.0,0.0
27372,82.0,166.0,0.0
27373,266.0,261.0,0.0
27374,19.0,411.0,0.0
27375,4.0,499.0,0.0
27376,4.0,553.0,0.0
27377,53.0,463.0,0.0
27378,268.0,230.0,0.0
27379,23.0,260.0,0.0
27380,118.0,532.0,0.0
27381,61.0,529.0,0.0
27382,30.0,538.0,0.0
27383,233.0,462.0,0.0
27384,127.0,451.0,0.0
27385,198.0,436.0,0.0
27386,109.0,476.0,0.0
27387,247.0,324.0,0.0
27388,138.0,99.0,0.0
27389,49.0,225.0,0.0
27390,168.0,269.0,0.0
27391,196.0,346.0,0.0
27392,224.0,512.0,0.0
27393,63.0,538.0,0.0
27394,76.0,438.0,0.0
27395,49.0,115.0,0.0
27396,134.0,194.0,0.0
27397,221.0,111.0,0.0
27398,115.0,247.0,0.0
27399,151.0,549.0,0.0
27400,193.0,47.0,0.0
27401,177.0,19.0,0.0
27402,190.0,119.0,0.0
27403,252.0,76.0,0.0
27404,189.0,249.0,0.0
27405,63.0,26.0,0.0
27406,202.0,244.0,0.0
27407,259.0,182.0,0.0
27408,194.0,85.0,0.0
27409,39.0,339.0,0.0
27410,70.0,486.0,0.0
27411,74.0,430.0,0.0
27412,232.0,587.0,0.0
27413,253.0,241.0,0.0
27414,173.0,451.0,0.0
27415,163.0,220.0,0.0
27416,26.0,322.0,0.0
27417,224.0,41.0,0.0
27418,32.0,512.0,0.0
27419,32.0,515.0,0.0
27420,47.0,399.0,0.0
27421,163.0,277.0,0.0
27422,149.0,304.0,0.0
27423,11.0,555.0,0.0
27424,41.0,520.0,0.0
27425,231.0,289.0,0.0
27426,130.0,433.0,0.0
27427,93.0,519.0,0.0
27428,82.0,40.0,0.0
27429,17.0,237.0,0.0
27430,91.0,129.0,0.0
27431,113.0,536.0,0.0
27432,0.0,511.0,0.0
27433,31.0,164.0,0.0
27434,45.0,558.0,0.0
27435,232.0,507.0,0.0
27436,30.0,564.0,0.0
27437,73.0,199.0,0.0
27438,240.0,467.0,0.0
27439,159.0,452.0,0.0
27440,160.0,583.0,0.0
27441,26.0,100.0,0.0
27442,242.0,404.0,0.0
27443,199.0,506.0,0.0
27444,233.0,67.0,0.0
27445,233.0,265.0,0.0
27446,164.0,584.0,0.0
27447,185.0,247.0,0.0
27448,161.0,392.0,0.0
27449,249.0,455.0,0.0
27450,160.0,569.0,0.0
27451,189.0,575.0,0.0
27452,250.0,386.0,0.0
27453,113.0,198.0,0.0
27454,8.0,22.0,0.0
27455,113.0,583.0,0.0
27456,64.0,417.0,0.0
27457,186.0,540.0,0.0
27458,164.0,259.0,0.0
27459,224.0,170.0,0.0
27460,16.0,5.0,0.0
27461,112.0,428.0,0.0
27462,104.0,40.0,0.0
27463,45.0,472.0,0.0
27464,247.0,181.0,0.0
27465,86.0,449.0,0.0
27466,73.0,498.0,0.0
27467,140.0,579.0,0.0
27468,256.0,32.0,0.0
27469,0.0,145.0,0.0
27470,50.0,333.0,0.0
27471,111.0,480.0,0.0
27472,130.0,315.0,0.0
27473,139.0,111.0,0.0
27474,148.0,128.0,0.0
27475,13.0,412.0,0.0
27476,20.0,25.0,0.0
27477,26.0,481.0,0.0
27478,70.0,369.0,0.0
27479,258.0,477.0,0.0
27480,228.0,421.0,0.0
27481,126.0,338.0,0.0
27482,154.0,482.0,0.0
27483,108.0,331.0,0.0
27484,160.0,222.0,0.0
27485,246.0,443.0,0.0
27486,174.0,417.0,0.0
27487,266.0,104.0,0.0
27488,65.0,425.0,0.0
27489,132.0,83.0,0.0
27490,80.0,163.0,0.0
27491,264.0,487.0,0.0
27492,256.0,524.0,0.0
27493,62.0,110.0,0.0
27494,249.0,231.0,0.0
27495,173.0,257.0,0.0
27496,100.0,124.0,0.0
27497,157.0,529.0,0.0
27498,261.0,133.0,0.0
27499,160.0,210.0,0.0
27500,140.0,574.0,0.0
27501,64.0,91.0,0.0
27502,23.0,390.0,0.0
27503,143.0,28.0,0.0
27504,226.0,82.0,0.0
27505,252.0,63.0,0.0
27506,178.0,101.0,0.0
27507,237.0,23.0,0.0
27508,59.0,480.0,0.0
27509,59.0,68.0,0.0
27510,181.0,243.0,0.0
27511,71.0,518.0,0.0
27512,149.0,244.0,0.0
27513,230.0,431.0,0.0
27514,13.0,468.0,0.0
27515,215.0,236.0,0.0
27516,146.0,349.0,0.0
27517,227.0,438.0,0.0
27518,32.0,46.0,0.0
27519,4.0,210.0,0.0
27520,34.0,548.0,0.0
27521,30.0,361.0,0.0
27522,175.0,304.0,0.0
27523,171.0,417.0,0.0
27524,23.0,494.0,0.0
27525,241.0,460.0,0.0
27526,238.0,68.0,0.0
27527,225.0,53.0,0.0
27528,43.0,81.0,0.0
27529,35.0,151.0,0.0
27530,146.0,147.0,0.0
27531,190.0,320.0,0.0
27532,95.0,593.0,0.0
27533,225.0,43.0,0.0
27534,248.0,467.0,0.0
27535,202.0,289.0,0.0
27536,266.0,254.0,0.0
27537,53.0,477.0,0.0
27538,213.0,516.0,0.0
27539,223.0,74.0,0.0
27540,64.0,345.0,0.0
27541,194.0,512.0,0.0
27542,121.0,13.0,0.0
27543,207.0,334.0,0.0
27544,92.0,398.0,0.0
27545,224.0,405.0,0.0
27546,163.0,213.0,0.0
27547,31.0,514.0,0.0
27548,247.0,558.0,0.0
27549,51.0,347.0,0.0
27550,253.0,234.0,0.0
27551,249.0,157.0,0.0
27552,22.0,335.0,0.0
27553,107.0,530.0,0.0
27554,246.0,232.0,0.0
27555,186.0,574.0,0.0
27556,12.0,160.0,0.0
27557,45.0,460.0,0.0
27558,193.0,41.0,0.0
27559,195.0,29.0,0.0
27560,257.0,588.0,0.0
27561,134.0,352.0,0.0
27562,28.0,276.0,0.0
27563,79.0,320.0,0.0
27564,11.0,336.0,0.0
27565,24.0,289.0,0.0
27566,92.0,426.0,0.0
27567,5.0,583.0,0.0
27568,12.0,125.0,0.0
27569,146.0,249.0,0.0
27570,245.0,104.0,0.0
27571,226.0,187.0,0.0
27572,159.0,443.0,0.0
27573,264.0,190.0,0.0
27574,188.0,75.0,0.0
27575,23.0,113.0,0.0
27576,169.0,172.0,0.0
27577,75.0,568.0,0.0
27578,251.0,509.0,0.0
27579,209.0,510.0,0.0
27580,109.0,434.0,0.0
27581,239.0,4.0,0.0
27582,67.0,520.0,0.0
27583,145.0,160.0,0.0
27584,62.0,248.0,0.0
27585,152.0,460.0,0.0
27586,136.0,210.0,0.0
27587,66.0,183.0,0.0
27588,109.0,108.0,0.0
27589,229.0,230.0,0.0
27590,145.0,459.0,0.0
27591,167.0,445.0,0.0
27592,226.0,541.0,0.0
27593,235.0,79.0,0.0
27594,33.0,362.0,0.0
27595,86.0,74.0,0.0
27596,92.0,457.0,0.0
27597,42.0,140.0,0.0
27598,2.0,465.0,0.0
27599,77.0,562.0,0.0
27600,199.0,507.0,0.0
27601,195.0,185.0,0.0
27602,68.0,544.0,0.0
27603,86.0,142.0,0.0
27604,152.0,565.0,0.0
27605,100.0,401.0,0.0
27606,52.0,54.0,0.0
27607,15.0,118.0,0.0
27608,195.0,406.0,0.0
27609,219.0,331.0,0.0
27610,138.0,5.0,0.0
27611,92.0,371.0,0.0
27612,24.0,53.0,0.0
27613,32.0,275.0,0.0
27614,19.0,539.0,0.0
27615,95.0,87.0,0.0
27616,167.0,565.0,0.0
27617,112.0,270.0,0.0
27618,209.0,68.0,0.0
27619,247.0,581.0,0.0
27620,26.0,166.0,0.0
27621,38.0,565.0,0.0
27622,179.0,568.0,0.0
27623,164.0,102.0,0.0
27624,26.0,571.0,0.0
27625,236.0,303.0,0.0
27626,198.0,567.0,0.0
27627,76.0,526.0,0.0
27628,126.0,594.0,0.0
27629,266.0,533.0,0.0
27630,134.0,574.0,0.0
27631,182.0,424.0,0.0
27632,237.0,165.0,0.0
27633,166.0,57.0,0.0
27634,229.0,462.0,0.0
27635,201.0,451.0,0.0
27636,177.0,571.0,0.0
27637,265.0,541.0,0.0
27638,66.0,181.0,0.0
27639,50.0,116.0,0.0
27640,235.0,397.0,0.0
27641,99.0,416.0,0.0
27642,255.0,416.0,0.0
27643,25.0,297.0,0.0
27644,91.0,136.0,0.0
27645,228.0,117.0,0.0
27646,61.0,526.0,0.0
27647,259.0,452.0,0.0
27648,55.0,313.0,0.0
27649,206.0,577.0,0.0
27650,209.0,349.0,0.0
27651,256.0,113.0,0.0
27652,54.0,87.0,0.0
27653,172.0,211.0,0.0
27654,181.0,563.0,0.0
27655,72.0,39.0,0.0
27656,114.0,449.0,0.0
27657,176.0,294.0,0.0
27658,108.0,317.0,0.0
27659,177.0,459.0,0.0
27660,266.0,518.0,0.0
27661,211.0,397.0,0.0
27662,133.0,257.0,0.0
27663,64.0,146.0,0.0
27664,30.0,414.0,0.0
27665,173.0,45.0,0.0
27666,230.0,446.0,0.0
27667,78.0,169.0,0.0
27668,86.0,358.0,0.0
27669,215.0,477.0,0.0
27670,122.0,555.0,0.0
27671,118.0,18.0,0.0
27672,172.0,323.0,0.0
27673,182.0,486.0,0.0
27674,7.0,366.0,0.0
27675,59.0,333.0,0.0
27676,254.0,478.0,0.0
27677,4.0,239.0,0.0
27678,209.0,512.0,0.0
27679,138.0,478.0,0.0
27680,113.0,284.0,0.0
27681,181.0,276.0,0.0
27682,261.0,53.0,0.0
27683,218.0,556.0,0.0
27684,39.0,313.0,0.0
27685,19.0,379.0,0.0
27686,76.0,468.0,0.0
27687,122.0,193.0,0.0
27688,143.0,5.0,0.0
27689,100.0,127.0,0.0
27690,228.0,558.0,0.0
27691,261.0,192.0,0.0
27692,43.0,276.0,0.0
27693,64.0,306.0,0.0
27694,201.0,197.0,0.0
27695,100.0,455.0,0.0
27696,51.0,246.0,0.0
27697,235.0,150.0,0.0
27698,2.0,227.0,0.0
27699,53.0,408.0,0.0
27700,262.0,234.0,0.0
27701,65.0,300.0,0.0
27702,72.0,427.0,0.0
27703,131.0,333.0,0.0
27704,268.0,491.0,0.0
27705,153.0,276.0,0.0
27706,237.0,230.0,0.0
27707,172.0,79.0,0.0
27708,23.0,281.0,0.0
27709,198.0,595.0,0.0
27710,121.0,184.0,0.0
27711,203.0,409.0,0.0
27712,227.0,565.0,0.0
27713,69.0,152.0,0.0
27714,263.0,285.0,0.0
27715,138.0,235.0,0.0
27716,116.0,439.0,0.0
27717,101.0,80.0,0.0
27718,2.0,193.0,0.0
27719,153.0,584.0,0.0
27720,76.0,34.0,0.0
27721,151.0,553.0,0.0
27722,132.0,251.0,0.0
27723,118.0,405.0,0.0
27724,247.0,227.0,0.0
27725,38.0,319.0,0.0
27726,67.0,346.0,0.0
27727,205.0,556.0,0.0
27728,7.0,510.0,0.0
27729,68.0,339.0,0.0
27730,39.0,198.0,0.0
27731,190.0,223.0,0.0
27732,164.0,243.0,0.0
27733,190.0,534.0,0.0
27734,81.0,113.0,0.0
27735,76.0,521.0,0.0
27736,67.0,58.0,0.0
27737,246.0,401.0,0.0
27738,22.0,246.0,0.0
27739,20.0,393.0,0.0
27740,241.0,578.0,0.0
27741,170.0,295.0,0.0
27742,232.0,232.0,0.0
27743,235.0,271.0,0.0
27744,150.0,481.0,0.0
27745,201.0,527.0,0.0
27746,122.0,562.0,0.0
27747,56.0,589.0,0.0
27748,24.0,467.0,0.0
27749,263.0,55.0,0.0
27750,35.0,199.0,0.0
27751,35.0,305.0,0.0
27752,39.0,42.0,0.0
27753,238.0,47.0,0.0
27754,192.0,149.0,0.0
27755,139.0,236.0,0.0
27756,214.0,572.0,0.0
27757,260.0,277.0,0.0
27758,260.0,520.0,0.0
27759,180.0,356.0,0.0
27760,137.0,538.0,0.0
27761,159.0,450.0,0.0
27762,220.0,206.0,0.0
27763,219.0,498.0,0.0
27764,121.0,539.0,0.0
27765,222.0,570.0,0.0
27766,260.0,70.0,0.0
27767,267.0,233.0,0.0
27768,262.0,110.0,0.0
27769,76.0,456.0,0.0
27770,234.0,391.0,0.0
27771,209.0,370.0,0.0
27772,30.0,16.0,0.0
27773,228.0,397.0,0.0
27774,123.0,308.0,0.0
27775,186.0,505.0,0.0
27776,81.0,361.0,0.0
27777,32.0,382.0,0.0
27778,16.0,52.0,0.0
27779,227.0,130.0,0.0
27780,41.0,541.0,0.0
27781,233.0,491.0,0.0
27782,157.0,236.0,0.0
27783,263.0,123.0,0.0
27784,143.0,506.0,0.0
27785,83.0,188.0,0.0
27786,215.0,426.0,0.0
27787,157.0,172.0,0.0
27788,24.0,167.0,0.0
27789,157.0,98.0,0.0
27790,36.0,265.0,0.0
27791,165.0,462.0,0.0
27792,167.0,157.0,0.0
27793,6.0,389.0,0.0
27794,51.0,202.0,0.0
27795,37.0,67.0,0.0
27796,232.0,276.0,0.0
27797,235.0,334.0,0.0
27798,123.0,306.0,0.0
27799,210.0,154.0,0.0
27800,134.0,478.0,0.0
27801,185.0,192.0,0.0
27802,165.0,89.0,0.0
27803,28.0,124.0,0.0
27804,209.0,231.0,0.0
27805,17.0,249.0,0.0
27806,169.0,2.0,0.0
27807,99.0,491.0,0.0
27808,79.0,27.0,0.0
27809,112.0,473.0,0.0
27810,92.0,150.0,0.0
27811,176.0,156.0,0.0
27812,207.0,179.0,0.0
27813,249.0,24.0,0.0
27814,214.0,256.0,0.0
27815,232.0,99.0,0.0
27816,172.0,547.0,0.0
27817,129.0,222.0,0.0
27818,108.0,458.0,0.0
27819,203.0,423.0,0.0
27820,7.0,191.0,0.0
27821,112.0,309.0,0.0
27822,127.0,575.0,0.0
27823,238.0,438.0,0.0
27824,226.0,316.0,0.0
27825,14.0,326.0,0.0
27826,181.0,272.0,0.0
27827,136.0,15.0,0.0
27828,240.0,350.0,0.0
27829,32.0,338.0,0.0
27830,213.0,144.0,0.0
27831,33.0,28.0,0.0
27832,176.0,73.0,0.0
27833,133.0,581.0,0.0
27834,37.0,471.0,0.0
27835,72.0,593.0,0.0
27836,23.0,101.0,0.0
27837,32.0,305.0,0.0
27838,122.0,509.0,0.0
27839,263.0,569.0,0.0
27840,119.0,436.0,0.0
27841,233.0,254.0,0.0
27842,152.0,127.0,0.0
27843,179.0,209.0,0.0
27844,60.0,381.0,0.0
27845,83.0,249.0,0.0
27846,90.0,229.0,0.0
27847,259.0,2.0,0.0
27848,249.0,285.0,0.0
27849,143.0,456.0,0.0
27850,136.0,46.0,0.0
27851,134.0,247.0,0.0
27852,232.0,580.0,0.0
27853,144.0,571.0,0.0
27854,174.0,328.0,0.0
27855,38.0,582.0,0.0
27856,27.0,505.0,0.0
27857,42.0,441.0,0.0
27858,127.0,295.0,0.0
27859,77.0,200.0,0.0
27860,30.0,62.0,0.0
27861,81.0,99.0,0.0
27862,130.0,469.0,0.0
27863,10.0,107.0,0.0
27864,175.0,542.0,0.0
27865,38.0,478.0,0.0
27866,157.0,68.0,0.0
27867,167.0,591.0,0.0
27868,52.0,165.0,0.0
27869,60.0,243.0,0.0
27870,0.0,360.0,0.0
27871,9.0,339.0,0.0
27872,32.0,233.0,0.0
27873,163.0,58.0,0.0
27874,38.0,400.0,0.0
27875,45.0,21.0,0.0
27876,76.0,233.0,0.0
27877,168.0,77.0,0.0
27878,32.0,346.0,0.0
27879,260.0,475.0,0.0
27880,174.0,378.0,0.0
27881,161.0,592.0,0.0
27882,23.0,195.0,0.0
27883,143.0,434.0,0.0
27884,82.0,309.0,0.0
27885,258.0,328.0,0.0
27886,228.0,8.0,0.0
27887,201.0,336.0,0.0
27888,99.0,448.0,0.0
27889,133.0,452.0,0.0
27890,151.0,180.0,0.0
27891,260.0,12.0,0.0
27892,19.0,328.0,0.0
27893,169.0,171.0,0.0
27894,96.0,113.0,0.0
27895,131.0,274.0,0.0
27896,60.0,518.0,0.0
27897,16.0,205.0,0.0
27898,99.0,507.0,0.0
27899,263.0,425.0,0.0
27900,119.0,157.0,0.0
27901,62.0,280.0,0.0
27902,80.0,505.0,0.0
27903,29.0,85.0,0.0
27904,127.0,292.0,0.0
27905,75.0,513.0,0.0
27906,148.0,275.0,0.0
27907,12.0,137.0,0.0
27908,62.0,115.0,0.0
27909,61.0,94.0,0.0
27910,233.0,145.0,0.0
27911,144.0,82.0,0.0
27912,263.0,191.0,0.0
27913,236.0,307.0,0.0
27914,247.0,421.0,0.0
27915,93.0,102.0,0.0
27916,135.0,90.0,0.0
27917,215.0,5.0,0.0
27918,226.0,298.0,0.0
27919,136.0,457.0,0.0
27920,174.0,388.0,0.0
27921,49.0,333.0,0.0
27922,228.0,195.0,0.0
27923,265.0,314.0,0.0
27924,3.0,226.0,0.0
27925,79.0,427.0,0.0
27926,98.0,112.0,0.0
27927,126.0,357.0,0.0
27928,219.0,436.0,0.0
27929,204.0,578.0,0.0
27930,174.0,170.0,0.0
27931,220.0,61.0,0.0
27932,246.0,264.0,0.0
27933,71.0,509.0,0.0
27934,196.0,201.0,0.0
27935,76.0,194.0,0.0
27936,133.0,439.0,0.0
27937,226.0,167.0,0.0
27938,244.0,167.0,0.0
27939,228.0,288.0,0.0
27940,242.0,313.0,0.0
27941,100.0,68.0,0.0
27942,121.0,106.0,0.0
27943,173.0,380.0,0.0
27944,239.0,549.0,0.0
27945,12.0,176.0,0.0
27946,5.0,464.0,0.0
27947,188.0,48.0,0.0
27948,263.0,456.0,0.0
27949,170.0,408.0,0.0
27950,201.0,141.0,0.0
27951,216.0,64.0,0.0
27952,93.0,563.0,0.0
27953,219.0,233.0,0.0
27954,244.0,486.0,0.0
27955,245.0,506.0,0.0
27956,27.0,445.0,0.0
27957,199.0,94.0,0.0
27958,145.0,529.0,0.0
27959,40.0,326.0,0.0
27960,35.0,82.0,0.0
27961,238.0,219.0,0.0
27962,204.0,393.0,0.0
27963,181.0,590.0,0.0
27964,18.0,201.0,0.0
27965,185.0,41.0,0.0
27966,191.0,475.0,0.0
27967,151.0,56.0,0.0
27968,83.0,350.0,0.0
27969,178.0,540.0,0.0
27970,36.0,520.0,0.0
27971,245.0,337.0,0.0
27972,69.0,556.0,0.0
27973,211.0,379.0,0.0
27974,162.0,72.0,0.0
27975,124.0,471.0,0.0
27976,34.0,577.0,0.0
27977,210.0,307.0,0.0
27978,38.0,28.0,0.0
27979,148.0,543.0,0.0
27980,266.0,153.0,0.0
27981,218.0,568.0,0.0
27982,187.0,448.0,0.0
27983,215.0,255.0,0.0
27984,170.0,46.0,0.0
27985,185.0,230.0,0.0
27986,55.0,364.0,0.0
27987,66.0,170.0,0.0
27988,80.0,378.0,0.0
27989,212.0,115.0,0.0
27990,232.0,140.0,0.0
27991,125.0,326.0,0.0
27992,46.0,595.0,0.0
27993,202.0,227.0,0.0
27994,263.0,186.0,0.0
27995,209.0,309.0,0.0
27996,192.0,529.0,0.0
27997,187.0,299.0,0.0
27998,234.0,563.0,0.0
27999,4.0,484.0,0.0
28000,69.0,50.0,0.0
28001,41.0,176.0,0.0
28002,246.0,562.0,0.0
28003,137.0,107.0,0.0
28004,186.0,207.0,0.0
28005,124.0,537.0,0.0
28006,190.0,297.0,0.0
28007,227.0,219.0,0.0
28008,28.0,226.0,0.0
28009,159.0,312.0,0.0
28010,107.0,349.0,0.0
28011,168.0,413.0,0.0
28012,154.0,160.0,0.0
28013,264.0,351.0,0.0
28014,265.0,388.0,0.0
28015,225.0,482.0,0.0
28016,38.0,590.0,0.0
28017,109.0,535.0,0.0
28018,28.0,357.0,0.0
28019,158.0,343.0,0.0
28020,26.0,551.0,0.0
28021,0.0,331.0,0.0
28022,158.0,298.0,0.0
28023,221.0,93.0,0.0
28024,149.0,481.0,0.0
28025,98.0,48.0,0.0
28026,48.0,215.0,0.0
28027,185.0,217.0,0.0
28028,180.0,455.0,0.0
28029,13.0,346.0,0.0
28030,58.0,213.0,0.0
28031,34.0,271.0,0.0
28032,240.0,87.0,0.0
28033,251.0,558.0,0.0
28034,198.0,327.0,0.0
28035,76.0,512.0,0.0
28036,198.0,7.0,0.0
28037,42.0,595.0,0.0
28038,243.0,256.0,0.0
28039,118.0,119.0,0.0
28040,67.0,484.0,0.0
28041,69.0,462.0,0.0
28042,222.0,7.0,0.0
28043,26.0,492.0,0.0
28044,119.0,535.0,0.0
28045,122.0,259.0,0.0
28046,118.0,460.0,0.0
28047,39.0,440.0,0.0
28048,99.0,99.0,0.0
28049,236.0,51.0,0.0
28050,188.0,213.0,0.0
28051,246.0,553.0,0.0
28052,174.0,98.0,0.0
28053,86.0,428.0,0.0
28054,150.0,427.0,0.0
28055,63.0,334.0,0.0
28056,72.0,242.0,0.0
28057,89.0,424.0,0.0
28058,108.0,37.0,0.0
28059,151.0,593.0,0.0
28060,57.0,583.0,0.0
28061,156.0,261.0,0.0
28062,233.0,559.0,0.0
28063,89.0,260.0,0.0
28064,124.0,216.0,0.0
28065,8.0,79.0,0.0
28066,12.0,209.0,0.0
28067,192.0,533.0,0.0
28068,262.0,430.0,0.0
28069,56.0,597.0,0.0
28070,258.0,253.0,0.0
28071,32.0,441.0,0.0
28072,34.0,575.0,0.0
28073,20.0,567.0,0.0
28074,203.0,400.0,0.0
28075,24.0,125.0,0.0
28076,264.0,597.0,0.0
28077,120.0,439.0,0.0
28078,25.0,119.0,0.0
28079,112.0,319.0,0.0
28080,150.0,187.0,0.0
28081,191.0,239.0,0.0
28082,156.0,359.0,0.0
28083,13.0,521.0,0.0
28084,263.0,231.0,0.0
28085,181.0,402.0,0.0
28086,264.0,410.0,0.0
28087,88.0,254.0,0.0
28088,231.0,588.0,0.0
28089,258.0,385.0,0.0
28090,138.0,471.0,0.0
28091,219.0,15.0,0.0
28092,173.0,471.0,0.0
28093,91.0,581.0,0.0
28094,251.0,51.0,0.0
28095,119.0,110.0,0.0
28096,135.0,485.0,0.0
28097,59.0,256.0,0.0
28098,266.0,209.0,0.0
28099,169.0,22.0,0.0
28100,248.0,152.0,0.0
28101,219.0,135.0,0.0
28102,28.0,436.0,0.0
28103,197.0,72.0,0.0
28104,140.0,289.0,0.0
28105,134.0,469.0,0.0
28106,159.0,128.0,0.0
28107,53.0,354.0,0.0
28108,189.0,336.0,0.0
28109,57.0,432.0,0.0
28110,46.0,197.0,0.0
28111,53.0,435.0,0.0
28112,177.0,249.0,0.0
28113,89.0,127.0,0.0
28114,85.0,405.0,0.0
28115,182.0,339.0,0.0
28116,43.0,366.0,0.0
28117,19.0,592.0,0.0
28118,243.0,328.0,0.0
28119,206.0,256.0,0.0
28120,21.0,63.0,0.0
28121,130.0,456.0,0.0
28122,148.0,361.0,0.0
28123,133.0,423.0,0.0
28124,66.0,465.0,0.0
28125,158.0,525.0,0.0
28126,66.0,473.0,0.0
28127,33.0,163.0,0.0
28128,97.0,308.0,0.0
28129,83.0,161.0,0.0
28130,102.0,335.0,0.0
28131,117.0,558.0,0.0
28132,100.0,575.0,0.0
28133,212.0,359.0,0.0
28134,256.0,211.0,0.0
28135,155.0,277.0,0.0
28136,194.0,458.0,0.0
28137,22.0,136.0,0.0
28138,267.0,523.0,0.0
28139,265.0,97.0,0.0
28140,33.0,273.0,0.0
28141,207.0,274.0,0.0
28142,61.0,116.0,0.0
28143,90.0,174.0,0.0
28144,74.0,259.0,0.0
28145,88.0,251.0,0.0
28146,4.0,76.0,0.0
28147,192.0,243.0,0.0
28148,132.0,166.0,0.0
28149,90.0,564.0,0.0
28150,106.0,388.0,0.0
28151,266.0,504.0,0.0
28152,219.0,462.0,0.0
28153,189.0,303.0,0.0
28154,195.0,350.0,0.0
28155,138.0,503.0,0.0
28156,101.0,70.0,0.0
28157,126.0,327.0,0.0
28158,259.0,578.0,0.0
28159,56.0,524.0,0.0
28160,152.0,19.0,0.0
28161,190.0,402.0,0.0
28162,8.0,387.0,0.0
28163,240.0,338.0,0.0
28164,238.0,175.0,0.0
28165,25.0,508.0,0.0
28166,208.0,134.0,0.0
28167,195.0,461.0,0.0
28168,229.0,442.0,0.0
28169,154.0,344.0,0.0
28170,255.0,188.0,0.0
28171,106.0,28.0,0.0
28172,41.0,529.0,0.0
28173,29.0,357.0,0.0
28174,18.0,299.0,0.0
28175,254.0,24.0,0.0
28176,165.0,166.0,0.0
28177,211.0,291.0,0.0
28178,207.0,299.0,0.0
28179,187.0,96.0,0.0
28180,80.0,536.0,0.0
28181,161.0,365.0,0.0
28182,169.0,514.0,0.0
28183,161.0,502.0,0.0
28184,68.0,462.0,0.0
28185,148.0,91.0,0.0
28186,22.0,96.0,0.0
28187,227.0,342.0,0.0
28188,149.0,371.0,0.0
28189,239.0,112.0,0.0
28190,245.0,251.0,0.0
28191,262.0,306.0,0.0
28192,262.0,114.0,0.0
28193,227.0,389.0,0.0
28194,224.0,271.0,0.0
28195,53.0,506.0,0.0
28196,55.0,249.0,0.0
28197,60.0,581.0,0.0
28198,256.0,144.0,0.0
28199,169.0,314.0,0.0
28200,45.0,348.0,0.0
28201,139.0,87.0,0.0
28202,112.0,464.0,0.0
28203,100.0,226.0,0.0
28204,171.0,528.0,0.0
28205,136.0,383.0,0.0
28206,4.0,534.0,0.0
28207,239.0,12.0,0.0
28208,205.0,475.0,0.0
28209,17.0,336.0,0.0
28210,188.0,139.0,0.0
28211,99.0,225.0,0.0
28212,211.0,75.0,0.0
28213,180.0,252.0,0.0
28214,187.0,208.0,0.0
28215,36.0,75.0,0.0
28216,111.0,578.0,0.0
28217,64.0,303.0,0.0
28218,198.0,477.0,0.0
28219,67.0,132.0,0.0
28220,151.0,215.0,0.0
28221,252.0,511.0,0.0
28222,91.0,543.0,0.0
28223,238.0,1.0,0.0
28224,240.0,577.0,0.0
28225,3.0,185.0,0.0
28226,112.0,226.0,0.0
28227,50.0,263.0,0.0
28228,83.0,480.0,0.0
28229,235.0,354.0,0.0
28230,122.0,211.0,0.0
28231,58.0,217.0,0.0
28232,84.0,398.0,0.0
28233,185.0,106.0,0.0
28234,25.0,282.0,0.0
28235,141.0,177.0,0.0
28236,24.0,88.0,0.0
28237,263.0,345.0,0.0
28238,50.0,494.0,0.0
28239,130.0,264.0,0.0
28240,181.0,447.0,0.0
28241,181.0,275.0,0.0
28242,31.0,3.0,0.0
28243,62.0,185.0,0.0
28244,254.0,449.0,0.0
28245,208.0,469.0,0.0
28246,144.0,35.0,0.0
28247,148.0,222.0,0.0
28248,71.0,307.0,0.0
28249,25.0,82.0,0.0
28250,238.0,268.0,0.0
28251,21.0,371.0,0.0
28252,17.0,435.0,0.0
28253,238.0,56.0,0.0
28254,123.0,216.0,0.0
28255,183.0,114.0,0.0
28256,34.0,101.0,0.0
28257,198.0,118.0,0.0
28258,9.0,155.0,0.0
28259,259.0,427.0,0.0
28260,258.0,555.0,0.0
28261,33.0,81.0,0.0
28262,243.0,32.0,0.0
28263,258.0,349.0,0.0
28264,179.0,178.0,0.0
28265,12.0,90.0,0.0
28266,96.0,473.0,0.0
28267,86.0,394.0,0.0
28268,0.0,295.0,0.0
28269,27.0,156.0,0.0
28270,18.0,367.0,0.0
28271,200.0,47.0,0.0
28272,190.0,373.0,0.0
28273,15.0,212.0,0.0
28274,137.0,24.0,0.0
28275,33.0,380.0,0.0
28276,262.0,529.0,0.0
28277,87.0,309.0,0.0
28278,76.0,239.0,0.0
28279,68.0,122.0,0.0
28280,173.0,389.0,0.0
28281,159.0,332.0,0.0
28282,27.0,577.0,0.0
28283,175.0,51.0,0.0
28284,109.0,186.0,0.0
28285,86.0,521.0,0.0
28286,41.0,268.0,0.0
28287,122.0,514.0,0.0
28288,94.0,68.0,0.0
28289,259.0,500.0,0.0
28290,192.0,82.0,0.0
28291,24.0,189.0,0.0
28292,76.0,43.0,0.0
28293,50.0,426.0,0.0
28294,236.0,151.0,0.0
28295,251.0,29.0,0.0
28296,220.0,312.0,0.0
28297,24.0,133.0,0.0
28298,115.0,389.0,0.0
28299,267.0,97.0,0.0
28300,63.0,452.0,0.0
28301,36.0,482.0,0.0
28302,46.0,538.0,0.0
28303,92.0,280.0,0.0
28304,217.0,270.0,0.0
28305,127.0,69.0,0.0
28306,16.0,219.0,0.0
28307,142.0,137.0,0.0
28308,133.0,244.0,0.0
28309,189.0,3.0,0.0
28310,210.0,38.0,0.0
28311,228.0,340.0,0.0
28312,52.0,506.0,0.0
28313,149.0,250.0,0.0
28314,43.0,26.0,0.0
28315,244.0,418.0,0.0
28316,167.0,222.0,0.0
28317,125.0,220.0,0.0
28318,76.0,49.0,0.0
28319,172.0,145.0,0.0
28320,129.0,513.0,0.0
28321,101.0,27.0,0.0
28322,249.0,493.0,0.0
28323,259.0,548.0,0.0
28324,173.0,382.0,0.0
28325,268.0,508.0,0.0
28326,204.0,497.0,0.0
28327,231.0,427.0,0.0
28328,217.0,385.0,0.0
28329,198.0,430.0,0.0
28330,165.0,83.0,0.0
28331,32.0,547.0,0.0
28332,25.0,171.0,0.0
28333,121.0,422.0,0.0
28334,106.0,204.0,0.0
28335,91.0,18.0,0.0
28336,91.0,401.0,0.0
28337,143.0,563.0,0.0
28338,245.0,459.0,0.0
28339,205.0,6.0,0.0
28340,214.0,81.0,0.0
28341,161.0,153.0,0.0
28342,140.0,506.0,0.0
28343,21.0,283.0,0.0
28344,227.0,111.0,0.0
28345,78.0,106.0,0.0
28346,244.0,115.0,0.0
28347,211.0,297.0,0.0
28348,87.0,307.0,0.0
28349,33.0,26.0,0.0
28350,69.0,1.0,0.0
28351,37.0,377.0,0.0
28352,39.0,31.0,0.0
28353,41.0,400.0,0.0
28354,24.0,465.0,0.0
28355,29.0,555.0,0.0
28356,24.0,399.0,0.0
28357,249.0,475.0,0.0
28358,65.0,527.0,0.0
28359,168.0,481.0,0.0
28360,205.0,563.0,0.0
28361,193.0,281.0,0.0
28362,145.0,366.0,0.0
28363,199.0,539.0,0.0
28364,206.0,3.0,0.0
28365,238.0,454.0,0.0
28366,31.0,187.0,0.0
28367,6.0,348.0,0.0
28368,39.0,557.0,0.0
28369,137.0,281.0,0.0
28370,69.0,370.0,0.0
28371,22.0,252.0,0.0
28372,179.0,457.0,0.0
28373,86.0,235.0,0.0
28374,171.0,486.0,0.0
28375,81.0,477.0,0.0
28376,166.0,537.0,0.0
28377,41.0,86.0,0.0
28378,94.0,227.0,0.0
28379,131.0,174.0,0.0
28380,84.0,500.0,0.0
28381,168.0,574.0,0.0
28382,236.0,370.0,0.0
28383,168.0,205.0,0.0
28384,175.0,340.0,0.0
28385,70.0,498.0,0.0
28386,28.0,260.0,0.0
28387,172.0,60.0,0.0
28388,213.0,40.0,0.0
28389,64.0,371.0,0.0
28390,119.0,143.0,0.0
28391,35.0,296.0,0.0
28392,186.0,393.0,0.0
28393,246.0,131.0,0.0
28394,78.0,425.0,0.0
28395,245.0,293.0,0.0
28396,144.0,322.0,0.0
28397,157.0,265.0,0.0
28398,61.0,69.0,0.0
28399,45.0,313.0,0.0
28400,187.0,192.0,0.0
28401,66.0,241.0,0.0
28402,150.0,413.0,0.0
28403,15.0,44.0,0.0
28404,156.0,141.0,0.0
28405,121.0,489.0,0.0
28406,173.0,197.0,0.0
28407,169.0,112.0,0.0
28408,111.0,473.0,0.0
28409,212.0,566.0,0.0
28410,236.0,202.0,0.0
28411,189.0,512.0,0.0
28412,142.0,316.0,0.0
28413,128.0,483.0,0.0
28414,146.0,540.0,0.0
28415,211.0,408.0,0.0
28416,122.0,415.0,0.0
28417,192.0,461.0,0.0
28418,156.0,464.0,0.0
28419,64.0,15.0,0.0
28420,38.0,402.0,0.0
28421,152.0,43.0,0.0
28422,144.0,451.0,0.0
28423,189.0,316.0,0.0
28424,254.0,409.0,0.0
28425,228.0,412.0,0.0
28426,108.0,391.0,0.0
28427,191.0,131.0,0.0
28428,200.0,569.0,0.0
28429,104.0,301.0,0.0
28430,166.0,47.0,0.0
28431,212.0,531.0,0.0
28432,237.0,307.0,0.0
28433,161.0,155.0,0.0
28434,203.0,566.0,0.0
28435,177.0,151.0,0.0
28436,148.0,35.0,0.0
28437,85.0,212.0,0.0
28438,264.0,73.0,0.0
28439,248.0,205.0,0.0
28440,184.0,494.0,0.0
28441,37.0,487.0,0.0
28442,176.0,63.0,0.0
28443,159.0,196.0,0.0
28444,61.0,280.0,0.0
28445,41.0,308.0,0.0
28446,73.0,166.0,0.0
28447,235.0,485.0,0.0
28448,40.0,300.0,0.0
28449,98.0,376.0,0.0
28450,263.0,13.0,0.0
28451,53.0,234.0,0.0
28452,114.0,155.0,0.0
28453,10.0,328.0,0.0
28454,30.0,139.0,0.0
28455,213.0,8.0,0.0
28456,188.0,528.0,0.0
28457,190.0,34.0,0.0
28458,121.0,290.0,0.0
28459,250.0,217.0,0.0
28460,14.0,490.0,0.0
28461,92.0,364.0,0.0
28462,15.0,407.0,0.0
28463,217.0,129.0,0.0
28464,210.0,175.0,0.0
28465,247.0,462.0,0.0
28466,62.0,236.0,0.0
28467,2.0,451.0,0.0
28468,62.0,289.0,0.0
28469,84.0,577.0,0.0
28470,20.0,589.0,0.0
28471,147.0,354.0,0.0
28472,255.0,386.0,0.0
28473,222.0,530.0,0.0
28474,151.0,15.0,0.0
28475,5.0,450.0,0.0
28476,38.0,588.0,0.0
28477,93.0,253.0,0.0
28478,64.0,463.0,0.0
28479,118.0,523.0,0.0
28480,136.0,114.0,0.0
28481,28.0,519.0,0.0
28482,68.0,460.0,0.0
28483,152.0,564.0,0.0
28484,180.0,526.0,0.0
28485,90.0,90.0,0.0
28486,123.0,71.0,0.0
28487,247.0,403.0,0.0
28488,68.0,495.0,0.0
28489,264.0,594.0,0.0
28490,214.0,553.0,0.0
28491,209.0,270.0,0.0
28492,89.0,60.0,0.0
28493,22.0,0.0,0.0
28494,247.0,352.0,0.0
28495,100.0,257.0,0.0
28496,19.0,269.0,0.0
28497,35.0,537.0,0.0
28498,147.0,379.0,0.0
28499,266.0,483.0,0.0
28500,7.0,158.0,0.0
28501,69.0,342.0,0.0
28502,0.0,175.0,0.0
28503,248.0,475.0,0.0
28504,187.0,555.0,0.0
28505,47.0,554.0,0.0
28506,253.0,326.0,0.0
28507,223.0,546.0,0.0
28508,156.0,98.0,0.0
28509,198.0,135.0,0.0
28510,199.0,581.0,0.0
28511,190.0,171.0,0.0
28512,246.0,517.0,0.0
28513,261.0,540.0,0.0
28514,158.0,25.0,0.0
28515,38.0,475.0,0.0
28516,56.0,199.0,0.0
28517,132.0,343.0,0.0
28518,118.0,235.0,0.0
28519,167.0,200.0,0.0
28520,62.0,40.0,0.0
28521,194.0,8.0,0.0
28522,93.0,154.0,0.0
28523,37.0,372.0,0.0
28524,247.0,39.0,0.0
28525,109.0,265.0,0.0
28526,27.0,139.0,0.0
28527,166.0,356.0,0.0
28528,184.0,376.0,0.0
28529,263.0,590.0,0.0
28530,197.0,220.0,0.0
28531,261.0,327.0,0.0
28532,207.0,544.0,0.0
28533,102.0,230.0,0.0
28534,109.0,461.0,0.0
28535,16.0,384.0,0.0
28536,153.0,151.0,0.0
28537,68.0,380.0,0.0
28538,110.0,133.0,0.0
28539,39.0,67.0,0.0
28540,95.0,299.0,0.0
28541,5.0,338.0,0.0
28542,175.0,500.0,0.0
28543,44.0,353.0,0.0
28544,266.0,480.0,0.0
28545,250.0,548.0,0.0
28546,69.0,132.0,0.0
28547,130.0,3.0,0.0
28548,130.0,220.0,0.0
28549,146.0,542.0,0.0
28550,182.0,408.0,0.0
28551,179.0,222.0,0.0
28552,233.0,204.0,0.0
28553,69.0,319.0,0.0
28554,200.0,512.0,0.0
28555,41.0,534.0,0.0
28556,180.0,129.0,0.0
28557,39.0,132.0,0.0
28558,259.0,462.0,0.0
28559,255.0,536.0,0.0
28560,33.0,488.0,0.0
28561,0.0,165.0,0.0
28562,119.0,276.0,0.0
28563,10.0,534.0,0.0
28564,240.0,202.0,0.0
28565,192.0,62.0,0.0
28566,186.0,119.0,0.0
28567,64.0,469.0,0.0
28568,180.0,315.0,0.0
28569,141.0,415.0,0.0
28570,167.0,597.0,0.0
28571,173.0,567.0,0.0
28572,34.0,156.0,0.0
28573,194.0,303.0,0.0
28574,166.0,136.0,0.0
28575,49.0,324.0,0.0
28576,211.0,429.0,0.0
28577,209.0,359.0,0.0
28578,109.0,563.0,0.0
28579,15.0,48.0,0.0
28580,260.0,68.0,0.0
28581,217.0,589.0,0.0
28582,77.0,84.0,0.0
28583,50.0,529.0,0.0
28584,35.0,14.0,0.0
28585,243.0,539.0,0.0
28586,66.0,104.0,0.0
28587,8.0,419.0,0.0
28588,95.0,404.0,0.0
28589,139.0,165.0,0.0
28590,189.0,416.0,0.0
28591,125.0,546.0,0.0
28592,101.0,225.0,0.0
28593,54.0,402.0,0.0
28594,97.0,170.0,0.0
28595,55.0,147.0,0.0
28596,11.0,22.0,0.0
28597,135.0,512.0,0.0
28598,86.0,187.0,0.0
28599,38.0,238.0,0.0
28600,198.0,65.0,0.0
28601,97.0,168.0,0.0
28602,114.0,16.0,0.0
28603,157.0,489.0,0.0
28604,156.0,303.0,0.0
28605,116.0,406.0,0.0
28606,214.0,76.0,0.0
28607,73.0,582.0,0.0
28608,175.0,322.0,0.0
28609,100.0,157.0,0.0
28610,176.0,425.0,0.0
28611,155.0,34.0,0.0
28612,263.0,301.0,0.0
28613,229.0,441.0,0.0
28614,217.0,343.0,0.0
28615,221.0,81.0,0.0
28616,220.0,434.0,0.0
28617,215.0,328.0,0.0
28618,247.0,96.0,0.0
28619,58.0,2.0,0.0
28620,5.0,456.0,0.0
28621,26.0,416.0,0.0
28622,204.0,577.0,0.0
28623,255.0,259.0,0.0
28624,104.0,39.0,0.0
28625,203.0,21.0,0.0
28626,250.0,2.0,0.0
28627,8.0,500.0,0.0
28628,101.0,309.0,0.0
28629,216.0,399.0,0.0
28630,103.0,235.0,0.0
28631,69.0,16.0,0.0
28632,99.0,4.0,0.0
28633,152.0,246.0,0.0
28634,36.0,403.0,0.0
28635,219.0,513.0,0.0
28636,243.0,63.0,0.0
28637,258.0,519.0,0.0
28638,236.0,357.0,0.0
28639,45.0,167.0,0.0
28640,141.0,484.0,0.0
28641,111.0,387.0,0.0
28642,250.0,420.0,0.0
28643,244.0,431.0,0.0
28644,258.0,293.0,0.0
28645,260.0,227.0,0.0
28646,18.0,541.0,0.0
28647,133.0,450.0,0.0
28648,110.0,132.0,0.0
28649,257.0,566.0,0.0
28650,254.0,36.0,0.0
28651,88.0,279.0,0.0
28652,174.0,430.0,0.0
28653,146.0,6.0,0.0
28654,48.0,428.0,0.0
28655,167.0,15.0,0.0
28656,146.0,465.0,0.0
28657,253.0,266.0,0.0
28658,0.0,561.0,0.0
28659,246.0,261.0,0.0
28660,134.0,133.0,0.0
28661,172.0,50.0,0.0
28662,117.0,472.0,0.0
28663,118.0,568.0,0.0
28664,190.0,442.0,0.0
28665,209.0,575.0,0.0
28666,83.0,498.0,0.0
28667,216.0,236.0,0.0
28668,128.0,447.0,0.0
28669,142.0,51.0,0.0
28670,28.0,509.0,0.0
28671,264.0,352.0,0.0
28672,224.0,248.0,0.0
28673,168.0,190.0,0.0
28674,161.0,36.0,0.0
28675,30.0,26.0,0.0
28676,131.0,82.0,0.0
28677,175.0,576.0,0.0
28678,253.0,486.0,0.0
28679,232.0,451.0,0.0
28680,102.0,173.0,0.0
28681,32.0,466.0,0.0
28682,95.0,534.0,0.0
28683,196.0,196.0,0.0
28684,223.0,553.0,0.0
28685,76.0,191.0,0.0
28686,98.0,235.0,0.0
28687,244.0,515.0,0.0
28688,93.0,196.0,0.0
28689,6.0,205.0,0.0
28690,261.0,91.0,0.0
28691,70.0,72.0,0.0
28692,96.0,592.0,0.0
28693,179.0,293.0,0.0
28694,42.0,493.0,0.0
28695,24.0,23.0,0.0
28696,10.0,560.0,0.0
28697,223.0,407.0,0.0
28698,139.0,27.0,0.0
28699,53.0,522.0,0.0
28700,7.0,311.0,0.0
28701,61.0,348.0,0.0
28702,252.0,4.0,0.0
28703,183.0,302.0,0.0
28704,50.0,122.0,0.0
28705,82.0,253.0,0.0
28706,260.0,305.0,0.0
28707,196.0,158.0,0.0
28708,245.0,295.0,0.0
28709,242.0,591.0,0.0
28710,78.0,154.0,0.0
28711,66.0,148.0,0.0
28712,211.0,399.0,0.0
28713,241.0,493.0,0.0
28714,158.0,210.0,0.0
28715,6.0,149.0,0.0
28716,47.0,96.0,0.0
28717,32.0,192.0,0.0
28718,245.0,151.0,0.0
28719,91.0,274.0,0.0
28720,187.0,89.0,0.0
28721,122.0,583.0,0.0
28722,165.0,268.0,0.0
28723,103.0,497.0,0.0
28724,144.0,556.0,0.0
28725,203.0,224.0,0.0
28726,37.0,549.0,0.0
28727,94.0,469.0,0.0
28728,53.0,28.0,0.0
28729,92.0,18.0,0.0
28730,92.0,266.0,0.0
28731,87.0,585.0,0.0
28732,169.0,332.0,0.0
28733,196.0,0.0,0.0
28734,267.0,71.0,0.0
28735,57.0,28.0,0.0
28736,187.0,424.0,0.0
28737,170.0,293.0,0.0
28738,208.0,160.0,0.0
28739,139.0,417.0,0.0
28740,26.0,62.0,0.0
28741,44.0,98.0,0.0
28742,135.0,316.0,0.0
28743,126.0,172.0,0.0
28744,247.0,483.0,0.0
28745,78.0,208.0,0.0
28746,59.0,5.0,0.0
28747,128.0,19.0,0.0
28748,82.0,315.0,0.0
28749,113.0,468.0,0.0
28750,165.0,176.0,0.0
28751,17.0,365.0,0.0
28752,173.0,24.0,0.0
28753,185.0,184.0,0.0
28754,152.0,73.0,0.0
28755,60.0,404.0,0.0
28756,235.0,405.0,0.0
28757,155.0,363.0,0.0
28758,34.0,35.0,0.0
28759,125.0,70.0,0.0
28760,214.0,554.0,0.0
28761,234.0,31.0,0.0
28762,11.0,264.0,0.0
28763,188.0,260.0,0.0
28764,101.0,468.0,0.0
28765,62.0,303.0,0.0
28766,254.0,310.0,0.0
28767,119.0,319.0,0.0
28768,189.0,536.0,0.0
28769,41.0,289.0,0.0
28770,143.0,514.0,0.0
28771,166.0,409.0,0.0
28772,252.0,405.0,0.0
28773,79.0,346.0,0.0
28774,122.0,128.0,0.0
28775,4.0,246.0,0.0
28776,100.0,9.0,0.0
28777,74.0,333.0,0.0
28778,32.0,87.0,0.0
28779,34.0,293.0,0.0
28780,58.0,331.0,0.0
28781,119.0,419.0,0.0
28782,245.0,330.0,0.0
28783,247.0,189.0,0.0
28784,253.0,24.0,0.0
28785,255.0,304.0,0.0
28786,14.0,219.0,0.0
28787,91.0,195.0,0.0
28788,195.0,134.0,0.0
28789,48.0,571.0,0.0
28790,101.0,259.0,0.0
28791,122.0,52.0,0.0
28792,176.0,189.0,0.0
28793,245.0,591.0,0.0
28794,163.0,188.0,0.0
28795,123.0,297.0,0.0
28796,222.0,339.0,0.0
28797,262.0,48.0,0.0
28798,116.0,166.0,0.0
28799,180.0,111.0,0.0
28800,203.0,245.0,0.0
28801,103.0,564.0,0.0
28802,236.0,73.0,0.0
28803,246.0,477.0,0.0
28804,70.0,393.0,0.0
28805,43.0,113.0,0.0
28806,23.0,234.0,0.0
28807,121.0,305.0,0.0
28808,29.0,377.0,0.0
28809,266.0,394.0,0.0
28810,1.0,188.0,0.0
28811,249.0,557.0,0.0
28812,93.0,517.0,0.0
28813,13.0,114.0,0.0
28814,35.0,504.0,0.0
28815,52.0,579.0,0.0
28816,75.0,378.0,0.0
28817,119.0,351.0,0.0
28818,151.0,564.0,0.0
28819,139.0,462.0,0.0
28820,197.0,94.0,0.0
28821,236.0,138.0,0.0
28822,159.0,428.0,0.0
28823,49.0,67.0,0.0
28824,125.0,26.0,0.0
28825,140.0,254.0,0.0
28826,5.0,267.0,0.0
28827,2.0,564.0,0.0
28828,147.0,244.0,0.0
28829,264.0,76.0,0.0
28830,173.0,273.0,0.0
28831,240.0,122.0,0.0
28832,240.0,430.0,0.0
28833,123.0,440.0,0.0
28834,92.0,396.0,0.0
28835,157.0,258.0,0.0
28836,267.0,259.0,0.0
28837,83.0,364.0,0.0
28838,203.0,526.0,0.0
28839,80.0,364.0,0.0
28840,140.0,463.0,0.0
28841,213.0,279.0,0.0
28842,154.0,490.0,0.0
28843,41.0,71.0,0.0
28844,170.0,6.0,0.0
28845,237.0,249.0,0.0
28846,159.0,218.0,0.0
28847,141.0,180.0,0.0
28848,71.0,374.0,0.0
28849,161.0,134.0,0.0
28850,260.0,537.0,0.0
28851,232.0,5.0,0.0
28852,256.0,324.0,0.0
28853,114.0,252.0,0.0
28854,133.0,190.0,0.0
28855,206.0,362.0,0.0
28856,14.0,74.0,0.0
28857,151.0,353.0,0.0
28858,57.0,301.0,0.0
28859,6.0,64.0,0.0
28860,150.0,542.0,0.0
28861,5.0,271.0,0.0
28862,206.0,252.0,0.0
28863,111.0,329.0,0.0
28864,148.0,523.0,0.0
28865,83.0,54.0,0.0
28866,142.0,495.0,0.0
28867,54.0,135.0,0.0
28868,111.0,50.0,0.0
28869,245.0,490.0,0.0
28870,49.0,405.0,0.0
28871,47.0,46.0,0.0
28872,76.0,383.0,0.0
28873,173.0,592.0,0.0
28874,152.0,561.0,0.0
28875,55.0,8.0,0.0
28876,134.0,587.0,0.0
28877,56.0,232.0,0.0
28878,217.0,339.0,0.0
28879,85.0,248.0,0.0
28880,143.0,486.0,0.0
28881,47.0,77.0,0.0
28882,144.0,88.0,0.0
28883,110.0,451.0,0.0
28884,70.0,128.0,0.0
28885,82.0,37.0,0.0
28886,83.0,456.0,0.0
28887,123.0,378.0,0.0
28888,61.0,421.0,0.0
28889,24.0,441.0,0.0
28890,36.0,589.0,0.0
28891,184.0,594.0,0.0
28892,178.0,290.0,0.0
28893,78.0,296.0,0.0
28894,209.0,304.0,0.0
28895,134.0,567.0,0.0
28896,5.0,416.0,0.0
28897,184.0,221.0,0.0
28898,255.0,488.0,0.0
28899,169.0,488.0,0.0
28900,77.0,471.0,0.0
28901,144.0,325.0,0.0
28902,145.0,489.0,0.0
28903,206.0,360.0,0.0
28904,71.0,213.0,0.0
28905,260.0,86.0,0.0
28906,240.0,143.0,0.0
28907,219.0,510.0,0.0
28908,263.0,198.0,0.0
28909,119.0,312.0,0.0
28910,98.0,380.0,0.0
28911,264.0,510.0,0.0
28912,188.0,183.0,0.0
28913,101.0,447.0,0.0
28914,66.0,17.0,0.0
28915,36.0,369.0,0.0
28916,191.0,445.0,0.0
28917,182.0,23.0,0.0
28918,194.0,591.0,0.0
28919,239.0,447.0,0.0
28920,64.0,150.0,0.0
28921,142.0,167.0,0.0
28922,28.0,198.0,0.0
28923,240.0,594.0,0.0
28924,155.0,273.0,0.0
28925,18.0,93.0,0.0
28926,265.0,430.0,0.0
28927,252.0,409.0,0.0
28928,174.0,363.0,0.0
28929,204.0,394.0,0.0
28930,112.0,344.0,0.0
28931,48.0,400.0,0.0
28932,79.0,396.0,0.0
28933,59.0,213.0,0.0
28934,135.0,430.0,0.0
28935,89.0,289.0,0.0
28936,13.0,73.0,0.0
28937,59.0,314.0,0.0
28938,223.0,215.0,0.0
28939,92.0,334.0,0.0
28940,195.0,413.0,0.0
28941,72.0,594.0,0.0
28942,66.0,511.0,0.0
28943,237.0,126.0,0.0
28944,128.0,475.0,0.0
28945,110.0,268.0,0.0
28946,241.0,199.0,0.0
28947,133.0,103.0,0.0
28948,212.0,300.0,0.0
28949,198.0,160.0,0.0
28950,144.0,480.0,0.0
28951,101.0,564.0,0.0
28952,158.0,479.0,0.0
28953,60.0,561.0,0.0
28954,169.0,424.0,0.0
28955,120.0,248.0,0.0
28956,226.0,257.0,0.0
28957,7.0,300.0,0.0
28958,155.0,72.0,0.0
28959,185.0,33.0,0.0
28960,122.0,471.0,0.0
28961,132.0,472.0,0.0
28962,48.0,493.0,0.0
28963,180.0,171.0,0.0
28964,205.0,239.0,0.0
28965,99.0,580.0,0.0
28966,221.0,228.0,0.0
28967,25.0,588.0,0.0
28968,89.0,73.0,0.0
28969,146.0,228.0,0.0
28970,65.0,483.0,0.0
28971,236.0,384.0,0.0
28972,136.0,26.0,0.0
28973,89.0,65.0,0.0
28974,220.0,506.0,0.0
28975,24.0,214.0,0.0
28976,216.0,587.0,0.0
28977,45.0,28.0,0.0
28978,36.0,134.0,0.0
28979,16.0,171.0,0.0
28980,86.0,260.0,0.0
28981,122.0,26.0,0.0
28982,91.0,584.0,0.0
28983,172.0,119.0,0.0
28984,249.0,487.0,0.0
28985,189.0,377.0,0.0
28986,261.0,24.0,0.0
28987,172.0,537.0,0.0
28988,41.0,362.0,0.0
28989,78.0,94.0,0.0
28990,159.0,283.0,0.0
28991,111.0,305.0,0.0
28992,35.0,309.0,0.0
28993,104.0,553.0,0.0
28994,45.0,427.0,0.0
28995,0.0,222.0,0.0
28996,9.0,458.0,0.0
28997,55.0,100.0,0.0
28998,212.0,269.0,0.0
28999,137.0,559.0,0.0
29000,243.0,535.0,0.0
29001,127.0,567.0,0.0
29002,169.0,248.0,0.0
29003,192.0,490.0,0.0
29004,211.0,455.0,0.0
29005,89.0,518.0,0.0
29006,249.0,107.0,0.0
29007,62.0,6.0,0.0
29008,204.0,125.0,0.0
29009,200.0,306.0,0.0
29010,190.0,255.0,0.0
29011,161.0,320.0,0.0
29012,236.0,61.0,0.0
29013,82.0,340.0,0.0
29014,250.0,26.0,0.0
29015,35.0,117.0,0.0
29016,105.0,579.0,0.0
29017,167.0,322.0,0.0
29018,217.0,556.0,0.0
29019,14.0,498.0,0.0
29020,195.0,16.0,0.0
29021,248.0,139.0,0.0
29022,42.0,371.0,0.0
29023,97.0,546.0,0.0
29024,136.0,595.0,0.0
29025,204.0,169.0,0.0
29026,198.0,177.0,0.0
29027,57.0,408.0,0.0
29028,40.0,383.0,0.0
29029,228.0,540.0,0.0
29030,235.0,406.0,0.0
29031,139.0,160.0,0.0
29032,34.0,178.0,0.0
29033,16.0,107.0,0.0
29034,99.0,426.0,0.0
29035,127.0,359.0,0.0
29036,258.0,345.0,0.0
29037,232.0,174.0,0.0
29038,223.0,151.0,0.0
29039,102.0,394.0,0.0
29040,13.0,319.0,0.0
29041,107.0,529.0,0.0
29042,78.0,109.0,0.0
29043,105.0,226.0,0.0
29044,229.0,184.0,0.0
29045,188.0,256.0,0.0
29046,166.0,379.0,0.0
29047,149.0,468.0,0.0
29048,185.0,28.0,0.0
29049,199.0,37.0,0.0
29050,233.0,46.0,0.0
29051,139.0,469.0,0.0
29052,123.0,230.0,0.0
29053,11.0,110.0,0.0
29054,245.0,313.0,0.0
29055,46.0,381.0,0.0
29056,163.0,468.0,0.0
29057,251.0,516.0,0.0
29058,67.0,503.0,0.0
29059,36.0,583.0,0.0
29060,220.0,558.0,0.0
29061,40.0,374.0,0.0
29062,28.0,547.0,0.0
29063,2.0,422.0,0.0
29064,148.0,521.0,0.0
29065,82.0,472.0,0.0
29066,122.0,138.0,0.0
29067,118.0,357.0,0.0
29068,184.0,347.0,0.0
29069,257.0,379.0,0.0
29070,65.0,30.0,0.0
29071,125.0,592.0,0.0
29072,167.0,67.0,0.0
29073,49.0,377.0,0.0
29074,241.0,88.0,0.0
29075,41.0,266.0,0.0
29076,93.0,469.0,0.0
29077,92.0,326.0,0.0
29078,141.0,352.0,0.0
29079,4.0,248.0,0.0
29080,145.0,338.0,0.0
29081,144.0,29.0,0.0
29082,22.0,164.0,0.0
29083,203.0,149.0,0.0
29084,182.0,16.0,0.0
29085,163.0,149.0,0.0
29086,208.0,189.0,0.0
29087,109.0,326.0,0.0
29088,214.0,313.0,0.0
29089,238.0,204.0,0.0
29090,185.0,413.0,0.0
29091,262.0,307.0,0.0
29092,64.0,45.0,0.0
29093,137.0,391.0,0.0
29094,31.0,396.0,0.0
29095,172.0,589.0,0.0
29096,184.0,44.0,0.0
29097,158.0,437.0,0.0
29098,33.0,121.0,0.0
29099,260.0,375.0,0.0
29100,32.0,522.0,0.0
29101,147.0,544.0,0.0
29102,36.0,480.0,0.0
29103,66.0,484.0,0.0
29104,257.0,345.0,0.0
29105,82.0,390.0,0.0
29106,89.0,590.0,0.0
29107,250.0,525.0,0.0
29108,203.0,15.0,0.0
29109,184.0,46.0,0.0
29110,151.0,451.0,0.0
29111,239.0,82.0,0.0
29112,40.0,157.0,0.0
29113,0.0,286.0,0.0
29114,26.0,127.0,0.0
29115,209.0,86.0,0.0
29116,238.0,122.0,0.0
29117,5.0,31.0,0.0
29118,196.0,51.0,0.0
29119,202.0,259.0,0.0
29120,44.0,369.0,0.0
29121,154.0,328.0,0.0
29122,27.0,215.0,0.0
29123,191.0,99.0,0.0
29124,19.0,396.0,0.0
29125,107.0,269.0,0.0
29126,102.0,321.0,0.0
29127,208.0,93.0,0.0
29128,140.0,582.0,0.0
29129,233.0,399.0,0.0
29130,208.0,546.0,0.0
29131,16.0,397.0,0.0
29132,47.0,278.0,0.0
29133,176.0,76.0,0.0
29134,141.0,172.0,0.0
29135,136.0,485.0,0.0
29136,121.0,111.0,0.0
29137,196.0,368.0,0.0
29138,61.0,537.0,0.0
29139,221.0,158.0,0.0
29140,100.0,66.0,0.0
29141,14.0,30.0,0.0
29142,69.0,473.0,0.0
29143,137.0,182.0,0.0
29144,41.0,505.0,0.0
29145,12.0,380.0,0.0
29146,196.0,127.0,0.0
29147,243.0,410.0,0.0
29148,37.0,280.0,0.0
29149,88.0,597.0,0.0
29150,99.0,589.0,0.0
29151,72.0,526.0,0.0
29152,259.0,301.0,0.0
29153,255.0,221.0,0.0
29154,210.0,222.0,0.0
29155,172.0,513.0,0.0
29156,157.0,477.0,0.0
29157,135.0,250.0,0.0
29158,92.0,158.0,0.0
29159,92.0,540.0,0.0
29160,265.0,493.0,0.0
29161,220.0,13.0,0.0
29162,145.0,354.0,0.0
29163,267.0,279.0,0.0
29164,66.0,518.0,0.0
29165,97.0,438.0,0.0
29166,185.0,274.0,0.0
29167,41.0,466.0,0.0
29168,88.0,302.0,0.0
29169,145.0,471.0,0.0
29170,72.0,459.0,0.0
29171,204.0,82.0,0.0
29172,262.0,323.0,0.0
29173,2.0,503.0,0.0
29174,213.0,207.0,0.0
29175,241.0,333.0,0.0
29176,191.0,6.0,0.0
29177,157.0,330.0,0.0
29178,104.0,381.0,0.0
29179,234.0,134.0,0.0
29180,257.0,509.0,0.0
29181,157.0,364.0,0.0
29182,154.0,407.0,0.0
29183,41.0,160.0,0.0
29184,12.0,74.0,0.0
29185,220.0,88.0,0.0
29186,79.0,595.0,0.0
29187,59.0,591.0,0.0
29188,222.0,238.0,0.0
29189,202.0,344.0,0.0
29190,6.0,189.0,0.0
29191,232.0,304.0,0.0
29192,52.0,523.0,0.0
29193,236.0,365.0,0.0
29194,60.0,465.0,0.0
29195,31.0,2.0,0.0
29196,215.0,187.0,0.0
29197,116.0,386.0,0.0
29198,69.0,522.0,0.0
29199,33.0,500.0,0.0
29200,27.0,351.0,0.0
29201,138.0,63.0,0.0
29202,180.0,418.0,0.0
29203,26.0,460.0,0.0
29204,175.0,469.0,0.0
29205,120.0,124.0,0.0
29206,61.0,123.0,0.0
29207,126.0,355.0,0.0
29208,214.0,594.0,0.0
29209,6.0,534.0,0.0
29210,133.0,231.0,0.0
29211,55.0,150.0,0.0
29212,16.0,429.0,0.0
29213,246.0,518.0,0.0
29214,137.0,234.0,0.0
29215,36.0,260.0,0.0
29216,152.0,395.0,0.0
29217,198.0,98.0,0.0
29218,253.0,459.0,0.0
29219,149.0,80.0,0.0
29220,228.0,289.0,0.0
29221,81.0,443.0,0.0
29222,177.0,106.0,0.0
29223,60.0,268.0,0.0
29224,75.0,297.0,0.0
29225,151.0,482.0,0.0
29226,60.0,239.0,0.0
29227,250.0,580.0,0.0
29228,100.0,287.0,0.0
29229,137.0,240.0,0.0
29230,164.0,474.0,0.0
29231,183.0,319.0,0.0
29232,126.0,323.0,0.0
29233,238.0,272.0,0.0
29234,236.0,390.0,0.0
29235,0.0,86.0,0.0
29236,268.0,381.0,0.0
29237,252.0,568.0,0.0
29238,30.0,394.0,0.0
29239,214.0,56.0,0.0
29240,7.0,466.0,0.0
29241,230.0,20.0,0.0
29242,217.0,285.0,0.0
29243,197.0,109.0,0.0
29244,26.0,77.0,0.0
29245,83.0,315.0,0.0
29246,193.0,184.0,0.0
29247,262.0,34.0,0.0
29248,85.0,4.0,0.0
29249,71.0,346.0,0.0
29250,265.0,202.0,0.0
29251,7.0,283.0,0.0
29252,213.0,439.0,0.0
29253,161.0,26.0,0.0
29254,166.0,567.0,0.0
29255,245.0,582.0,0.0
29256,255.0,531.0,0.0
29257,71.0,16.0,0.0
29258,52.0,454.0,0.0
29259,36.0,456.0,0.0
29260,192.0,70.0,0.0
29261,199.0,125.0,0.0
29262,217.0,438.0,0.0
29263,99.0,494.0,0.0
29264,128.0,290.0,0.0
29265,233.0,188.0,0.0
29266,220.0,222.0,0.0
29267,93.0,17.0,0.0
29268,161.0,163.0,0.0
29269,36.0,184.0,0.0
29270,8.0,210.0,0.0
29271,234.0,54.0,0.0
29272,139.0,62.0,0.0
29273,148.0,531.0,0.0
29274,238.0,469.0,0.0
29275,13.0,277.0,0.0
29276,156.0,237.0,0.0
29277,196.0,28.0,0.0
29278,79.0,242.0,0.0
29279,0.0,100.0,0.0
29280,89.0,597.0,0.0
29281,26.0,345.0,0.0
29282,49.0,361.0,0.0
29283,108.0,590.0,0.0
29284,183.0,409.0,0.0
29285,235.0,286.0,0.0
29286,261.0,67.0,0.0
29287,260.0,35.0,0.0
29288,40.0,211.0,0.0
29289,0.0,73.0,0.0
29290,44.0,119.0,0.0
29291,127.0,352.0,0.0
29292,205.0,528.0,0.0
29293,50.0,547.0,0.0
29294,216.0,483.0,0.0
29295,98.0,425.0,0.0
29296,235.0,434.0,0.0
29297,0.0,199.0,0.0
29298,115.0,215.0,0.0
29299,256.0,486.0,0.0
29300,2.0,411.0,0.0
29301,81.0,483.0,0.0
29302,10.0,251.0,0.0
29303,34.0,253.0,0.0
29304,57.0,388.0,0.0
29305,191.0,351.0,0.0
29306,247.0,133.0,0.0
29307,69.0,597.0,0.0
29308,157.0,398.0,0.0
29309,160.0,392.0,0.0
29310,245.0,426.0,0.0
29311,227.0,481.0,0.0
29312,229.0,123.0,0.0
29313,116.0,552.0,0.0
29314,114.0,472.0,0.0
29315,46.0,269.0,0.0
29316,218.0,40.0,0.0
29317,173.0,580.0,0.0
29318,132.0,428.0,0.0
29319,62.0,123.0,0.0
29320,38.0,585.0,0.0
29321,230.0,562.0,0.0
29322,43.0,11.0,0.0
29323,106.0,421.0,0.0
29324,166.0,268.0,0.0
29325,26.0,75.0,0.0
29326,18.0,141.0,0.0
29327,102.0,457.0,0.0
29328,244.0,2.0,0.0
29329,99.0,569.0,0.0
29330,265.0,556.0,0.0
29331,222.0,395.0,0.0
29332,154.0,287.0,0.0
29333,224.0,551.0,0.0
29334,247.0,257.0,0.0
29335,121.0,475.0,0.0
29336,157.0,117.0,0.0
29337,29.0,519.0,0.0
29338,118.0,469.0,0.0
29339,211.0,55.0,0.0
29340,17.0,134.0,0.0
29341,113.0,257.0,0.0
29342,167.0,256.0,0.0
29343,12.0,171.0,0.0
29344,26.0,441.0,0.0
29345,221.0,116.0,0.0
29346,86.0,333.0,0.0
29347,55.0,78.0,0.0
29348,243.0,45.0,0.0
29349,104.0,401.0,0.0
29350,146.0,216.0,0.0
29351,232.0,423.0,0.0
29352,218.0,464.0,0.0
29353,132.0,592.0,0.0
29354,29.0,436.0,0.0
29355,137.0,456.0,0.0
29356,230.0,284.0,0.0
29357,203.0,161.0,0.0
29358,94.0,113.0,0.0
29359,38.0,534.0,0.0
29360,5.0,304.0,0.0
29361,99.0,16.0,0.0
29362,146.0,527.0,0.0
29363,167.0,519.0,0.0
29364,76.0,91.0,0.0
29365,223.0,357.0,0.0
29366,151.0,441.0,0.0
29367,46.0,553.0,0.0
29368,263.0,432.0,0.0
29369,141.0,515.0,0.0
29370,194.0,534.0,0.0
29371,98.0,551.0,0.0
29372,180.0,232.0,0.0
29373,226.0,475.0,0.0
29374,43.0,163.0,0.0
29375,204.0,457.0,0.0
29376,143.0,592.0,0.0
29377,87.0,328.0,0.0
29378,37.0,475.0,0.0
29379,69.0,520.0,0.0
29380,5.0,50.0,0.0
29381,151.0,162.0,0.0
29382,199.0,540.0,0.0
29383,33.0,5.0,0.0
29384,75.0,416.0,0.0
29385,255.0,380.0,0.0
29386,202.0,102.0,0.0
29387,115.0,298.0,0.0
29388,220.0,305.0,0.0
29389,220.0,79.0,0.0
29390,163.0,127.0,0.0
29391,152.0,401.0,0.0
29392,83.0,286.0,0.0
29393,170.0,294.0,0.0
29394,55.0,329.0,0.0
29395,112.0,115.0,0.0
29396,33.0,64.0,0.0
29397,62.0,235.0,0.0
29398,60.0,152.0,0.0
29399,224.0,529.0,0.0
29400,55.0,409.0,0.0
29401,229.0,280.0,0.0
29402,161.0,32.0,0.0
29403,255.0,513.0,0.0
29404,258.0,487.0,0.0
29405,110.0,459.0,0.0
29406,94.0,3.0,0.0
29407,181.0,37.0,0.0
29408,247.0,461.0,0.0
29409,197.0,284.0,0.0
29410,153.0,404.0,0.0
29411,213.0,56.0,0.0
29412,169.0,15.0,0.0
29413,220.0,229.0,0.0
29414,193.0,486.0,0.0
29415,119.0,478.0,0.0
29416,207.0,270.0,0.0
29417,201.0,88.0,0.0
29418,242.0,543.0,0.0
29419,125.0,22.0,0.0
29420,23.0,541.0,0.0
29421,247.0,394.0,0.0
29422,126.0,361.0,0.0
29423,134.0,431.0,0.0
29424,19.0,345.0,0.0
29425,106.0,318.0,0.0
29426,113.0,158.0,0.0
29427,146.0,74.0,0.0
29428,90.0,462.0,0.0
29429,112.0,474.0,0.0
29430,263.0,573.0,0.0
29431,253.0,487.0,0.0
29432,218.0,572.0,0.0
29433,214.0,4.0,0.0
29434,228.0,163.0,0.0
29435,93.0,148.0,0.0
29436,89.0,375.0,0.0
29437,89.0,439.0,0.0
29438,68.0,465.0,0.0
29439,157.0,81.0,0.0
29440,193.0,371.0,0.0
29441,88.0,444.0,0.0
29442,51.0,422.0,0.0
29443,67.0,517.0,0.0
29444,202.0,576.0,0.0
29445,181.0,426.0,0.0
29446,167.0,19.0,0.0
29447,110.0,4.0,0.0
29448,80.0,497.0,0.0
29449,174.0,206.0,0.0
29450,110.0,305.0,0.0
29451,266.0,419.0,0.0
29452,69.0,543.0,0.0
29453,203.0,495.0,0.0
29454,131.0,557.0,0.0
29455,186.0,561.0,0.0
29456,23.0,293.0,0.0
29457,186.0,557.0,0.0
29458,258.0,196.0,0.0
29459,35.0,281.0,0.0
29460,208.0,496.0,0.0
29461,190.0,108.0,0.0
29462,101.0,373.0,0.0
29463,171.0,228.0,0.0
29464,199.0,320.0,0.0
